setting,iteration,avg_loss_mean,avg_loss_sem
YOLOv4 default,1,4549.532064,57.65651404825375
YOLOv4 default,2,4549.849772333333,57.708408947754094
YOLOv4 default,3,4549.706706,57.66768522930996
YOLOv4 default,4,4550.305664,57.85816268417138
YOLOv4 default,5,4550.286621,57.82543136404281
YOLOv4 default,6,4550.278646,57.753976798737796
YOLOv4 default,7,4550.197265666667,57.77614532867014
YOLOv4 default,8,4550.362304666666,57.713280894252335
YOLOv4 default,9,4550.567871,57.73906345524965
YOLOv4 default,10,4550.967448,57.88966710732244
YOLOv4 default,11,4321.337890666667,42.08464495524454
YOLOv4 default,12,4114.885660666667,131.8491913573198
YOLOv4 default,13,3928.9600423333336,212.7390270856365
YOLOv4 default,14,3761.629476,285.4781527341483
YOLOv4 default,15,3611.008544666667,350.9390378759469
YOLOv4 default,16,3475.389567333333,409.7669640160765
YOLOv4 default,17,3353.581787333333,462.80992339719984
YOLOv4 default,18,3243.8050129999997,510.52219081900625
YOLOv4 default,19,3144.9311519999997,553.4863446623144
YOLOv4 default,20,3055.7478026666668,592.044475599911
YOLOv4 default,21,2895.2664389999995,527.0138829661922
YOLOv4 default,22,2750.7198893333334,469.06160617923916
YOLOv4 default,23,2620.776448666667,417.44203277568255
YOLOv4 default,24,2503.6761066666672,371.72425097896127
YOLOv4 default,25,2398.246622666667,331.17204001627385
YOLOv4 default,26,2303.2607423333334,295.49813856154964
YOLOv4 default,27,2217.676188333333,264.4123799008393
YOLOv4 default,28,2140.8363443333333,237.47731983399382
YOLOv4 default,29,2071.4908039999996,214.35903255330686
YOLOv4 default,30,2008.8677166666666,194.951880963842
YOLOv4 default,31,2073.4396970000003,99.26691406315862
YOLOv4 default,32,2130.979736333333,14.946675990918832
YOLOv4 default,33,2182.985595666667,64.7375524359962
YOLOv4 default,34,2229.079467666667,133.99167786044143
YOLOv4 default,35,2270.169840666667,196.08882507723956
YOLOv4 default,36,2306.9262696666665,252.15738503738373
YOLOv4 default,37,2339.2477619999995,302.39358114148814
YOLOv4 default,38,2368.112630333333,347.69039995243014
YOLOv4 default,39,2393.381225333333,388.0662393112111
YOLOv4 default,40,2415.2958983333333,424.1257319186157
YOLOv4 default,41,2496.2531736666665,402.5201879170394
YOLOv4 default,42,2568.167643333333,395.6403197835907
YOLOv4 default,43,2631.496012333333,400.13567264149754
YOLOv4 default,44,2687.309814333333,412.5270555875215
YOLOv4 default,45,2735.683187,429.30405767610915
YOLOv4 default,46,2777.3771973333332,448.330487319044
YOLOv4 default,47,2812.982951,467.97288393616185
YOLOv4 default,48,2842.7208659999997,487.1226754053871
YOLOv4 default,49,2867.010742,504.9892585789041
YOLOv4 default,50,2886.039713333333,521.4717153727225
YOLOv4 default,51,2877.8304033333334,400.5605238658402
YOLOv4 default,52,2867.7626953333333,292.091507156022
YOLOv4 default,53,2855.855143,195.07009492653475
YOLOv4 default,54,2842.132894,109.10862735739072
YOLOv4 default,55,2826.316406,36.915457737077425
YOLOv4 default,56,2808.189778666667,46.45932516751523
YOLOv4 default,57,2788.2982586666662,104.34984345405951
YOLOv4 default,58,2765.958089333333,157.4357503541267
YOLOv4 default,59,2741.635742,204.66437732730418
YOLOv4 default,60,2714.8339843333333,246.0038049668774
YOLOv4 default,61,2578.4234213333334,209.03451004266645
YOLOv4 default,62,2452.853353,176.93918114872017
YOLOv4 default,63,2336.9083659999997,149.52815027507592
YOLOv4 default,64,2229.3273926666666,126.65475810907715
YOLOv4 default,65,2129.5855306666667,108.07507385326868
YOLOv4 default,66,2036.5769856666668,93.92352402242558
YOLOv4 default,67,1949.7858073333334,84.01639871932657
YOLOv4 default,68,1868.4016519999998,78.00337932033675
YOLOv4 default,69,1791.9005126666668,75.29841424128144
YOLOv4 default,70,1719.6802163333334,75.04612826387766
YOLOv4 default,71,1748.3585203333332,93.59619415931735
YOLOv4 default,72,1767.227620333333,119.75127623961835
YOLOv4 default,73,1777.48409,145.6762040877939
YOLOv4 default,74,1779.5879313333335,168.93141706037412
YOLOv4 default,75,1774.5719403333333,188.93823643120976
YOLOv4 default,76,1762.5762533333334,205.39607234388427
YOLOv4 default,77,1744.2181396666665,218.2404731188024
YOLOv4 default,78,1719.7185463333333,227.65986073845244
YOLOv4 default,79,1690.2640786666668,234.31416017895444
YOLOv4 default,80,1656.0661623333333,238.1702836061244
YOLOv4 default,81,1556.9660643333334,205.52834559010842
YOLOv4 default,82,1464.0668130000001,176.5799764597966
YOLOv4 default,83,1376.8926593333333,150.81515633400562
YOLOv4 default,84,1295.0206706666668,128.15152302282198
YOLOv4 default,85,1218.1840413333332,108.00988899508758
YOLOv4 default,86,1145.8093263333333,90.380969155214
YOLOv4 default,87,1077.5066733333333,75.11896423480054
YOLOv4 default,88,1013.2122193333333,61.847768887704454
YOLOv4 default,89,952.519104,50.67048409227341
YOLOv4 default,90,895.3403526666667,41.36204704856422
YOLOv4 default,91,862.21698,36.533870948932076
YOLOv4 default,92,828.3415526666666,34.25150770078098
YOLOv4 default,93,793.976725,33.75853565708408
YOLOv4 default,94,759.6815796666666,34.34657309740254
YOLOv4 default,95,725.2757566666666,35.349388170032924
YOLOv4 default,96,690.9676106666666,36.50044484522888
YOLOv4 default,97,657.168091,37.32566492932151
YOLOv4 default,98,623.8310956666666,37.996361647542145
YOLOv4 default,99,591.0429686666666,38.17414912351564
YOLOv4 default,100,559.1273293333333,38.04898255734749
YOLOv4 default,101,524.7225239999999,32.468109413735384
YOLOv4 default,102,491.57547999999997,27.88321683310969
YOLOv4 default,103,460.2644043333333,24.301949545337177
YOLOv4 default,104,430.42561866666665,21.340978028136423
YOLOv4 default,105,402.002299,19.07182679964696
YOLOv4 default,106,375.1453346666667,17.393575662437996
YOLOv4 default,107,349.63732899999997,16.231866980987647
YOLOv4 default,108,325.4455463333333,15.326002622814702
YOLOv4 default,109,302.8292236666667,14.689485714904453
YOLOv4 default,110,281.46224466666666,14.169855462592588
YOLOv4 default,111,260.8610586666667,11.57235949698217
YOLOv4 default,112,241.649663,9.430944203823623
YOLOv4 default,113,223.58810933333334,7.6658467229585945
YOLOv4 default,114,206.789505,6.339254406619309
YOLOv4 default,115,191.09037766666665,5.260513440111126
YOLOv4 default,116,176.532735,4.430383128874633
YOLOv4 default,117,163.01853966666667,3.8892737214599276
YOLOv4 default,118,150.3389283333333,3.5453321194290734
YOLOv4 default,119,138.60789466666668,3.406192537067176
YOLOv4 default,120,127.65810899999998,3.265543750955472
YOLOv4 default,121,117.01362366666667,3.3155807133869386
YOLOv4 default,122,107.234441,3.317776132601528
YOLOv4 default,123,98.22663366666666,3.3001787775194518
YOLOv4 default,124,89.96334333333333,3.2596534807313695
YOLOv4 default,125,82.332746,3.182352776857398
YOLOv4 default,126,75.34832766666666,3.0972294682968067
YOLOv4 default,127,68.96769966666666,2.9792495638323264
YOLOv4 default,128,63.111707,2.8459083964473155
YOLOv4 default,129,57.729513999999995,2.706680536017196
YOLOv4 default,130,52.77516566666666,2.56268113978221
YOLOv4 default,131,48.25914366666666,2.4389045433139533
YOLOv4 default,132,44.12311166666667,2.3245825319086384
YOLOv4 default,133,40.339267666666665,2.205302315388554
YOLOv4 default,134,36.87960433333333,2.0809401011947557
YOLOv4 default,135,33.72201533333333,1.9680115403876848
YOLOv4 default,136,30.832046000000002,1.8567786015630228
YOLOv4 default,137,28.18381066666667,1.7310819649724214
YOLOv4 default,138,25.769243666666668,1.5987868801192502
YOLOv4 default,139,23.552044,1.4964198175312744
YOLOv4 default,140,21.550691,1.4044975175218362
YOLOv4 default,141,19.815161333333336,1.1851340746600971
YOLOv4 default,142,18.233592,0.9882672360805727
YOLOv4 default,143,16.76917366666667,0.8366399151387912
YOLOv4 default,144,15.458621333333333,0.6890807430938544
YOLOv4 default,145,14.230885,0.572350226772909
YOLOv4 default,146,13.122694333333333,0.495391890029612
YOLOv4 default,147,12.089965999999999,0.4243723363855537
YOLOv4 default,148,11.143773000000001,0.3853993313594787
YOLOv4 default,149,10.274522333333334,0.3463445370250715
YOLOv4 default,150,9.469758333333333,0.30580175943266114
YOLOv4 default,151,8.679181,0.28316606042450326
YOLOv4 default,152,7.9539133333333325,0.25752778246002456
YOLOv4 default,153,7.313825666666666,0.2454236429050344
YOLOv4 default,154,6.699800333333333,0.229994834352378
YOLOv4 default,155,6.173083666666667,0.21910874194969443
YOLOv4 default,156,5.679926333333333,0.20641302453441374
YOLOv4 default,157,5.215115333333333,0.1919087151871373
YOLOv4 default,158,4.8049816666666665,0.15937615681601952
YOLOv4 default,159,4.450254999999999,0.14892740524497142
YOLOv4 default,160,4.099936333333333,0.14615465165060987
YOLOv4 default,161,3.831155666666667,0.1417063477834043
YOLOv4 default,162,3.604317,0.10674393972961652
YOLOv4 default,163,3.384755333333333,0.10723979541403669
YOLOv4 default,164,3.172838333333333,0.10107848023579395
YOLOv4 default,165,2.9787929999999996,0.10874445558740001
YOLOv4 default,166,2.807660333333333,0.11345338437780415
YOLOv4 default,167,2.6504893333333333,0.10244631341558592
YOLOv4 default,168,2.5165156666666664,0.10523396569285248
YOLOv4 default,169,2.3890386666666665,0.08887229637581731
YOLOv4 default,170,2.2728563333333334,0.0929675305045321
YOLOv4 default,171,2.157187,0.08795234969762507
YOLOv4 default,172,2.0548223333333335,0.08036509069725355
YOLOv4 default,173,1.9474239999999998,0.07298292259837227
YOLOv4 default,174,1.84127,0.06409535959282331
YOLOv4 default,175,1.7537150000000004,0.05089553348772368
YOLOv4 default,176,1.6516823333333335,0.04865154893160593
YOLOv4 default,177,1.5840033333333334,0.050177003299431006
YOLOv4 default,178,1.5334143333333332,0.05309957496795787
YOLOv4 default,179,1.4589016666666665,0.07649184002304502
YOLOv4 default,180,1.4348866666666666,0.08986810287737124
YOLOv4 default,181,1.3845406666666669,0.09067749494101485
YOLOv4 default,182,1.3361363333333334,0.0858699473862137
YOLOv4 default,183,1.2994036666666666,0.0873533691590911
YOLOv4 default,184,1.2697333333333332,0.09109551157866003
YOLOv4 default,185,1.2331693333333333,0.0840178831407007
YOLOv4 default,186,1.254035,0.09566521306619243
YOLOv4 default,187,1.229804,0.09403264792613253
YOLOv4 default,188,1.2048723333333333,0.0970846918457167
YOLOv4 default,189,1.1862626666666667,0.1077872345338002
YOLOv4 default,190,1.1626953333333334,0.09912282752950728
YOLOv4 default,191,1.1341219999999999,0.07147720239582221
YOLOv4 default,192,1.1225660000000002,0.05220650358272744
YOLOv4 default,193,1.1176253333333332,0.048384961521576626
YOLOv4 default,194,1.0888263333333332,0.03737654166868718
YOLOv4 default,195,1.047537,0.04502030291250088
YOLOv4 default,196,1.0270766666666666,0.061077331567811984
YOLOv4 default,197,1.0210926666666669,0.06801829556409394
YOLOv4 default,198,1.005511,0.07587386925900996
YOLOv4 default,199,1.0115663333333333,0.09078197412910662
YOLOv4 default,200,0.9930036666666666,0.10781242463391891
YOLOv4 default,201,0.9752759999999999,0.10021911646154807
YOLOv4 default,202,0.9611110000000002,0.08212444281698358
YOLOv4 default,203,0.9508546666666665,0.07376613106372808
YOLOv4 default,204,0.9543933333333333,0.07173756754619193
YOLOv4 default,205,0.9182826666666667,0.07048513193653763
YOLOv4 default,206,0.8993703333333333,0.06404487774036093
YOLOv4 default,207,0.8937293333333334,0.0712533429165101
YOLOv4 default,208,0.8954853333333334,0.07478745364995686
YOLOv4 default,209,0.884383,0.06816506026795055
YOLOv4 default,210,0.879623,0.08855401989934354
YOLOv4 default,211,0.8828823333333333,0.09001671444854623
YOLOv4 default,212,0.8781249999999999,0.0684536410305057
YOLOv4 default,213,0.8791283333333332,0.0766593333529004
YOLOv4 default,214,0.9068356666666667,0.06912881768199935
YOLOv4 default,215,0.900156,0.07467786821631518
YOLOv4 default,216,0.9234706666666668,0.058476003324250694
YOLOv4 default,217,0.9144873333333333,0.049428066744625083
YOLOv4 default,218,0.9027706666666666,0.04647666055607311
YOLOv4 default,219,0.8967649999999999,0.04218623226045833
YOLOv4 default,220,0.8979503333333333,0.06195075947162481
YOLOv4 default,221,0.8996016666666667,0.05371198143596805
YOLOv4 default,222,0.922133,0.04961455856231448
YOLOv4 default,223,0.9189436666666667,0.043212505683475996
YOLOv4 default,224,0.924696,0.0392913029435268
YOLOv4 default,225,0.9288896666666666,0.03508521914963306
YOLOv4 default,226,0.9364666666666667,0.031028907604218205
YOLOv4 default,227,0.9374216666666667,0.034860678929769046
YOLOv4 default,228,0.9236523333333334,0.024158309387133144
YOLOv4 default,229,0.9340350000000001,0.04409097126396742
YOLOv4 default,230,0.914985,0.03709456877136239
YOLOv4 default,231,0.9093163333333334,0.03629638329243164
YOLOv4 default,232,0.8901943333333334,0.027429068536459243
YOLOv4 default,233,0.8991326666666667,0.017736883767386486
YOLOv4 default,234,0.9207603333333333,0.019277981683199576
YOLOv4 default,235,0.9304739999999999,0.02647236514430346
YOLOv4 default,236,0.900149,0.02051805329459889
YOLOv4 default,237,0.8811006666666668,0.019987269634555976
YOLOv4 default,238,0.8916873333333334,0.018616882036951787
YOLOv4 default,239,0.8747993333333334,0.009883422051316277
YOLOv4 default,240,0.8620206666666667,0.0061829420271511
YOLOv4 default,241,0.8883206666666666,0.01996322646211722
YOLOv4 default,242,0.8585596666666667,0.02410487755160306
YOLOv4 default,243,0.8477173333333333,0.03103476213502816
YOLOv4 default,244,0.8670553333333334,0.053677250380812606
YOLOv4 default,245,0.8442080000000001,0.06205839814508052
YOLOv4 default,246,0.8623966666666667,0.06967074439661013
YOLOv4 default,247,0.843049,0.07877469500416998
YOLOv4 default,248,0.825174,0.08204652102923074
YOLOv4 default,249,0.825859,0.08762772747823604
YOLOv4 default,250,0.8271663333333333,0.07673280843362315
YOLOv4 default,251,0.8434033333333334,0.08632602206622164
YOLOv4 default,252,0.835576,0.08313834806513778
YOLOv4 default,253,0.8640189999999999,0.07107565572683798
YOLOv4 default,254,0.8710863333333334,0.07954796683413377
YOLOv4 default,255,0.8775796666666666,0.06238130204458525
YOLOv4 default,256,0.8622036666666665,0.06033992623002156
YOLOv4 default,257,0.867892,0.06537975173043512
YOLOv4 default,258,0.9078223333333334,0.06513008926841041
YOLOv4 default,259,0.9083456666666666,0.05877488000932978
YOLOv4 default,260,0.9211516666666667,0.07333765335154314
YOLOv4 default,261,0.9250423333333334,0.06791375095990829
YOLOv4 default,262,0.9242910000000001,0.06823284397072521
YOLOv4 default,263,0.9111406666666667,0.06996873237938345
YOLOv4 default,264,0.9198863333333334,0.06356237207744148
YOLOv4 default,265,0.9245243333333333,0.055324037841711395
YOLOv4 default,266,0.8975576666666667,0.051082025362265256
YOLOv4 default,267,0.8907956666666667,0.0677498553069386
YOLOv4 default,268,0.887591,0.059635997688756215
YOLOv4 default,269,0.8690993333333333,0.043210476053588895
YOLOv4 default,270,0.9064916666666666,0.059911638185840894
YOLOv4 default,271,0.8985523333333333,0.08920457314198887
YOLOv4 default,272,0.9027903333333334,0.09100811662947679
YOLOv4 default,273,0.9024283333333333,0.06149256760599429
YOLOv4 default,274,0.8867526666666667,0.057231704122608286
YOLOv4 default,275,0.874667,0.05397633485148841
YOLOv4 default,276,0.8547596666666667,0.06151129083437536
YOLOv4 default,277,0.846631,0.05375673513461671
YOLOv4 default,278,0.8519363333333333,0.040716824112125655
YOLOv4 default,279,0.8603416666666667,0.052919149471413254
YOLOv4 default,280,0.8683776666666666,0.048648091823946325
YOLOv4 default,281,0.8566406666666667,0.02951671698847584
YOLOv4 default,282,0.8222133333333334,0.03125757698187398
YOLOv4 default,283,0.8303343333333334,0.024549970009033518
YOLOv4 default,284,0.8285526666666666,0.005955105214109239
YOLOv4 default,285,0.818496,0.015575707570872465
YOLOv4 default,286,0.8443743333333332,0.029558587530154053
YOLOv4 default,287,0.8665006666666667,0.022456916858237173
YOLOv4 default,288,0.871072,0.028377364623939264
YOLOv4 default,289,0.8754103333333334,0.03614804012360528
YOLOv4 default,290,0.8551663333333334,0.04145868389265524
YOLOv4 default,291,0.8713983333333334,0.04567358655478873
YOLOv4 default,292,0.8741733333333332,0.05839094396774592
YOLOv4 default,293,0.8759363333333333,0.057493934098399556
YOLOv4 default,294,0.8933450000000001,0.03515819591977569
YOLOv4 default,295,0.882784,0.040300733578931276
YOLOv4 default,296,0.8736573333333334,0.038766454202627865
YOLOv4 default,297,0.8783506666666666,0.03860782031891696
YOLOv4 default,298,0.8990990000000001,0.0215112268672276
YOLOv4 default,299,0.9087733333333333,0.032636183980020966
YOLOv4 default,300,0.8879453333333333,0.030656268012340383
YOLOv4 default,301,0.8666373333333333,0.039886622295089255
YOLOv4 default,302,0.884432,0.03201673141239334
YOLOv4 default,303,0.8916286666666666,0.013568527362163442
YOLOv4 default,304,0.8792923333333333,0.028978509222832332
YOLOv4 default,305,0.872022,0.038252065857066246
YOLOv4 default,306,0.8658736666666668,0.03292277921811045
YOLOv4 default,307,0.8530516666666667,0.03451329808606788
YOLOv4 default,308,0.8478396666666667,0.02256262970292051
YOLOv4 default,309,0.8472029999999999,0.024601647810665036
YOLOv4 default,310,0.8273756666666667,0.0237735402940141
YOLOv4 default,311,0.8430953333333333,0.019046318824848498
YOLOv4 default,312,0.8541336666666667,0.022642774714636413
YOLOv4 default,313,0.851651,0.022533017041665777
YOLOv4 default,314,0.8331753333333335,0.007004199129411189
YOLOv4 default,315,0.8257096666666666,0.00865389616171684
YOLOv4 default,316,0.830528,0.013115963403425593
YOLOv4 default,317,0.8139986666666666,0.01789971247751701
YOLOv4 default,318,0.8214456666666666,0.025465029042023704
YOLOv4 default,319,0.8177166666666666,0.014908638170909875
YOLOv4 default,320,0.830383,0.005105781820642159
YOLOv4 default,321,0.8419949999999999,0.009432566264454944
YOLOv4 default,322,0.8278829999999999,0.024557643664108588
YOLOv4 default,323,0.820091,0.03965342303425181
YOLOv4 default,324,0.8047383333333333,0.03626072992615811
YOLOv4 default,325,0.7981526666666666,0.025845806431820065
YOLOv4 default,326,0.7879063333333334,0.02146757125164475
YOLOv4 default,327,0.788908,0.02320024246281346
YOLOv4 default,328,0.8317673333333332,0.037510381568899645
YOLOv4 default,329,0.8230913333333333,0.05907374209221705
YOLOv4 default,330,0.8326933333333333,0.05753748750838692
YOLOv4 default,331,0.851929,0.04302062444921041
YOLOv4 default,332,0.8579793333333333,0.04929861962007095
YOLOv4 default,333,0.850213,0.04361960399866098
YOLOv4 default,334,0.8699206666666667,0.04072807271540249
YOLOv4 default,335,0.8854190000000001,0.04954309843291327
YOLOv4 default,336,0.882971,0.05933311783762367
YOLOv4 default,337,0.8688913333333333,0.05327311726794711
YOLOv4 default,338,0.8381120000000001,0.05360995352544151
YOLOv4 default,339,0.8618,0.05176223667243651
YOLOv4 default,340,0.8505996666666666,0.04230265809352621
YOLOv4 default,341,0.822425,0.04828765085402272
YOLOv4 default,342,0.8446163333333333,0.05453006031335174
YOLOv4 default,343,0.8453903333333334,0.07838859191092654
YOLOv4 default,344,0.840342,0.06861575790103415
YOLOv4 default,345,0.8486250000000001,0.05887638284858655
YOLOv4 default,346,0.8404253333333335,0.05797437020596065
YOLOv4 default,347,0.835875,0.06134669872400091
YOLOv4 default,348,0.827441,0.07789013214992854
YOLOv4 default,349,0.8485813333333333,0.08760106089603659
YOLOv4 default,350,0.8439346666666666,0.09191893643374638
YOLOv4 default,351,0.8388049999999999,0.09616457073856946
YOLOv4 default,352,0.830965,0.07625743601774192
YOLOv4 default,353,0.824159,0.05230788910862298
YOLOv4 default,354,0.83011,0.04486878915608635
YOLOv4 default,355,0.8142296666666665,0.04636672364722117
YOLOv4 default,356,0.8127116666666666,0.050670253526545986
YOLOv4 default,357,0.844567,0.034884028642536875
YOLOv4 default,358,0.8466306666666666,0.031006292099794486
YOLOv4 default,359,0.854101,0.025323737303170727
YOLOv4 default,360,0.8359216666666667,0.021213585068169047
YOLOv4 default,361,0.8461270000000001,0.016686171799826753
YOLOv4 default,362,0.8444456666666667,0.009730145259849811
YOLOv4 default,363,0.841739,0.017902229032534835
YOLOv4 default,364,0.8292153333333334,0.008751570551113183
YOLOv4 default,365,0.8162933333333333,0.006958641542076395
YOLOv4 default,366,0.82764,0.010449472538522363
YOLOv4 default,367,0.8315413333333334,0.008979999226676557
YOLOv4 default,368,0.8332293333333333,0.007752825943558344
YOLOv4 default,369,0.8453296666666666,0.029009622595116795
YOLOv4 default,370,0.8606493333333334,0.024213488185536397
YOLOv4 default,371,0.8524090000000001,0.012562905675041898
YOLOv4 default,372,0.8489823333333334,0.005497128411978182
YOLOv4 default,373,0.8438693333333332,0.017748865149950034
YOLOv4 default,374,0.8266013333333334,0.007398572324742408
YOLOv4 default,375,0.8111186666666667,0.019703578493371333
YOLOv4 default,376,0.7812579999999999,0.014251675936534616
YOLOv4 default,377,0.7928333333333334,0.02083750677131129
YOLOv4 default,378,0.773752,0.03072912998009109
YOLOv4 default,379,0.7851613333333334,0.01493376182048953
YOLOv4 default,380,0.7632143333333333,0.022989649738765314
YOLOv4 default,381,0.7599486666666667,0.014959966146723444
YOLOv4 default,382,0.7875813333333334,0.030344152189690683
YOLOv4 default,383,0.7778186666666667,0.027762361152787046
YOLOv4 default,384,0.779563,0.03156331326609002
YOLOv4 default,385,0.7438523333333333,0.03434766781181963
YOLOv4 default,386,0.7199426666666667,0.03663073470158328
YOLOv4 default,387,0.7427466666666667,0.044902816932175245
YOLOv4 default,388,0.7452613333333332,0.06044590067802595
YOLOv4 default,389,0.769556,0.08375195355333513
YOLOv4 default,390,0.7675266666666666,0.08239071548488408
YOLOv4 default,391,0.764399,0.0798187950130377
YOLOv4 default,392,0.7991149999999999,0.09484409132008878
YOLOv4 default,393,0.803292,0.08241922716413529
YOLOv4 default,394,0.8172993333333333,0.07910750202379321
YOLOv4 default,395,0.8076313333333333,0.07525600318099401
YOLOv4 default,396,0.806629,0.07979593667182142
YOLOv4 default,397,0.8190286666666667,0.08548183570079539
YOLOv4 default,398,0.8407830000000001,0.07136504123869053
YOLOv4 default,399,0.8276436666666666,0.07540439051393344
YOLOv4 default,400,0.8159026666666667,0.06919462780768781
YOLOv4 default,401,0.8147449999999999,0.04640556479561475
YOLOv4 default,402,0.8015846666666667,0.039770054301083275
YOLOv4 default,403,0.8485393333333334,0.03981651833235938
YOLOv4 default,404,0.8693263333333334,0.04180810943797599
YOLOv4 default,405,0.880488,0.047913512624310914
YOLOv4 default,406,0.893729,0.05884003322002235
YOLOv4 default,407,0.905592,0.056209715213060236
YOLOv4 default,408,0.8882373333333334,0.05260954372967366
YOLOv4 default,409,0.9000016666666667,0.04094791078241289
YOLOv4 default,410,0.9077663333333333,0.024433204410755815
YOLOv4 default,411,0.9204516666666667,0.013634845462189068
YOLOv4 default,412,0.9178753333333333,0.02613723528055543
YOLOv4 default,413,0.9022343333333334,0.02469948856645505
YOLOv4 default,414,0.9171246666666667,0.032081856561683664
YOLOv4 default,415,0.9086423333333333,0.02787919329496064
YOLOv4 default,416,0.8864943333333333,0.016728469807818967
YOLOv4 default,417,0.8867419999999999,0.01525187153543241
YOLOv4 default,418,0.8825033333333333,0.01539393684034218
YOLOv4 default,419,0.8648846666666666,0.017220463566479424
YOLOv4 default,420,0.8850356666666667,0.029969287886842496
YOLOv4 default,421,0.896669,0.023430648675043835
YOLOv4 default,422,0.8930056666666667,0.015135297049538796
YOLOv4 default,423,0.8906253333333334,0.00965233335060032
YOLOv4 default,424,0.897882,0.03106545648036308
YOLOv4 default,425,0.9134916666666667,0.04675939376686191
YOLOv4 default,426,0.9038436666666666,0.05085414221848381
YOLOv4 default,427,0.909119,0.04216922057615009
YOLOv4 default,428,0.9196543333333334,0.061077151301539206
YOLOv4 default,429,0.9074019999999999,0.05881898888114279
YOLOv4 default,430,0.9126076666666667,0.0588025201566887
YOLOv4 default,431,0.8911463333333334,0.055351057371211175
YOLOv4 default,432,0.9356103333333333,0.04708069082378086
YOLOv4 default,433,0.8994346666666667,0.0349299032221836
YOLOv4 default,434,0.8815006666666667,0.03185064114652081
YOLOv4 default,435,0.8749766666666666,0.02553228722182518
YOLOv4 default,436,0.8667599999999999,0.018970469955521232
YOLOv4 default,437,0.8738456666666666,0.025034885775209306
YOLOv4 default,438,0.841409,0.03070511707082929
YOLOv4 default,439,0.8259176666666667,0.017430942069906762
YOLOv4 default,440,0.8199749999999999,0.020232753157524864
YOLOv4 default,441,0.855733,0.010598257655545694
YOLOv4 default,442,0.859357,0.024763034709017393
YOLOv4 default,443,0.8551206666666666,0.0196440661976531
YOLOv4 default,444,0.8456683333333332,0.027845649321053934
YOLOv4 default,445,0.8306713333333334,0.027491966501345638
YOLOv4 default,446,0.8542206666666666,0.04974289274637913
YOLOv4 default,447,0.8826113333333333,0.05342804774751846
YOLOv4 default,448,0.8758476666666667,0.05999768315619457
YOLOv4 default,449,0.8661396666666666,0.06222668463323789
YOLOv4 default,450,0.8685740000000001,0.07120775987442192
YOLOv4 default,451,0.8803196666666667,0.06785455590779772
YOLOv4 default,452,0.8888476666666666,0.05409138946983871
YOLOv4 default,453,0.8829823333333334,0.04238134194168207
YOLOv4 default,454,0.8780753333333333,0.021749939695957267
YOLOv4 default,455,0.881039,0.009761042516043055
YOLOv4 default,456,0.889872,0.014472326016689012
YOLOv4 default,457,0.8708273333333333,0.009846686165631795
YOLOv4 default,458,0.8426373333333333,0.020632177315488987
YOLOv4 default,459,0.8528880000000001,0.017961017408079438
YOLOv4 default,460,0.8439803333333332,0.025834828922298752
YOLOv4 default,461,0.847766,0.04555050915558831
YOLOv4 default,462,0.8643843333333333,0.04142557557972019
YOLOv4 default,463,0.8632580000000001,0.04134300436994551
YOLOv4 default,464,0.872704,0.034446987110631315
YOLOv4 default,465,0.870158,0.024961566083347694
YOLOv4 default,466,0.8676723333333333,0.025781785588106784
YOLOv4 default,467,0.8923453333333334,0.02605920560527079
YOLOv4 default,468,0.8903979999999999,0.028351567434623436
YOLOv4 default,469,0.8966153333333334,0.023872259635633795
YOLOv4 default,470,0.8756383333333333,0.022632865235709305
YOLOv4 default,471,0.898627,0.006843661471269107
YOLOv4 default,472,0.8759336666666666,0.005931337463937721
YOLOv4 default,473,0.8868846666666667,0.013078114547254554
YOLOv4 default,474,0.8913956666666666,0.02456938804239489
YOLOv4 default,475,0.8834573333333333,0.04082842037246986
YOLOv4 default,476,0.8662399999999999,0.04440487647019563
YOLOv4 default,477,0.8564316666666666,0.05207261977064123
YOLOv4 default,478,0.8964073333333333,0.053374580898692896
YOLOv4 default,479,0.8947263333333334,0.06764168735657358
YOLOv4 default,480,0.8791436666666668,0.06832097938977293
YOLOv4 default,481,0.8662043333333335,0.059137836710331036
YOLOv4 default,482,0.8585376666666668,0.03412117834196884
YOLOv4 default,483,0.8670273333333333,0.00865373091664965
YOLOv4 default,484,0.8678786666666666,0.01347153916389823
YOLOv4 default,485,0.8552513333333334,0.01054245866853543
YOLOv4 default,486,0.8374640000000001,0.0015345541154788995
YOLOv4 default,487,0.8535436666666666,0.014125004121926639
YOLOv4 default,488,0.8672133333333334,0.029053560019002462
YOLOv4 default,489,0.8463993333333333,0.020524795706115526
YOLOv4 default,490,0.8636813333333334,0.035555389353951826
YOLOv4 default,491,0.8797513333333334,0.05025838749347658
YOLOv4 default,492,0.9052783333333334,0.037266607959107016
YOLOv4 default,493,0.8870686666666666,0.04655787638460804
YOLOv4 default,494,0.874612,0.027836068909480257
YOLOv4 default,495,0.8754020000000001,0.0423438958174611
YOLOv4 default,496,0.8623873333333334,0.03916620300009235
YOLOv4 default,497,0.8512393333333333,0.04899681047555829
YOLOv4 default,498,0.8550103333333333,0.03257990405312931
YOLOv4 default,499,0.8631066666666666,0.022899255077646327
YOLOv4 default,500,0.8936800000000001,0.012913273416656738
YOLOv4 default,501,0.8858096666666667,0.019364059374119974
YOLOv4 default,502,0.8705626666666667,0.018905818084506275
YOLOv4 default,503,0.8532319999999999,0.01483553343608961
YOLOv4 default,504,0.8370413333333332,0.02706277073972862
YOLOv4 default,505,0.8320296666666667,0.02706950058850572
YOLOv4 default,506,0.8258596666666667,0.026396353342417918
YOLOv4 default,507,0.8118846666666667,0.03321188403936826
YOLOv4 default,508,0.80635,0.03076764362659796
YOLOv4 default,509,0.794483,0.029330133418266832
YOLOv4 default,510,0.8069643333333333,0.03868062047215779
YOLOv4 default,511,0.8109933333333332,0.03888794324437562
YOLOv4 default,512,0.8222903333333335,0.027780162738504185
YOLOv4 default,513,0.8133693333333333,0.02793420670273476
YOLOv4 default,514,0.8110683333333334,0.03358713605600283
YOLOv4 default,515,0.8039723333333334,0.04163351758032357
YOLOv4 default,516,0.808855,0.038427967749197094
YOLOv4 default,517,0.8088466666666667,0.03274194790241478
YOLOv4 default,518,0.8033796666666667,0.025730708406709504
YOLOv4 default,519,0.8233066666666667,0.03349257206373444
YOLOv4 default,520,0.8166566666666667,0.03364532298519034
YOLOv4 default,521,0.8010423333333333,0.023545730860981537
YOLOv4 default,522,0.7847383333333333,0.019826085488007395
YOLOv4 default,523,0.7895629999999999,0.022850346802619846
YOLOv4 default,524,0.7787213333333334,0.018640403718207896
YOLOv4 default,525,0.78943,0.028519728405672677
YOLOv4 default,526,0.783065,0.03418072311991072
YOLOv4 default,527,0.8130983333333334,0.0636612222558687
YOLOv4 default,528,0.8158476666666666,0.055520229215224884
YOLOv4 default,529,0.8163876666666666,0.05618555744831389
YOLOv4 default,530,0.795716,0.043065375059321155
YOLOv4 default,531,0.80134,0.047335420314319934
YOLOv4 default,532,0.784784,0.04394460975288476
YOLOv4 default,533,0.7609663333333333,0.04023448670951048
YOLOv4 default,534,0.7558426666666667,0.038676982458706766
YOLOv4 default,535,0.7744133333333334,0.037068471123644205
YOLOv4 default,536,0.7830956666666666,0.031724657656851785
YOLOv4 default,537,0.7850433333333333,0.049875654536501515
YOLOv4 default,538,0.7692903333333333,0.049848657542383004
YOLOv4 default,539,0.7573596666666665,0.04821452778756395
YOLOv4 default,540,0.759542,0.059305479935106625
YOLOv4 default,541,0.7654336666666667,0.04029487731020465
YOLOv4 default,542,0.7930366666666666,0.02896453838940145
YOLOv4 default,543,0.787026,0.02619584284449222
YOLOv4 default,544,0.780246,0.02531961283932543
YOLOv4 default,545,0.7753783333333333,0.024174199196204553
YOLOv4 default,546,0.7941806666666666,0.026700063578784045
YOLOv4 default,547,0.7960093333333335,0.02280479910262555
YOLOv4 default,548,0.7903063333333332,0.04621821462487609
YOLOv4 default,549,0.7631453333333332,0.04961432563394479
YOLOv4 default,550,0.7753163333333334,0.05477350237214261
YOLOv4 default,551,0.7672743333333334,0.036706973181006235
YOLOv4 default,552,0.7812896666666665,0.019010003018878716
YOLOv4 default,553,0.7638946666666667,0.013477945816942774
YOLOv4 default,554,0.7561273333333333,0.014062107622180202
YOLOv4 default,555,0.7652286666666667,0.035605189192650606
YOLOv4 default,556,0.7701806666666666,0.0331274177348277
YOLOv4 default,557,0.7762683333333333,0.041579699090354715
YOLOv4 default,558,0.789866,0.05757494095814023
YOLOv4 default,559,0.7823086666666667,0.05594195280328037
YOLOv4 default,560,0.7720226666666666,0.06535613774883312
YOLOv4 default,561,0.7909673333333332,0.055176448249633143
YOLOv4 default,562,0.7943530000000001,0.04608502708038697
YOLOv4 default,563,0.7880876666666667,0.03248542870443779
YOLOv4 default,564,0.7769636666666666,0.03445337489677576
YOLOv4 default,565,0.7585830000000001,0.034136696076216874
YOLOv4 default,566,0.7659326666666667,0.04122151704443254
YOLOv4 default,567,0.7867963333333333,0.06692877659455944
YOLOv4 default,568,0.7806483333333333,0.06302439631955585
YOLOv4 default,569,0.7810063333333334,0.06284189126777702
YOLOv4 default,570,0.7791449999999999,0.0619675390211144
YOLOv4 default,571,0.7745563333333333,0.05954597663523911
YOLOv4 default,572,0.8055276666666668,0.07415130037145524
YOLOv4 default,573,0.8129576666666667,0.07620411363859855
YOLOv4 default,574,0.8030303333333334,0.07589755950695062
YOLOv4 default,575,0.775483,0.06876491205064786
YOLOv4 default,576,0.8061666666666668,0.08122443495511544
YOLOv4 default,577,0.7876553333333334,0.07612843436441984
YOLOv4 default,578,0.7721273333333333,0.07406409088830505
YOLOv4 default,579,0.7609283333333333,0.06230327783333538
YOLOv4 default,580,0.7682730000000001,0.06140293424856287
YOLOv4 default,581,0.7750983333333333,0.0642248135674817
YOLOv4 default,582,0.7733753333333334,0.05850483750179221
YOLOv4 default,583,0.782069,0.056453634214282435
YOLOv4 default,584,0.778466,0.057761222998940535
YOLOv4 default,585,0.8074496666666667,0.08215705066990767
YOLOv4 default,586,0.7866436666666666,0.07549188618726595
YOLOv4 default,587,0.8008473333333334,0.08050688802070154
YOLOv4 default,588,0.8111566666666666,0.0857310509409773
YOLOv4 default,589,0.817348,0.07116114392232137
YOLOv4 default,590,0.8077996666666666,0.0661053059729533
YOLOv4 default,591,0.800428,0.06556842918915574
YOLOv4 default,592,0.7882389999999999,0.06799453907729158
YOLOv4 default,593,0.786385,0.06692183829164686
YOLOv4 default,594,0.7891116666666668,0.06937339338760296
YOLOv4 default,595,0.7883290000000001,0.07096123773112566
YOLOv4 default,596,0.787513,0.06760706989903743
YOLOv4 default,597,0.7722146666666667,0.06678627641547659
YOLOv4 default,598,0.801346,0.07860438602902514
YOLOv4 default,599,0.7786563333333333,0.08923047412988709
YOLOv4 default,600,0.8003943333333332,0.08285670451716291
YOLOv4 default,601,0.819673,0.08339996031373956
YOLOv4 default,602,0.8051780000000001,0.07624634870164822
YOLOv4 default,603,0.7932436666666667,0.07670223920315351
YOLOv4 default,604,0.7806723333333334,0.07068152240940424
YOLOv4 default,605,0.7740140000000001,0.0605058484886654
YOLOv4 default,606,0.7669903333333333,0.06596412250189071
YOLOv4 default,607,0.7766863333333333,0.06684133918051348
YOLOv4 default,608,0.7858056666666666,0.056997173626807514
YOLOv4 default,609,0.7965093333333333,0.06041877434576479
YOLOv4 default,610,0.798094,0.047069534163122255
YOLOv4 default,611,0.7815686666666667,0.04288640340221804
YOLOv4 default,612,0.767594,0.03423303388541539
YOLOv4 default,613,0.7562333333333333,0.043713504718539554
YOLOv4 default,614,0.7577296666666666,0.03449619444872789
YOLOv4 default,615,0.768736,0.024816405910875423
YOLOv4 default,616,0.7555283333333334,0.0288243174324119
YOLOv4 default,617,0.7769683333333334,0.012020947721004
YOLOv4 default,618,0.7762496666666667,0.011921148215577963
YOLOv4 default,619,0.7675673333333334,0.012300036887930214
YOLOv4 default,620,0.8040646666666666,0.03315196043138993
YOLOv4 default,621,0.7969816666666666,0.035356303041717746
YOLOv4 default,622,0.7865753333333334,0.0488381464442613
YOLOv4 default,623,0.7773616666666667,0.047933986082713584
YOLOv4 default,624,0.760385,0.043868601098431804
YOLOv4 default,625,0.7505386666666666,0.04542085546799447
YOLOv4 default,626,0.7430593333333334,0.049772267024697406
YOLOv4 default,627,0.7432186666666666,0.03692376581703324
YOLOv4 default,628,0.7545163333333332,0.04862301355782513
YOLOv4 default,629,0.7824960000000001,0.03077444170628173
YOLOv4 default,630,0.7676599999999999,0.036360503475612115
YOLOv4 default,631,0.7707816666666667,0.026696049085544057
YOLOv4 default,632,0.7658269999999999,0.02810911567445692
YOLOv4 default,633,0.7663416666666666,0.02662990360060995
YOLOv4 default,634,0.773106,0.04069488634132468
YOLOv4 default,635,0.7667256666666667,0.059342050633968184
YOLOv4 default,636,0.766447,0.060647907828712426
YOLOv4 default,637,0.758136,0.06531069982016732
YOLOv4 default,638,0.787818,0.08443624953971683
YOLOv4 default,639,0.7965313333333333,0.08349036703383479
YOLOv4 default,640,0.774485,0.06868728853531295
YOLOv4 default,641,0.739991,0.060293126360583885
YOLOv4 default,642,0.7258026666666666,0.0539858787750196
YOLOv4 default,643,0.7339969999999999,0.059654079625789204
YOLOv4 default,644,0.722611,0.05444250893373667
YOLOv4 default,645,0.6978473333333333,0.048305598068730894
YOLOv4 default,646,0.6920616666666666,0.04221260434725363
YOLOv4 default,647,0.6879233333333333,0.05527055377062104
YOLOv4 default,648,0.6902826666666666,0.04905593966868618
YOLOv4 default,649,0.6884033333333334,0.04910831954408992
YOLOv4 default,650,0.6895640000000002,0.04131822466337747
YOLOv4 default,651,0.6951173333333333,0.03327241035419253
YOLOv4 default,652,0.7011233333333333,0.03348805993352125
YOLOv4 default,653,0.7120823333333334,0.03096753904942688
YOLOv4 default,654,0.7401086666666666,0.03358794295742315
YOLOv4 default,655,0.7520276666666668,0.043629447847118634
YOLOv4 default,656,0.7615393333333333,0.04359267377413067
YOLOv4 default,657,0.7799809999999999,0.05493281620610154
YOLOv4 default,658,0.7918546666666666,0.05985720330178411
YOLOv4 default,659,0.7902276666666667,0.06787540298304764
YOLOv4 default,660,0.7928913333333334,0.0638416667319323
YOLOv4 default,661,0.7813016666666667,0.04450827474127078
YOLOv4 default,662,0.7934276666666668,0.03028313002500089
YOLOv4 default,663,0.7897343333333332,0.02132644412721237
YOLOv4 default,664,0.7876733333333333,0.030252031592017826
YOLOv4 default,665,0.790436,0.036240673508274264
YOLOv4 default,666,0.8020139999999999,0.00902819236244626
YOLOv4 default,667,0.8118816666666667,0.011800099608807462
YOLOv4 default,668,0.8006186666666667,0.022271388658495844
YOLOv4 default,669,0.795244,0.021160617004236913
YOLOv4 default,670,0.7807606666666667,0.017713557485095347
YOLOv4 default,671,0.7682846666666666,0.013706506780033732
YOLOv4 default,672,0.7682106666666667,0.009897835964380182
YOLOv4 default,673,0.7596533333333334,0.01792680085173531
YOLOv4 default,674,0.7569933333333333,0.00978805275720243
YOLOv4 default,675,0.7521223333333333,0.01305735182867407
YOLOv4 default,676,0.7425186666666667,0.0177740800918391
YOLOv4 default,677,0.7493353333333334,0.030136451186413955
YOLOv4 default,678,0.7762823333333334,0.055866463512956
YOLOv4 default,679,0.7554406666666665,0.04447654748791149
YOLOv4 default,680,0.763239,0.03906553313344129
YOLOv4 default,681,0.7596743333333333,0.038079465754013817
YOLOv4 default,682,0.7588500000000001,0.024826043428894048
YOLOv4 default,683,0.7530709999999999,0.013846793864766452
YOLOv4 default,684,0.7548066666666666,0.00819546550098149
YOLOv4 default,685,0.7469769999999999,0.02127963796684519
YOLOv4 default,686,0.7474313333333334,0.010693967650554713
YOLOv4 default,687,0.7358453333333334,0.023242041091761083
YOLOv4 default,688,0.7328903333333333,0.033176798450791564
YOLOv4 default,689,0.7387549999999999,0.05170630593070831
YOLOv4 default,690,0.7233299999999999,0.05892273009063083
YOLOv4 default,691,0.7069583333333332,0.0510539563675312
YOLOv4 default,692,0.707791,0.06167715034219182
YOLOv4 default,693,0.7120340000000001,0.0504324884408189
YOLOv4 default,694,0.7188536666666666,0.033612305605404555
YOLOv4 default,695,0.7117036666666666,0.04925444359423601
YOLOv4 default,696,0.729299,0.040650592250708134
YOLOv4 default,697,0.724507,0.03391819515147191
YOLOv4 default,698,0.710489,0.029854973103320675
YOLOv4 default,699,0.704895,0.040024257132394096
YOLOv4 default,700,0.71199,0.03210097428947186
YOLOv4 default,701,0.6918283333333334,0.03882008139409866
YOLOv4 default,702,0.6992729999999999,0.04883002359204839
YOLOv4 default,703,0.6911606666666666,0.04484118398798639
YOLOv4 default,704,0.6727853333333335,0.04849629709690329
YOLOv4 default,705,0.7039693333333332,0.05930325830377655
YOLOv4 default,706,0.7043383333333333,0.0547135583694247
YOLOv4 default,707,0.6891643333333333,0.055326384318675446
YOLOv4 default,708,0.688018,0.05687917854833467
YOLOv4 default,709,0.6943596666666666,0.06736199027724102
YOLOv4 default,710,0.6879753333333333,0.06087688418530562
YOLOv4 default,711,0.6796730000000001,0.05581172328761524
YOLOv4 default,712,0.7267353333333334,0.058005462944833434
YOLOv4 default,713,0.7190953333333333,0.06905517827634493
YOLOv4 default,714,0.7290000000000001,0.0797380443473085
YOLOv4 default,715,0.7453166666666666,0.06699184880101294
YOLOv4 default,716,0.7436233333333333,0.04270052506052407
YOLOv4 default,717,0.7290406666666666,0.04417476427906675
YOLOv4 default,718,0.7201970000000001,0.03693681378155584
YOLOv4 default,719,0.7159216666666667,0.03476143303688412
YOLOv4 default,720,0.7104693333333335,0.028516562557768268
YOLOv4 default,721,0.72842,0.023411376600561813
YOLOv4 default,722,0.7319196666666666,0.0341454231502717
YOLOv4 default,723,0.7391453333333334,0.035168368108919185
YOLOv4 default,724,0.7217896666666667,0.03792518414516199
YOLOv4 default,725,0.717577,0.024015856407798578
YOLOv4 default,726,0.7207813333333334,0.027197789158516388
YOLOv4 default,727,0.723415,0.012245201141671767
YOLOv4 default,728,0.7049053333333334,0.013424538841655263
YOLOv4 default,729,0.6920956666666668,0.01862419833024887
YOLOv4 default,730,0.6909516666666667,0.0140218483367129
YOLOv4 default,731,0.6842963333333333,0.027190309501323784
YOLOv4 default,732,0.6952886666666666,0.03094068743221096
YOLOv4 default,733,0.7044173333333333,0.03905172668113125
YOLOv4 default,734,0.7232316666666666,0.043754267244591256
YOLOv4 default,735,0.7416743333333334,0.05614720084840484
YOLOv4 default,736,0.7525063333333333,0.06385106564063316
YOLOv4 default,737,0.7388513333333333,0.05638128668962584
YOLOv4 default,738,0.7458013333333332,0.04794794723910967
YOLOv4 default,739,0.7357203333333334,0.03778218244240413
YOLOv4 default,740,0.7180653333333332,0.022265799187193902
YOLOv4 default,741,0.6966913333333333,0.03483409621014701
YOLOv4 default,742,0.7059883333333333,0.031171822753534584
YOLOv4 default,743,0.6944113333333334,0.03674971324302332
YOLOv4 default,744,0.684021,0.02547416558659643
YOLOv4 default,745,0.706497,0.027588704397512646
YOLOv4 default,746,0.6886903333333333,0.024397925077987905
YOLOv4 default,747,0.6844399999999999,0.015842241076733224
YOLOv4 default,748,0.6772346666666667,0.032165573057402724
YOLOv4 default,749,0.6854840000000001,0.03892198043950659
YOLOv4 default,750,0.6722683333333332,0.03274469850389693
YOLOv4 default,751,0.7255783333333333,0.012805743988972705
YOLOv4 default,752,0.7346906666666667,0.020846004136151463
YOLOv4 default,753,0.756265,0.033948217586985845
YOLOv4 default,754,0.7605233333333334,0.029500149334838594
YOLOv4 default,755,0.757318,0.03388389089719971
YOLOv4 default,756,0.7958310000000001,0.04184549032253457
YOLOv4 default,757,0.7974396666666667,0.03551411363262654
YOLOv4 default,758,0.7826293333333334,0.032887237313449
YOLOv4 default,759,0.7924256666666668,0.04629786685630823
YOLOv4 default,760,0.8120056666666667,0.03900703382012589
YOLOv4 default,761,0.800151,0.03654921359391104
YOLOv4 default,762,0.7834246666666665,0.037304538626166006
YOLOv4 default,763,0.7897636666666666,0.030705613126014046
YOLOv4 default,764,0.7912263333333334,0.04451716104055952
YOLOv4 default,765,0.787619,0.05215743386133946
YOLOv4 default,766,0.7794383333333333,0.04372673612460816
YOLOv4 default,767,0.7698196666666668,0.033573155096164424
YOLOv4 default,768,0.7762243333333333,0.038926288487915794
YOLOv4 default,769,0.7784313333333334,0.04325602542356896
YOLOv4 default,770,0.8033283333333333,0.042637317713216646
YOLOv4 default,771,0.8005046666666665,0.03821888073249194
YOLOv4 default,772,0.8074756666666666,0.04147126829638939
YOLOv4 default,773,0.8170726666666667,0.03464926784379594
YOLOv4 default,774,0.803906,0.032589897575782595
YOLOv4 default,775,0.8013183333333332,0.025531545091861906
YOLOv4 default,776,0.795115,0.02915062402419541
YOLOv4 default,777,0.7902813333333333,0.040479337384783265
YOLOv4 default,778,0.7830943333333332,0.029883958781333573
YOLOv4 default,779,0.77054,0.027196855829304978
YOLOv4 default,780,0.7735216666666668,0.025292006605074083
YOLOv4 default,781,0.7948396666666667,0.037802325864657815
YOLOv4 default,782,0.7956310000000001,0.0274023282404981
YOLOv4 default,783,0.8131170000000001,0.03775268324680159
YOLOv4 default,784,0.8186426666666667,0.04758059166765843
YOLOv4 default,785,0.8414566666666666,0.044362743514249764
YOLOv4 default,786,0.876758,0.03286050487033537
YOLOv4 default,787,0.8787456666666666,0.032943109701085854
YOLOv4 default,788,0.8742693333333333,0.044564220780551944
YOLOv4 default,789,0.87921,0.047249501552926475
YOLOv4 default,790,0.8551626666666667,0.0392758414055143
YOLOv4 default,791,0.8963976666666666,0.02558211969542614
YOLOv4 default,792,0.8887406666666667,0.01738090237716227
YOLOv4 default,793,0.8868710000000001,0.016075989922863236
YOLOv4 default,794,0.8848816666666668,0.018212831798243553
YOLOv4 default,795,0.90149,0.030945175348240213
YOLOv4 default,796,0.9083160000000001,0.03341108741620564
YOLOv4 default,797,0.9145366666666667,0.04468257126417163
YOLOv4 default,798,0.901585,0.04039274141476412
YOLOv4 default,799,0.8981663333333333,0.04141346403579931
YOLOv4 default,800,0.9106983333333334,0.04161500066615938
YOLOv4 default,801,0.9009179999999999,0.02842486306621958
YOLOv4 default,802,0.882638,0.030911505107322115
YOLOv4 default,803,0.8685623333333332,0.032535697227985015
YOLOv4 default,804,0.8510960000000001,0.027585215079821302
YOLOv4 default,805,0.830362,0.04567390968959556
YOLOv4 default,806,0.8209316666666666,0.04255146782166011
YOLOv4 default,807,0.805327,0.03655221763906169
YOLOv4 default,808,0.8170946666666667,0.035781654090391704
YOLOv4 default,809,0.826102,0.04915960392775083
YOLOv4 default,810,0.8217446666666667,0.059487688391053756
YOLOv4 default,811,0.7948863333333334,0.057242658278400915
YOLOv4 default,812,0.7889586666666667,0.07531045388774245
YOLOv4 default,813,0.8020393333333334,0.08779490183439533
YOLOv4 default,814,0.8032213333333332,0.09185853168565479
YOLOv4 default,815,0.7915726666666667,0.08591085822784247
YOLOv4 default,816,0.8015140000000001,0.10527569377749707
YOLOv4 default,817,0.786291,0.09077591029195652
YOLOv4 default,818,0.779726,0.09935548018604709
YOLOv4 default,819,0.7612930000000001,0.08982869847845584
YOLOv4 default,820,0.7525996666666667,0.10374439601946914
YOLOv4 default,821,0.7279289999999999,0.09844307051793946
YOLOv4 default,822,0.7290533333333333,0.07700549324633348
YOLOv4 default,823,0.7125019999999999,0.06979643014510126
YOLOv4 default,824,0.7133856666666666,0.06628123959395384
YOLOv4 default,825,0.7112366666666667,0.044737760353469255
YOLOv4 default,826,0.6961553333333333,0.05643282812433836
YOLOv4 default,827,0.7085496666666667,0.06597097588165403
YOLOv4 default,828,0.701727,0.05567867169153133
YOLOv4 default,829,0.7004760000000001,0.06559023842259862
YOLOv4 default,830,0.7003926666666667,0.07755474974995265
YOLOv4 default,831,0.702967,0.07152294499203268
YOLOv4 default,832,0.6906923333333334,0.0696756905009041
YOLOv4 default,833,0.6970373333333333,0.06439273546587207
YOLOv4 default,834,0.7129086666666667,0.0750609673650545
YOLOv4 default,835,0.7117683333333332,0.07675979559928783
YOLOv4 default,836,0.7057370000000001,0.08510820169642878
YOLOv4 default,837,0.7077416666666667,0.08260594220218731
YOLOv4 default,838,0.7135503333333334,0.07865932756796516
YOLOv4 default,839,0.714267,0.0869240087739477
YOLOv4 default,840,0.719167,0.07444588524783173
YOLOv4 default,841,0.7462503333333333,0.07589324458811282
YOLOv4 default,842,0.7381903333333334,0.07556159254836047
YOLOv4 default,843,0.7358066666666666,0.06797760576428422
YOLOv4 default,844,0.7399196666666666,0.06918308201753118
YOLOv4 default,845,0.7496256666666667,0.08324669352059044
YOLOv4 default,846,0.746302,0.07572638990470894
YOLOv4 default,847,0.7515983333333333,0.08805540114862034
YOLOv4 default,848,0.7433063333333333,0.08026127878650106
YOLOv4 default,849,0.7481183333333333,0.07338897248073294
YOLOv4 default,850,0.7808086666666667,0.062015963155554674
YOLOv4 default,851,0.7775599999999999,0.04156954719904143
YOLOv4 default,852,0.7767590000000001,0.03572245260803536
YOLOv4 default,853,0.7623919999999998,0.030778903917022992
YOLOv4 default,854,0.7672403333333334,0.0166031027354662
YOLOv4 default,855,0.767185,0.013940602043431765
YOLOv4 default,856,0.7802623333333334,0.018910205906981666
YOLOv4 default,857,0.7636603333333333,0.023787305524399185
YOLOv4 default,858,0.782654,0.045311060375291735
YOLOv4 default,859,0.7745203333333333,0.04923187263800192
YOLOv4 default,860,0.7729283333333333,0.04525090973793912
YOLOv4 default,861,0.7830986666666667,0.05876203465484989
YOLOv4 default,862,0.7867073333333333,0.045366186590651184
YOLOv4 default,863,0.7814086666666666,0.05958437202917483
YOLOv4 default,864,0.7602373333333334,0.06728739321332373
YOLOv4 default,865,0.799456,0.08187092508536431
YOLOv4 default,866,0.8107416666666666,0.07230994575283387
YOLOv4 default,867,0.8154053333333334,0.06808350501732742
YOLOv4 default,868,0.829672,0.06278055992370035
YOLOv4 default,869,0.8242343333333334,0.0542447698380017
YOLOv4 default,870,0.8185233333333333,0.06579490818529281
YOLOv4 default,871,0.7903473333333334,0.06388884923399736
YOLOv4 default,872,0.7927416666666667,0.0672832165039032
YOLOv4 default,873,0.7957933333333332,0.056940235868652454
YOLOv4 default,874,0.770077,0.055854055976267296
YOLOv4 default,875,0.7523546666666666,0.056238359226105115
YOLOv4 default,876,0.7471546666666665,0.056262791672452385
YOLOv4 default,877,0.7340426666666667,0.05518863054510817
YOLOv4 default,878,0.733084,0.07179475262394412
YOLOv4 default,879,0.7290496666666667,0.0430370987650319
YOLOv4 default,880,0.7280003333333332,0.03939670232533569
YOLOv4 default,881,0.7244786666666667,0.04240243526942501
YOLOv4 default,882,0.7431333333333333,0.03658641156373648
YOLOv4 default,883,0.7416563333333333,0.03557588865291271
YOLOv4 default,884,0.733629,0.031634847130972525
YOLOv4 default,885,0.7317236666666668,0.035866587935167595
YOLOv4 default,886,0.7131446666666666,0.037349254835642685
YOLOv4 default,887,0.7224093333333333,0.04334852640837723
YOLOv4 default,888,0.7352396666666667,0.057449324992649924
YOLOv4 default,889,0.733778,0.06486447294423456
YOLOv4 default,890,0.7322253333333334,0.057707991203799304
YOLOv4 default,891,0.72944,0.05169283069569062
YOLOv4 default,892,0.7287236666666667,0.050114351348801364
YOLOv4 default,893,0.726197,0.04766628151009893
YOLOv4 default,894,0.7422390000000001,0.03343247188488064
YOLOv4 default,895,0.7370543333333334,0.047014665121049674
YOLOv4 default,896,0.7459563333333333,0.05792500635112417
YOLOv4 default,897,0.7346836666666667,0.056444729816973266
YOLOv4 default,898,0.7317796666666667,0.05931341989896647
YOLOv4 default,899,0.7147513333333334,0.048702719603506535
YOLOv4 default,900,0.7155360000000001,0.05916957547873178
YOLOv4 default,901,0.7579629999999998,0.044788695404086074
YOLOv4 default,902,0.7691426666666666,0.035817411149389966
YOLOv4 default,903,0.7722236666666666,0.034188729630943854
YOLOv4 default,904,0.7801006666666667,0.03728399071242835
YOLOv4 default,905,0.7874610000000001,0.02539508064566836
YOLOv4 default,906,0.7943156666666665,0.013488905988914673
YOLOv4 default,907,0.7882426666666666,0.013000784878015792
YOLOv4 default,908,0.7788956666666667,0.014998262680872208
YOLOv4 default,909,0.7905129999999999,0.015240937842971904
YOLOv4 default,910,0.7786623333333335,0.023249050620999114
YOLOv4 default,911,0.7639713333333334,0.03237790110725385
YOLOv4 default,912,0.748383,0.02778926113327473
YOLOv4 default,913,0.7606893333333332,0.023006575685611663
YOLOv4 default,914,0.7421880000000001,0.013940552009634845
YOLOv4 default,915,0.7251599999999999,0.013178090946719099
YOLOv4 default,916,0.7215093333333334,0.00421809776768839
YOLOv4 default,917,0.720956,0.014306003366885296
YOLOv4 default,918,0.7292356666666667,0.0053446911458422345
YOLOv4 default,919,0.7342403333333335,0.0276133777985317
YOLOv4 default,920,0.7481146666666666,0.030073366873549598
YOLOv4 default,921,0.7564823333333334,0.015458327813116715
YOLOv4 default,922,0.7332529999999999,0.0117985046933923
YOLOv4 default,923,0.7555320000000001,0.016796928856192703
YOLOv4 default,924,0.7340116666666666,0.0038458438750307257
YOLOv4 default,925,0.7315676666666667,0.01756972179947967
YOLOv4 default,926,0.7251866666666666,0.033454162159255715
YOLOv4 default,927,0.7210006666666667,0.021758476978971774
YOLOv4 default,928,0.7305563333333334,0.009123701922891697
YOLOv4 default,929,0.7030176666666667,0.012409573405686072
YOLOv4 default,930,0.6948403333333334,0.029956044255616345
YOLOv4 default,931,0.7001673333333334,0.02992338837951198
YOLOv4 default,932,0.6844606666666667,0.03175077717858957
YOLOv4 default,933,0.6918563333333333,0.032181539606495606
YOLOv4 default,934,0.6941086666666667,0.028342092291227264
YOLOv4 default,935,0.6982703333333333,0.0402912434545164
YOLOv4 default,936,0.7158163333333333,0.04087202582179869
YOLOv4 default,937,0.7199543333333334,0.04967656346921665
YOLOv4 default,938,0.7092143333333333,0.04069818921988762
YOLOv4 default,939,0.7104576666666667,0.03219197935476751
YOLOv4 default,940,0.7003146666666665,0.028120889236374506
YOLOv4 default,941,0.7156833333333333,0.04422191606105631
YOLOv4 default,942,0.7187420000000001,0.05308709279099771
YOLOv4 default,943,0.7345063333333334,0.059616448094837446
YOLOv4 default,944,0.724399,0.06025894523913721
YOLOv4 default,945,0.7184563333333335,0.054532064091790164
YOLOv4 default,946,0.7367423333333333,0.055984865682114894
YOLOv4 default,947,0.7560906666666667,0.05511903219497884
YOLOv4 default,948,0.7703030000000001,0.05287474394264243
YOLOv4 default,949,0.773964,0.06048612112708171
YOLOv4 default,950,0.7496809999999999,0.057439019858745256
YOLOv4 default,951,0.7386473333333333,0.05764009111238848
YOLOv4 default,952,0.7363923333333333,0.058708803727474376
YOLOv4 default,953,0.7306296666666666,0.054191691030800807
YOLOv4 default,954,0.711398,0.03658881244770503
YOLOv4 default,955,0.6975786666666668,0.03356130512129174
YOLOv4 default,956,0.6921183333333333,0.0400219596319043
YOLOv4 default,957,0.6867836666666668,0.034031002014503056
YOLOv4 default,958,0.6683393333333333,0.039410930870903214
YOLOv4 default,959,0.6660286666666666,0.05663605015751405
YOLOv4 default,960,0.6694446666666667,0.0409995341125292
YOLOv4 default,961,0.6617290000000001,0.035285234744861775
YOLOv4 default,962,0.6641593333333333,0.027078311076907596
YOLOv4 default,963,0.6770923333333333,0.01642334705364422
YOLOv4 default,964,0.660811,0.0142000363849299
YOLOv4 default,965,0.6672623333333334,0.01517432757799976
YOLOv4 default,966,0.6628103333333334,0.01680286053358508
YOLOv4 default,967,0.65406,0.008204852893257739
YOLOv4 default,968,0.6468246666666667,0.013165324218483102
YOLOv4 default,969,0.6451033333333333,0.009997584397132013
YOLOv4 default,970,0.6282096666666667,0.006864202025322704
YOLOv4 default,971,0.6418933333333333,0.023365993525729753
YOLOv4 default,972,0.6509786666666666,0.014605555864502743
YOLOv4 default,973,0.649474,0.025049933299977727
YOLOv4 default,974,0.6677446666666667,0.04342616179729041
YOLOv4 default,975,0.6746393333333334,0.03652467962137994
YOLOv4 default,976,0.7118863333333333,0.04236028929053456
YOLOv4 default,977,0.7392986666666667,0.03137850984529236
YOLOv4 default,978,0.7686259999999999,0.02848316773113552
YOLOv4 default,979,0.7681816666666667,0.04099057090491801
YOLOv4 default,980,0.7622953333333333,0.03622858857464796
YOLOv4 default,981,0.768386,0.047255515022058554
YOLOv4 default,982,0.7623653333333333,0.03921830094200636
YOLOv4 default,983,0.7727076666666667,0.02990509171993587
YOLOv4 default,984,0.758734,0.0360878576393778
YOLOv4 default,985,0.7438189999999999,0.032432730448319236
YOLOv4 default,986,0.7226413333333334,0.031045691968094008
YOLOv4 default,987,0.7289059999999999,0.03939131320481715
YOLOv4 default,988,0.737311,0.03861796041135957
YOLOv4 default,989,0.7479326666666667,0.03963699424079032
YOLOv4 default,990,0.7562896666666666,0.03693440260034599
YOLOv4 default,991,0.764637,0.03707154100294907
YOLOv4 default,992,0.758074,0.03319514360565411
YOLOv4 default,993,0.7448009999999999,0.025361827950682096
YOLOv4 default,994,0.7546689999999999,0.018416685541468466
YOLOv4 default,995,0.7499836666666667,0.03277415450388376
YOLOv4 default,996,0.750851,0.035122508969795053
YOLOv4 default,997,0.7649586666666667,0.041638780679127047
YOLOv4 default,998,0.740202,0.048041012898702815
YOLOv4 default,999,0.7485763333333333,0.056767422965210534
YOLOv4 default,1000,0.7289273333333334,0.06074265867667561
YOLOv4 default,1001,0.7210123333333334,0.0439733140148027
YOLOv4 default,1002,0.7245053333333334,0.0204405510553029
YOLOv4 default,1003,0.726849,0.02405005106023684
YOLOv4 default,1004,0.7316866666666666,0.01099634745924502
YOLOv4 default,1005,0.745609,0.01655373421114805
YOLOv4 default,1006,0.7579983333333334,0.02646713396103005
YOLOv4 default,1007,0.7549063333333333,0.0253340826117264
YOLOv4 default,1008,0.7639673333333333,0.041595662796070985
YOLOv4 default,1009,0.7587196666666668,0.05733640854155799
YOLOv4 default,1010,0.7600676666666666,0.06018643572636981
YOLOv4 default,1011,0.7636936666666667,0.06108863915200964
YOLOv4 default,1012,0.7502789999999999,0.06094607086870601
YOLOv4 default,1013,0.7558023333333334,0.046920664659732936
YOLOv4 default,1014,0.7402676666666667,0.04933920146068214
YOLOv4 default,1015,0.7402113333333333,0.06393925467278386
YOLOv4 default,1016,0.7591600000000001,0.06594318940825758
YOLOv4 default,1017,0.742952,0.06531032440842209
YOLOv4 default,1018,0.7630929999999999,0.08315270675289732
YOLOv4 default,1019,0.755058,0.06797450641478268
YOLOv4 default,1020,0.7807596666666666,0.04948621432390149
YOLOv4 default,1021,0.786685,0.04542624917746712
YOLOv4 default,1022,0.7786343333333333,0.049214144492321636
YOLOv4 default,1023,0.7588316666666667,0.055326334179825944
YOLOv4 default,1024,0.7572260000000001,0.05418515595006934
YOLOv4 default,1025,0.7463006666666668,0.0457171415712361
YOLOv4 default,1026,0.737429,0.04810029810025437
YOLOv4 default,1027,0.7087176666666667,0.04245554408371707
YOLOv4 default,1028,0.6880673333333333,0.032047088512236366
YOLOv4 default,1029,0.6960843333333333,0.02366493027198218
YOLOv4 default,1030,0.6943053333333333,0.027168440817324162
YOLOv4 default,1031,0.7122826666666667,0.034727558395474784
YOLOv4 default,1032,0.7347896666666668,0.035255090688359365
YOLOv4 default,1033,0.747327,0.03679776461054847
YOLOv4 default,1034,0.7358943333333333,0.03767066792317037
YOLOv4 default,1035,0.7581786666666667,0.03238572463979221
YOLOv4 default,1036,0.7424620000000001,0.019252907598594056
YOLOv4 default,1037,0.7203093333333334,0.02184811327730102
YOLOv4 default,1038,0.739458,0.03231645960394382
YOLOv4 default,1039,0.724619,0.024740109828643303
YOLOv4 default,1040,0.713701,0.023351604855626797
YOLOv4 default,1041,0.7166123333333334,0.04087824928709369
YOLOv4 default,1042,0.7277336666666666,0.05506898961101227
YOLOv4 default,1043,0.7514876666666667,0.060239106031252224
YOLOv4 default,1044,0.740133,0.058619827279968444
YOLOv4 default,1045,0.7425229999999999,0.062058040134484876
YOLOv4 default,1046,0.7477300000000001,0.07208479962053953
YOLOv4 default,1047,0.7568836666666666,0.09362469556040104
YOLOv4 default,1048,0.7452633333333333,0.09006106200856788
YOLOv4 default,1049,0.748475,0.07927544162181208
YOLOv4 default,1050,0.7563913333333333,0.08531531136971318
YOLOv4 default,1051,0.7348206666666667,0.07735426599814073
YOLOv4 default,1052,0.728519,0.06505282945678331
YOLOv4 default,1053,0.7134606666666667,0.06665812901248014
YOLOv4 default,1054,0.7007543333333333,0.0512338562096502
YOLOv4 default,1055,0.6850623333333333,0.04306740518974621
YOLOv4 default,1056,0.6810556666666666,0.025668263188441707
YOLOv4 default,1057,0.6680069999999999,0.02409272178480464
YOLOv4 default,1058,0.6737423333333332,0.017994964965542756
YOLOv4 default,1059,0.6538533333333333,0.01919620744082308
YOLOv4 default,1060,0.6492886666666667,0.011849841550745623
YOLOv4 default,1061,0.6853123333333334,0.019117981416573365
YOLOv4 default,1062,0.689457,0.03152708199310555
YOLOv4 default,1063,0.698319,0.03536618501242866
YOLOv4 default,1064,0.7036806666666666,0.02749051175911023
YOLOv4 default,1065,0.7301003333333332,0.04121185147233472
YOLOv4 default,1066,0.7387936666666666,0.04928510592235529
YOLOv4 default,1067,0.7288783333333333,0.052157884135041806
YOLOv4 default,1068,0.700977,0.04496968902494212
YOLOv4 default,1069,0.7315833333333334,0.04288011698263478
YOLOv4 default,1070,0.7636470000000001,0.03198521377657703
YOLOv4 default,1071,0.7770170000000002,0.021084508697145402
YOLOv4 default,1072,0.7583423333333333,0.015089998678300496
YOLOv4 default,1073,0.7470303333333334,0.025288142941790805
YOLOv4 default,1074,0.7513096666666668,0.0022822623522383363
YOLOv4 default,1075,0.7509813333333334,0.001995945584873959
YOLOv4 default,1076,0.7406556666666666,0.01420029744211172
YOLOv4 default,1077,0.739188,0.02042807642274066
YOLOv4 default,1078,0.7611133333333333,0.031129629574481673
YOLOv4 default,1079,0.723111,0.03041607973314993
YOLOv4 default,1080,0.707601,0.04361259786269711
YOLOv4 default,1081,0.7110173333333334,0.017884320752485337
YOLOv4 default,1082,0.7129283333333333,0.017232897080229355
YOLOv4 default,1083,0.7055509999999999,0.018794411944334247
YOLOv4 default,1084,0.7063133333333335,0.018472396310290764
YOLOv4 default,1085,0.7064603333333332,0.02196106776649178
YOLOv4 default,1086,0.7208079999999999,0.01834341321383056
YOLOv4 default,1087,0.7336833333333334,0.027533836676190117
YOLOv4 default,1088,0.742759,0.03717279102157026
YOLOv4 default,1089,0.7343006666666666,0.041481810488989565
YOLOv4 default,1090,0.7322626666666667,0.04437430398076996
YOLOv4 default,1091,0.7073313333333333,0.03468703837810956
YOLOv4 default,1092,0.69678,0.039559988502694675
YOLOv4 default,1093,0.685852,0.046511814416697765
YOLOv4 default,1094,0.693889,0.03497611819513425
YOLOv4 default,1095,0.6953753333333333,0.04688051059282999
YOLOv4 default,1096,0.7125203333333334,0.05588287387424205
YOLOv4 default,1097,0.7027720000000001,0.03635955938035186
YOLOv4 default,1098,0.7067896666666668,0.032889278366124805
YOLOv4 default,1099,0.7103776666666667,0.04006543787910527
YOLOv4 default,1100,0.7062750000000001,0.029150969818058096
YOLOv4 default,1101,0.692876,0.021696397404484792
YOLOv4 default,1102,0.696616,0.02504166340987221
YOLOv4 default,1103,0.7240473333333334,0.027635271787658934
YOLOv4 default,1104,0.713374,0.028421769684521755
YOLOv4 default,1105,0.7068686666666667,0.030340196672254963
YOLOv4 default,1106,0.7025273333333333,0.023301244189480028
YOLOv4 default,1107,0.6869663333333333,0.023222444576553775
YOLOv4 default,1108,0.692314,0.02429611088219677
YOLOv4 default,1109,0.7035626666666667,0.028608831726894716
YOLOv4 default,1110,0.7072426666666667,0.0506433605267704
YOLOv4 default,1111,0.6970199999999999,0.04811997474368968
YOLOv4 default,1112,0.6849893333333333,0.05361421127006451
YOLOv4 default,1113,0.6749426666666666,0.05932583872235697
YOLOv4 default,1114,0.6857396666666666,0.056710587936567095
YOLOv4 default,1115,0.6769596666666665,0.04928681866156283
YOLOv4 default,1116,0.6516913333333334,0.0434394063277931
YOLOv4 default,1117,0.653579,0.04875882617878875
YOLOv4 default,1118,0.651624,0.05302157482886883
YOLOv4 default,1119,0.6488293333333334,0.053213088528836404
YOLOv4 default,1120,0.6454529999999999,0.05226051688735323
YOLOv4 default,1121,0.6600316666666667,0.04716051795140131
YOLOv4 default,1122,0.6789623333333333,0.04162789191689202
YOLOv4 default,1123,0.6916836666666667,0.05285314763989413
YOLOv4 default,1124,0.6955356666666667,0.06449549008608622
YOLOv4 default,1125,0.705702,0.04811430960743383
YOLOv4 default,1126,0.7255776666666667,0.05295521055991041
YOLOv4 default,1127,0.7248093333333333,0.04981868498643634
YOLOv4 default,1128,0.7279066666666667,0.04792590136287939
YOLOv4 default,1129,0.741165,0.057900156867951025
YOLOv4 default,1130,0.7334670000000001,0.036033783597248494
YOLOv4 default,1131,0.7224303333333334,0.038036554463363834
YOLOv4 default,1132,0.7313900000000001,0.04320783828581725
YOLOv4 default,1133,0.7279446666666667,0.02690073118171905
YOLOv4 default,1134,0.701183,0.024382240524611354
YOLOv4 default,1135,0.69855,0.015661986283142186
YOLOv4 default,1136,0.7007963333333332,0.023205709084428146
YOLOv4 default,1137,0.7010656666666667,0.016843013678608076
YOLOv4 default,1138,0.6771593333333333,0.012557238156183514
YOLOv4 default,1139,0.6826953333333333,0.021832526547434773
YOLOv4 default,1140,0.7003096666666666,0.013588333345598757
YOLOv4 default,1141,0.7053876666666667,0.02290123507829023
YOLOv4 default,1142,0.7197586666666668,0.016385129287795636
YOLOv4 default,1143,0.7119593333333333,0.009353610431865937
YOLOv4 default,1144,0.7127186666666666,0.007843478232122406
YOLOv4 default,1145,0.7092323333333335,0.01530765230566437
YOLOv4 default,1146,0.7063886666666667,0.02333121743739731
YOLOv4 default,1147,0.692901,0.020930537284073708
YOLOv4 default,1148,0.6945013333333333,0.03458220562338061
YOLOv4 default,1149,0.6811873333333334,0.0371799121226025
YOLOv4 default,1150,0.6814003333333334,0.03824962997787617
YOLOv4 default,1151,0.6816943333333333,0.040206403761645276
YOLOv4 default,1152,0.6864673333333333,0.030776930756295003
YOLOv4 default,1153,0.6831223333333334,0.02865680565085911
YOLOv4 default,1154,0.695364,0.02601065693775021
YOLOv4 default,1155,0.6850236666666666,0.01603516650296398
YOLOv4 default,1156,0.6945733333333334,0.007137320326596283
YOLOv4 default,1157,0.690493,0.014138397021350519
YOLOv4 default,1158,0.6857696666666667,0.03228378603537351
YOLOv4 default,1159,0.676764,0.037539698600281814
YOLOv4 default,1160,0.6773763333333332,0.047765043474397785
YOLOv4 default,1161,0.6682663333333334,0.04454053056985789
YOLOv4 default,1162,0.6814066666666667,0.04780791917780058
YOLOv4 default,1163,0.708094,0.042383111900063844
YOLOv4 default,1164,0.6963856666666667,0.026579524239116435
YOLOv4 default,1165,0.6993953333333334,0.027988535416805526
YOLOv4 default,1166,0.7155116666666667,0.018587211341254097
YOLOv4 default,1167,0.7187966666666666,0.018137685945137667
YOLOv4 default,1168,0.7082259999999999,0.0217628819859258
YOLOv4 default,1169,0.7163783333333335,0.010452422882332654
YOLOv4 default,1170,0.701845,0.026566511632755484
YOLOv4 default,1171,0.7078393333333334,0.043122396316892124
YOLOv4 default,1172,0.691839,0.044060365061280825
YOLOv4 default,1173,0.687696,0.04350049469833648
YOLOv4 default,1174,0.682832,0.052537906527890255
YOLOv4 default,1175,0.671444,0.03710971093033918
YOLOv4 default,1176,0.6721236666666667,0.043258710345753223
YOLOv4 default,1177,0.6755786666666667,0.05748996233063452
YOLOv4 default,1178,0.6732596666666667,0.06338773004910159
YOLOv4 default,1179,0.659118,0.05336729631837585
YOLOv4 default,1180,0.647218,0.05946139791775277
YOLOv4 default,1181,0.644091,0.06734571880478621
YOLOv4 default,1182,0.661415,0.07420495536912163
YOLOv4 default,1183,0.6681529999999999,0.07333813701160763
YOLOv4 default,1184,0.6648743333333332,0.06890135381914576
YOLOv4 default,1185,0.6721566666666666,0.06892601494678513
YOLOv4 default,1186,0.6667563333333334,0.05917866923234344
YOLOv4 default,1187,0.6691666666666668,0.058198874838302904
YOLOv4 default,1188,0.6755216666666666,0.05190988278524409
YOLOv4 default,1189,0.6878869999999999,0.04990384508565781
YOLOv4 default,1190,0.6930109999999999,0.039289263983095096
YOLOv4 default,1191,0.675461,0.04648716523945076
YOLOv4 default,1192,0.6912750000000001,0.054770520711419225
YOLOv4 default,1193,0.705149,0.05151976379021937
YOLOv4 default,1194,0.6839023333333333,0.06169978394703751
YOLOv4 default,1195,0.6806106666666666,0.055015933244631776
YOLOv4 default,1196,0.688714,0.05277065833396434
YOLOv4 default,1197,0.6876066666666666,0.05248073844860714
YOLOv4 default,1198,0.6972873333333333,0.0568908171773891
YOLOv4 default,1199,0.6910850000000001,0.04823074116162844
YOLOv4 default,1200,0.6917263333333334,0.05130288541701247
YOLOv4 default,1201,0.6892923333333333,0.05260127782457171
YOLOv4 default,1202,0.6896969999999999,0.057604472676462674
YOLOv4 default,1203,0.687401,0.03855618094417546
YOLOv4 default,1204,0.6800056666666666,0.0433862096613403
YOLOv4 default,1205,0.68832,0.05482269625802802
YOLOv4 default,1206,0.6932443333333334,0.038303800187158704
YOLOv4 default,1207,0.687192,0.04210472011940388
YOLOv4 default,1208,0.7006996666666666,0.041708346296368284
YOLOv4 default,1209,0.707553,0.03300259304963778
YOLOv4 default,1210,0.693296,0.03456595992205818
YOLOv4 default,1211,0.6973526666666667,0.04137667555653921
YOLOv4 default,1212,0.6896803333333333,0.03473382597859196
YOLOv4 default,1213,0.6744133333333333,0.024148975025407967
YOLOv4 default,1214,0.659467,0.019917532536268972
YOLOv4 default,1215,0.6581353333333333,0.01976906507933825
YOLOv4 default,1216,0.6520576666666666,0.035176978462877956
YOLOv4 default,1217,0.641828,0.044952723836641235
YOLOv4 default,1218,0.6428183333333334,0.04249663410331589
YOLOv4 default,1219,0.633761,0.03080411375666137
YOLOv4 default,1220,0.628752,0.024215143010108367
YOLOv4 default,1221,0.6305823333333334,0.01973356671877755
YOLOv4 default,1222,0.6482789999999999,0.01353407500841239
YOLOv4 default,1223,0.6402913333333333,0.02647176187520916
YOLOv4 default,1224,0.662595,0.037523090655399535
YOLOv4 default,1225,0.6689953333333335,0.039874918450630625
YOLOv4 default,1226,0.673757,0.05365217024812075
YOLOv4 default,1227,0.6878436666666666,0.056465862519854526
YOLOv4 default,1228,0.6772586666666668,0.03486162370158785
YOLOv4 default,1229,0.6732136666666667,0.03359809402497575
YOLOv4 default,1230,0.6870036666666667,0.047861002651195875
YOLOv4 default,1231,0.6788433333333334,0.05771721043828935
YOLOv4 default,1232,0.6678323333333335,0.0481800139488472
YOLOv4 default,1233,0.6813883333333334,0.0432778686795508
YOLOv4 default,1234,0.70743,0.07001618040853129
YOLOv4 default,1235,0.7087563333333334,0.06940513626846681
YOLOv4 default,1236,0.723672,0.08016550955990986
YOLOv4 default,1237,0.7165896666666667,0.06985779586496492
YOLOv4 default,1238,0.7137213333333333,0.06589274373134302
YOLOv4 default,1239,0.7170156666666667,0.049860705026882425
YOLOv4 default,1240,0.6982693333333333,0.050652493799526896
YOLOv4 default,1241,0.7019676666666665,0.046222856169263755
YOLOv4 default,1242,0.6911996666666665,0.04505200966783957
YOLOv4 default,1243,0.7015866666666666,0.036506120264659436
YOLOv4 default,1244,0.6787353333333334,0.03270665771843878
YOLOv4 default,1245,0.68013,0.03898500410841754
YOLOv4 default,1246,0.6934763333333333,0.04312084013688872
YOLOv4 default,1247,0.713218,0.0509413754656599
YOLOv4 default,1248,0.6967463333333334,0.04104808396800568
YOLOv4 default,1249,0.6903633333333333,0.04962674205954328
YOLOv4 default,1250,0.6990966666666667,0.05619094590273813
YOLOv4 default,1251,0.6847703333333334,0.05404571106120365
YOLOv4 default,1252,0.6749930000000001,0.056954882445083975
YOLOv4 default,1253,0.6735373333333333,0.0520520003148561
YOLOv4 default,1254,0.6760086666666666,0.03884169407708395
YOLOv4 default,1255,0.668123,0.03709784430844108
YOLOv4 default,1256,0.6548696666666666,0.03762538776027579
YOLOv4 default,1257,0.6451379999999999,0.028110739068903892
YOLOv4 default,1258,0.6385649999999999,0.018538379729631158
YOLOv4 default,1259,0.622385,0.009180401026099037
YOLOv4 default,1260,0.6150256666666666,0.013642654584468214
YOLOv4 default,1261,0.6277986666666666,0.01538653452788436
YOLOv4 default,1262,0.6258813333333334,0.029486380162900838
YOLOv4 default,1263,0.628546,0.0340092311586134
YOLOv4 default,1264,0.6194696666666667,0.022444086513922663
YOLOv4 default,1265,0.629352,0.002295922254781297
YOLOv4 default,1266,0.6426996666666667,0.014702537789254075
YOLOv4 default,1267,0.6391736666666666,0.013414180871169289
YOLOv4 default,1268,0.643916,0.01919766996278456
YOLOv4 default,1269,0.6434799999999999,0.011479005285011992
YOLOv4 default,1270,0.6345276666666667,0.016657474211629757
YOLOv4 default,1271,0.635058,0.02011163226427265
YOLOv4 default,1272,0.6289946666666667,0.013228789744761642
YOLOv4 default,1273,0.6502556666666667,0.0153620838466372
YOLOv4 default,1274,0.6711273333333333,0.02416406771312404
YOLOv4 default,1275,0.6960313333333334,0.019923856866692357
YOLOv4 default,1276,0.6964583333333333,0.019722445642239985
YOLOv4 default,1277,0.715442,0.023646418312294176
YOLOv4 default,1278,0.7181196666666668,0.03160940042842388
YOLOv4 default,1279,0.7142643333333334,0.02705372051020792
YOLOv4 default,1280,0.7022973333333334,0.03736116654287505
YOLOv4 default,1281,0.6915866666666667,0.023634797018614543
YOLOv4 default,1282,0.7024496666666667,0.009920888944265254
YOLOv4 default,1283,0.6989756666666667,0.006865831251769709
YOLOv4 default,1284,0.7096283333333333,0.010613591935710445
YOLOv4 default,1285,0.7002436666666667,0.016020882251334058
YOLOv4 default,1286,0.692708,0.012338469529618859
YOLOv4 default,1287,0.6857389999999999,0.012086524231556418
YOLOv4 default,1288,0.6876666666666668,0.015351869944009352
YOLOv4 default,1289,0.6690643333333334,0.009785969570995211
YOLOv4 default,1290,0.6609606666666666,0.016148150330954663
YOLOv4 default,1291,0.666377,0.01745196811250809
YOLOv4 default,1292,0.6694576666666666,0.004488893305828406
YOLOv4 default,1293,0.6820743333333333,0.013758088824800894
YOLOv4 default,1294,0.662629,0.014550435881214466
YOLOv4 default,1295,0.6567666666666666,0.021528418964501556
YOLOv4 default,1296,0.6640723333333334,0.008913708288049606
YOLOv4 default,1297,0.6701959999999999,0.0035299845608727535
YOLOv4 default,1298,0.6679976666666666,0.008789075536015016
YOLOv4 default,1299,0.6634369999999999,0.01100659366016572
YOLOv4 default,1300,0.6741036666666668,0.03436847922313572
YOLOv4 default,1301,0.673628,0.03276854371191985
YOLOv4 default,1302,0.6564313333333334,0.03221942030480651
YOLOv4 default,1303,0.677525,0.02844427337795784
YOLOv4 default,1304,0.6631243333333333,0.009631085389392889
YOLOv4 default,1305,0.6594276666666666,0.01847198599982628
YOLOv4 default,1306,0.6599119999999999,0.01442917115891739
YOLOv4 default,1307,0.6360406666666667,0.01479505902132344
YOLOv4 default,1308,0.6255513333333332,0.022822723298891796
YOLOv4 default,1309,0.6456219999999999,0.017436281379162633
YOLOv4 default,1310,0.636429,0.011753606978285458
YOLOv4 default,1311,0.6486613333333334,0.0116839866103617
YOLOv4 default,1312,0.6488783333333333,0.016689606349794814
YOLOv4 default,1313,0.646531,0.024673125974090365
YOLOv4 default,1314,0.624746,0.017999108672375957
YOLOv4 default,1315,0.610131,0.015419422827503401
YOLOv4 default,1316,0.6258366666666667,0.008128519859796813
YOLOv4 default,1317,0.6129126666666667,0.016637217519097917
YOLOv4 default,1318,0.627142,0.020819217956814153
YOLOv4 default,1319,0.6377566666666666,0.031836494532393365
YOLOv4 default,1320,0.6388726666666666,0.01721277529756443
YOLOv4 default,1321,0.6310209999999999,0.01429557925840481
YOLOv4 default,1322,0.6205799999999999,0.01782644432671116
YOLOv4 default,1323,0.6132883333333333,0.01880149606044984
YOLOv4 default,1324,0.6217546666666668,0.02104401839267188
YOLOv4 default,1325,0.623074,0.019771154501781973
YOLOv4 default,1326,0.6174540000000001,0.01770625670019875
YOLOv4 default,1327,0.6094406666666666,0.010763143597997352
YOLOv4 default,1328,0.6172399999999999,0.016445732222474432
YOLOv4 default,1329,0.632273,0.02860043756658277
YOLOv4 default,1330,0.6364406666666667,0.03781207771040597
YOLOv4 default,1331,0.6289486666666667,0.03441700372554885
YOLOv4 default,1332,0.623797,0.02696832079187232
YOLOv4 default,1333,0.6209606666666666,0.021349529341676648
YOLOv4 default,1334,0.608253,0.027027674138433225
YOLOv4 default,1335,0.6062493333333333,0.024067848777524284
YOLOv4 default,1336,0.6063926666666667,0.029063812954332836
YOLOv4 default,1337,0.5902106666666667,0.020117719820540732
YOLOv4 default,1338,0.5805646666666666,0.015978613543664477
YOLOv4 default,1339,0.57793,0.0042102647185183195
YOLOv4 default,1340,0.5811933333333333,0.012790222076953068
YOLOv4 default,1341,0.594286,0.007125731564782185
YOLOv4 default,1342,0.6277806666666667,0.009262108369288514
YOLOv4 default,1343,0.6433373333333333,0.016143866888422717
YOLOv4 default,1344,0.6349443333333333,0.014448127564190142
YOLOv4 default,1345,0.6267516666666667,0.014646826008084871
YOLOv4 default,1346,0.6263386666666667,0.024089407577697813
YOLOv4 default,1347,0.611881,0.03346457805401609
YOLOv4 default,1348,0.6188083333333333,0.040759578687442004
YOLOv4 default,1349,0.6229326666666667,0.03732149613977327
YOLOv4 default,1350,0.6235036666666667,0.035387836160340615
YOLOv4 default,1351,0.6144769999999999,0.037165567523358665
YOLOv4 default,1352,0.5948859999999999,0.039151124151591526
YOLOv4 default,1353,0.5919623333333334,0.04139333428759327
YOLOv4 default,1354,0.577519,0.042342822721212155
YOLOv4 default,1355,0.5635303333333334,0.04445053967926349
YOLOv4 default,1356,0.5786466666666666,0.039111029366549664
YOLOv4 default,1357,0.584127,0.022238918371479614
YOLOv4 default,1358,0.5771,0.026503074482029453
YOLOv4 default,1359,0.5690046666666667,0.026353209610553673
YOLOv4 default,1360,0.5636906666666667,0.026661164955376144
YOLOv4 default,1361,0.5700356666666667,0.019707158532991105
YOLOv4 default,1362,0.5750323333333333,0.020744769335371695
YOLOv4 default,1363,0.5618393333333332,0.016746622588185107
YOLOv4 default,1364,0.5517666666666666,0.015247229762958413
YOLOv4 default,1365,0.5522486666666667,0.011623714643396548
YOLOv4 default,1366,0.5561583333333333,0.015758073214845913
YOLOv4 default,1367,0.5651413333333334,0.016333263986247334
YOLOv4 default,1368,0.5710533333333333,0.0026521209332238996
YOLOv4 default,1369,0.5845986666666667,0.004961844829406829
YOLOv4 default,1370,0.579284,0.0015442801991003342
YOLOv4 default,1371,0.591066,0.00500542515676742
YOLOv4 default,1372,0.6039046666666668,0.009739329585642855
YOLOv4 default,1373,0.6198453333333334,0.006147526151044622
YOLOv4 default,1374,0.6323216666666668,0.009213156938735917
YOLOv4 default,1375,0.6418159999999999,0.008282501816077885
YOLOv4 default,1376,0.6447633333333334,0.01669901149103674
YOLOv4 default,1377,0.66804,0.007815402484837251
YOLOv4 default,1378,0.6691883333333334,0.008803650764187413
YOLOv4 default,1379,0.6643179999999999,0.016172850284762206
YOLOv4 default,1380,0.6538173333333334,0.01459583589399539
YOLOv4 default,1381,0.647138,0.0067778427984130606
YOLOv4 default,1382,0.6426773333333333,0.010447680465591924
YOLOv4 default,1383,0.6337733333333334,0.014797265043844373
YOLOv4 default,1384,0.626398,0.01586622656252369
YOLOv4 default,1385,0.6205546666666667,0.018560401273799154
YOLOv4 default,1386,0.611641,0.01055049716048174
YOLOv4 default,1387,0.601299,0.015273359846477803
YOLOv4 default,1388,0.601581,0.013243410701175117
YOLOv4 default,1389,0.604367,0.013012912407809928
YOLOv4 default,1390,0.6042136666666666,0.018269056464719564
YOLOv4 default,1391,0.6063616666666666,0.010913442022468358
YOLOv4 default,1392,0.5877403333333334,0.009066217813644513
YOLOv4 default,1393,0.594583,0.01790008324934089
YOLOv4 default,1394,0.5901406666666666,0.008284841928351907
YOLOv4 default,1395,0.5897566666666667,0.018742591712757103
YOLOv4 default,1396,0.5633736666666667,0.019171941619054778
YOLOv4 default,1397,0.5649526666666667,0.014324559706245006
YOLOv4 default,1398,0.5529776666666667,0.015239366875883563
YOLOv4 default,1399,0.555578,0.0063014043672819445
YOLOv4 default,1400,0.5443133333333333,0.013309720775099352
YOLOv4 default,1401,0.5663276666666667,0.024505801369834424
YOLOv4 default,1402,0.5757746666666667,0.03867022521412451
YOLOv4 default,1403,0.5666886666666667,0.03780607733479427
YOLOv4 default,1404,0.559559,0.03130490655365919
YOLOv4 default,1405,0.5722556666666666,0.03699586002664504
YOLOv4 default,1406,0.5609656666666666,0.034526642414872084
YOLOv4 default,1407,0.577956,0.027960611587254908
YOLOv4 default,1408,0.5873723333333333,0.027639714978832733
YOLOv4 default,1409,0.5959353333333334,0.02496356367677587
YOLOv4 default,1410,0.6020663333333333,0.03304407605170875
YOLOv4 default,1411,0.625244,0.017411013956688464
YOLOv4 default,1412,0.6099643333333332,0.01860742992582383
YOLOv4 default,1413,0.6089793333333333,0.01391764215343644
YOLOv4 default,1414,0.618319,0.025253011087789143
YOLOv4 default,1415,0.6031633333333334,0.0177375518165401
YOLOv4 default,1416,0.6332263333333333,0.018401862010254424
YOLOv4 default,1417,0.6407176666666666,0.020176610958676327
YOLOv4 default,1418,0.6429936666666666,0.02810434439924034
YOLOv4 default,1419,0.6518916666666668,0.029511029804314057
YOLOv4 default,1420,0.6422793333333333,0.02156862589761138
YOLOv4 default,1421,0.635882,0.019436973178284033
YOLOv4 default,1422,0.6303743333333333,0.017236895982488
YOLOv4 default,1423,0.638531,0.01936532427648281
YOLOv4 default,1424,0.6308763333333333,0.011281063562940835
YOLOv4 default,1425,0.6091626666666666,0.006202449901271098
YOLOv4 default,1426,0.6198933333333333,0.00945691134097761
YOLOv4 default,1427,0.6188183333333334,0.01105616760505696
YOLOv4 default,1428,0.6554356666666666,0.030965910344190512
YOLOv4 default,1429,0.64328,0.018658525450849558
YOLOv4 default,1430,0.6276923333333334,0.02202691396400726
YOLOv4 default,1431,0.6225183333333333,0.012580753148272865
YOLOv4 default,1432,0.6276120000000001,0.01739287513130975
YOLOv4 default,1433,0.6198353333333334,0.009686624701675578
YOLOv4 default,1434,0.6108669999999999,0.001799614403143077
YOLOv4 default,1435,0.6037296666666667,0.009662377283969932
YOLOv4 default,1436,0.592256,0.00713144452407783
YOLOv4 default,1437,0.5837263333333333,0.007121881992220241
YOLOv4 default,1438,0.5675393333333333,0.006170885439798022
YOLOv4 default,1439,0.5628346666666667,0.011455330030649982
YOLOv4 default,1440,0.5752183333333333,0.006080563963244763
YOLOv4 default,1441,0.575349,0.0069723311022928305
YOLOv4 default,1442,0.5725813333333333,0.019271480632732357
YOLOv4 default,1443,0.5993956666666667,0.03980000528615264
YOLOv4 default,1444,0.5852240000000001,0.02983459513718933
YOLOv4 default,1445,0.5729193333333334,0.02968742362422925
YOLOv4 default,1446,0.5619816666666667,0.030356615843081785
YOLOv4 default,1447,0.5603563333333333,0.02763856707774685
YOLOv4 default,1448,0.5543556666666666,0.028030410463954634
YOLOv4 default,1449,0.557871,0.023034487773770908
YOLOv4 default,1450,0.552277,0.025265793562311335
YOLOv4 default,1451,0.56131,0.02453500623598863
YOLOv4 default,1452,0.5791383333333333,0.02609008040318092
YOLOv4 default,1453,0.5650516666666666,0.030431648505754316
YOLOv4 default,1454,0.577184,0.04097338353533101
YOLOv4 default,1455,0.5682093333333333,0.041289938347953234
YOLOv4 default,1456,0.5670096666666667,0.04342126950905256
YOLOv4 default,1457,0.5738789999999999,0.04853494980938992
YOLOv4 default,1458,0.579811,0.054095815820942486
YOLOv4 default,1459,0.5900163333333334,0.059363179964052146
YOLOv4 default,1460,0.5909696666666667,0.06197668905949862
YOLOv4 default,1461,0.6027633333333334,0.04879851440817074
YOLOv4 default,1462,0.5989676666666667,0.050947491597831504
YOLOv4 default,1463,0.619476,0.06075274961130017
YOLOv4 default,1464,0.6050223333333333,0.06113845794951362
YOLOv4 default,1465,0.607085,0.05255587810131234
YOLOv4 default,1466,0.5962413333333333,0.057147304055202616
YOLOv4 default,1467,0.6250956666666666,0.06562291926182837
YOLOv4 default,1468,0.6189343333333334,0.05769832510952502
YOLOv4 default,1469,0.6167966666666667,0.05527649110406501
YOLOv4 default,1470,0.627025,0.05805217764505765
YOLOv4 default,1471,0.6246223333333334,0.05827955706859063
YOLOv4 default,1472,0.6076576666666668,0.06297657695348151
YOLOv4 default,1473,0.596329,0.06330040272647032
YOLOv4 default,1474,0.5752083333333332,0.0553689999377911
YOLOv4 default,1475,0.5656773333333334,0.05449831598111798
YOLOv4 default,1476,0.568146,0.05457643242584965
YOLOv4 default,1477,0.550105,0.0473174540981796
YOLOv4 default,1478,0.543855,0.043391832852892165
YOLOv4 default,1479,0.5492363333333333,0.04564488019604292
YOLOv4 default,1480,0.554796,0.051221170938717635
YOLOv4 default,1481,0.5709110000000001,0.03142479214463215
YOLOv4 default,1482,0.5730366666666667,0.017214555908042217
YOLOv4 default,1483,0.5691916666666667,0.01739629964804139
YOLOv4 default,1484,0.5850443333333334,0.020186114206993316
YOLOv4 default,1485,0.5758766666666667,0.020036559754054013
YOLOv4 default,1486,0.5804300000000001,0.03159556529535962
YOLOv4 default,1487,0.5769859999999999,0.036477648896276194
YOLOv4 default,1488,0.5937146666666667,0.03237107590804553
YOLOv4 default,1489,0.6002503333333333,0.038035784135176935
YOLOv4 default,1490,0.6111523333333333,0.036197704827485654
YOLOv4 default,1491,0.5986853333333333,0.0362069498132303
YOLOv4 default,1492,0.5965416666666666,0.04295986915844962
YOLOv4 default,1493,0.6077673333333333,0.060419846674011936
YOLOv4 default,1494,0.6094573333333334,0.049974946110804136
YOLOv4 default,1495,0.6067033333333334,0.04935992912722269
YOLOv4 default,1496,0.6110836666666667,0.045596413771016864
YOLOv4 default,1497,0.6060646666666667,0.03595431356751386
YOLOv4 default,1498,0.5940433333333334,0.025164221773073852
YOLOv4 default,1499,0.5987816666666667,0.020325963530530223
YOLOv4 default,1500,0.5866986666666666,0.009112651504608556
YOLOv4 default,1501,0.5840953333333334,0.005016585569665671
YOLOv4 default,1502,0.5822813333333333,0.016361634090490802
YOLOv4 default,1503,0.5835226666666666,0.02810052313471129
YOLOv4 default,1504,0.585538,0.03804006856373072
YOLOv4 default,1505,0.5848376666666667,0.02986287865859182
YOLOv4 default,1506,0.5820820000000001,0.03562825620674316
YOLOv4 default,1507,0.5712506666666667,0.03962906317899079
YOLOv4 default,1508,0.588593,0.0538989858655368
YOLOv4 default,1509,0.592482,0.05906772081546173
YOLOv4 default,1510,0.6115006666666667,0.044737570587942185
YOLOv4 default,1511,0.6349026666666667,0.028677984455753574
YOLOv4 default,1512,0.634334,0.03012822263260811
YOLOv4 default,1513,0.630186,0.026918480566332104
YOLOv4 default,1514,0.6239363333333333,0.028800037756533885
YOLOv4 default,1515,0.6379090000000001,0.03045158445795555
YOLOv4 default,1516,0.64105,0.03292693584792447
YOLOv4 default,1517,0.6486633333333333,0.026942810484019242
YOLOv4 default,1518,0.6514196666666666,0.039861204214680285
YOLOv4 default,1519,0.6379256666666667,0.036259280859449544
YOLOv4 default,1520,0.6444946666666667,0.04203182472576912
YOLOv4 default,1521,0.6499186666666666,0.05317469284453945
YOLOv4 default,1522,0.6530956666666666,0.04403265537202031
YOLOv4 default,1523,0.6445006666666667,0.04944551004332389
YOLOv4 default,1524,0.6495863333333333,0.045845235311619645
YOLOv4 default,1525,0.6456540000000001,0.05073265516739028
YOLOv4 default,1526,0.6443173333333333,0.057329508310390326
YOLOv4 default,1527,0.6425903333333335,0.06409462187093219
YOLOv4 default,1528,0.6291793333333333,0.06777003550570447
YOLOv4 default,1529,0.6073896666666667,0.06813489506690225
YOLOv4 default,1530,0.5992576666666667,0.07575508749545767
YOLOv4 default,1531,0.614438,0.06288382044956661
YOLOv4 default,1532,0.6053639999999999,0.05502731033162836
YOLOv4 default,1533,0.5955480000000001,0.05077959024385029
YOLOv4 default,1534,0.5842426666666666,0.049427545040976684
YOLOv4 default,1535,0.576585,0.04608055456480531
YOLOv4 default,1536,0.5828386666666666,0.04675613501396842
YOLOv4 default,1537,0.5764943333333333,0.053714433768877363
YOLOv4 default,1538,0.5771586666666667,0.05804738823964818
YOLOv4 default,1539,0.570006,0.057228140362354386
YOLOv4 default,1540,0.5606523333333334,0.05931297262919058
YOLOv4 default,1541,0.5691533333333334,0.06650337071490772
YOLOv4 default,1542,0.5968033333333334,0.05776810065636956
YOLOv4 default,1543,0.611588,0.050875237290191916
YOLOv4 default,1544,0.6028866666666667,0.05363063045913637
YOLOv4 default,1545,0.608726,0.06491443922836683
YOLOv4 default,1546,0.6095866666666666,0.06750575542212023
YOLOv4 default,1547,0.6011173333333334,0.07274651196754692
YOLOv4 default,1548,0.586824,0.06931463751858861
YOLOv4 default,1549,0.5846616666666667,0.07623715595939934
YOLOv4 default,1550,0.5886006666666667,0.07159684556909228
YOLOv4 default,1551,0.5996883333333334,0.06739294924132976
YOLOv4 default,1552,0.6131713333333333,0.0611168735575082
YOLOv4 default,1553,0.6227663333333333,0.05820736299740018
YOLOv4 default,1554,0.6288386666666667,0.05523040520502372
YOLOv4 default,1555,0.6153353333333333,0.046417940412206066
YOLOv4 default,1556,0.619841,0.03636326748703055
YOLOv4 default,1557,0.6248183333333334,0.02759448327917092
YOLOv4 default,1558,0.6244626666666667,0.013378838643336907
YOLOv4 default,1559,0.6324146666666667,0.008358101784762173
YOLOv4 default,1560,0.6425883333333333,0.01866700770819412
YOLOv4 default,1561,0.6236970000000001,0.00935800080145328
YOLOv4 default,1562,0.6493156666666667,0.008122308709829862
YOLOv4 default,1563,0.643293,0.014882362413272947
YOLOv4 default,1564,0.6360946666666667,0.014276552412181924
YOLOv4 default,1565,0.6293733333333333,0.017654221424665308
YOLOv4 default,1566,0.6180270000000001,0.014613880536439772
YOLOv4 default,1567,0.618424,0.009259016272441344
YOLOv4 default,1568,0.6271046666666668,0.018620649830527147
YOLOv4 default,1569,0.6112586666666667,0.02016168224076992
YOLOv4 default,1570,0.6323913333333334,0.017143081659310177
YOLOv4 default,1571,0.626976,0.024556913697232643
YOLOv4 default,1572,0.6211323333333333,0.011156692555492292
YOLOv4 default,1573,0.6181793333333333,0.01688429092710472
YOLOv4 default,1574,0.6048206666666667,0.015254610891282805
YOLOv4 default,1575,0.6261153333333332,0.02232284962643535
YOLOv4 default,1576,0.6303463333333333,0.01872319008015933
YOLOv4 default,1577,0.628878,0.019989372534757882
YOLOv4 default,1578,0.6094003333333333,0.020710075585998664
YOLOv4 default,1579,0.6099446666666667,0.016353628550807242
YOLOv4 default,1580,0.5942016666666666,0.010645915794853477
YOLOv4 default,1581,0.6054303333333333,0.03290776826390862
YOLOv4 default,1582,0.6021519999999999,0.04172289962358802
YOLOv4 default,1583,0.604915,0.05638326803523661
YOLOv4 default,1584,0.6113653333333334,0.06575896125075106
YOLOv4 default,1585,0.6034653333333333,0.06622952395604581
YOLOv4 default,1586,0.5995750000000001,0.06148316829019143
YOLOv4 default,1587,0.5973386666666666,0.056155722285840495
YOLOv4 default,1588,0.5939576666666667,0.06405369800496388
YOLOv4 default,1589,0.6044876666666666,0.06296241202848288
YOLOv4 default,1590,0.6024729999999999,0.06210478346579542
YOLOv4 default,1591,0.5806680000000001,0.057815317558008235
YOLOv4 default,1592,0.5690986666666666,0.05617875574845394
YOLOv4 default,1593,0.5523756666666667,0.05256215146640955
YOLOv4 default,1594,0.552615,0.049752034032121084
YOLOv4 default,1595,0.543703,0.044355626895956866
YOLOv4 default,1596,0.5327643333333333,0.04489199266882435
YOLOv4 default,1597,0.5130473333333333,0.04771094444091886
YOLOv4 default,1598,0.5124833333333333,0.04683214314383279
YOLOv4 default,1599,0.5246913333333333,0.047310502267232143
YOLOv4 default,1600,0.5293463333333333,0.03894462965687454
YOLOv4 default,1601,0.534891,0.035669470026901164
YOLOv4 default,1602,0.530799,0.0392955029785004
YOLOv4 default,1603,0.5422846666666666,0.030403006042897227
YOLOv4 default,1604,0.557206,0.03763909086309073
YOLOv4 default,1605,0.5593750000000001,0.03389838285720034
YOLOv4 default,1606,0.54868,0.03783481091534622
YOLOv4 default,1607,0.5457446666666667,0.04677911261924969
YOLOv4 default,1608,0.5504483333333333,0.03999196798664007
YOLOv4 default,1609,0.5628423333333333,0.04734218260471077
YOLOv4 default,1610,0.56913,0.041931679316876094
YOLOv4 default,1611,0.5770556666666666,0.048869670827393324
YOLOv4 default,1612,0.5787326666666667,0.041654333593410336
YOLOv4 default,1613,0.5887683333333333,0.04404509739775562
YOLOv4 default,1614,0.5935053333333333,0.03623978690763937
YOLOv4 default,1615,0.5755376666666666,0.026373083483818203
YOLOv4 default,1616,0.5648153333333333,0.0238857494218717
YOLOv4 default,1617,0.5787486666666667,0.021299969282711297
YOLOv4 default,1618,0.5757013333333333,0.025311684155302227
YOLOv4 default,1619,0.601207,0.018277554768987386
YOLOv4 default,1620,0.6127816666666667,0.015060879050632393
YOLOv4 default,1621,0.620018,0.020286928854149722
YOLOv4 default,1622,0.6220426666666666,0.012916627298864744
YOLOv4 default,1623,0.6409036666666666,0.00953579460652219
YOLOv4 default,1624,0.628195,0.00907022493289629
YOLOv4 default,1625,0.6291943333333333,0.0072457459780051565
YOLOv4 default,1626,0.6265603333333334,0.024994698106687398
YOLOv4 default,1627,0.6283846666666667,0.022880663964239413
YOLOv4 default,1628,0.6183396666666666,0.021701116778738493
YOLOv4 default,1629,0.6106613333333334,0.01703923669391065
YOLOv4 default,1630,0.6236396666666667,0.023225189811447784
YOLOv4 default,1631,0.6284026666666667,0.026906537324185305
YOLOv4 default,1632,0.6108383333333334,0.01927365637628498
YOLOv4 default,1633,0.596461,0.02687327747658133
YOLOv4 default,1634,0.5946886666666668,0.035335502073379085
YOLOv4 default,1635,0.6001766666666667,0.046931053604670384
YOLOv4 default,1636,0.6062003333333333,0.043217080436378896
YOLOv4 default,1637,0.6109243333333333,0.04723112039158551
YOLOv4 default,1638,0.6145193333333333,0.05395038543369679
YOLOv4 default,1639,0.618018,0.05981887910462159
YOLOv4 default,1640,0.6162006666666667,0.05996335021309081
YOLOv4 default,1641,0.6071083333333334,0.050866926328520315
YOLOv4 default,1642,0.607487,0.043942671770539114
YOLOv4 default,1643,0.5945176666666666,0.03060544164215102
YOLOv4 default,1644,0.583719,0.021756453234232195
YOLOv4 default,1645,0.5726606666666667,0.02607111559007612
YOLOv4 default,1646,0.5823663333333333,0.03448903753529682
YOLOv4 default,1647,0.5774986666666667,0.0343220677763512
YOLOv4 default,1648,0.580851,0.018480080961222358
YOLOv4 default,1649,0.5570736666666667,0.01640731030499651
YOLOv4 default,1650,0.5480443333333334,0.026111306671844515
YOLOv4 default,1651,0.5604673333333333,0.020384410745578216
YOLOv4 default,1652,0.5520443333333334,0.022333562593350644
YOLOv4 default,1653,0.5598023333333334,0.024398919472887443
YOLOv4 default,1654,0.5706536666666667,0.04621950737272931
YOLOv4 default,1655,0.5569456666666667,0.03808330266373674
YOLOv4 default,1656,0.5422133333333333,0.03762856876688833
YOLOv4 default,1657,0.5543079999999999,0.05184470060671583
YOLOv4 default,1658,0.5546076666666666,0.04630651872876839
YOLOv4 default,1659,0.5731233333333333,0.03801498007511134
YOLOv4 default,1660,0.560607,0.036595605915646943
YOLOv4 default,1661,0.58072,0.029679005396632385
YOLOv4 default,1662,0.6031156666666667,0.030052162541894457
YOLOv4 default,1663,0.6069450000000001,0.03174594494314721
YOLOv4 default,1664,0.6236756666666666,0.03996558068026923
YOLOv4 default,1665,0.624775,0.0433167436910948
YOLOv4 default,1666,0.6349293333333333,0.040967871494352444
YOLOv4 default,1667,0.6186103333333334,0.02951157420591301
YOLOv4 default,1668,0.615375,0.019612702032101564
YOLOv4 default,1669,0.6029633333333333,0.024147507962060534
YOLOv4 default,1670,0.6158023333333333,0.018908752755741925
YOLOv4 default,1671,0.609007,0.02067975314971948
YOLOv4 default,1672,0.6274246666666666,0.025950839102254705
YOLOv4 default,1673,0.622429,0.020884449102941016
YOLOv4 default,1674,0.6087843333333333,0.022362516900186136
YOLOv4 default,1675,0.602919,0.01346419477726016
YOLOv4 default,1676,0.5961943333333334,0.006776157719861915
YOLOv4 default,1677,0.6091066666666667,0.0048936683354900415
YOLOv4 default,1678,0.605166,0.022922752547051006
YOLOv4 default,1679,0.6213193333333332,0.012538662878384517
YOLOv4 default,1680,0.6254756666666667,0.012559158442259471
YOLOv4 default,1681,0.609437,0.015567625134661155
YOLOv4 default,1682,0.6113240000000001,0.01894981031567336
YOLOv4 default,1683,0.5998069999999999,0.023821080852891623
YOLOv4 default,1684,0.597517,0.01800861383708734
YOLOv4 default,1685,0.591208,0.017916387284643467
YOLOv4 default,1686,0.5976833333333333,0.017566520261882004
YOLOv4 default,1687,0.5815953333333334,0.02573949556831119
YOLOv4 default,1688,0.5882216666666666,0.031408756111066284
YOLOv4 default,1689,0.5751306666666666,0.03479779690983002
YOLOv4 default,1690,0.5781263333333334,0.04272242729267356
YOLOv4 default,1691,0.5829303333333332,0.027403833553801254
YOLOv4 default,1692,0.5925486666666667,0.028512318252136407
YOLOv4 default,1693,0.58631,0.02863345475139175
YOLOv4 default,1694,0.5691116666666667,0.024460009255472034
YOLOv4 default,1695,0.5590516666666667,0.021679623092767206
YOLOv4 default,1696,0.5653133333333333,0.029266823477180508
YOLOv4 default,1697,0.5930193333333333,0.04271925086083685
YOLOv4 default,1698,0.5939693333333333,0.039750588714019215
YOLOv4 default,1699,0.5974413333333334,0.04113183939615528
YOLOv4 default,1700,0.5858279999999999,0.04116988594834823
YOLOv4 default,1701,0.5818720000000001,0.0473627493325011
YOLOv4 default,1702,0.5714253333333333,0.038781268392242045
YOLOv4 default,1703,0.5808853333333334,0.0473207348538789
YOLOv4 default,1704,0.5777163333333334,0.036119323518643644
YOLOv4 default,1705,0.5693616666666667,0.03452343084695444
YOLOv4 default,1706,0.5602866666666667,0.038682133112214884
YOLOv4 default,1707,0.5764026666666666,0.04915467563495641
YOLOv4 default,1708,0.5668723333333334,0.044653000557384484
YOLOv4 default,1709,0.5517536666666667,0.042332583204640124
YOLOv4 default,1710,0.5359780000000001,0.03168788712321055
YOLOv4 default,1711,0.5753763333333333,0.01702189778230122
YOLOv4 default,1712,0.5824953333333333,0.01589573326748758
YOLOv4 default,1713,0.593495,0.01245658215563162
YOLOv4 default,1714,0.5963483333333334,0.009837402711646567
YOLOv4 default,1715,0.6047669999999999,0.01326282358072116
YOLOv4 default,1716,0.5950129999999999,0.016208207457951682
YOLOv4 default,1717,0.5989616666666667,0.015925401264785918
YOLOv4 default,1718,0.6042476666666667,0.0073357032458456935
YOLOv4 default,1719,0.590264,0.01009893664369339
YOLOv4 default,1720,0.590964,0.006726374679820727
YOLOv4 default,1721,0.6087896666666667,0.017300604636190545
YOLOv4 default,1722,0.5957343333333333,0.006327056723135807
YOLOv4 default,1723,0.5788336666666667,0.015709468825449786
YOLOv4 default,1724,0.5690313333333333,0.015720511509207037
YOLOv4 default,1725,0.5592606666666667,0.018969754666603143
YOLOv4 default,1726,0.5733246666666666,0.010146137957097017
YOLOv4 default,1727,0.5677123333333333,0.0044425510814296056
YOLOv4 default,1728,0.5636856666666666,0.008069347522844987
YOLOv4 default,1729,0.5765656666666666,0.004401282628709246
YOLOv4 default,1730,0.5797276666666668,0.012746725361615212
YOLOv4 default,1731,0.5895183333333333,0.014309340566372902
YOLOv4 default,1732,0.5898323333333334,0.00556965116601669
YOLOv4 default,1733,0.5968613333333334,0.02318261460903646
YOLOv4 default,1734,0.6047463333333334,0.02777928269612287
YOLOv4 default,1735,0.5854026666666666,0.01910849908926509
YOLOv4 default,1736,0.5893983333333334,0.02591951430443436
YOLOv4 default,1737,0.59492,0.018530138396676915
YOLOv4 default,1738,0.6053116666666667,0.01726947303127047
YOLOv4 default,1739,0.6320286666666667,0.02019291874505627
YOLOv4 default,1740,0.6370696666666666,0.012832025747237961
YOLOv4 default,1741,0.6175700000000001,0.02129858305928667
YOLOv4 default,1742,0.622254,0.012243110157690052
YOLOv4 default,1743,0.6115353333333333,0.0032874606377026423
YOLOv4 default,1744,0.609338,0.01154275050987993
YOLOv4 default,1745,0.6102293333333334,0.031044988309083178
YOLOv4 default,1746,0.61415,0.03226645870456397
YOLOv4 default,1747,0.5991186666666667,0.029495986745845797
YOLOv4 default,1748,0.5794466666666668,0.029903039050311334
YOLOv4 default,1749,0.5734486666666667,0.01586259083854562
YOLOv4 default,1750,0.5598593333333334,0.006429087916994457
YOLOv4 default,1751,0.553932,0.009844094795019671
YOLOv4 default,1752,0.5455046666666666,0.01306712875033294
YOLOv4 default,1753,0.5479046666666666,0.014927761077193624
YOLOv4 default,1754,0.5326403333333333,0.017551109882600318
YOLOv4 default,1755,0.5368523333333334,0.03428528855225097
YOLOv4 default,1756,0.539359,0.05065204890558065
YOLOv4 default,1757,0.536501,0.05605406623371166
YOLOv4 default,1758,0.5538316666666666,0.061253905405651045
YOLOv4 default,1759,0.5580063333333333,0.061537600487651264
YOLOv4 default,1760,0.5581393333333333,0.06081327829055466
YOLOv4 default,1761,0.5592463333333333,0.06120099054844711
YOLOv4 default,1762,0.5517013333333334,0.05939410737981037
YOLOv4 default,1763,0.5507126666666666,0.05625671769466982
YOLOv4 default,1764,0.5528636666666668,0.060195185506077734
YOLOv4 default,1765,0.55814,0.06500440055103962
YOLOv4 default,1766,0.551002,0.04424367243271441
YOLOv4 default,1767,0.5557863333333334,0.04290472398362575
YOLOv4 default,1768,0.563343,0.04263075400459158
YOLOv4 default,1769,0.5649403333333334,0.03750032663117008
YOLOv4 default,1770,0.5601083333333333,0.03461036878033968
YOLOv4 default,1771,0.5691766666666668,0.0347714716845737
YOLOv4 default,1772,0.5640686666666667,0.03518514824152058
YOLOv4 default,1773,0.5739133333333334,0.02807441150664507
YOLOv4 default,1774,0.5617653333333333,0.01700504224569224
YOLOv4 default,1775,0.5695226666666666,0.01636776908371384
YOLOv4 default,1776,0.5671636666666667,0.00858191628432198
YOLOv4 default,1777,0.555443,0.02171019297472963
YOLOv4 default,1778,0.5482233333333334,0.010500096528656836
YOLOv4 default,1779,0.549054,0.02171879085032129
YOLOv4 default,1780,0.5449523333333334,0.02452660294682307
YOLOv4 default,1781,0.5673583333333333,0.03498269496638461
YOLOv4 default,1782,0.5776886666666666,0.019530016046531484
YOLOv4 default,1783,0.5717556666666667,0.01790827343560636
YOLOv4 default,1784,0.571094,0.010167629336936565
YOLOv4 default,1785,0.563917,0.008443431608850374
YOLOv4 default,1786,0.567616,0.0031809409509347135
YOLOv4 default,1787,0.5790036666666667,0.0055063028834640305
YOLOv4 default,1788,0.5878586666666666,0.015021478404086741
YOLOv4 default,1789,0.5953246666666666,0.007296100267342218
YOLOv4 default,1790,0.6006763333333334,0.02173684120208006
YOLOv4 default,1791,0.5887303333333334,0.02071761508421705
YOLOv4 default,1792,0.5859026666666667,0.02370574398982471
YOLOv4 default,1793,0.5712593333333332,0.024766342754723496
YOLOv4 default,1794,0.5630459999999999,0.02420143963348736
YOLOv4 default,1795,0.5547219999999999,0.024930159974082263
YOLOv4 default,1796,0.5401093333333332,0.0206629590115044
YOLOv4 default,1797,0.540929,0.027864122852394504
YOLOv4 default,1798,0.52029,0.027164372886804004
YOLOv4 default,1799,0.5267206666666667,0.028175240764030964
YOLOv4 default,1800,0.526164,0.020770644838328908
YOLOv4 default,1801,0.544218,0.017137071482607503
YOLOv4 default,1802,0.548267,0.02017507205274205
YOLOv4 default,1803,0.553264,0.006859394239532608
YOLOv4 default,1804,0.5603036666666666,0.006375856996862829
YOLOv4 default,1805,0.538872,0.005196829418020167
YOLOv4 default,1806,0.5288376666666667,0.0027463358214982626
YOLOv4 default,1807,0.5387166666666667,0.013544802943482705
YOLOv4 default,1808,0.5429096666666666,0.013011794973962813
YOLOv4 default,1809,0.538587,0.005749592710212904
YOLOv4 default,1810,0.5269513333333333,0.0031008822579675264
YOLOv4 default,1811,0.5307863333333334,0.004138070618590805
YOLOv4 default,1812,0.5327799999999999,0.005995489999435702
YOLOv4 default,1813,0.5390413333333334,0.014730217087485325
YOLOv4 default,1814,0.538971,0.017540289744851233
YOLOv4 default,1815,0.5422886666666668,0.016853568824172282
YOLOv4 default,1816,0.539899,0.02342601998490854
YOLOv4 default,1817,0.5550373333333334,0.03807775858395261
YOLOv4 default,1818,0.5561403333333333,0.04679911683758337
YOLOv4 default,1819,0.550623,0.04216394263269664
YOLOv4 default,1820,0.5408106666666667,0.051592796055048004
YOLOv4 default,1821,0.524845,0.040476698486083734
YOLOv4 default,1822,0.513096,0.04016866737894102
YOLOv4 default,1823,0.5007163333333334,0.0391038887850187
YOLOv4 default,1824,0.5042793333333334,0.03364457281808033
YOLOv4 default,1825,0.5046163333333333,0.03084418371067351
YOLOv4 default,1826,0.49550399999999994,0.030639040623579146
YOLOv4 default,1827,0.48875433333333335,0.026740080854610587
YOLOv4 default,1828,0.49579766666666664,0.02087387159691378
YOLOv4 default,1829,0.4842389999999999,0.018509915585977147
YOLOv4 default,1830,0.4759543333333333,0.007366769923861552
YOLOv4 default,1831,0.4896546666666666,0.011771049023392578
YOLOv4 default,1832,0.500162,0.01048638628571986
YOLOv4 default,1833,0.498585,0.01294315761319469
YOLOv4 default,1834,0.48976933333333333,0.013105051918164154
YOLOv4 default,1835,0.5098903333333333,0.01706718108274215
YOLOv4 default,1836,0.5017223333333334,0.01459992010632632
YOLOv4 default,1837,0.497508,0.011519297128442043
YOLOv4 default,1838,0.50349,0.018557589130415962
YOLOv4 default,1839,0.4913476666666667,0.014973924639556296
YOLOv4 default,1840,0.5056623333333333,0.0025465990610572557
YOLOv4 default,1841,0.5248193333333333,0.023752636291110452
YOLOv4 default,1842,0.5336599999999999,0.016707571138059922
YOLOv4 default,1843,0.5598656666666666,0.0130089395075506
YOLOv4 default,1844,0.5729403333333334,0.002002103921156712
YOLOv4 default,1845,0.579935,0.021508855687832413
YOLOv4 default,1846,0.5989463333333332,0.009353297570613503
YOLOv4 default,1847,0.581238,0.009300476994936
YOLOv4 default,1848,0.569647,0.005362990055308079
YOLOv4 default,1849,0.5746383333333334,0.008278993343262094
YOLOv4 default,1850,0.5677343333333332,0.007665830034060967
YOLOv4 default,1851,0.5585743333333334,0.013537959180680742
YOLOv4 default,1852,0.5750396666666667,0.02372113434846189
YOLOv4 default,1853,0.5671893333333333,0.023953161756041987
YOLOv4 default,1854,0.5739836666666666,0.01089255253729712
YOLOv4 default,1855,0.5567956666666666,0.01070338233664689
YOLOv4 default,1856,0.563152,0.0072319570656911485
YOLOv4 default,1857,0.5593803333333334,0.01839792937926561
YOLOv4 default,1858,0.5467333333333334,0.01966115061344183
YOLOv4 default,1859,0.5448096666666666,0.008500156867833522
YOLOv4 default,1860,0.5469326666666666,0.028795028299652307
YOLOv4 default,1861,0.5501756666666667,0.02311023777703536
YOLOv4 default,1862,0.5610423333333333,0.04089438105792913
YOLOv4 default,1863,0.5580666666666666,0.04048336239466501
YOLOv4 default,1864,0.5642306666666665,0.028301148070548506
YOLOv4 default,1865,0.5629403333333333,0.03868399867444475
YOLOv4 default,1866,0.5562096666666667,0.039042015173115466
YOLOv4 default,1867,0.5697013333333333,0.05060496425033593
YOLOv4 default,1868,0.5647730000000001,0.05061737069755138
YOLOv4 default,1869,0.5741283333333334,0.04638422085268988
YOLOv4 default,1870,0.5644066666666667,0.04858785445058376
YOLOv4 default,1871,0.5758826666666667,0.055079399192842014
YOLOv4 default,1872,0.5700846666666667,0.06347185409122516
YOLOv4 default,1873,0.5738156666666666,0.06102857741073256
YOLOv4 default,1874,0.5695216666666667,0.05191684921530239
YOLOv4 default,1875,0.572427,0.05873854404335654
YOLOv4 default,1876,0.5797556666666667,0.06322358527304331
YOLOv4 default,1877,0.5808173333333334,0.06859405617188058
YOLOv4 default,1878,0.5675386666666666,0.05456310861236231
YOLOv4 default,1879,0.5596323333333334,0.04365845428754641
YOLOv4 default,1880,0.5649133333333333,0.04008093797277924
YOLOv4 default,1881,0.5749193333333333,0.044203305420648244
YOLOv4 default,1882,0.5768783333333334,0.03322973434206846
YOLOv4 default,1883,0.5857006666666666,0.029104054707968847
YOLOv4 default,1884,0.5779153333333333,0.03416534321176618
YOLOv4 default,1885,0.569373,0.03011158525108458
YOLOv4 default,1886,0.56686,0.025272194700896092
YOLOv4 default,1887,0.5707026666666667,0.03383591093465309
YOLOv4 default,1888,0.568572,0.04035890898343678
YOLOv4 default,1889,0.5785336666666666,0.04255418187571126
YOLOv4 default,1890,0.5779679999999999,0.0390889922143477
YOLOv4 default,1891,0.5931316666666667,0.043514819239478
YOLOv4 default,1892,0.585194,0.03537184922128519
YOLOv4 default,1893,0.5796966666666666,0.024070033127891147
YOLOv4 default,1894,0.5736436666666668,0.02936731014996853
YOLOv4 default,1895,0.5641173333333334,0.02922039054229846
YOLOv4 default,1896,0.5573696666666668,0.029393804904737635
YOLOv4 default,1897,0.5605466666666666,0.021860836232353437
YOLOv4 default,1898,0.573668,0.0362368593607853
YOLOv4 default,1899,0.5727446666666667,0.030752311210342848
YOLOv4 default,1900,0.581472,0.023034117181549046
YOLOv4 default,1901,0.5772596666666667,0.02923519765815019
YOLOv4 default,1902,0.569925,0.024965168355130327
YOLOv4 default,1903,0.5695963333333333,0.025579823079485496
YOLOv4 default,1904,0.550192,0.01747734391529024
YOLOv4 default,1905,0.5470259999999999,0.022332793801940663
YOLOv4 default,1906,0.539921,0.033236970625093586
YOLOv4 default,1907,0.5376813333333333,0.03324288347066847
YOLOv4 default,1908,0.5365983333333334,0.03851159949215878
YOLOv4 default,1909,0.5265163333333334,0.040685639470347666
YOLOv4 default,1910,0.5300410000000001,0.03770336912001367
YOLOv4 default,1911,0.5280546666666667,0.04043138164566946
YOLOv4 default,1912,0.5472473333333333,0.05486586725926341
YOLOv4 default,1913,0.5463103333333333,0.039798498398529794
YOLOv4 default,1914,0.5366583333333333,0.03482592120979876
YOLOv4 default,1915,0.5260586666666667,0.03165493084462162
YOLOv4 default,1916,0.5269676666666667,0.028842506665991745
YOLOv4 default,1917,0.5281146666666667,0.023392771321737657
YOLOv4 default,1918,0.5446646666666667,0.01960740336652911
YOLOv4 default,1919,0.5549926666666666,0.019320413783813706
YOLOv4 default,1920,0.541179,0.01304968968979722
YOLOv4 default,1921,0.534814,0.01985049826410746
YOLOv4 default,1922,0.5270106666666666,0.014451874161428933
YOLOv4 default,1923,0.5263706666666668,0.0049223070584612895
YOLOv4 default,1924,0.5164586666666667,0.004385145924342501
YOLOv4 default,1925,0.5111986666666667,0.006855551140823354
YOLOv4 default,1926,0.49953033333333324,0.015405664297408408
YOLOv4 default,1927,0.49792133333333327,0.013452999074968776
YOLOv4 default,1928,0.5049456666666666,0.009627016192869809
YOLOv4 default,1929,0.5133373333333333,0.005775493985606574
YOLOv4 default,1930,0.5083553333333333,0.007885413397181178
YOLOv4 default,1931,0.4992776666666667,0.013819861315432131
YOLOv4 default,1932,0.5167813333333333,0.022525919576740418
YOLOv4 default,1933,0.5345566666666667,0.038691791732154826
YOLOv4 default,1934,0.5335196666666667,0.034527317688719736
YOLOv4 default,1935,0.5422863333333333,0.04096719025974052
YOLOv4 default,1936,0.5465053333333333,0.04909377420248363
YOLOv4 default,1937,0.5509206666666667,0.04999489799747349
YOLOv4 default,1938,0.555208,0.057384592174206474
YOLOv4 default,1939,0.5488213333333333,0.051901634018379196
YOLOv4 default,1940,0.5424663333333334,0.053340929701725735
YOLOv4 default,1941,0.563014,0.05417434810252297
YOLOv4 default,1942,0.5673183333333335,0.03181565917035893
YOLOv4 default,1943,0.5814353333333333,0.03260497600742017
YOLOv4 default,1944,0.5840086666666667,0.03125966165488324
YOLOv4 default,1945,0.5844469999999999,0.03044404837293053
YOLOv4 default,1946,0.593284,0.02612596744620188
YOLOv4 default,1947,0.5971656666666667,0.03218096750323776
YOLOv4 default,1948,0.603935,0.025861844797564877
YOLOv4 default,1949,0.6045246666666667,0.028987287888160757
YOLOv4 default,1950,0.6008223333333333,0.026718346582659487
YOLOv4 default,1951,0.594695,0.03565896407637214
YOLOv4 default,1952,0.589442,0.043033801857764474
YOLOv4 default,1953,0.5897,0.04504698437187554
YOLOv4 default,1954,0.6033923333333333,0.03824346594445183
YOLOv4 default,1955,0.5858083333333334,0.04037416672961948
YOLOv4 default,1956,0.5769703333333333,0.04489968961412145
YOLOv4 default,1957,0.5722833333333334,0.039477210026095375
YOLOv4 default,1958,0.5559243333333334,0.04016596052353009
YOLOv4 default,1959,0.5660816666666667,0.038514576501775394
YOLOv4 default,1960,0.5638516666666666,0.027461560658086723
YOLOv4 default,1961,0.5846863333333333,0.03268630677788142
YOLOv4 default,1962,0.5813203333333333,0.017667825411684893
YOLOv4 default,1963,0.5820483333333334,0.01696885001341511
YOLOv4 default,1964,0.5787589999999999,0.029779558800179285
YOLOv4 default,1965,0.5735086666666667,0.027072359362354168
YOLOv4 default,1966,0.5592656666666667,0.01878642527938131
YOLOv4 default,1967,0.5523913333333333,0.022894902535523287
YOLOv4 default,1968,0.5567106666666667,0.01574969506935858
YOLOv4 default,1969,0.5459626666666666,0.023702272024240887
YOLOv4 default,1970,0.5451396666666667,0.014187058543303164
YOLOv4 default,1971,0.550696,0.018469592632215794
YOLOv4 default,1972,0.548961,0.019280091882561155
YOLOv4 default,1973,0.5494640000000001,0.017649870745513507
YOLOv4 default,1974,0.5689553333333333,0.011675677201392254
YOLOv4 default,1975,0.5580156666666667,0.01592469319781214
YOLOv4 default,1976,0.5620583333333332,0.011422036454931218
YOLOv4 default,1977,0.5611883333333333,0.01764678414833076
YOLOv4 default,1978,0.559301,0.02133747947470211
YOLOv4 default,1979,0.555359,0.02331083298239971
YOLOv4 default,1980,0.5409426666666667,0.022239822079124453
YOLOv4 default,1981,0.5351339999999999,0.015340652007004123
YOLOv4 default,1982,0.5382443333333333,0.024385362667888388
YOLOv4 default,1983,0.5387153333333333,0.02683616653158777
YOLOv4 default,1984,0.5300950000000001,0.021748533260889116
YOLOv4 default,1985,0.5308323333333332,0.025804930312722105
YOLOv4 default,1986,0.5273673333333333,0.026174589518165224
YOLOv4 default,1987,0.5254563333333333,0.032093058254256644
YOLOv4 default,1988,0.5093246666666666,0.031392785340655024
YOLOv4 default,1989,0.49693699999999996,0.032301399417569106
YOLOv4 default,1990,0.4839276666666667,0.03688158017824677
YOLOv4 default,1991,0.4853563333333333,0.023685049365463517
YOLOv4 default,1992,0.48473266666666665,0.02413368024382337
YOLOv4 default,1993,0.4779093333333333,0.029784032961377892
YOLOv4 default,1994,0.4876403333333334,0.02572909608681278
YOLOv4 default,1995,0.48667733333333335,0.02572213563796322
YOLOv4 default,1996,0.47853233333333334,0.022633361219914105
YOLOv4 default,1997,0.48634299999999997,0.024190377570430754
YOLOv4 default,1998,0.4926093333333334,0.0344715480956558
YOLOv4 default,1999,0.49636299999999994,0.04456538361778121
YOLOv4 default,2000,0.5083743333333334,0.06064953830638595
YOLOv4 default,2001,0.5140410000000001,0.046296636404098895
YOLOv4 default,2002,0.5113486666666667,0.04647919714357285
YOLOv4 default,2003,0.5078836666666667,0.044894177682387494
YOLOv4 default,2004,0.5079063333333332,0.043256564204497076
YOLOv4 default,2005,0.5071313333333333,0.04155355969241518
YOLOv4 default,2006,0.49992566666666666,0.03565259086112974
YOLOv4 default,2007,0.4890333333333334,0.029550785405994064
YOLOv4 default,2008,0.48363566666666663,0.02809229722618718
YOLOv4 default,2009,0.4990536666666667,0.026425727730965375
YOLOv4 default,2010,0.49685033333333334,0.0235891482489536
YOLOv4 default,2011,0.493928,0.01789369244547737
YOLOv4 default,2012,0.5115759999999999,0.017022402337312233
YOLOv4 default,2013,0.5094666666666666,0.014869556733287107
YOLOv4 default,2014,0.5137443333333334,0.015119269959594983
YOLOv4 default,2015,0.523207,0.01373148779266107
YOLOv4 default,2016,0.5326743333333334,0.024361489858198554
YOLOv4 default,2017,0.5470806666666667,0.018081086705296328
YOLOv4 default,2018,0.5407016666666667,0.014753382903968548
YOLOv4 default,2019,0.537404,0.012566174278594104
YOLOv4 default,2020,0.5414966666666666,0.013445650106178503
YOLOv4 default,2021,0.5325456666666666,0.01448873559394025
YOLOv4 default,2022,0.5236963333333334,0.020289646138965674
YOLOv4 default,2023,0.5121436666666667,0.01742536150111225
YOLOv4 default,2024,0.5228813333333334,0.014235650755917166
YOLOv4 default,2025,0.516506,0.012508224187842714
YOLOv4 default,2026,0.5135409999999999,0.004117396790853817
YOLOv4 default,2027,0.5068856666666667,0.010170215997924746
YOLOv4 default,2028,0.5087136666666666,0.004030245746573997
YOLOv4 default,2029,0.49412933333333336,0.0042441995842692325
YOLOv4 default,2030,0.48269333333333336,0.006031424523093831
YOLOv4 default,2031,0.479641,0.007694502539692433
YOLOv4 default,2032,0.4859166666666667,0.016340464439883937
YOLOv4 default,2033,0.4788783333333333,0.015035462461941266
YOLOv4 default,2034,0.47982199999999997,0.015821191305756137
YOLOv4 default,2035,0.48909933333333333,0.013089595108753784
YOLOv4 default,2036,0.4967046666666666,0.013923206052406805
YOLOv4 default,2037,0.5094733333333333,0.0135092004369039
YOLOv4 default,2038,0.5157916666666666,0.027467832461100954
YOLOv4 default,2039,0.5211703333333334,0.01823434967612256
YOLOv4 default,2040,0.5111056666666667,0.01827322413928217
YOLOv4 default,2041,0.5393593333333334,0.02146746648872301
YOLOv4 default,2042,0.5589689999999999,0.0081823720480881
YOLOv4 default,2043,0.546425,0.00461797318456196
YOLOv4 default,2044,0.54468,0.02021120760865119
YOLOv4 default,2045,0.548469,0.02817931841498891
YOLOv4 default,2046,0.534401,0.024989357121249275
YOLOv4 default,2047,0.5328733333333333,0.03044389564610797
YOLOv4 default,2048,0.553115,0.0415023440944404
YOLOv4 default,2049,0.5580793333333333,0.04830462012524728
YOLOv4 default,2050,0.5524833333333333,0.04814563913908625
YOLOv4 default,2051,0.5568556666666666,0.044363642517769496
YOLOv4 default,2052,0.5590176666666666,0.05081353479908456
YOLOv4 default,2053,0.5664129999999999,0.042674521051793875
YOLOv4 default,2054,0.5569783333333332,0.044579469423840265
YOLOv4 default,2055,0.57546,0.03914185479764597
YOLOv4 default,2056,0.5703493333333333,0.04103329018546339
YOLOv4 default,2057,0.5779549999999999,0.0369233030664015
YOLOv4 default,2058,0.570186,0.02614530065486594
YOLOv4 default,2059,0.573379,0.020051484541882027
YOLOv4 default,2060,0.5636846666666667,0.02287992454338762
YOLOv4 default,2061,0.5621893333333333,0.02248194502508871
YOLOv4 default,2062,0.5564726666666667,0.03110128749925173
YOLOv4 default,2063,0.550017,0.03177435107651031
YOLOv4 default,2064,0.5488780000000001,0.027620767084448137
YOLOv4 default,2065,0.5348336666666667,0.015370509971298185
YOLOv4 default,2066,0.545025,0.022430717353664816
YOLOv4 default,2067,0.54,0.019351531748158863
YOLOv4 default,2068,0.5463976666666667,0.018727113733241922
YOLOv4 default,2069,0.5485749999999999,0.017806348652470366
YOLOv4 default,2070,0.5328643333333334,0.02054394863322151
YOLOv4 default,2071,0.5388603333333334,0.016752578730186943
YOLOv4 default,2072,0.547537,0.01587424569336552
YOLOv4 default,2073,0.5478226666666667,0.027728026166878736
YOLOv4 default,2074,0.557028,0.043427476812881186
YOLOv4 default,2075,0.5759216666666668,0.0494190260605951
YOLOv4 default,2076,0.5680459999999999,0.047656192997342944
YOLOv4 default,2077,0.5650843333333333,0.05123840009970821
YOLOv4 default,2078,0.5657519999999999,0.05715878558308716
YOLOv4 default,2079,0.572548,0.04237712438332739
YOLOv4 default,2080,0.5546176666666667,0.042212531351615394
YOLOv4 default,2081,0.5444736666666666,0.04689754820291191
YOLOv4 default,2082,0.5679630000000001,0.051653170928801645
YOLOv4 default,2083,0.558898,0.041496008390366095
YOLOv4 default,2084,0.5424730000000001,0.0514380400190365
YOLOv4 default,2085,0.5354226666666667,0.05055846665770014
YOLOv4 default,2086,0.550909,0.05347217353290713
YOLOv4 default,2087,0.5492306666666668,0.0500936933400248
YOLOv4 default,2088,0.564493,0.03941371967982724
YOLOv4 default,2089,0.5669253333333334,0.03257804410096536
YOLOv4 default,2090,0.5537763333333333,0.03057761657014998
YOLOv4 default,2091,0.545633,0.021994496561640122
YOLOv4 default,2092,0.5366486666666667,0.02474557667094825
YOLOv4 default,2093,0.5250753333333332,0.02385391041550862
YOLOv4 default,2094,0.5175666666666666,0.03073235634925799
YOLOv4 default,2095,0.505778,0.017753554939785997
YOLOv4 default,2096,0.501972,0.022511765953237305
YOLOv4 default,2097,0.506458,0.024580083428119882
YOLOv4 default,2098,0.506441,0.013995121197522123
YOLOv4 default,2099,0.5064150000000001,0.018888770817604834
YOLOv4 default,2100,0.515244,0.009060750318452304
YOLOv4 default,2101,0.5143633333333334,0.010795538111234255
YOLOv4 default,2102,0.5177586666666667,0.024440714380812294
YOLOv4 default,2103,0.5255026666666667,0.02802845595897934
YOLOv4 default,2104,0.5195263333333333,0.03500338334758196
YOLOv4 default,2105,0.5205463333333333,0.026968427820529526
YOLOv4 default,2106,0.5104799999999999,0.024554864412847672
YOLOv4 default,2107,0.5203209999999999,0.024071284531574123
YOLOv4 default,2108,0.524698,0.015395039071077397
YOLOv4 default,2109,0.520576,0.027667510422876854
YOLOv4 default,2110,0.5077566666666667,0.02016811220989984
YOLOv4 default,2111,0.516451,0.015620233043502702
YOLOv4 default,2112,0.5111906666666667,0.019351999184695216
YOLOv4 default,2113,0.5046646666666667,0.019831040066297868
YOLOv4 default,2114,0.4958903333333333,0.018470184084386138
YOLOv4 default,2115,0.5004113333333333,0.021213211059253747
YOLOv4 default,2116,0.4962583333333333,0.01914189507627473
YOLOv4 default,2117,0.486491,0.011671762263400212
YOLOv4 default,2118,0.4864563333333334,0.00954758877646312
YOLOv4 default,2119,0.485709,0.013641322406570419
YOLOv4 default,2120,0.48485700000000004,0.007605565221160972
YOLOv4 default,2121,0.49244533333333335,0.00874474330351922
YOLOv4 default,2122,0.49779100000000004,0.005168988521300219
YOLOv4 default,2123,0.5061496666666666,0.0034339933184430057
YOLOv4 default,2124,0.5108926666666667,0.012739513129542196
YOLOv4 default,2125,0.5277836666666667,0.01165807912041163
YOLOv4 default,2126,0.5314450000000001,0.0048457910602914085
YOLOv4 default,2127,0.5495386666666667,0.013217307155561001
YOLOv4 default,2128,0.5224546666666666,0.00732852578020377
YOLOv4 default,2129,0.5172346666666666,0.010963864925796506
YOLOv4 default,2130,0.5269193333333333,0.017821799407217863
YOLOv4 default,2131,0.5122866666666667,0.012901240371030666
YOLOv4 default,2132,0.5081686666666667,0.010538206082841804
YOLOv4 default,2133,0.5149310000000001,0.0026954908643881687
YOLOv4 default,2134,0.5224270000000001,0.007291519548992082
YOLOv4 default,2135,0.5191466666666666,0.010603080406707804
YOLOv4 default,2136,0.510514,0.003123144729275274
YOLOv4 default,2137,0.5197613333333334,0.01019316686696426
YOLOv4 default,2138,0.525362,0.015603520254523745
YOLOv4 default,2139,0.5336036666666666,0.028426327259152635
YOLOv4 default,2140,0.5508636666666668,0.03208328192030513
YOLOv4 default,2141,0.547236,0.03450845880843322
YOLOv4 default,2142,0.556349,0.0329005386328755
YOLOv4 default,2143,0.557567,0.027747385630601917
YOLOv4 default,2144,0.5452106666666666,0.020101814257535187
YOLOv4 default,2145,0.5358016666666666,0.023775463993602964
YOLOv4 default,2146,0.5363853333333334,0.013404160216556327
YOLOv4 default,2147,0.529857,0.02297769889117128
YOLOv4 default,2148,0.5149083333333333,0.022911832985987337
YOLOv4 default,2149,0.5114533333333333,0.01776035901789276
YOLOv4 default,2150,0.5235650000000001,0.012858619884471798
YOLOv4 default,2151,0.5185313333333332,0.017087873910401417
YOLOv4 default,2152,0.5225413333333333,0.01449385693243099
YOLOv4 default,2153,0.5291996666666666,0.028024278607030096
YOLOv4 default,2154,0.5449113333333333,0.010396715159660345
YOLOv4 default,2155,0.542802,0.00803106931443962
YOLOv4 default,2156,0.5355343333333334,0.011465114061554052
YOLOv4 default,2157,0.5275343333333333,0.015492020368922547
YOLOv4 default,2158,0.5165853333333333,0.009498609237380204
YOLOv4 default,2159,0.514771,0.009493707723188714
YOLOv4 default,2160,0.519593,0.018159295911460892
YOLOv4 default,2161,0.5150333333333333,0.01636779311466408
YOLOv4 default,2162,0.5089356666666666,0.01653783938259301
YOLOv4 default,2163,0.4964823333333333,0.011748324452637666
YOLOv4 default,2164,0.4961883333333333,0.009048247755474222
YOLOv4 default,2165,0.49688233333333337,0.0017349415295943352
YOLOv4 default,2166,0.496493,0.007264003303964018
YOLOv4 default,2167,0.49761799999999995,0.018179633357138972
YOLOv4 default,2168,0.505221,0.013253794965971068
YOLOv4 default,2169,0.5003873333333333,0.014202909917024456
YOLOv4 default,2170,0.4986176666666666,0.007561499020990781
YOLOv4 default,2171,0.5066726666666667,0.015557838510253
YOLOv4 default,2172,0.5008686666666667,0.020289991016371717
YOLOv4 default,2173,0.5129036666666668,0.014232253233803548
YOLOv4 default,2174,0.52605,0.009110384569270396
YOLOv4 default,2175,0.5220563333333333,0.014582770476757078
YOLOv4 default,2176,0.5152626666666666,0.01303661513243031
YOLOv4 default,2177,0.5061643333333333,0.005335725515595601
YOLOv4 default,2178,0.4928523333333333,0.011953270812255156
YOLOv4 default,2179,0.49567500000000003,0.01416796410921485
YOLOv4 default,2180,0.497335,0.021298384500551534
YOLOv4 default,2181,0.504887,0.01843686624673509
YOLOv4 default,2182,0.4915336666666667,0.014778089596125445
YOLOv4 default,2183,0.48641466666666666,0.008832118966841681
YOLOv4 default,2184,0.49873666666666666,0.01983250921537105
YOLOv4 default,2185,0.5133336666666667,0.016514062152534672
YOLOv4 default,2186,0.5135519999999999,0.020510858010657017
YOLOv4 default,2187,0.5238593333333333,0.022071179528466028
YOLOv4 default,2188,0.5415636666666667,0.03507257390675007
YOLOv4 default,2189,0.5506256666666666,0.04126358723432129
YOLOv4 default,2190,0.5398593333333334,0.035885001771089726
YOLOv4 default,2191,0.5312443333333333,0.03867736953022759
YOLOv4 default,2192,0.5240256666666666,0.04006063555134612
YOLOv4 default,2193,0.5287756666666666,0.03747376680796552
YOLOv4 default,2194,0.5106606666666667,0.0375685539617614
YOLOv4 default,2195,0.490605,0.031973464847171854
YOLOv4 default,2196,0.49535,0.016599214870991138
YOLOv4 default,2197,0.483181,0.016518929545625338
YOLOv4 default,2198,0.475567,0.01328942652386977
YOLOv4 default,2199,0.48763433333333334,0.017145443324037384
YOLOv4 default,2200,0.49140233333333333,0.018941656583074028
YOLOv4 default,2201,0.48809600000000003,0.01767714798829267
YOLOv4 default,2202,0.4834096666666667,0.024348644399865702
YOLOv4 default,2203,0.4794306666666667,0.019009572196951482
YOLOv4 default,2204,0.480572,0.022166181591183755
YOLOv4 default,2205,0.4811186666666667,0.018436554905344377
YOLOv4 default,2206,0.4814399999999999,0.011035098383491338
YOLOv4 default,2207,0.5017456666666666,0.01046489057648372
YOLOv4 default,2208,0.5017973333333333,0.018241923786828096
YOLOv4 default,2209,0.5014810000000001,0.023692786187642312
YOLOv4 default,2210,0.4973703333333333,0.020143300104777058
YOLOv4 default,2211,0.47908633333333334,0.018597179269388617
YOLOv4 default,2212,0.489111,0.023573970101222506
YOLOv4 default,2213,0.49270166666666676,0.018786646767791678
YOLOv4 default,2214,0.488744,0.010811117348976154
YOLOv4 default,2215,0.48794999999999994,0.006578303048659283
YOLOv4 default,2216,0.48894,0.008487014021432975
YOLOv4 default,2217,0.47960166666666665,0.010027882550391403
YOLOv4 default,2218,0.480836,0.014059022832330837
YOLOv4 default,2219,0.46919200000000005,0.019055598241286817
YOLOv4 default,2220,0.48580733333333326,0.017803679136003815
YOLOv4 default,2221,0.5075803333333333,0.018555378172139498
YOLOv4 default,2222,0.5074793333333333,0.004363220612244026
YOLOv4 default,2223,0.5127766666666667,0.0056195860266669995
YOLOv4 default,2224,0.5080143333333332,0.014013103467033198
YOLOv4 default,2225,0.5051366666666667,0.0013239365963334875
YOLOv4 default,2226,0.49112,0.0035198219178437565
YOLOv4 default,2227,0.48701799999999995,0.009172541577992436
YOLOv4 default,2228,0.4956046666666667,0.0036027902304248205
YOLOv4 default,2229,0.4848353333333333,0.004663678424210271
YOLOv4 default,2230,0.48444033333333336,0.019926816180993668
YOLOv4 default,2231,0.4877443333333333,0.02124272302329539
YOLOv4 default,2232,0.5055026666666667,0.023779568206994655
YOLOv4 default,2233,0.5137636666666666,0.026322798941433096
YOLOv4 default,2234,0.525436,0.027467817392966144
YOLOv4 default,2235,0.5359903333333333,0.014826719319450874
YOLOv4 default,2236,0.553515,0.014795377217225654
YOLOv4 default,2237,0.5504273333333334,0.03780908711907467
YOLOv4 default,2238,0.5627516666666667,0.036417932315153646
YOLOv4 default,2239,0.5645883333333334,0.028758628991042742
YOLOv4 default,2240,0.5642326666666666,0.032678714485800155
YOLOv4 default,2241,0.5659663333333333,0.027375329430793044
YOLOv4 default,2242,0.5472853333333333,0.015833609583554988
YOLOv4 default,2243,0.5293026666666667,0.01997670023913972
YOLOv4 default,2244,0.5338803333333333,0.018798386759979628
YOLOv4 default,2245,0.545324,0.031297763647476995
YOLOv4 default,2246,0.5508033333333333,0.02865192087995345
YOLOv4 default,2247,0.5381866666666667,0.027944944875793038
YOLOv4 default,2248,0.529938,0.025754490404587705
YOLOv4 default,2249,0.5225286666666666,0.015841074798692727
YOLOv4 default,2250,0.5132476666666667,0.01724017020733198
YOLOv4 default,2251,0.5162203333333334,0.02094772172443688
YOLOv4 default,2252,0.5047446666666667,0.017949523506519904
YOLOv4 default,2253,0.4980719999999999,0.01992243639718797
YOLOv4 default,2254,0.4988683333333334,0.01989566855149912
YOLOv4 default,2255,0.49882133333333334,0.017712955798259974
YOLOv4 default,2256,0.49832366666666666,0.019852852274785202
YOLOv4 default,2257,0.48163700000000004,0.017098396620736117
YOLOv4 default,2258,0.48208066666666666,0.014319620389909493
YOLOv4 default,2259,0.4840596666666667,0.02466082529257914
YOLOv4 default,2260,0.48682500000000006,0.021038128053607812
YOLOv4 default,2261,0.49947633333333336,0.010342320924778495
YOLOv4 default,2262,0.4948843333333333,0.008931724307831675
YOLOv4 default,2263,0.5012073333333333,0.005036141722037245
YOLOv4 default,2264,0.49242500000000006,0.00896440076078708
YOLOv4 default,2265,0.4938953333333333,0.009402801467884163
YOLOv4 default,2266,0.5030453333333333,0.017174021508597762
YOLOv4 default,2267,0.506379,0.022842014775408946
YOLOv4 default,2268,0.5118493333333334,0.021399377781712373
YOLOv4 default,2269,0.506002,0.029576404198842946
YOLOv4 default,2270,0.5059186666666666,0.03491608091951011
YOLOv4 default,2271,0.5124946666666667,0.03116526657104739
YOLOv4 default,2272,0.5040903333333334,0.02399101176366775
YOLOv4 default,2273,0.5062553333333334,0.02039279482507922
YOLOv4 default,2274,0.500703,0.013090357176181235
YOLOv4 default,2275,0.4899200000000001,0.016639132829968425
YOLOv4 default,2276,0.4807523333333333,0.015034986158217023
YOLOv4 default,2277,0.4829306666666667,0.009933955646054496
YOLOv4 default,2278,0.48373266666666664,0.009904971585578178
YOLOv4 default,2279,0.47131733333333337,0.011508015646109943
YOLOv4 default,2280,0.45554500000000003,0.013219179336605333
YOLOv4 default,2281,0.46951066666666663,0.006088107104109711
YOLOv4 default,2282,0.47658966666666663,0.00218657436288923
YOLOv4 default,2283,0.47293333333333337,0.004681490372852565
YOLOv4 default,2284,0.487473,0.0052120385007531755
YOLOv4 default,2285,0.5034093333333334,0.006224873126774917
YOLOv4 default,2286,0.49820333333333333,0.007802802260157009
YOLOv4 default,2287,0.4951676666666667,0.005312401915434406
YOLOv4 default,2288,0.5048273333333334,0.001139404279047191
YOLOv4 default,2289,0.4893176666666667,0.014142878848067347
YOLOv4 default,2290,0.4783243333333333,0.017187163895703607
YOLOv4 default,2291,0.4761026666666666,0.017499827583277613
YOLOv4 default,2292,0.47144433333333335,0.016240783122880638
YOLOv4 default,2293,0.4729493333333334,0.019283101041527993
YOLOv4 default,2294,0.456872,0.029185253622334692
YOLOv4 default,2295,0.45995,0.031936186043421015
YOLOv4 default,2296,0.46404833333333334,0.03751037561943509
YOLOv4 default,2297,0.4619356666666667,0.045645406575519125
YOLOv4 default,2298,0.47444766666666666,0.04029715011152912
YOLOv4 default,2299,0.45286200000000004,0.034586028397798646
YOLOv4 default,2300,0.45962666666666663,0.04504809596543579
YOLOv4 default,2301,0.469898,0.044977580441074555
YOLOv4 default,2302,0.4643676666666667,0.043008450864658876
YOLOv4 default,2303,0.48488099999999995,0.04237448089357556
YOLOv4 default,2304,0.49069199999999996,0.04056610853080851
YOLOv4 default,2305,0.47982499999999995,0.03950789109785536
YOLOv4 default,2306,0.46981566666666663,0.03634510248682452
YOLOv4 default,2307,0.47023466666666663,0.04357183370149932
YOLOv4 default,2308,0.4778793333333333,0.03143786054178057
YOLOv4 default,2309,0.48063933333333336,0.02903203119735931
YOLOv4 default,2310,0.48704366666666665,0.035102364632283375
YOLOv4 default,2311,0.479702,0.030466385744510847
YOLOv4 default,2312,0.47709533333333326,0.028387151062486772
YOLOv4 default,2313,0.47382066666666667,0.02269975994244091
YOLOv4 default,2314,0.45967833333333336,0.020083678450699985
YOLOv4 default,2315,0.45513966666666666,0.023928488281637104
YOLOv4 default,2316,0.4529813333333334,0.019954632881725592
YOLOv4 default,2317,0.45429633333333336,0.03342876526951667
YOLOv4 default,2318,0.45828533333333327,0.03154646509691871
YOLOv4 default,2319,0.45143633333333333,0.03490302644629991
YOLOv4 default,2320,0.4598166666666666,0.03973739839803865
YOLOv4 default,2321,0.47090433333333337,0.03248548158964417
YOLOv4 default,2322,0.47994699999999996,0.03333489338516024
YOLOv4 default,2323,0.49220766666666665,0.02971690675543319
YOLOv4 default,2324,0.5084646666666667,0.026279883747417507
YOLOv4 default,2325,0.5090196666666668,0.03821245479915909
YOLOv4 default,2326,0.518676,0.04924830600470777
YOLOv4 default,2327,0.529156,0.05128151652723748
YOLOv4 default,2328,0.5246066666666667,0.04817858280859292
YOLOv4 default,2329,0.5200796666666667,0.04591037752089513
YOLOv4 default,2330,0.506075,0.03670770447739822
YOLOv4 default,2331,0.5196580000000001,0.034893972263606424
YOLOv4 default,2332,0.530261,0.03526570209140887
YOLOv4 default,2333,0.5265246666666666,0.04102916718763752
YOLOv4 default,2334,0.5369560000000001,0.043083539768686605
YOLOv4 default,2335,0.5254053333333334,0.044984162228993936
YOLOv4 default,2336,0.5320973333333333,0.0397188390663395
YOLOv4 default,2337,0.540606,0.04366989979379391
YOLOv4 default,2338,0.5404619999999999,0.043433968642066306
YOLOv4 default,2339,0.5411396666666667,0.045019868222572326
YOLOv4 default,2340,0.5363503333333334,0.047871289914844704
YOLOv4 default,2341,0.538909,0.044247185130808026
YOLOv4 default,2342,0.5434410000000001,0.04352709433598036
YOLOv4 default,2343,0.5365013333333333,0.048691029921103315
YOLOv4 default,2344,0.5403563333333333,0.053448720659255364
YOLOv4 default,2345,0.5554936666666667,0.04601607696350387
YOLOv4 default,2346,0.5508283333333334,0.03890631162306586
YOLOv4 default,2347,0.5507886666666667,0.03317841676116836
YOLOv4 default,2348,0.5455326666666667,0.03490383455693339
YOLOv4 default,2349,0.5535960000000001,0.036644727729010805
YOLOv4 default,2350,0.5627373333333333,0.03960764884183075
YOLOv4 default,2351,0.559703,0.051442685780714585
YOLOv4 default,2352,0.555872,0.044311194266610926
YOLOv4 default,2353,0.5490126666666667,0.031241950309017386
YOLOv4 default,2354,0.5607233333333334,0.03496344182301152
YOLOv4 default,2355,0.5503836666666667,0.04037447824361876
YOLOv4 default,2356,0.5474046666666667,0.043232379186335684
YOLOv4 default,2357,0.541785,0.042050224973635184
YOLOv4 default,2358,0.5324949999999999,0.04240122792247099
YOLOv4 default,2359,0.526455,0.04997558370177717
YOLOv4 default,2360,0.5326383333333333,0.04610626549733898
YOLOv4 default,2361,0.5293703333333334,0.040347320465896834
YOLOv4 default,2362,0.5407799999999999,0.03489939753061649
YOLOv4 default,2363,0.5455956666666667,0.030657919946474578
YOLOv4 default,2364,0.5557703333333334,0.02360274013988866
YOLOv4 default,2365,0.5557256666666667,0.018130263615782825
YOLOv4 default,2366,0.5500269999999999,0.014607603853244824
YOLOv4 default,2367,0.5408323333333334,0.010826953870369591
YOLOv4 default,2368,0.529205,0.008365649665945484
YOLOv4 default,2369,0.5153836666666667,0.00961619322347005
YOLOv4 default,2370,0.5117539999999999,0.021664253252766427
YOLOv4 default,2371,0.49095633333333333,0.020919885709800422
YOLOv4 default,2372,0.476794,0.020517950734255455
YOLOv4 default,2373,0.4825836666666667,0.011595047683290383
YOLOv4 default,2374,0.488061,0.012612024434377445
YOLOv4 default,2375,0.494582,0.020673621485683958
YOLOv4 default,2376,0.4954503333333333,0.024612049219392085
YOLOv4 default,2377,0.49809366666666666,0.030679535222106025
YOLOv4 default,2378,0.49643599999999993,0.035958306722276734
YOLOv4 default,2379,0.5077576666666667,0.026794809872643467
YOLOv4 default,2380,0.513483,0.03253592292118565
YOLOv4 default,2381,0.516631,0.03430956929682058
YOLOv4 default,2382,0.5022716666666667,0.029748446504724326
YOLOv4 default,2383,0.488285,0.038592264591927404
YOLOv4 default,2384,0.4943703333333333,0.035291405773140334
YOLOv4 default,2385,0.49810399999999994,0.03559824819191717
YOLOv4 default,2386,0.49082133333333333,0.0346756323678619
YOLOv4 default,2387,0.5050629999999999,0.038275345184596334
YOLOv4 default,2388,0.498573,0.0413445355075291
YOLOv4 default,2389,0.509615,0.04393747672924942
YOLOv4 default,2390,0.49881233333333336,0.050638924963356445
YOLOv4 default,2391,0.502347,0.048614543064121614
YOLOv4 default,2392,0.494655,0.03966189617672525
YOLOv4 default,2393,0.49715133333333333,0.04093995154016565
YOLOv4 default,2394,0.4837093333333333,0.02994614702168619
YOLOv4 default,2395,0.465968,0.022805944057050866
YOLOv4 default,2396,0.4522706666666667,0.02701938594375856
YOLOv4 default,2397,0.45143400000000006,0.023462569317958343
YOLOv4 default,2398,0.4405113333333333,0.023167726692774823
YOLOv4 default,2399,0.44639199999999996,0.025239912645120894
YOLOv4 default,2400,0.4501386666666667,0.024203831627336282
YOLOv4 default,2401,0.4512826666666667,0.029069174993070886
YOLOv4 default,2402,0.459195,0.021434110766097417
YOLOv4 default,2403,0.45700266666666667,0.009093844114442341
YOLOv4 default,2404,0.4534953333333333,0.008858236869967106
YOLOv4 default,2405,0.460145,0.01557181416320312
YOLOv4 default,2406,0.45789066666666667,0.027728041885026394
YOLOv4 default,2407,0.44394700000000004,0.02640582453424496
YOLOv4 default,2408,0.4468433333333333,0.016063420405103994
YOLOv4 default,2409,0.438112,0.010438624254820816
YOLOv4 default,2410,0.445773,0.00842664027553885
YOLOv4 default,2411,0.4482003333333333,0.011187676022203084
YOLOv4 default,2412,0.4522886666666667,0.004021136005879145
YOLOv4 default,2413,0.45317500000000005,0.009029838259902561
YOLOv4 default,2414,0.44451633333333335,0.014829225202656785
YOLOv4 default,2415,0.4545683333333333,0.013307415555913847
YOLOv4 default,2416,0.46471066666666666,0.008027754695084073
YOLOv4 default,2417,0.46259733333333336,0.014515391788642073
YOLOv4 default,2418,0.4731746666666667,0.01988182354424374
YOLOv4 default,2419,0.46994766666666665,0.02100274317268527
YOLOv4 default,2420,0.4654886666666666,0.019391782678352298
YOLOv4 default,2421,0.4612823333333333,0.014268684047397099
YOLOv4 default,2422,0.4716183333333333,0.028388901201780344
YOLOv4 default,2423,0.4571073333333333,0.02947648441460489
YOLOv4 default,2424,0.44891466666666674,0.027846251814402444
YOLOv4 default,2425,0.45059266666666664,0.024453984135741784
YOLOv4 default,2426,0.45156366666666664,0.021502829676838146
YOLOv4 default,2427,0.45167133333333337,0.012654131292893151
YOLOv4 default,2428,0.4480036666666667,0.006173998551272187
YOLOv4 default,2429,0.44934266666666667,0.002646378930622844
YOLOv4 default,2430,0.45060866666666666,0.013852173371392353
YOLOv4 default,2431,0.45743533333333336,0.014892436473294463
YOLOv4 default,2432,0.44840199999999997,0.0076871698519893105
YOLOv4 default,2433,0.44787033333333337,0.009696115619726853
YOLOv4 default,2434,0.443019,0.013211701871194859
YOLOv4 default,2435,0.45104700000000003,0.01524655601548538
YOLOv4 default,2436,0.451527,0.014984443032692269
YOLOv4 default,2437,0.44706599999999996,0.013536687076238408
YOLOv4 default,2438,0.44273066666666666,0.015105996936463483
YOLOv4 default,2439,0.450493,0.018253114884862802
YOLOv4 default,2440,0.443683,0.01620442508493693
YOLOv4 default,2441,0.4472693333333333,0.022831777944590983
YOLOv4 default,2442,0.45610733333333336,0.015331768340424547
YOLOv4 default,2443,0.4687573333333333,0.02190371642996788
YOLOv4 default,2444,0.4713070000000001,0.028058270390979814
YOLOv4 default,2445,0.48739666666666664,0.036941259179645976
YOLOv4 default,2446,0.49351066666666665,0.035075474833247494
YOLOv4 default,2447,0.5084106666666667,0.028932699495745486
YOLOv4 default,2448,0.5089786666666667,0.021864733174172923
YOLOv4 default,2449,0.5102073333333333,0.01955573026279283
YOLOv4 default,2450,0.49916866666666665,0.024727967542395767
YOLOv4 default,2451,0.4897843333333333,0.02406478593528541
YOLOv4 default,2452,0.494529,0.01896605057288768
YOLOv4 default,2453,0.47962866666666665,0.027882953073717118
YOLOv4 default,2454,0.46892466666666666,0.03399503034922081
YOLOv4 default,2455,0.48972333333333334,0.034251988420787756
YOLOv4 default,2456,0.49432533333333334,0.028296538718444772
YOLOv4 default,2457,0.49111666666666665,0.025677807930411637
YOLOv4 default,2458,0.48604099999999995,0.025801290323031002
YOLOv4 default,2459,0.485101,0.03359385450247314
YOLOv4 default,2460,0.49624633333333334,0.03339630599000103
YOLOv4 default,2461,0.49035066666666666,0.03874445200857076
YOLOv4 default,2462,0.477855,0.03594817308292594
YOLOv4 default,2463,0.4710476666666667,0.037837898172481954
YOLOv4 default,2464,0.46055766666666664,0.01954044926414038
YOLOv4 default,2465,0.4521556666666666,0.017122324027745512
YOLOv4 default,2466,0.44478799999999996,0.020633634653157942
YOLOv4 default,2467,0.4419603333333333,0.016944611083697908
YOLOv4 default,2468,0.43123500000000003,0.02175644624013766
YOLOv4 default,2469,0.4312573333333333,0.01689699932269369
YOLOv4 default,2470,0.44927199999999995,0.023188398097611952
YOLOv4 default,2471,0.4375116666666667,0.010907173088283593
YOLOv4 default,2472,0.4232323333333334,0.01660515491580184
YOLOv4 default,2473,0.4238413333333333,0.01716089828974903
YOLOv4 default,2474,0.41836133333333336,0.01079105075719897
YOLOv4 default,2475,0.40349133333333337,0.02241469964356228
YOLOv4 default,2476,0.395125,0.015843942975156153
YOLOv4 default,2477,0.40645000000000003,0.011430240344513034
YOLOv4 default,2478,0.3998333333333333,0.00919231435010309
YOLOv4 default,2479,0.401279,0.012314725589039061
YOLOv4 default,2480,0.4005073333333333,0.013985050832148514
YOLOv4 default,2481,0.4073596666666666,0.016376633825192662
YOLOv4 default,2482,0.42342133333333326,0.013278050614119187
YOLOv4 default,2483,0.4266573333333333,0.023513098380359077
YOLOv4 default,2484,0.432602,0.022655488429958872
YOLOv4 default,2485,0.4297413333333333,0.022356051055089705
YOLOv4 default,2486,0.4251473333333333,0.01978939568163831
YOLOv4 default,2487,0.43376466666666663,0.02665689485751191
YOLOv4 default,2488,0.442532,0.03247272677699447
YOLOv4 default,2489,0.45195533333333343,0.02709842185646816
YOLOv4 default,2490,0.44464433333333336,0.029508179997718893
YOLOv4 default,2491,0.460732,0.02381336843735746
YOLOv4 default,2492,0.45840499999999995,0.024307007466983662
YOLOv4 default,2493,0.4540706666666667,0.012659971752645346
YOLOv4 default,2494,0.46291599999999994,0.0021427907037319307
YOLOv4 default,2495,0.47492599999999996,0.015498203003359239
YOLOv4 default,2496,0.48208366666666674,0.014477568676327454
YOLOv4 default,2497,0.47866233333333336,0.017315567420997546
YOLOv4 default,2498,0.4762036666666667,0.018455529526705854
YOLOv4 default,2499,0.4823136666666667,0.027436592963493912
YOLOv4 default,2500,0.4881243333333334,0.034695115070824865
YOLOv4 default,2501,0.4990426666666667,0.0456218507601103
YOLOv4 default,2502,0.5182513333333333,0.05424947816134067
YOLOv4 default,2503,0.5115689999999999,0.0562557108775041
YOLOv4 default,2504,0.5322650000000001,0.06532589024269016
YOLOv4 default,2505,0.5412593333333334,0.06923946015900985
YOLOv4 default,2506,0.5345126666666666,0.06904998485477347
YOLOv4 default,2507,0.5354013333333333,0.0743336236489099
YOLOv4 default,2508,0.5431693333333333,0.0759376324895049
YOLOv4 default,2509,0.5313206666666667,0.06484349643650557
YOLOv4 default,2510,0.528211,0.06366881353012112
YOLOv4 default,2511,0.5196886666666667,0.06250471454574001
YOLOv4 default,2512,0.5382996666666666,0.0631319639335821
YOLOv4 default,2513,0.5356103333333334,0.05663627420164965
YOLOv4 default,2514,0.5238483333333334,0.05388916784269152
YOLOv4 default,2515,0.5217423333333333,0.06473995961880456
YOLOv4 default,2516,0.5164876666666666,0.06299241372930907
YOLOv4 default,2517,0.5108306666666667,0.0595656710315971
YOLOv4 default,2518,0.5058186666666666,0.06072872358374668
YOLOv4 default,2519,0.50809,0.06119461787608449
YOLOv4 default,2520,0.5049683333333334,0.06353491807484903
YOLOv4 default,2521,0.49885833333333324,0.06582103003431182
YOLOv4 default,2522,0.48761799999999994,0.06675204918951926
YOLOv4 default,2523,0.489469,0.06308283212570595
YOLOv4 default,2524,0.47322,0.05893714540084208
YOLOv4 default,2525,0.47619966666666663,0.06159034431178676
YOLOv4 default,2526,0.46599366666666664,0.05937652587887275
YOLOv4 default,2527,0.46381033333333327,0.057979009432533236
YOLOv4 default,2528,0.46461866666666674,0.0447832809626291
YOLOv4 default,2529,0.4531133333333333,0.038791540062808084
YOLOv4 default,2530,0.4547333333333334,0.038115710725514625
YOLOv4 default,2531,0.456745,0.022182350784651597
YOLOv4 default,2532,0.46218866666666664,0.023203552560856804
YOLOv4 default,2533,0.45464666666666664,0.011218653518928978
YOLOv4 default,2534,0.4480946666666667,0.02095967485699888
YOLOv4 default,2535,0.44342966666666667,0.029635743533405357
YOLOv4 default,2536,0.445467,0.024852084124542425
YOLOv4 default,2537,0.4393016666666667,0.024393051553897715
YOLOv4 default,2538,0.4312226666666667,0.022120806075829256
YOLOv4 default,2539,0.41898966666666665,0.01426285444004032
YOLOv4 default,2540,0.42016300000000006,0.009122200739587642
YOLOv4 default,2541,0.4398503333333334,0.016387995223469058
YOLOv4 default,2542,0.43515033333333336,0.016389075572194763
YOLOv4 default,2543,0.44098966666666667,0.019745770571047462
YOLOv4 default,2544,0.44353466666666663,0.029587440434151204
YOLOv4 default,2545,0.433878,0.03396870131459253
YOLOv4 default,2546,0.454184,0.036703948361631815
YOLOv4 default,2547,0.45095366666666664,0.02798705501556825
YOLOv4 default,2548,0.4622846666666667,0.034502009643562
YOLOv4 default,2549,0.45750699999999994,0.022599068365753486
YOLOv4 default,2550,0.4553853333333333,0.03360767007858638
YOLOv4 default,2551,0.446202,0.02924919872976579
YOLOv4 default,2552,0.43131933333333333,0.03085974266652988
YOLOv4 default,2553,0.4331396666666667,0.02413641266726364
YOLOv4 default,2554,0.42648633333333336,0.017371812708459
YOLOv4 default,2555,0.4310833333333333,0.0220540968705993
YOLOv4 default,2556,0.4313846666666667,0.017820376991273534
YOLOv4 default,2557,0.44152966666666665,0.013497327887812131
YOLOv4 default,2558,0.44324366666666665,0.013571873050950313
YOLOv4 default,2559,0.4457503333333333,0.012084843473449618
YOLOv4 default,2560,0.4314373333333333,0.019908487472544076
YOLOv4 default,2561,0.447465,0.004650269920481317
YOLOv4 default,2562,0.44107466666666667,0.012021943746518046
YOLOv4 default,2563,0.44012399999999996,0.020886922567322684
YOLOv4 default,2564,0.45113633333333336,0.01862354705145553
YOLOv4 default,2565,0.45624099999999995,0.026113450965610296
YOLOv4 default,2566,0.4493296666666666,0.022003065281405172
YOLOv4 default,2567,0.445087,0.016674676738495806
YOLOv4 default,2568,0.45233000000000007,0.0035632912220773232
YOLOv4 default,2569,0.461913,0.011003286615067935
YOLOv4 default,2570,0.46152333333333334,0.006415920207663988
YOLOv4 default,2571,0.4560283333333334,0.006956299694840963
YOLOv4 default,2572,0.45168733333333333,0.019438055152486602
YOLOv4 default,2573,0.46635333333333334,0.023986925857873306
YOLOv4 default,2574,0.4595286666666667,0.03382348299300026
YOLOv4 default,2575,0.47217633333333336,0.03382784841090416
YOLOv4 default,2576,0.46404,0.033065881423808036
YOLOv4 default,2577,0.472515,0.03981120048428582
YOLOv4 default,2578,0.47493633333333335,0.03385700325552225
YOLOv4 default,2579,0.474682,0.029459454039973874
YOLOv4 default,2580,0.4874336666666666,0.034273384043274416
YOLOv4 default,2581,0.4854866666666666,0.01892011541837006
YOLOv4 default,2582,0.48561699999999997,0.029948187897322474
YOLOv4 default,2583,0.4744253333333333,0.02827297178893258
YOLOv4 default,2584,0.48022499999999996,0.019605408666997982
YOLOv4 default,2585,0.4827033333333333,0.019514494991615262
YOLOv4 default,2586,0.47656933333333334,0.027362165315957317
YOLOv4 default,2587,0.4713973333333333,0.024456318892625246
YOLOv4 default,2588,0.46677300000000005,0.030937958869324274
YOLOv4 default,2589,0.46520233333333333,0.036061344605793307
YOLOv4 default,2590,0.47475500000000004,0.036288045088339126
YOLOv4 default,2591,0.4740666666666667,0.03167181654790968
YOLOv4 default,2592,0.46275400000000005,0.02398745574253343
YOLOv4 default,2593,0.4675023333333333,0.023527634321745507
YOLOv4 default,2594,0.47586033333333333,0.022274661017497976
YOLOv4 default,2595,0.4916149999999999,0.024649332911865985
YOLOv4 default,2596,0.5052346666666666,0.030819842419742786
YOLOv4 default,2597,0.49132133333333333,0.030566809976036276
YOLOv4 default,2598,0.4924246666666667,0.017635050990695893
YOLOv4 default,2599,0.49701866666666666,0.017769838756849884
YOLOv4 default,2600,0.48981,0.021867772108744868
YOLOv4 default,2601,0.4903056666666667,0.02445911746386428
YOLOv4 default,2602,0.47722966666666666,0.02945235850959609
YOLOv4 default,2603,0.47341900000000003,0.024951435716874755
YOLOv4 default,2604,0.4690816666666667,0.026095527907627723
YOLOv4 default,2605,0.47350699999999996,0.0246834307245434
YOLOv4 default,2606,0.47849499999999995,0.02815475495068877
YOLOv4 default,2607,0.4723656666666667,0.030256167582457926
YOLOv4 default,2608,0.46957699999999997,0.030696056592554914
YOLOv4 default,2609,0.49267600000000006,0.027277998099811754
YOLOv4 default,2610,0.48708799999999997,0.02413314344078147
YOLOv4 default,2611,0.4700246666666666,0.024795145925048414
YOLOv4 default,2612,0.468149,0.03488633132044696
YOLOv4 default,2613,0.470939,0.03496727258928458
YOLOv4 default,2614,0.4773226666666666,0.03216255118577783
YOLOv4 default,2615,0.48443533333333333,0.034798903820538823
YOLOv4 default,2616,0.49300666666666665,0.03845633286526999
YOLOv4 default,2617,0.5059853333333333,0.04305255136587275
YOLOv4 default,2618,0.5127273333333333,0.051077019021386845
YOLOv4 default,2619,0.5050976666666667,0.04921665328027813
YOLOv4 default,2620,0.501857,0.047314696916849544
YOLOv4 default,2621,0.5101746666666668,0.03940317738598136
YOLOv4 default,2622,0.5147376666666666,0.03965838418431984
YOLOv4 default,2623,0.5063056666666667,0.042495325469724045
YOLOv4 default,2624,0.5014626666666667,0.03573573183959034
YOLOv4 default,2625,0.49220233333333335,0.03776465508176191
YOLOv4 default,2626,0.48337633333333335,0.04081958938358449
YOLOv4 default,2627,0.4704806666666667,0.03197153336607078
YOLOv4 default,2628,0.4776483333333334,0.018915084389038408
YOLOv4 default,2629,0.4820816666666667,0.02535462157302118
YOLOv4 default,2630,0.486221,0.036580162752508374
YOLOv4 default,2631,0.49458399999999997,0.021485246946063543
YOLOv4 default,2632,0.4971936666666667,0.018903038665192915
YOLOv4 default,2633,0.5071483333333333,0.024726601264854646
YOLOv4 default,2634,0.5287273333333333,0.02870890729566541
YOLOv4 default,2635,0.5272093333333334,0.0318345381325238
YOLOv4 default,2636,0.5118233333333334,0.034864859263224406
YOLOv4 default,2637,0.531562,0.03564751415363115
YOLOv4 default,2638,0.52143,0.028278488862266554
YOLOv4 default,2639,0.513845,0.03304576206313503
YOLOv4 default,2640,0.5031783333333334,0.023702565011220023
YOLOv4 default,2641,0.5046266666666667,0.027264374375934455
YOLOv4 default,2642,0.49336,0.03152171889877412
YOLOv4 default,2643,0.4895146666666667,0.020089880349181886
YOLOv4 default,2644,0.4952703333333333,0.01738360860440408
YOLOv4 default,2645,0.48660733333333334,0.011864183527650668
YOLOv4 default,2646,0.487505,0.01686544138171307
YOLOv4 default,2647,0.47627166666666665,0.015238386455848199
YOLOv4 default,2648,0.469161,0.010312215394052495
YOLOv4 default,2649,0.4717176666666667,0.005406424090324819
YOLOv4 default,2650,0.466065,0.0068057853575714065
YOLOv4 default,2651,0.47664466666666666,0.004257645254258638
YOLOv4 default,2652,0.472277,0.012392736797549339
YOLOv4 default,2653,0.4835163333333334,0.014958309868133872
YOLOv4 default,2654,0.4887296666666667,0.022917379302859007
YOLOv4 default,2655,0.4944943333333333,0.013189482998881251
YOLOv4 default,2656,0.4914793333333334,0.02220737371034924
YOLOv4 default,2657,0.5002866666666667,0.029392357693417144
YOLOv4 default,2658,0.5176346666666666,0.02759733610534016
YOLOv4 default,2659,0.516578,0.024295322210938754
YOLOv4 default,2660,0.5203733333333332,0.030353468611968845
YOLOv4 default,2661,0.5181016666666667,0.032677843086375495
YOLOv4 default,2662,0.5100556666666667,0.035430663717244196
YOLOv4 default,2663,0.5069253333333333,0.041682908073267216
YOLOv4 default,2664,0.4948006666666666,0.03683238291835657
YOLOv4 default,2665,0.4906596666666667,0.02801281665198589
YOLOv4 default,2666,0.500171,0.022847160903126086
YOLOv4 default,2667,0.4850483333333333,0.017861900844472787
YOLOv4 default,2668,0.469366,0.018009732655798458
YOLOv4 default,2669,0.46602499999999997,0.0219656404641431
YOLOv4 default,2670,0.471171,0.021266405557435735
YOLOv4 default,2671,0.472408,0.011771382416691754
YOLOv4 default,2672,0.4656223333333333,0.011981710566989639
YOLOv4 default,2673,0.44967033333333334,0.015081847348532747
YOLOv4 default,2674,0.4549626666666667,0.012236625683214755
YOLOv4 default,2675,0.45349599999999995,0.005522242871635887
YOLOv4 default,2676,0.4695013333333333,0.004619879303377714
YOLOv4 default,2677,0.4544786666666667,0.002250009209857696
YOLOv4 default,2678,0.4558876666666667,0.0032186934374749693
YOLOv4 default,2679,0.4533203333333333,0.012439772912361027
YOLOv4 default,2680,0.4612293333333333,0.017323002764468333
YOLOv4 default,2681,0.4616286666666667,0.016829283252051408
YOLOv4 default,2682,0.4669856666666667,0.021864789825450207
YOLOv4 default,2683,0.4659736666666667,0.02339417263859621
YOLOv4 default,2684,0.47137,0.01737042195802968
YOLOv4 default,2685,0.48164466666666667,0.0174942320240447
YOLOv4 default,2686,0.4915703333333334,0.026446642322062567
YOLOv4 default,2687,0.4890246666666667,0.02333289690068034
YOLOv4 default,2688,0.48360033333333335,0.025545645123538734
YOLOv4 default,2689,0.4694466666666666,0.023907580418027333
YOLOv4 default,2690,0.463829,0.024817484166073996
YOLOv4 default,2691,0.4633366666666667,0.024132635788722115
YOLOv4 default,2692,0.44838933333333336,0.01810263134034509
YOLOv4 default,2693,0.44984899999999994,0.014539076873492807
YOLOv4 default,2694,0.44295533333333337,0.013882970459443401
YOLOv4 default,2695,0.43885966666666665,0.012954922569347058
YOLOv4 default,2696,0.4453783333333334,0.013667219789619895
YOLOv4 default,2697,0.44477999999999995,0.00979700806368965
YOLOv4 default,2698,0.4288863333333333,0.00842318724975554
YOLOv4 default,2699,0.437552,0.015534050029961064
YOLOv4 default,2700,0.4401623333333333,0.011792131858903968
YOLOv4 default,2701,0.4283113333333333,0.007177930350115635
YOLOv4 default,2702,0.427904,0.005520719276809257
YOLOv4 default,2703,0.4235143333333333,0.009215345921040856
YOLOv4 default,2704,0.4131573333333334,0.013445616067865561
YOLOv4 default,2705,0.4210643333333333,0.01570571505676976
YOLOv4 default,2706,0.41996166666666673,0.01493735997795833
YOLOv4 default,2707,0.417839,0.017443128312700493
YOLOv4 default,2708,0.416526,0.01624447008471909
YOLOv4 default,2709,0.41301933333333335,0.01901645393979762
YOLOv4 default,2710,0.421931,0.023944427458875137
YOLOv4 default,2711,0.4420773333333334,0.01653912327718063
YOLOv4 default,2712,0.447344,0.025331358194933012
YOLOv4 default,2713,0.446814,0.030231550031934073
YOLOv4 default,2714,0.4430403333333333,0.035521301338461375
YOLOv4 default,2715,0.43913833333333335,0.03148983061420166
YOLOv4 default,2716,0.43973599999999996,0.0340273612994014
YOLOv4 default,2717,0.44090100000000004,0.021800671824510356
YOLOv4 default,2718,0.451519,0.025219015107652405
YOLOv4 default,2719,0.44477833333333333,0.02278645363904714
YOLOv4 default,2720,0.4528216666666667,0.022420545267925834
YOLOv4 default,2721,0.4434563333333333,0.024904993236520095
YOLOv4 default,2722,0.43816933333333336,0.02596705867269358
YOLOv4 default,2723,0.4321303333333333,0.026157687043093947
YOLOv4 default,2724,0.43129900000000004,0.020287316858898164
YOLOv4 default,2725,0.4251796666666667,0.023249191472202013
YOLOv4 default,2726,0.4218056666666667,0.026400350795228296
YOLOv4 default,2727,0.42337033333333335,0.02051475168696366
YOLOv4 default,2728,0.41464066666666666,0.01838245457252951
YOLOv4 default,2729,0.4143683333333333,0.01803875075435596
YOLOv4 default,2730,0.4161873333333333,0.018329797837886196
YOLOv4 default,2731,0.42587833333333336,0.017188300791849995
YOLOv4 default,2732,0.4231586666666667,0.03152455614455359
YOLOv4 default,2733,0.41628233333333337,0.02855293706044577
YOLOv4 default,2734,0.4144373333333333,0.029704996551272497
YOLOv4 default,2735,0.42575999999999997,0.019892494891290028
YOLOv4 default,2736,0.42727033333333336,0.018029655592322832
YOLOv4 default,2737,0.43219366666666664,0.011961326589378693
YOLOv4 default,2738,0.44569566666666666,0.017904071951498766
YOLOv4 default,2739,0.445687,0.014681072213340992
YOLOv4 default,2740,0.44770766666666667,0.00685856963545931
YOLOv4 default,2741,0.45737133333333335,0.0022228648431947234
YOLOv4 default,2742,0.4685620000000001,0.010754351739334799
YOLOv4 default,2743,0.46690066666666663,0.010244377715497315
YOLOv4 default,2744,0.466714,0.014828934969623854
YOLOv4 default,2745,0.4619086666666667,0.022071676452966676
YOLOv4 default,2746,0.45827766666666675,0.029640124073814396
YOLOv4 default,2747,0.457746,0.029752458369015484
YOLOv4 default,2748,0.44849,0.023787926958858775
YOLOv4 default,2749,0.4553126666666667,0.0300179212045812
YOLOv4 default,2750,0.4422716666666667,0.03012416446605246
YOLOv4 default,2751,0.4359933333333334,0.022589224144366805
YOLOv4 default,2752,0.4171373333333334,0.01962354268332924
YOLOv4 default,2753,0.43079,0.018220075749934006
YOLOv4 default,2754,0.4315183333333333,0.010248388008744494
YOLOv4 default,2755,0.4318123333333333,0.013384788833265573
YOLOv4 default,2756,0.42838400000000004,0.012573447631152463
YOLOv4 default,2757,0.42313599999999996,0.009245097673902653
YOLOv4 default,2758,0.4296253333333333,0.011455959211015219
YOLOv4 default,2759,0.42260400000000004,0.013812934566316217
YOLOv4 default,2760,0.4329533333333333,0.010640928692761942
YOLOv4 default,2761,0.42815566666666666,0.00827793930342033
YOLOv4 default,2762,0.43220400000000003,0.01537907283724651
YOLOv4 default,2763,0.4253733333333333,0.01679597029382677
YOLOv4 default,2764,0.4364206666666666,0.00977457875193493
YOLOv4 default,2765,0.42116400000000004,0.01029634111387794
YOLOv4 default,2766,0.41677400000000003,0.006165111191211402
YOLOv4 default,2767,0.4057013333333333,0.004904190090569942
YOLOv4 default,2768,0.402131,0.007601824079346585
YOLOv4 default,2769,0.40987599999999996,0.011910711159848233
YOLOv4 default,2770,0.41240800000000005,0.011986746973220053
YOLOv4 default,2771,0.42020799999999997,0.02075844648169351
YOLOv4 default,2772,0.421911,0.02551749232062847
YOLOv4 default,2773,0.42452666666666666,0.02496595282468594
YOLOv4 default,2774,0.430404,0.0323071518449605
YOLOv4 default,2775,0.43242866666666674,0.04030397380049653
YOLOv4 default,2776,0.448264,0.04591384508330069
YOLOv4 default,2777,0.4582813333333333,0.04132614147781578
YOLOv4 default,2778,0.44639333333333336,0.03609535587086578
YOLOv4 default,2779,0.4545363333333334,0.040670817258132944
YOLOv4 default,2780,0.46650966666666666,0.05129712481004934
YOLOv4 default,2781,0.45149766666666663,0.04540383558442808
YOLOv4 default,2782,0.4477063333333333,0.028161196052566922
YOLOv4 default,2783,0.4416173333333333,0.035607355777204856
YOLOv4 default,2784,0.44177533333333335,0.026494945060855993
YOLOv4 default,2785,0.45456499999999994,0.032874079794472315
YOLOv4 default,2786,0.46541366666666667,0.04133275768819583
YOLOv4 default,2787,0.4643063333333333,0.04378844388014314
YOLOv4 default,2788,0.446685,0.04605962301553642
YOLOv4 default,2789,0.4543966666666667,0.04788824602597638
YOLOv4 default,2790,0.445729,0.04127336577422943
YOLOv4 default,2791,0.44611666666666666,0.02883321015965983
YOLOv4 default,2792,0.4480783333333333,0.025191975708767092
YOLOv4 default,2793,0.4559143333333333,0.019233974995073462
YOLOv4 default,2794,0.461466,0.014691491426445899
YOLOv4 default,2795,0.4521656666666667,0.006264400645268813
YOLOv4 default,2796,0.460095,0.004269775521031522
YOLOv4 default,2797,0.456436,0.0012499625327718124
YOLOv4 default,2798,0.4487476666666667,0.003151093055503823
YOLOv4 default,2799,0.4537183333333334,0.00923559224474052
YOLOv4 default,2800,0.4519153333333333,0.014286509911257001
YOLOv4 default,2801,0.45102366666666666,0.01653954397127616
YOLOv4 default,2802,0.46793700000000005,0.023792856918271356
YOLOv4 default,2803,0.4630373333333333,0.02725226738171422
YOLOv4 default,2804,0.4422443333333333,0.027859477934408208
YOLOv4 default,2805,0.44948666666666665,0.030027412511089122
YOLOv4 default,2806,0.43761099999999997,0.019443598338099187
YOLOv4 default,2807,0.44488633333333333,0.01618302440144542
YOLOv4 default,2808,0.45270099999999996,0.012642359906283318
YOLOv4 default,2809,0.4515636666666667,0.01355073066090699
YOLOv4 default,2810,0.44589366666666663,0.015173358498075213
YOLOv4 default,2811,0.4474906666666667,0.017091976688233323
YOLOv4 default,2812,0.43731800000000004,0.018381655937374095
YOLOv4 default,2813,0.432668,0.027301671603279783
YOLOv4 default,2814,0.43104666666666663,0.02878015650486363
YOLOv4 default,2815,0.43132299999999996,0.026743955211100203
YOLOv4 default,2816,0.41981566666666664,0.028541533667816643
YOLOv4 default,2817,0.43445833333333334,0.030069618894233503
YOLOv4 default,2818,0.43200700000000003,0.025001481562766114
YOLOv4 default,2819,0.4315676666666666,0.025559350267780893
YOLOv4 default,2820,0.4263656666666667,0.025752622431727445
YOLOv4 default,2821,0.41969233333333333,0.029118145810549903
YOLOv4 default,2822,0.4295706666666666,0.022823654340276982
YOLOv4 default,2823,0.4327526666666666,0.023016920626163506
YOLOv4 default,2824,0.42030900000000004,0.02867570697181384
YOLOv4 default,2825,0.4283423333333333,0.029481276387640434
YOLOv4 default,2826,0.42414899999999994,0.03798636385599444
YOLOv4 default,2827,0.41886466666666666,0.044147675515755574
YOLOv4 default,2828,0.417611,0.04048381768476553
YOLOv4 default,2829,0.41991133333333336,0.03882840926149019
YOLOv4 default,2830,0.4246533333333333,0.042192555039696024
YOLOv4 default,2831,0.41397466666666666,0.037513290184205975
YOLOv4 default,2832,0.41469333333333336,0.04322233622535666
YOLOv4 default,2833,0.4097336666666667,0.0478021761789612
YOLOv4 default,2834,0.4121553333333334,0.04734109082792429
YOLOv4 default,2835,0.40920500000000004,0.04993436826809101
YOLOv4 default,2836,0.4052466666666667,0.0431701572436845
YOLOv4 default,2837,0.414844,0.03629865237167903
YOLOv4 default,2838,0.417642,0.036266846402740895
YOLOv4 default,2839,0.4230123333333333,0.03623250290983375
YOLOv4 default,2840,0.41668666666666665,0.028642662971712526
YOLOv4 default,2841,0.4171693333333333,0.03346045359990076
YOLOv4 default,2842,0.4179756666666667,0.03557593451727978
YOLOv4 default,2843,0.416441,0.039642419657903494
YOLOv4 default,2844,0.415734,0.033240522438734335
YOLOv4 default,2845,0.42262400000000006,0.025181202221763226
YOLOv4 default,2846,0.4288426666666667,0.03313327548117015
YOLOv4 default,2847,0.44732400000000005,0.02962693786066996
YOLOv4 default,2848,0.4397436666666667,0.0295707883128679
YOLOv4 default,2849,0.4478896666666667,0.030809725068195237
YOLOv4 default,2850,0.44451466666666667,0.03258108813577459
YOLOv4 default,2851,0.43074900000000005,0.03042744735158264
YOLOv4 default,2852,0.42217733333333335,0.024085302394706295
YOLOv4 default,2853,0.419276,0.03031662326733195
YOLOv4 default,2854,0.41281999999999996,0.03224147369977579
YOLOv4 default,2855,0.408085,0.029095634936074748
YOLOv4 default,2856,0.4175723333333334,0.028067857549952845
YOLOv4 default,2857,0.417039,0.03338713423361359
YOLOv4 default,2858,0.4144213333333333,0.0325266559728752
YOLOv4 default,2859,0.418968,0.02610516727265568
YOLOv4 default,2860,0.41388033333333335,0.024071524542034674
YOLOv4 default,2861,0.41588166666666665,0.01017486888258407
YOLOv4 default,2862,0.4204583333333333,0.0032838226877291168
YOLOv4 default,2863,0.42354633333333336,0.002922761612660961
YOLOv4 default,2864,0.42632866666666663,0.00885015808396162
YOLOv4 default,2865,0.43940433333333334,0.012940640083773965
YOLOv4 default,2866,0.44744333333333336,0.014509537395949077
YOLOv4 default,2867,0.453367,0.024110473291358948
YOLOv4 default,2868,0.44349,0.020774976133159186
YOLOv4 default,2869,0.452823,0.02760641144734316
YOLOv4 default,2870,0.46236999999999995,0.030946524651404718
YOLOv4 default,2871,0.4596656666666667,0.017348192147246297
YOLOv4 default,2872,0.4585183333333333,0.010876781851468955
YOLOv4 default,2873,0.4417853333333333,0.016402236680133332
YOLOv4 default,2874,0.4490966666666667,0.007647281049134038
YOLOv4 default,2875,0.44212500000000005,0.014009094522249937
YOLOv4 default,2876,0.44640066666666667,0.022129864002695034
YOLOv4 default,2877,0.43955733333333336,0.02258799017423001
YOLOv4 default,2878,0.43964733333333333,0.016804048721794522
YOLOv4 default,2879,0.4377406666666667,0.018866675959950608
YOLOv4 default,2880,0.43304633333333337,0.027013264978113585
YOLOv4 default,2881,0.4501463333333333,0.019267249737428653
YOLOv4 default,2882,0.4449726666666667,0.01126521670650168
YOLOv4 default,2883,0.43218266666666666,0.01566445190373556
YOLOv4 default,2884,0.41859466666666667,0.017430739096333366
YOLOv4 default,2885,0.40994766666666665,0.01736325019817559
YOLOv4 default,2886,0.40092733333333336,0.017710749770815583
YOLOv4 default,2887,0.410413,0.005801004137216237
YOLOv4 default,2888,0.4135723333333334,0.0044530497539451725
YOLOv4 default,2889,0.4056113333333333,0.004082341825200064
YOLOv4 default,2890,0.39236166666666666,0.010529157315653407
YOLOv4 default,2891,0.397981,0.011870845462729271
YOLOv4 default,2892,0.412627,0.012946898354432235
YOLOv4 default,2893,0.41632433333333335,0.011921021577215791
YOLOv4 default,2894,0.40729733333333334,0.006852184112464507
YOLOv4 default,2895,0.40334833333333336,0.012022073064899332
YOLOv4 default,2896,0.40288799999999997,0.021037040357426717
YOLOv4 default,2897,0.40568200000000004,0.02147772271447792
YOLOv4 default,2898,0.4064943333333333,0.021414593111033216
YOLOv4 default,2899,0.3983933333333334,0.015485656183851051
YOLOv4 default,2900,0.39433566666666664,0.020904863432012918
YOLOv4 default,2901,0.4029206666666667,0.025228551136449437
YOLOv4 default,2902,0.4100916666666667,0.025736275956538684
YOLOv4 default,2903,0.4256686666666667,0.029556887851132835
YOLOv4 default,2904,0.4219896666666667,0.03707015215476971
YOLOv4 default,2905,0.43304133333333333,0.031131263462599437
YOLOv4 default,2906,0.42925166666666664,0.03738433110423552
YOLOv4 default,2907,0.435973,0.037197642429774136
YOLOv4 default,2908,0.43698299999999995,0.03702825895628004
YOLOv4 default,2909,0.4696646666666666,0.03935309067207358
YOLOv4 default,2910,0.465797,0.04369768898160789
YOLOv4 default,2911,0.45757933333333334,0.035423838255866334
YOLOv4 default,2912,0.45091300000000006,0.03500304445806583
YOLOv4 default,2913,0.45775866666666665,0.0449394544149249
YOLOv4 default,2914,0.4723353333333334,0.048440659630567026
YOLOv4 default,2915,0.4637056666666666,0.04239545066919852
YOLOv4 default,2916,0.45959666666666665,0.048860992776560634
YOLOv4 default,2917,0.456936,0.04712873864568554
YOLOv4 default,2918,0.46001166666666665,0.04129329651139249
YOLOv4 default,2919,0.45049233333333333,0.04289584351400235
YOLOv4 default,2920,0.4446293333333333,0.04336426618132081
YOLOv4 default,2921,0.4607453333333333,0.03342059989653752
YOLOv4 default,2922,0.45833266666666667,0.03309880120857014
YOLOv4 default,2923,0.47156366666666666,0.020458566423655185
YOLOv4 default,2924,0.471576,0.017543669694033037
YOLOv4 default,2925,0.4845936666666666,0.019765687350670216
YOLOv4 default,2926,0.4818563333333333,0.01881088098533516
YOLOv4 default,2927,0.47696099999999997,0.013980777052796448
YOLOv4 default,2928,0.471989,0.0193273051406553
YOLOv4 default,2929,0.4724966666666666,0.01818807970744697
YOLOv4 default,2930,0.48028199999999993,0.010248841755697735
YOLOv4 default,2931,0.4907276666666667,0.020008425661316897
YOLOv4 default,2932,0.494276,0.0235828297991003
YOLOv4 default,2933,0.495473,0.024819940833934302
YOLOv4 default,2934,0.5028530000000001,0.03804151995298471
YOLOv4 default,2935,0.49548033333333336,0.03989177048520715
YOLOv4 default,2936,0.49983400000000006,0.048773579415499126
YOLOv4 default,2937,0.49032566666666666,0.052326957543677034
YOLOv4 default,2938,0.48063799999999995,0.04950777193868993
YOLOv4 default,2939,0.475144,0.04928470875433882
YOLOv4 default,2940,0.46288099999999993,0.0512265026426751
YOLOv4 default,2941,0.46795800000000004,0.051834234607384067
YOLOv4 default,2942,0.4647916666666667,0.03779605907734005
YOLOv4 default,2943,0.4508803333333333,0.03185564256314901
YOLOv4 default,2944,0.44715166666666667,0.024533675307852085
YOLOv4 default,2945,0.44053533333333333,0.020614243921241563
YOLOv4 default,2946,0.4412506666666666,0.023251413149407606
YOLOv4 default,2947,0.4389366666666667,0.03502090224581759
YOLOv4 default,2948,0.434104,0.02626890310487542
YOLOv4 default,2949,0.42924566666666664,0.02877999258937438
YOLOv4 default,2950,0.42584099999999997,0.025334812511640964
YOLOv4 default,2951,0.44209933333333334,0.0333719125529905
YOLOv4 default,2952,0.4455213333333334,0.030665319224021
YOLOv4 default,2953,0.44359033333333336,0.04169961640244562
YOLOv4 default,2954,0.44244100000000003,0.03175522326064383
YOLOv4 default,2955,0.4390893333333333,0.03760170638562976
YOLOv4 default,2956,0.44832866666666665,0.036457412699995285
YOLOv4 default,2957,0.45554033333333327,0.03358522894236559
YOLOv4 default,2958,0.45282633333333333,0.04132202065216291
YOLOv4 default,2959,0.442487,0.03886693569518099
YOLOv4 default,2960,0.446523,0.04377487341310462
YOLOv4 default,2961,0.4398883333333334,0.04320529302579079
YOLOv4 default,2962,0.43480566666666665,0.042569401602298565
YOLOv4 default,2963,0.438467,0.04426001195586522
YOLOv4 default,2964,0.44058100000000006,0.05655992741331978
YOLOv4 default,2965,0.44024100000000005,0.06104365157000358
YOLOv4 default,2966,0.43168733333333337,0.05527303053127367
YOLOv4 default,2967,0.44558733333333334,0.053621364107767494
YOLOv4 default,2968,0.446506,0.03746572314796553
YOLOv4 default,2969,0.43663500000000005,0.03642187553289004
YOLOv4 default,2970,0.42971766666666666,0.02265942182502556
YOLOv4 default,2971,0.4258933333333334,0.027745614874746926
YOLOv4 default,2972,0.4227983333333334,0.029998245806120805
YOLOv4 default,2973,0.426931,0.019992106500650034
YOLOv4 default,2974,0.42361866666666664,0.022977550676934896
YOLOv4 default,2975,0.42270599999999997,0.02457836422547278
YOLOv4 default,2976,0.4282586666666666,0.021828911755844452
YOLOv4 default,2977,0.43396133333333337,0.03419618049496821
YOLOv4 default,2978,0.429861,0.02988336333703643
YOLOv4 default,2979,0.43751366666666663,0.024992208761487604
YOLOv4 default,2980,0.4339546666666667,0.024423449779077313
YOLOv4 default,2981,0.4307193333333333,0.02204423273279835
YOLOv4 default,2982,0.4406406666666667,0.020681044479855894
YOLOv4 default,2983,0.43598133333333333,0.02577262509157946
YOLOv4 default,2984,0.4437503333333333,0.016729468634053432
YOLOv4 default,2985,0.4446096666666666,0.01851813873236484
YOLOv4 default,2986,0.4521143333333333,0.015111005540480914
YOLOv4 default,2987,0.46304233333333333,0.020093071826986636
YOLOv4 default,2988,0.464896,0.034560052174922036
YOLOv4 default,2989,0.46303500000000003,0.026570102715897298
YOLOv4 default,2990,0.46320333333333324,0.024473059979859026
YOLOv4 default,2991,0.460032,0.03663632364653055
YOLOv4 default,2992,0.453473,0.03369234159765886
YOLOv4 default,2993,0.4593946666666667,0.032562974476816116
YOLOv4 default,2994,0.4604473333333334,0.04375893011463805
YOLOv4 default,2995,0.4632326666666667,0.038254253716997866
YOLOv4 default,2996,0.4677013333333333,0.04765500014455751
YOLOv4 default,2997,0.4688603333333334,0.04542033826871445
YOLOv4 default,2998,0.47191033333333327,0.059492232818896436
YOLOv4 default,2999,0.47458399999999995,0.05771184559805148
YOLOv4 default,3000,0.4741483333333334,0.060960344734188585
YOLOv4 default,3001,0.475646,0.04892926145297243
YOLOv4 default,3002,0.46745466666666663,0.04094197079336122
YOLOv4 default,3003,0.48334866666666665,0.04253047190479369
YOLOv4 default,3004,0.4698153333333334,0.037318418921194633
YOLOv4 default,3005,0.4744266666666666,0.038611233176945335
YOLOv4 default,3006,0.46013466666666664,0.036409920179045235
YOLOv4 default,3007,0.45248566666666673,0.03195445459991108
YOLOv4 default,3008,0.45547166666666666,0.03012811633858167
YOLOv4 default,3009,0.43855466666666665,0.0265701009992644
YOLOv4 default,3010,0.42802633333333334,0.029399712296400312
YOLOv4 default,3011,0.4338486666666667,0.026898181291265352
YOLOv4 default,3012,0.4442196666666667,0.026464338636067314
YOLOv4 default,3013,0.449268,0.01770036731257292
YOLOv4 default,3014,0.45885166666666666,0.01422607934198472
YOLOv4 default,3015,0.46252999999999994,0.011953127498692548
YOLOv4 default,3016,0.443321,0.010925731295127725
YOLOv4 default,3017,0.4321793333333333,0.019067443163092893
YOLOv4 default,3018,0.42141500000000004,0.016083829933611373
YOLOv4 default,3019,0.42349466666666674,0.023913322342251915
YOLOv4 default,3020,0.42253366666666664,0.028598644235542203
YOLOv4 default,3021,0.432968,0.029633062773418033
YOLOv4 default,3022,0.454685,0.028280944579934634
YOLOv4 default,3023,0.459733,0.03430624171099677
YOLOv4 default,3024,0.46224833333333337,0.03472200380322413
YOLOv4 default,3025,0.46312533333333333,0.04378374644520245
YOLOv4 default,3026,0.45712233333333335,0.035510878682141596
YOLOv4 default,3027,0.4569516666666667,0.03738632265206684
YOLOv4 default,3028,0.4618663333333333,0.04249597203003807
YOLOv4 default,3029,0.46574033333333337,0.05067234124034312
YOLOv4 default,3030,0.4550526666666667,0.051435790863733975
YOLOv4 default,3031,0.448402,0.04780729181829903
YOLOv4 default,3032,0.4450706666666666,0.05079671648290313
YOLOv4 default,3033,0.4527483333333333,0.055741801102145154
YOLOv4 default,3034,0.451279,0.056715934095572594
YOLOv4 default,3035,0.4394986666666667,0.04906502419012732
YOLOv4 default,3036,0.420997,0.044769639790822546
YOLOv4 default,3037,0.42497366666666664,0.04457729293909376
YOLOv4 default,3038,0.41154599999999997,0.039133747213881784
YOLOv4 default,3039,0.4032626666666667,0.040635303109214996
YOLOv4 default,3040,0.39370733333333335,0.041550711876506344
YOLOv4 default,3041,0.4057853333333334,0.03337649583331226
YOLOv4 default,3042,0.4024126666666666,0.029231879979076114
YOLOv4 default,3043,0.40198,0.023928760777218144
YOLOv4 default,3044,0.400085,0.025189492869051578
YOLOv4 default,3045,0.4113733333333333,0.03375973608868675
YOLOv4 default,3046,0.40875633333333333,0.03412833789454805
YOLOv4 default,3047,0.41184899999999997,0.0362624861990092
YOLOv4 default,3048,0.41053200000000006,0.042368601231729766
YOLOv4 default,3049,0.40649566666666664,0.03917188342988431
YOLOv4 default,3050,0.4064286666666666,0.03711991532557393
YOLOv4 default,3051,0.40525833333333333,0.03388756291194619
YOLOv4 default,3052,0.40350899999999995,0.016881579438350357
YOLOv4 default,3053,0.40563366666666667,0.01123399045061213
YOLOv4 default,3054,0.40958100000000003,0.018050809437067737
YOLOv4 default,3055,0.423721,0.003785072566455405
YOLOv4 default,3056,0.41281799999999996,0.0019674364877508383
YOLOv4 default,3057,0.41784399999999994,0.0037834534929523413
YOLOv4 default,3058,0.42355933333333334,0.004723745206695398
YOLOv4 default,3059,0.44192766666666666,0.01602515482331174
YOLOv4 default,3060,0.440431,0.0278771889962624
YOLOv4 default,3061,0.4254553333333333,0.019706972711313244
YOLOv4 default,3062,0.4246273333333333,0.024284364560579117
YOLOv4 default,3063,0.419848,0.01271716573507372
YOLOv4 default,3064,0.42480066666666666,0.00734607923392547
YOLOv4 default,3065,0.423549,0.009427075810310088
YOLOv4 default,3066,0.43528000000000006,0.01090261092582873
YOLOv4 default,3067,0.43585366666666664,0.01169896703892175
YOLOv4 default,3068,0.44070666666666664,0.01039494416103863
YOLOv4 default,3069,0.4435016666666666,0.01688304674649823
YOLOv4 default,3070,0.46141233333333337,0.03393479118512119
YOLOv4 default,3071,0.4413096666666667,0.02572602515180125
YOLOv4 default,3072,0.4408453333333333,0.03123511718313929
YOLOv4 default,3073,0.44167433333333334,0.02101957453845768
YOLOv4 default,3074,0.441695,0.019113376398044734
YOLOv4 default,3075,0.43393300000000007,0.027963233653018987
YOLOv4 default,3076,0.4311603333333333,0.027721648924822487
YOLOv4 default,3077,0.42798966666666666,0.033773516416137545
YOLOv4 default,3078,0.41746333333333335,0.03486113623283735
YOLOv4 default,3079,0.4184746666666666,0.03710079736040424
YOLOv4 default,3080,0.41614066666666666,0.03994455686462314
YOLOv4 default,3081,0.4152016666666667,0.033928624278689
YOLOv4 default,3082,0.413781,0.03286325291263786
YOLOv4 default,3083,0.41343099999999994,0.031111428452151365
YOLOv4 default,3084,0.41530666666666666,0.027705096284097463
YOLOv4 default,3085,0.4149966666666667,0.03806334351373307
YOLOv4 default,3086,0.409294,0.036993375898035225
YOLOv4 default,3087,0.41260399999999997,0.03027143962549518
YOLOv4 default,3088,0.4062383333333333,0.026111939857297307
YOLOv4 default,3089,0.402337,0.024856059227748348
YOLOv4 default,3090,0.4007673333333333,0.028085377597208444
YOLOv4 default,3091,0.40803100000000003,0.028056928787734418
YOLOv4 default,3092,0.407629,0.02900944400248534
YOLOv4 default,3093,0.42179666666666665,0.03753781826519905
YOLOv4 default,3094,0.4436103333333333,0.047628367584642006
YOLOv4 default,3095,0.45538433333333334,0.04883982868292822
YOLOv4 default,3096,0.43920933333333334,0.05511183662739288
YOLOv4 default,3097,0.436566,0.05322289683021775
YOLOv4 default,3098,0.45641233333333336,0.045563633281135274
YOLOv4 default,3099,0.4535483333333333,0.047052300182291264
YOLOv4 default,3100,0.4510766666666666,0.04318873991112859
YOLOv4 default,3101,0.4384406666666667,0.043669123815091346
YOLOv4 default,3102,0.438891,0.03949413304952185
YOLOv4 default,3103,0.44530766666666666,0.03636831838442783
YOLOv4 default,3104,0.4453046666666667,0.032685644057360186
YOLOv4 default,3105,0.4686956666666667,0.030682738004364028
YOLOv4 default,3106,0.47490866666666665,0.037550585642718154
YOLOv4 default,3107,0.46435566666666667,0.0339781713571784
YOLOv4 default,3108,0.4680833333333334,0.016004448093507564
YOLOv4 default,3109,0.4699603333333333,0.017850834007904992
YOLOv4 default,3110,0.46914866666666666,0.01050977228318694
YOLOv4 default,3111,0.46226433333333333,0.0032837178793421293
YOLOv4 default,3112,0.45973400000000003,0.005222520496209973
YOLOv4 default,3113,0.4518523333333333,0.005583367094425282
YOLOv4 default,3114,0.4595723333333333,0.01559346583597686
YOLOv4 default,3115,0.46911733333333333,0.02029720713409717
YOLOv4 default,3116,0.4585886666666667,0.028107769153345803
YOLOv4 default,3117,0.46105,0.027670697883019374
YOLOv4 default,3118,0.45720999999999995,0.03333742397066696
YOLOv4 default,3119,0.46299566666666664,0.03121739756574494
YOLOv4 default,3120,0.46046799999999993,0.03329342507162637
YOLOv4 default,3121,0.461038,0.0369590300738534
YOLOv4 default,3122,0.4653146666666667,0.03141855157563938
YOLOv4 default,3123,0.46586733333333336,0.03277260472983157
YOLOv4 default,3124,0.4650526666666666,0.036655426380157015
YOLOv4 default,3125,0.4459336666666667,0.034697922830881064
YOLOv4 default,3126,0.442148,0.04023973386260567
YOLOv4 default,3127,0.44339766666666663,0.03009591409883482
YOLOv4 default,3128,0.4507426666666667,0.0366386979405352
YOLOv4 default,3129,0.43844700000000003,0.03954553957148645
YOLOv4 default,3130,0.42381833333333335,0.03529603246038348
YOLOv4 default,3131,0.41982866666666663,0.029280518576540116
YOLOv4 default,3132,0.424206,0.03312710812914403
YOLOv4 default,3133,0.43331000000000003,0.03166300542167994
YOLOv4 default,3134,0.43672533333333335,0.02472162598706737
YOLOv4 default,3135,0.4350586666666667,0.024741609772023953
YOLOv4 default,3136,0.4267323333333333,0.023809852038832825
YOLOv4 default,3137,0.4256523333333333,0.015152894578631202
YOLOv4 default,3138,0.428282,0.00830750927374344
YOLOv4 default,3139,0.42011100000000007,0.016923226829813905
YOLOv4 default,3140,0.4205763333333333,0.021324662227362744
YOLOv4 default,3141,0.43136100000000005,0.02919605867807046
YOLOv4 default,3142,0.43915966666666667,0.018245994047400585
YOLOv4 default,3143,0.42555866666666664,0.016970827570995013
YOLOv4 default,3144,0.417606,0.020288365689067556
YOLOv4 default,3145,0.417776,0.016965121249198314
YOLOv4 default,3146,0.41560766666666665,0.024152147070418215
YOLOv4 default,3147,0.4200346666666667,0.031113924301579898
YOLOv4 default,3148,0.4139793333333333,0.038305567273062426
YOLOv4 default,3149,0.43046933333333337,0.04141905574464219
YOLOv4 default,3150,0.43419566666666665,0.04358593274721151
YOLOv4 default,3151,0.4210413333333333,0.046151482859287545
YOLOv4 default,3152,0.412626,0.04118926910414087
YOLOv4 default,3153,0.41396000000000005,0.031246883092558207
YOLOv4 default,3154,0.4110546666666666,0.026180075657729555
YOLOv4 default,3155,0.40666399999999997,0.027903244440984517
YOLOv4 default,3156,0.39703333333333335,0.025399593502871475
YOLOv4 default,3157,0.40134899999999996,0.018917743443656272
YOLOv4 default,3158,0.40505933333333327,0.01823797929535444
YOLOv4 default,3159,0.4105506666666667,0.02857619270962767
YOLOv4 default,3160,0.406795,0.03140372903547178
YOLOv4 default,3161,0.4140603333333333,0.04583240207659982
YOLOv4 default,3162,0.4200736666666667,0.05008699822087342
YOLOv4 default,3163,0.43082233333333336,0.0515101878930545
YOLOv4 default,3164,0.4412846666666666,0.04604297819187828
YOLOv4 default,3165,0.43819566666666665,0.044549106075331205
YOLOv4 default,3166,0.42551399999999995,0.04081142806045058
YOLOv4 default,3167,0.434839,0.04224849958282542
YOLOv4 default,3168,0.44082033333333337,0.0417057692025669
YOLOv4 default,3169,0.4397606666666667,0.03174891765784222
YOLOv4 default,3170,0.4377246666666667,0.034440483273483716
YOLOv4 default,3171,0.42278666666666664,0.021894913765022634
YOLOv4 default,3172,0.425651,0.02275183705403442
YOLOv4 default,3173,0.4282783333333333,0.015807626664929113
YOLOv4 default,3174,0.42909766666666666,0.012384953321582527
YOLOv4 default,3175,0.4361793333333333,0.0050058300122068815
YOLOv4 default,3176,0.43439266666666665,0.025161773926158534
YOLOv4 default,3177,0.42798566666666665,0.021734649190737927
YOLOv4 default,3178,0.44237299999999996,0.017510304118813384
YOLOv4 default,3179,0.43618466666666666,0.025794320856429707
YOLOv4 default,3180,0.4429423333333333,0.0232257757841967
YOLOv4 default,3181,0.4292583333333333,0.02018731061280273
YOLOv4 default,3182,0.4328786666666667,0.018243726504685885
YOLOv4 default,3183,0.4351876666666667,0.014222154810170109
YOLOv4 default,3184,0.42641100000000004,0.014295348940593703
YOLOv4 default,3185,0.42156499999999997,0.006356617365653947
YOLOv4 default,3186,0.42141633333333334,0.008431785760508336
YOLOv4 default,3187,0.42187366666666665,0.0062371239454664645
YOLOv4 default,3188,0.4154936666666667,0.004822621497807087
YOLOv4 default,3189,0.40954300000000005,0.008263881836038062
YOLOv4 default,3190,0.41141933333333336,0.014389815684867009
YOLOv4 default,3191,0.407164,0.0210350667457938
YOLOv4 default,3192,0.41740466666666665,0.009576591709881857
YOLOv4 default,3193,0.41822600000000004,0.012883106509430614
YOLOv4 default,3194,0.41507933333333336,0.012929508656987363
YOLOv4 default,3195,0.415615,0.010241876895048746
YOLOv4 default,3196,0.41214833333333334,0.007069533938748085
YOLOv4 default,3197,0.41425,0.011028589801057987
YOLOv4 default,3198,0.40291733333333335,0.010226291447918836
YOLOv4 default,3199,0.407735,0.014902722715441418
YOLOv4 default,3200,0.38839466666666667,0.0070754554466675714
YOLOv4 default,3201,0.3886096666666667,0.0029108659841665264
YOLOv4 default,3202,0.396342,0.010804110652895046
YOLOv4 default,3203,0.39054166666666673,0.012103377852667602
YOLOv4 default,3204,0.38601766666666665,0.009650704159685854
YOLOv4 default,3205,0.3816996666666667,0.007165846526715766
YOLOv4 default,3206,0.3898086666666667,0.014472818952935349
YOLOv4 default,3207,0.380593,0.010054415796056981
YOLOv4 default,3208,0.374632,0.011344716714547499
YOLOv4 default,3209,0.378962,0.02601653299346398
YOLOv4 default,3210,0.3827176666666667,0.02204196513723563
YOLOv4 default,3211,0.3831896666666667,0.02406615200049877
YOLOv4 default,3212,0.3767483333333334,0.023301906390775083
YOLOv4 default,3213,0.37888600000000006,0.022368267173237467
YOLOv4 default,3214,0.38212700000000005,0.02411440625435344
YOLOv4 default,3215,0.3837813333333333,0.03073634927537391
YOLOv4 default,3216,0.3767246666666666,0.02992071791882304
YOLOv4 default,3217,0.3948756666666667,0.026347285409401185
YOLOv4 default,3218,0.38361566666666663,0.026208304754621412
YOLOv4 default,3219,0.3864896666666667,0.016146128290639144
YOLOv4 default,3220,0.37663599999999997,0.015496610855280587
YOLOv4 default,3221,0.3797606666666667,0.012942341549262933
YOLOv4 default,3222,0.37142633333333336,0.006028468084384652
YOLOv4 default,3223,0.368296,0.013021488406988394
YOLOv4 default,3224,0.37122199999999994,0.0047883302935365635
YOLOv4 default,3225,0.36889833333333333,0.011270594635796483
YOLOv4 default,3226,0.37616166666666667,0.016256452999074286
YOLOv4 default,3227,0.3796006666666667,0.013420239818191692
YOLOv4 default,3228,0.387232,0.010443999345716817
YOLOv4 default,3229,0.38252966666666666,0.01331627345685638
YOLOv4 default,3230,0.38507766666666665,0.01479272187409891
YOLOv4 default,3231,0.3943096666666667,0.008585587173345292
YOLOv4 default,3232,0.39787600000000006,0.0029613438390928837
YOLOv4 default,3233,0.41020100000000004,0.007293666453391819
YOLOv4 default,3234,0.40766366666666665,0.014348920009688682
YOLOv4 default,3235,0.4157146666666667,0.012202995948172368
YOLOv4 default,3236,0.41240966666666673,0.014753754621940967
YOLOv4 default,3237,0.4169693333333333,0.027136399425453955
YOLOv4 default,3238,0.42196799999999995,0.02239952035944818
YOLOv4 default,3239,0.41927333333333333,0.021324505108234318
YOLOv4 default,3240,0.43019633333333335,0.019636498001878493
YOLOv4 default,3241,0.4199063333333333,0.013768175167553773
YOLOv4 default,3242,0.421573,0.013908152010002395
YOLOv4 default,3243,0.42122299999999996,0.016406548936324178
YOLOv4 default,3244,0.41876033333333335,0.009982848379985428
YOLOv4 default,3245,0.41813133333333335,0.013456059011133649
YOLOv4 default,3246,0.4142573333333333,0.012463048802136827
YOLOv4 default,3247,0.41368333333333335,0.007393268567495102
YOLOv4 default,3248,0.429314,0.007239145828986552
YOLOv4 default,3249,0.41786266666666666,0.012189619222017464
YOLOv4 default,3250,0.4199286666666667,0.006836926608092589
YOLOv4 default,3251,0.411778,0.006298660995269816
YOLOv4 default,3252,0.40622033333333335,0.014935265808742007
YOLOv4 default,3253,0.40641666666666665,0.016278180348074676
YOLOv4 default,3254,0.40004,0.022909480657579306
YOLOv4 default,3255,0.39672799999999997,0.021242940058601424
YOLOv4 default,3256,0.39396533333333333,0.019041114221016002
YOLOv4 default,3257,0.391217,0.01710670091903559
YOLOv4 default,3258,0.39966799999999997,0.02170139120732433
YOLOv4 default,3259,0.3895043333333333,0.023769628592900736
YOLOv4 default,3260,0.396504,0.02793815653068993
YOLOv4 default,3261,0.41111800000000004,0.027676257773285272
YOLOv4 default,3262,0.41718633333333327,0.03006667165557977
YOLOv4 default,3263,0.41107133333333334,0.019225692326791364
YOLOv4 default,3264,0.4241983333333333,0.01472271435948926
YOLOv4 default,3265,0.424379,0.014433061225302597
YOLOv4 default,3266,0.4273813333333334,0.014853302958526689
YOLOv4 default,3267,0.4362446666666666,0.02092700330779455
YOLOv4 default,3268,0.4362913333333333,0.01671290276336751
YOLOv4 default,3269,0.4389636666666667,0.0209095824151937
YOLOv4 default,3270,0.45492,0.021928476014838178
YOLOv4 default,3271,0.46789366666666665,0.009998929814957414
YOLOv4 default,3272,0.4820426666666667,0.010629329632881114
YOLOv4 default,3273,0.4700086666666667,0.016573567653881214
YOLOv4 default,3274,0.46773299999999995,0.01615234925121832
YOLOv4 default,3275,0.46796733333333335,0.013209096793918625
YOLOv4 default,3276,0.46818066666666663,0.00803160391481331
YOLOv4 default,3277,0.463738,0.017381718710568674
YOLOv4 default,3278,0.4603086666666667,0.013704941314885092
YOLOv4 default,3279,0.45990766666666666,0.017921446001307427
YOLOv4 default,3280,0.46284300000000006,0.0232581286722155
YOLOv4 default,3281,0.45387466666666665,0.02104281092070269
YOLOv4 default,3282,0.4406376666666667,0.023505777533288377
YOLOv4 default,3283,0.446385,0.02544403519491355
YOLOv4 default,3284,0.44808633333333336,0.03087356939375672
YOLOv4 default,3285,0.43874266666666667,0.03698444939130198
YOLOv4 default,3286,0.4392856666666667,0.038958412105446226
YOLOv4 default,3287,0.4495203333333333,0.03118878479161664
YOLOv4 default,3288,0.45011399999999996,0.03714538976777603
YOLOv4 default,3289,0.44890066666666667,0.03469352660239532
YOLOv4 default,3290,0.46010333333333336,0.032156952541834205
YOLOv4 default,3291,0.45242266666666664,0.026956573282060727
YOLOv4 default,3292,0.461458,0.027839976795967343
YOLOv4 default,3293,0.45934333333333327,0.02952500065104901
YOLOv4 default,3294,0.45189066666666666,0.02326708199963585
YOLOv4 default,3295,0.458355,0.02881629030600573
YOLOv4 default,3296,0.45625399999999994,0.03445718031122106
YOLOv4 default,3297,0.45768699999999995,0.032717861925865524
YOLOv4 default,3298,0.4477803333333334,0.03554406983043881
YOLOv4 default,3299,0.45006666666666667,0.03194251655882973
YOLOv4 default,3300,0.4481563333333334,0.027956946640226008
YOLOv4 default,3301,0.4529856666666667,0.02284579334971272
YOLOv4 default,3302,0.46659133333333336,0.01170852106136571
YOLOv4 default,3303,0.4651166666666667,0.01772006355644482
YOLOv4 default,3304,0.4596926666666667,0.02164910472616466
YOLOv4 default,3305,0.4453496666666667,0.027603089442629014
YOLOv4 default,3306,0.4486076666666667,0.0324124598692814
YOLOv4 default,3307,0.4595303333333334,0.03425148498159523
YOLOv4 default,3308,0.44258899999999995,0.02864251415873497
YOLOv4 default,3309,0.44525433333333336,0.02670588280593706
YOLOv4 default,3310,0.44968,0.022202781409844413
YOLOv4 default,3311,0.45408800000000005,0.019317136804747573
YOLOv4 default,3312,0.45267066666666667,0.018065511454456836
YOLOv4 default,3313,0.4543683333333333,0.016907960495314355
YOLOv4 default,3314,0.46602066666666664,0.012618562283838492
YOLOv4 default,3315,0.4554333333333333,0.01589322468153576
YOLOv4 default,3316,0.47018866666666664,0.012582400517301057
YOLOv4 default,3317,0.4696916666666667,0.01501004367452378
YOLOv4 default,3318,0.4641283333333333,0.0008692568345687315
YOLOv4 default,3319,0.45873733333333333,0.008502441224600019
YOLOv4 default,3320,0.45456766666666665,0.013475045458591644
YOLOv4 default,3321,0.45196,0.012458307041220855
YOLOv4 default,3322,0.437313,0.008533221490152464
YOLOv4 default,3323,0.450993,0.009363891142753288
YOLOv4 default,3324,0.4552873333333333,0.020830773424058077
YOLOv4 default,3325,0.45955199999999996,0.025366767084777135
YOLOv4 default,3326,0.4594673333333333,0.031160414708051917
YOLOv4 default,3327,0.4452143333333333,0.02466360017876097
YOLOv4 default,3328,0.45236099999999996,0.02577133464400578
YOLOv4 default,3329,0.455456,0.022013770924885486
YOLOv4 default,3330,0.46724266666666664,0.021127801355349557
YOLOv4 default,3331,0.460348,0.01117620943492619
YOLOv4 default,3332,0.45101299999999994,0.006889283731516161
YOLOv4 default,3333,0.45551499999999995,0.014798519599383358
YOLOv4 default,3334,0.444798,0.009375599038639252
YOLOv4 default,3335,0.4437756666666666,0.011757034381358432
YOLOv4 default,3336,0.4304383333333333,0.012677467495959563
YOLOv4 default,3337,0.42574766666666664,0.0208752194106899
YOLOv4 default,3338,0.4330053333333333,0.023003363988290438
YOLOv4 default,3339,0.42868100000000003,0.02608272746474187
YOLOv4 default,3340,0.41418533333333335,0.028230295336354117
YOLOv4 default,3341,0.4072826666666667,0.022527046450384437
YOLOv4 default,3342,0.40070500000000003,0.027959068659977458
YOLOv4 default,3343,0.40654866666666667,0.03822308755335068
YOLOv4 default,3344,0.4028096666666667,0.03441272598585846
YOLOv4 default,3345,0.40298233333333333,0.05083697779613225
YOLOv4 default,3346,0.421695,0.049115280772213186
YOLOv4 default,3347,0.408059,0.05163840141793701
YOLOv4 default,3348,0.4220163333333333,0.060068864426127154
YOLOv4 default,3349,0.42013033333333333,0.054137656002494636
YOLOv4 default,3350,0.4267256666666667,0.060757817610392985
YOLOv4 default,3351,0.42374533333333336,0.05812240273862663
YOLOv4 default,3352,0.4250163333333334,0.061548454490028534
YOLOv4 default,3353,0.43358633333333335,0.05854674076135903
YOLOv4 default,3354,0.4474753333333334,0.04943917682140125
YOLOv4 default,3355,0.45022500000000004,0.04671281383446447
YOLOv4 default,3356,0.4312686666666667,0.04405862991640922
YOLOv4 default,3357,0.41816933333333334,0.03689507968249666
YOLOv4 default,3358,0.40562766666666666,0.02666111500752443
YOLOv4 default,3359,0.3979296666666667,0.02832151631023861
YOLOv4 default,3360,0.401589,0.023300547726037107
YOLOv4 default,3361,0.413502,0.02390642893309944
YOLOv4 default,3362,0.4083506666666667,0.021887649488035725
YOLOv4 default,3363,0.4154353333333334,0.016911246970909954
YOLOv4 default,3364,0.4215163333333333,0.021670117591846262
YOLOv4 default,3365,0.4289713333333333,0.01636314996502134
YOLOv4 default,3366,0.4263836666666667,0.02518700473348201
YOLOv4 default,3367,0.43175933333333333,0.028038718779177095
YOLOv4 default,3368,0.43598766666666666,0.030787785469421333
YOLOv4 default,3369,0.4389983333333333,0.03865938893435563
YOLOv4 default,3370,0.4345490000000001,0.03703648957897244
YOLOv4 default,3371,0.4320076666666666,0.03197984376308163
YOLOv4 default,3372,0.42163600000000007,0.020636759879722723
YOLOv4 default,3373,0.429141,0.03059109717439591
YOLOv4 default,3374,0.4208156666666667,0.0313046037153927
YOLOv4 default,3375,0.42617533333333335,0.03502890204927609
YOLOv4 default,3376,0.41757099999999997,0.03613376136431599
YOLOv4 default,3377,0.4313583333333333,0.03162093665771322
YOLOv4 default,3378,0.4248206666666667,0.038445246088141725
YOLOv4 default,3379,0.4267626666666666,0.03113146887172385
YOLOv4 default,3380,0.4245986666666666,0.03106494402233988
YOLOv4 default,3381,0.42481966666666665,0.03446333716349077
YOLOv4 default,3382,0.40892066666666665,0.025933308532550256
YOLOv4 default,3383,0.3967333333333333,0.017564199965966122
YOLOv4 default,3384,0.385899,0.011978850751776373
YOLOv4 default,3385,0.381773,0.008267148803144492
YOLOv4 default,3386,0.38049299999999997,0.004821604539293261
YOLOv4 default,3387,0.3961826666666666,0.005152641728063168
YOLOv4 default,3388,0.38540766666666665,0.007634697469084439
YOLOv4 default,3389,0.39436566666666667,0.006769623754521201
YOLOv4 default,3390,0.3954063333333333,0.011295401783223304
YOLOv4 default,3391,0.39393433333333333,0.0008888933819330824
YOLOv4 default,3392,0.3956393333333333,0.0010146692947841454
YOLOv4 default,3393,0.39270333333333335,0.007751397601579844
YOLOv4 default,3394,0.3943313333333333,0.007267820405351571
YOLOv4 default,3395,0.39549100000000004,0.004811611407141419
YOLOv4 default,3396,0.39315000000000005,0.011556695433095622
YOLOv4 default,3397,0.396044,0.014622798740323285
YOLOv4 default,3398,0.39753999999999995,0.02165851361474282
YOLOv4 default,3399,0.40195,0.023622451382812357
YOLOv4 default,3400,0.39550599999999997,0.017214935792309347
YOLOv4 default,3401,0.3797236666666666,0.016491520410333447
YOLOv4 default,3402,0.3851826666666667,0.007499081640070638
YOLOv4 default,3403,0.39252133333333333,0.005186172973504761
YOLOv4 default,3404,0.3920333333333333,0.004054304393001474
YOLOv4 default,3405,0.39638033333333333,0.010789452447233413
YOLOv4 default,3406,0.391594,0.011443696969656844
YOLOv4 default,3407,0.389065,0.008764319882341132
YOLOv4 default,3408,0.389916,0.012405771116702099
YOLOv4 default,3409,0.4087226666666666,0.020344335299482697
YOLOv4 default,3410,0.400337,0.016048741082506545
YOLOv4 default,3411,0.40014700000000003,0.01233435771871942
YOLOv4 default,3412,0.38888966666666674,0.01019688933504287
YOLOv4 default,3413,0.39943,0.012058446182379112
YOLOv4 default,3414,0.39206499999999994,0.011959786383265104
YOLOv4 default,3415,0.38489733333333337,0.02087635805828637
YOLOv4 default,3416,0.3950086666666666,0.028687377458464974
YOLOv4 default,3417,0.3840923333333333,0.019667158431704825
YOLOv4 default,3418,0.38590300000000005,0.026454043377147466
YOLOv4 default,3419,0.39122900000000005,0.025328432449193014
YOLOv4 default,3420,0.393693,0.03126798805487812
YOLOv4 default,3421,0.397873,0.0329265030180856
YOLOv4 default,3422,0.3866796666666667,0.0291009137103593
YOLOv4 default,3423,0.37786666666666663,0.031299822557182506
YOLOv4 default,3424,0.376714,0.02978734439881027
YOLOv4 default,3425,0.385588,0.027209426240428776
YOLOv4 default,3426,0.39178966666666665,0.02076718734232229
YOLOv4 default,3427,0.38253333333333334,0.015284810819168741
YOLOv4 default,3428,0.37745866666666666,0.013552284645443028
YOLOv4 default,3429,0.379619,0.01618404161512198
YOLOv4 default,3430,0.38578533333333337,0.023567119979138542
YOLOv4 default,3431,0.3824743333333333,0.01693719156504736
YOLOv4 default,3432,0.38634199999999996,0.01798364368901177
YOLOv4 default,3433,0.39347333333333334,0.023165273552837182
YOLOv4 default,3434,0.39451300000000006,0.022914102957203756
YOLOv4 default,3435,0.38879766666666665,0.025526259043929217
YOLOv4 default,3436,0.3937483333333333,0.02360774761480741
YOLOv4 default,3437,0.39087133333333335,0.025862237788800195
YOLOv4 default,3438,0.38448466666666664,0.0233633480073193
YOLOv4 default,3439,0.3791436666666666,0.031761745356814246
YOLOv4 default,3440,0.38148733333333334,0.031977181616132326
YOLOv4 default,3441,0.38286100000000006,0.03668756616348379
YOLOv4 default,3442,0.38401833333333335,0.033307006802039595
YOLOv4 default,3443,0.372145,0.03299322859315226
YOLOv4 default,3444,0.3664366666666667,0.03851719287250537
YOLOv4 default,3445,0.35168499999999997,0.030028357269976214
YOLOv4 default,3446,0.35125266666666666,0.026422976241226966
YOLOv4 default,3447,0.3598603333333333,0.029192087948239992
YOLOv4 default,3448,0.3643826666666667,0.025936730842143114
YOLOv4 default,3449,0.3497083333333333,0.027379194974367763
YOLOv4 default,3450,0.3432846666666666,0.02599878824312992
YOLOv4 default,3451,0.35715666666666673,0.028569148536683964
YOLOv4 default,3452,0.351312,0.024885430617130184
YOLOv4 default,3453,0.3626146666666667,0.029268906336095163
YOLOv4 default,3454,0.36948200000000003,0.02196002295839723
YOLOv4 default,3455,0.36605299999999996,0.013727192623888301
YOLOv4 default,3456,0.35522666666666664,0.012352870669515553
YOLOv4 default,3457,0.34587233333333334,0.001313809008612402
YOLOv4 default,3458,0.338295,0.002430071878223638
YOLOv4 default,3459,0.35888533333333333,0.011676809043760386
YOLOv4 default,3460,0.3518746666666667,0.012497303046835526
YOLOv4 default,3461,0.36235766666666674,0.01031309336609428
YOLOv4 default,3462,0.3667333333333333,0.018964544148958026
YOLOv4 default,3463,0.3899616666666667,0.022362082299682593
YOLOv4 default,3464,0.38675033333333336,0.02248912099463006
YOLOv4 default,3465,0.38455600000000006,0.024366622642459094
YOLOv4 default,3466,0.38172933333333336,0.026225979195785575
YOLOv4 default,3467,0.38811666666666667,0.02407376224809446
YOLOv4 default,3468,0.39480033333333336,0.01883749857184984
YOLOv4 default,3469,0.3965020000000001,0.02041792161313193
YOLOv4 default,3470,0.396366,0.023628292412557723
YOLOv4 default,3471,0.3972266666666667,0.02646479562446014
YOLOv4 default,3472,0.3987883333333333,0.028178195851481413
YOLOv4 default,3473,0.408329,0.02834353868756218
YOLOv4 default,3474,0.39917733333333333,0.026722932450945154
YOLOv4 default,3475,0.392126,0.024462869803030075
YOLOv4 default,3476,0.3921856666666667,0.033986799772526076
YOLOv4 default,3477,0.3979726666666667,0.029967382831635088
YOLOv4 default,3478,0.4001676666666667,0.03394341772878964
YOLOv4 default,3479,0.39569133333333334,0.02964873527563098
YOLOv4 default,3480,0.39377066666666666,0.02591937267973727
YOLOv4 default,3481,0.39385133333333333,0.02159848477967328
YOLOv4 default,3482,0.3931356666666666,0.02115877162733645
YOLOv4 default,3483,0.3856253333333333,0.020723110789111213
YOLOv4 default,3484,0.3845526666666667,0.01776055406730821
YOLOv4 default,3485,0.3711596666666667,0.015308023716702014
YOLOv4 default,3486,0.37004600000000004,0.006545382825575095
YOLOv4 default,3487,0.38258566666666666,0.00922810819061945
YOLOv4 default,3488,0.38111733333333336,0.012001020905647052
YOLOv4 default,3489,0.378369,0.010005416149932654
YOLOv4 default,3490,0.38520933333333335,0.006246920850395891
YOLOv4 default,3491,0.3823533333333333,0.006403770356421116
YOLOv4 default,3492,0.3777566666666667,0.009277438301839806
YOLOv4 default,3493,0.38563333333333333,0.0164489454305672
YOLOv4 default,3494,0.37787433333333337,0.023346900239170465
YOLOv4 default,3495,0.378229,0.03137122637067285
YOLOv4 default,3496,0.38053966666666666,0.02661763831455459
YOLOv4 default,3497,0.38264766666666666,0.014522924697793408
YOLOv4 default,3498,0.384701,0.013596274207786974
YOLOv4 default,3499,0.380509,0.015544700929898903
YOLOv4 default,3500,0.38244866666666666,0.019688849554450306
YOLOv4 default,3501,0.3782436666666667,0.013019364632901428
YOLOv4 default,3502,0.38420799999999994,0.01933795120999119
YOLOv4 default,3503,0.38834433333333335,0.02622599954455714
YOLOv4 default,3504,0.3895326666666667,0.029036336168861095
YOLOv4 default,3505,0.3946536666666667,0.02605171885777299
YOLOv4 default,3506,0.39168566666666665,0.020531544432355237
YOLOv4 default,3507,0.39921633333333334,0.015586833934802502
YOLOv4 default,3508,0.41644733333333334,0.029635730362370206
YOLOv4 default,3509,0.3970396666666667,0.0249569744449211
YOLOv4 default,3510,0.3882353333333333,0.027546364275123105
YOLOv4 default,3511,0.38621966666666663,0.016251731911126003
YOLOv4 default,3512,0.3796733333333333,0.014752768173389627
YOLOv4 default,3513,0.38726900000000003,0.02422372264950208
YOLOv4 default,3514,0.3799493333333333,0.020667702866496253
YOLOv4 default,3515,0.3733863333333333,0.019644386155959266
YOLOv4 default,3516,0.38251433333333335,0.026195771289359734
YOLOv4 default,3517,0.3767036666666666,0.022853755937360592
YOLOv4 default,3518,0.3799453333333333,0.01981223428703699
YOLOv4 default,3519,0.3708913333333333,0.01695240879966948
YOLOv4 default,3520,0.3753686666666667,0.015544947735875836
YOLOv4 default,3521,0.38375999999999993,0.02177685946901742
YOLOv4 default,3522,0.3939256666666666,0.02652030079224426
YOLOv4 default,3523,0.39482033333333333,0.0248706921384276
YOLOv4 default,3524,0.39596233333333336,0.029881011095863393
YOLOv4 default,3525,0.41596166666666673,0.026696495489941074
YOLOv4 default,3526,0.412134,0.030017205888179077
YOLOv4 default,3527,0.40032,0.02060002844658231
YOLOv4 default,3528,0.39621233333333333,0.030066873827815536
YOLOv4 default,3529,0.3946053333333333,0.02331028451373152
YOLOv4 default,3530,0.39339399999999997,0.02876240167881211
YOLOv4 default,3531,0.38802933333333334,0.033892415987126764
YOLOv4 default,3532,0.38109666666666664,0.030275626392272135
YOLOv4 default,3533,0.38042166666666666,0.034776998789110274
YOLOv4 default,3534,0.38770566666666667,0.04571046917768887
YOLOv4 default,3535,0.38594066666666665,0.03317037702696657
YOLOv4 default,3536,0.39232833333333333,0.033502480367545606
YOLOv4 default,3537,0.386149,0.032100553489516855
YOLOv4 default,3538,0.3754853333333334,0.02878181595691587
YOLOv4 default,3539,0.38745433333333335,0.026256097198767207
YOLOv4 default,3540,0.383148,0.020037752227566187
YOLOv4 default,3541,0.39408100000000007,0.011572487603507438
YOLOv4 default,3542,0.39277066666666666,0.011004310857316086
YOLOv4 default,3543,0.3883556666666667,0.00510916961072062
YOLOv4 default,3544,0.39546300000000006,0.010996370355712827
YOLOv4 default,3545,0.386469,0.01684044448146584
YOLOv4 default,3546,0.3788856666666667,0.01548873106846106
YOLOv4 default,3547,0.37233166666666667,0.012041653683960717
YOLOv4 default,3548,0.360565,0.008757742250907682
YOLOv4 default,3549,0.3597033333333333,0.007660149222509379
YOLOv4 default,3550,0.357941,0.003747158434511856
YOLOv4 default,3551,0.35375566666666663,0.005083176642393789
YOLOv4 default,3552,0.34763666666666665,0.008345988903525923
YOLOv4 default,3553,0.3313196666666667,0.0061043396949310704
YOLOv4 default,3554,0.33423200000000003,0.0060424171763734935
YOLOv4 default,3555,0.3409356666666667,0.006731679491611132
YOLOv4 default,3556,0.3463916666666667,0.010758745052798266
YOLOv4 default,3557,0.3486833333333334,0.012148256079692173
YOLOv4 default,3558,0.341918,0.012620357258545942
YOLOv4 default,3559,0.3344203333333333,0.014681430020418456
YOLOv4 default,3560,0.33875666666666665,0.009992834505006305
YOLOv4 default,3561,0.3438756666666667,0.008428391351721732
YOLOv4 default,3562,0.33927766666666664,0.00901448348184434
YOLOv4 default,3563,0.3416963333333333,0.011140447512455586
YOLOv4 default,3564,0.34048366666666663,0.014392843619120044
YOLOv4 default,3565,0.3408326666666666,0.011758251858919249
YOLOv4 default,3566,0.33990000000000004,0.01855448142632932
YOLOv4 default,3567,0.3469436666666666,0.018628674468261143
YOLOv4 default,3568,0.34922433333333336,0.01512466839673226
YOLOv4 default,3569,0.350776,0.01655697890115626
YOLOv4 default,3570,0.3396253333333333,0.01322333712713164
YOLOv4 default,3571,0.32733266666666666,0.0075012507697790635
YOLOv4 default,3572,0.340261,0.0087099653845466
YOLOv4 default,3573,0.33905633333333335,0.013378096804520104
YOLOv4 default,3574,0.34979133333333334,0.007728197490000133
YOLOv4 default,3575,0.35693766666666665,0.007666498208294166
YOLOv4 default,3576,0.3495163333333333,0.008685024205173197
YOLOv4 default,3577,0.36169866666666667,0.01806626444816723
YOLOv4 default,3578,0.36417866666666665,0.021531975148085653
YOLOv4 default,3579,0.34987966666666664,0.012337108174572805
YOLOv4 default,3580,0.355187,0.02024684677507422
YOLOv4 default,3581,0.3504366666666667,0.017607049935876376
YOLOv4 default,3582,0.35438566666666665,0.01935247905164722
YOLOv4 default,3583,0.3450783333333333,0.018463924504587618
YOLOv4 default,3584,0.35299366666666665,0.01836999432347338
YOLOv4 default,3585,0.35698599999999997,0.0258357537984347
YOLOv4 default,3586,0.3597883333333334,0.03097599018774236
YOLOv4 default,3587,0.35444499999999995,0.035498683938046685
YOLOv4 default,3588,0.362604,0.040021485608774374
YOLOv4 default,3589,0.37000633333333327,0.04073543987869912
YOLOv4 default,3590,0.36484466666666665,0.046407661613622
YOLOv4 default,3591,0.36212266666666665,0.035600984501056226
YOLOv4 default,3592,0.35722433333333337,0.03193870405079776
YOLOv4 default,3593,0.36604400000000004,0.030620209540976915
YOLOv4 default,3594,0.36371400000000004,0.022495930394925506
YOLOv4 default,3595,0.3675523333333333,0.019083780742935732
YOLOv4 default,3596,0.37034933333333336,0.017054085300726173
YOLOv4 default,3597,0.362206,0.014113746100876259
YOLOv4 default,3598,0.3635443333333333,0.007605748359702101
YOLOv4 default,3599,0.3706373333333333,0.014556465921064458
YOLOv4 default,3600,0.3731436666666667,0.008760692844239616
YOLOv4 default,3601,0.3930146666666667,0.0064740629781030335
YOLOv4 default,3602,0.4026370000000001,0.012237191276323726
YOLOv4 default,3603,0.4115046666666667,0.012427666411858837
YOLOv4 default,3604,0.419977,0.007819144390532766
YOLOv4 default,3605,0.41571066666666673,0.011615703412956872
YOLOv4 default,3606,0.41652333333333336,0.0065732938808822795
YOLOv4 default,3607,0.41441866666666666,0.014433647198280991
YOLOv4 default,3608,0.4144476666666666,0.021808960653313524
YOLOv4 default,3609,0.414719,0.01713861169990148
YOLOv4 default,3610,0.42338933333333334,0.014761415755648603
YOLOv4 default,3611,0.43415,0.0143865487638048
YOLOv4 default,3612,0.43902833333333335,0.019960998074022036
YOLOv4 default,3613,0.4334456666666666,0.02522334822033832
YOLOv4 default,3614,0.43215333333333333,0.013473774283564518
YOLOv4 default,3615,0.42985933333333337,0.011152816420577855
YOLOv4 default,3616,0.42936966666666665,0.010485490106703533
YOLOv4 default,3617,0.4342743333333334,0.016070763696158872
YOLOv4 default,3618,0.4256946666666666,0.01931482457710772
YOLOv4 default,3619,0.4286743333333334,0.012587667699423561
YOLOv4 default,3620,0.41913533333333336,0.01094227773871194
YOLOv4 default,3621,0.4093586666666667,0.010206834349809164
YOLOv4 default,3622,0.416485,0.012577073904529626
YOLOv4 default,3623,0.419067,0.01709954493546538
YOLOv4 default,3624,0.41247833333333334,0.018310384998076308
YOLOv4 default,3625,0.40910399999999997,0.019919138845174347
YOLOv4 default,3626,0.413641,0.012144454921211295
YOLOv4 default,3627,0.408334,0.017300207291628997
YOLOv4 default,3628,0.41009266666666666,0.013511829142561634
YOLOv4 default,3629,0.41043,0.005462539793905391
YOLOv4 default,3630,0.42272266666666675,0.010620666164501072
YOLOv4 default,3631,0.41374666666666665,0.011702339443224356
YOLOv4 default,3632,0.412159,0.020724342498617432
YOLOv4 default,3633,0.41348500000000005,0.02683079622995436
YOLOv4 default,3634,0.4075173333333333,0.02123387455877466
YOLOv4 default,3635,0.4015743333333333,0.021049722692815794
YOLOv4 default,3636,0.409697,0.015152382287944034
YOLOv4 default,3637,0.40185866666666664,0.02136000163337488
YOLOv4 default,3638,0.403892,0.02859504440166746
YOLOv4 default,3639,0.39731466666666665,0.019828738406105866
YOLOv4 default,3640,0.39897900000000003,0.02227335202283962
YOLOv4 default,3641,0.39862533333333333,0.023491992482073072
YOLOv4 default,3642,0.400615,0.021892323860202685
YOLOv4 default,3643,0.38922566666666664,0.02421994333418457
YOLOv4 default,3644,0.37707966666666665,0.026859507642132567
YOLOv4 default,3645,0.374932,0.019374611230508185
YOLOv4 default,3646,0.3764363333333334,0.01589036731622163
YOLOv4 default,3647,0.383367,0.013247469456466012
YOLOv4 default,3648,0.37683266666666665,0.016140361182796086
YOLOv4 default,3649,0.37952199999999997,0.019223372987069682
YOLOv4 default,3650,0.38118066666666667,0.01682930444525593
YOLOv4 default,3651,0.3810833333333334,0.02136011980563572
YOLOv4 default,3652,0.3923753333333333,0.022352314259999506
YOLOv4 default,3653,0.39486366666666667,0.01376884045388153
YOLOv4 default,3654,0.3830799999999999,0.01881312198971771
YOLOv4 default,3655,0.38156833333333334,0.02475855476620378
YOLOv4 default,3656,0.3883823333333334,0.02588577782189372
YOLOv4 default,3657,0.3835206666666666,0.0262017399189019
YOLOv4 default,3658,0.39099700000000004,0.02759119369170774
YOLOv4 default,3659,0.3956553333333333,0.026932360388779716
YOLOv4 default,3660,0.38166833333333333,0.024034646952079648
YOLOv4 default,3661,0.3963813333333333,0.03414247655698755
YOLOv4 default,3662,0.39364366666666667,0.03954844876997215
YOLOv4 default,3663,0.3981406666666667,0.03689292706076751
YOLOv4 default,3664,0.39036299999999996,0.0329614075296146
YOLOv4 default,3665,0.3875713333333333,0.029749356555133163
YOLOv4 default,3666,0.3888366666666667,0.02473685551515751
YOLOv4 default,3667,0.3776556666666666,0.0293678153558922
YOLOv4 default,3668,0.3908393333333333,0.02106607551122051
YOLOv4 default,3669,0.39666766666666664,0.02157981109998674
YOLOv4 default,3670,0.3970396666666667,0.0222754807829396
YOLOv4 default,3671,0.40173466666666663,0.02564000437034111
YOLOv4 default,3672,0.3951786666666666,0.024011805390497222
YOLOv4 default,3673,0.39497566666666667,0.024908165945684915
YOLOv4 default,3674,0.389469,0.026937472456289094
YOLOv4 default,3675,0.3930546666666667,0.02891933650883282
YOLOv4 default,3676,0.38977799999999996,0.036033393942286385
YOLOv4 default,3677,0.3941493333333333,0.03943012465249268
YOLOv4 default,3678,0.39112966666666665,0.03493824619874966
YOLOv4 default,3679,0.3892276666666667,0.03673725584168989
YOLOv4 default,3680,0.3904366666666667,0.044393991306381914
YOLOv4 default,3681,0.3937543333333333,0.04049673834740001
YOLOv4 default,3682,0.38626699999999997,0.0416686885682763
YOLOv4 default,3683,0.37447800000000003,0.037813171197348686
YOLOv4 default,3684,0.36533,0.03739256271417262
YOLOv4 default,3685,0.361602,0.03226369486486837
YOLOv4 default,3686,0.35933733333333334,0.022253460557355526
YOLOv4 default,3687,0.36971133333333334,0.0244763751015364
YOLOv4 default,3688,0.374892,0.028004289838046845
YOLOv4 default,3689,0.36226833333333336,0.021353600206470518
YOLOv4 default,3690,0.3510423333333333,0.016342871946033368
YOLOv4 default,3691,0.3510243333333334,0.020066580694721704
YOLOv4 default,3692,0.3449136666666666,0.018593767076929616
YOLOv4 default,3693,0.3618976666666667,0.011638412296261792
YOLOv4 default,3694,0.357627,0.013908479440015472
YOLOv4 default,3695,0.365635,0.003541857281145023
YOLOv4 default,3696,0.38914133333333334,0.004864760505695813
YOLOv4 default,3697,0.393943,0.011304405527639803
YOLOv4 default,3698,0.3899863333333333,0.01921081405817509
YOLOv4 default,3699,0.399183,0.028502762836843276
YOLOv4 default,3700,0.39532833333333334,0.02330484529258049
YOLOv4 default,3701,0.3929533333333333,0.02446063858755759
YOLOv4 default,3702,0.409488,0.026827032808965905
YOLOv4 default,3703,0.403554,0.028890932095267073
YOLOv4 default,3704,0.40138566666666664,0.02582089113058993
YOLOv4 default,3705,0.39593233333333333,0.028160339571421684
YOLOv4 default,3706,0.39020666666666665,0.029407362016640955
YOLOv4 default,3707,0.3917663333333334,0.026783079424226867
YOLOv4 default,3708,0.39298800000000006,0.027331743211877285
YOLOv4 default,3709,0.39732133333333336,0.0301451384158559
YOLOv4 default,3710,0.391373,0.03435156861532429
YOLOv4 default,3711,0.378933,0.02517738580552
YOLOv4 default,3712,0.3750833333333334,0.021876229750830267
YOLOv4 default,3713,0.37797333333333333,0.02175499766592597
YOLOv4 default,3714,0.36994166666666667,0.02394535956668384
YOLOv4 default,3715,0.36298199999999997,0.02785565339986361
YOLOv4 default,3716,0.3542903333333334,0.020451776861137954
YOLOv4 default,3717,0.36945733333333336,0.017573339185001556
YOLOv4 default,3718,0.36769599999999997,0.017022615349391326
YOLOv4 default,3719,0.3661503333333333,0.010288507266740776
YOLOv4 default,3720,0.3717436666666667,0.013071528963531566
YOLOv4 default,3721,0.38236733333333334,0.010014143353832668
YOLOv4 default,3722,0.37649533333333335,0.0027356910359988443
YOLOv4 default,3723,0.37157366666666664,0.003297436900247095
YOLOv4 default,3724,0.36418100000000003,0.005655243967622741
YOLOv4 default,3725,0.36591733333333337,0.00585424952017289
YOLOv4 default,3726,0.35065433333333335,0.0017643734802410087
YOLOv4 default,3727,0.346853,0.007559134364021676
YOLOv4 default,3728,0.350439,0.008094458248291444
YOLOv4 default,3729,0.35031433333333334,0.012709395138155772
YOLOv4 default,3730,0.3430493333333334,0.0139956839696307
YOLOv4 default,3731,0.3379703333333333,0.008906077743753306
YOLOv4 default,3732,0.3457056666666667,0.005855574846057208
YOLOv4 default,3733,0.341502,0.0015087857148493007
YOLOv4 default,3734,0.34305633333333335,0.015010840586426571
YOLOv4 default,3735,0.3440533333333333,0.018779184223791802
YOLOv4 default,3736,0.343275,0.020211526521599844
YOLOv4 default,3737,0.344479,0.020928899405686225
YOLOv4 default,3738,0.34331500000000004,0.02084986650636721
YOLOv4 default,3739,0.3372293333333333,0.02143268230478346
YOLOv4 default,3740,0.335445,0.017737714405563456
YOLOv4 default,3741,0.33407866666666663,0.017291133193377224
YOLOv4 default,3742,0.34619599999999995,0.018763617357357657
YOLOv4 default,3743,0.3587453333333333,0.016538334804662505
YOLOv4 default,3744,0.35598766666666676,0.021737639356143937
YOLOv4 default,3745,0.3591786666666667,0.02129015896553564
YOLOv4 default,3746,0.355072,0.011730981416744293
YOLOv4 default,3747,0.34949800000000003,0.010121470709997306
YOLOv4 default,3748,0.35867266666666664,0.0055485313472225265
YOLOv4 default,3749,0.359269,0.011690193710969889
YOLOv4 default,3750,0.36149933333333334,0.010669573911100879
YOLOv4 default,3751,0.35727400000000004,0.011551491692995037
YOLOv4 default,3752,0.35177733333333333,0.014922831739020273
YOLOv4 default,3753,0.35672433333333337,0.013859132420337306
YOLOv4 default,3754,0.3484603333333333,0.018335182703692318
YOLOv4 default,3755,0.345102,0.011456939687368526
YOLOv4 default,3756,0.3417683333333333,0.00991131111968094
YOLOv4 default,3757,0.338477,0.014609537717988669
YOLOv4 default,3758,0.3365943333333333,0.020651280866920675
YOLOv4 default,3759,0.3349836666666666,0.02004869542167547
YOLOv4 default,3760,0.33219666666666664,0.02159690957315679
YOLOv4 default,3761,0.327228,0.024779892601327663
YOLOv4 default,3762,0.330397,0.0266971981738409
YOLOv4 default,3763,0.33007,0.028324645875985804
YOLOv4 default,3764,0.3431113333333333,0.02967826565762299
YOLOv4 default,3765,0.3507073333333333,0.0321621652480744
YOLOv4 default,3766,0.348721,0.03228655278904827
YOLOv4 default,3767,0.3485913333333333,0.02191098148823503
YOLOv4 default,3768,0.3385576666666667,0.018571674214004272
YOLOv4 default,3769,0.3446226666666667,0.017032979474471806
YOLOv4 default,3770,0.3460763333333334,0.021673154702944803
YOLOv4 default,3771,0.356935,0.0252640397666987
YOLOv4 default,3772,0.3576059999999999,0.027666699953795247
YOLOv4 default,3773,0.3510963333333333,0.025271337560784382
YOLOv4 default,3774,0.345947,0.021301254102360584
YOLOv4 default,3775,0.34581966666666664,0.016554276288755256
YOLOv4 default,3776,0.35030100000000003,0.015975038821027434
YOLOv4 default,3777,0.349404,0.022362880650756974
YOLOv4 default,3778,0.36466400000000004,0.020559963010667117
YOLOv4 default,3779,0.3645513333333333,0.022100716619854462
YOLOv4 default,3780,0.35252333333333336,0.01927180657794639
YOLOv4 default,3781,0.363275,0.023047140972363583
YOLOv4 default,3782,0.352684,0.01986972451578867
YOLOv4 default,3783,0.35011433333333336,0.018074412939598102
YOLOv4 default,3784,0.34035433333333326,0.015992182823005883
YOLOv4 default,3785,0.3403353333333334,0.011945770804393954
YOLOv4 default,3786,0.35091500000000003,0.012373386655775904
YOLOv4 default,3787,0.355804,0.005756376667082638
YOLOv4 default,3788,0.3594406666666667,0.005077426163367072
YOLOv4 default,3789,0.36291066666666666,0.007804786658056562
YOLOv4 default,3790,0.367276,0.007990543181369684
YOLOv4 default,3791,0.36325199999999996,0.015254427848988629
YOLOv4 default,3792,0.36763866666666667,0.016378469712128516
YOLOv4 default,3793,0.3698766666666667,0.01456075870657539
YOLOv4 default,3794,0.37703933333333334,0.01716947268976087
YOLOv4 default,3795,0.37449033333333337,0.025549628049042993
YOLOv4 default,3796,0.37534500000000004,0.024072792131366903
YOLOv4 default,3797,0.3801563333333333,0.023734561707443532
YOLOv4 default,3798,0.3721433333333333,0.018854191985986694
YOLOv4 default,3799,0.37436066666666673,0.024006113251512515
YOLOv4 default,3800,0.3679116666666667,0.02262620962757818
YOLOv4 default,3801,0.38023266666666666,0.022812097114859427
YOLOv4 default,3802,0.380743,0.024659533781751283
YOLOv4 default,3803,0.37689966666666663,0.022674381037736068
YOLOv4 default,3804,0.381324,0.024009624757584207
YOLOv4 default,3805,0.385845,0.02729166207837113
YOLOv4 default,3806,0.38740700000000006,0.02866554632888293
YOLOv4 default,3807,0.3859363333333334,0.03094472543818162
YOLOv4 default,3808,0.3913343333333333,0.04125629348488677
YOLOv4 default,3809,0.39861900000000006,0.04916027242940517
YOLOv4 default,3810,0.40301499999999996,0.04327790178601545
YOLOv4 default,3811,0.4088133333333333,0.03880596634682755
YOLOv4 default,3812,0.4023826666666667,0.03479284925255636
YOLOv4 default,3813,0.39616,0.04183760129755688
YOLOv4 default,3814,0.3937593333333333,0.047022869210393545
YOLOv4 default,3815,0.394987,0.041871764567545995
YOLOv4 default,3816,0.38668166666666665,0.04262949337541376
YOLOv4 default,3817,0.3922096666666666,0.03569970176034777
YOLOv4 default,3818,0.397362,0.025672758993402583
YOLOv4 default,3819,0.39383999999999997,0.03291321201787107
YOLOv4 default,3820,0.39279,0.04001951765076637
YOLOv4 default,3821,0.39324833333333337,0.033859599551349956
YOLOv4 default,3822,0.38517033333333334,0.027448688689585467
YOLOv4 default,3823,0.38724633333333336,0.028187648508601146
YOLOv4 default,3824,0.38103400000000004,0.026546929320230866
YOLOv4 default,3825,0.3781583333333334,0.017263380630043974
YOLOv4 default,3826,0.37160066666666663,0.015543080875782357
YOLOv4 default,3827,0.3866096666666667,0.012279427949940398
YOLOv4 default,3828,0.37357466666666667,0.012297635414085824
YOLOv4 default,3829,0.3805393333333333,0.01797309687962663
YOLOv4 default,3830,0.382535,0.013191765474466773
YOLOv4 default,3831,0.3835853333333333,0.008806527585326183
YOLOv4 default,3832,0.3900623333333333,0.019235024012924384
YOLOv4 default,3833,0.3857353333333333,0.027367299296382486
YOLOv4 default,3834,0.38413366666666665,0.02439535834493475
YOLOv4 default,3835,0.380634,0.025828407177627754
YOLOv4 default,3836,0.3895383333333333,0.023859113823535946
YOLOv4 default,3837,0.37873133333333336,0.02314549514364393
YOLOv4 default,3838,0.37991766666666665,0.02625305504338706
YOLOv4 default,3839,0.36849366666666666,0.022227916249117425
YOLOv4 default,3840,0.37894866666666666,0.02568533722011668
YOLOv4 default,3841,0.36833866666666665,0.02999310885483159
YOLOv4 default,3842,0.36858266666666667,0.03067031967192024
YOLOv4 default,3843,0.35889466666666664,0.031822236629613435
YOLOv4 default,3844,0.358871,0.02658953802406755
YOLOv4 default,3845,0.34993066666666667,0.021103787435223818
YOLOv4 default,3846,0.34579999999999994,0.025744626164179073
YOLOv4 default,3847,0.3373933333333334,0.02585855078649572
YOLOv4 default,3848,0.34329800000000005,0.029425155196418827
YOLOv4 default,3849,0.3471553333333333,0.016163697280566033
YOLOv4 default,3850,0.33571033333333333,0.02099492459566782
YOLOv4 default,3851,0.33493666666666666,0.01700756836757617
YOLOv4 default,3852,0.3323063333333333,0.01656215269153674
YOLOv4 default,3853,0.33100099999999993,0.016439042865487433
YOLOv4 default,3854,0.3340753333333333,0.018542049098677797
YOLOv4 default,3855,0.33492066666666664,0.024851674808305732
YOLOv4 default,3856,0.32941333333333334,0.0240611651860651
YOLOv4 default,3857,0.330029,0.018682837587832662
YOLOv4 default,3858,0.324546,0.013242093225770616
YOLOv4 default,3859,0.3394296666666667,0.010023322508585215
YOLOv4 default,3860,0.333211,0.009762145375548006
YOLOv4 default,3861,0.33527233333333334,0.010254095642446703
YOLOv4 default,3862,0.331628,0.008693251194652854
YOLOv4 default,3863,0.335294,0.00387866888678749
YOLOv4 default,3864,0.33816766666666664,0.005069443931811242
YOLOv4 default,3865,0.339642,0.005946795467588679
YOLOv4 default,3866,0.33661599999999997,0.005960941452488853
YOLOv4 default,3867,0.32922599999999996,0.003626116701560139
YOLOv4 default,3868,0.3199193333333333,0.004064614181499205
YOLOv4 default,3869,0.3281863333333333,0.0031818970407255097
YOLOv4 default,3870,0.32141533333333333,0.005555340743624805
YOLOv4 default,3871,0.322472,0.004184609778701008
YOLOv4 default,3872,0.3248606666666667,0.005168568735905313
YOLOv4 default,3873,0.32781166666666667,0.010046353672408281
YOLOv4 default,3874,0.31876466666666664,0.0031897605622435775
YOLOv4 default,3875,0.3206876666666667,0.01767808760710402
YOLOv4 default,3876,0.3257643333333333,0.015863917174238875
YOLOv4 default,3877,0.328297,0.008679397694156734
YOLOv4 default,3878,0.3351013333333333,0.0034589974141521294
YOLOv4 default,3879,0.342921,0.007325640609075314
YOLOv4 default,3880,0.34125133333333335,0.004014165805134486
YOLOv4 default,3881,0.34424533333333335,0.011373741810757688
YOLOv4 default,3882,0.343602,0.01744154764730852
YOLOv4 default,3883,0.346711,0.01583002230994426
YOLOv4 default,3884,0.3558233333333334,0.01556164124092029
YOLOv4 default,3885,0.3612376666666666,0.01639586339429687
YOLOv4 default,3886,0.3584796666666667,0.014026992910496224
YOLOv4 default,3887,0.36655433333333337,0.015094191160104523
YOLOv4 default,3888,0.37456133333333336,0.012999690821109727
YOLOv4 default,3889,0.37128066666666665,0.014671322325468061
YOLOv4 default,3890,0.3630976666666667,0.02212957370679437
YOLOv4 default,3891,0.36430633333333334,0.013283047746825436
YOLOv4 default,3892,0.35764833333333335,0.014425794054786415
YOLOv4 default,3893,0.36130766666666664,0.021520711220692594
YOLOv4 default,3894,0.3673503333333334,0.024507796394435604
YOLOv4 default,3895,0.3682276666666667,0.03137608200701788
YOLOv4 default,3896,0.371335,0.039660934385530214
YOLOv4 default,3897,0.36184700000000003,0.03576750764311095
YOLOv4 default,3898,0.357775,0.03983278235741677
YOLOv4 default,3899,0.3560976666666667,0.042368736022108465
YOLOv4 default,3900,0.3537656666666667,0.04928664803755453
YOLOv4 default,3901,0.356776,0.05023854776298111
YOLOv4 default,3902,0.363218,0.03653928859460731
YOLOv4 default,3903,0.36450333333333335,0.03529245253276934
YOLOv4 default,3904,0.3599216666666667,0.03378647552070371
YOLOv4 default,3905,0.3555216666666667,0.03376805245757856
YOLOv4 default,3906,0.3742383333333334,0.02203293789105554
YOLOv4 default,3907,0.364427,0.013617722509044347
YOLOv4 default,3908,0.36929266666666666,0.011037621019847423
YOLOv4 default,3909,0.3830656666666667,0.011287209166918888
YOLOv4 default,3910,0.3786233333333333,0.01224405298275226
YOLOv4 default,3911,0.3781463333333333,0.013279273001352305
YOLOv4 default,3912,0.3788783333333334,0.0073566027561036106
YOLOv4 default,3913,0.37513599999999997,0.012293854169190934
YOLOv4 default,3914,0.3750866666666666,0.021244697984307625
YOLOv4 default,3915,0.356149,0.017751986968599687
YOLOv4 default,3916,0.36035766666666663,0.01896297246683067
YOLOv4 default,3917,0.35714566666666664,0.014884535446040782
YOLOv4 default,3918,0.35569999999999996,0.014196640248077484
YOLOv4 default,3919,0.3629283333333333,0.011394216491029315
YOLOv4 default,3920,0.36353266666666667,0.018149113535131996
YOLOv4 default,3921,0.36013133333333336,0.013516267141649885
YOLOv4 default,3922,0.3712086666666667,0.007043689003482333
YOLOv4 default,3923,0.36874633333333334,0.010452192853389403
YOLOv4 default,3924,0.36459366666666665,0.004706759123265645
YOLOv4 default,3925,0.35673166666666667,0.004581210951023519
YOLOv4 default,3926,0.3558483333333333,0.010305354794690197
YOLOv4 default,3927,0.3491923333333333,0.008649666396906742
YOLOv4 default,3928,0.3382246666666667,0.007351382462578801
YOLOv4 default,3929,0.34061233333333335,0.009313332098544427
YOLOv4 default,3930,0.342683,0.006716817202614138
YOLOv4 default,3931,0.34592,0.0033992891904043717
YOLOv4 default,3932,0.34158133333333335,0.004384151051736758
YOLOv4 default,3933,0.3439653333333333,0.003140996674801025
YOLOv4 default,3934,0.33637866666666666,0.007860878032665582
YOLOv4 default,3935,0.33993466666666666,0.018486700447739292
YOLOv4 default,3936,0.347377,0.025087214997550723
YOLOv4 default,3937,0.34963633333333327,0.021611216665837627
YOLOv4 default,3938,0.35273166666666667,0.01976125401160338
YOLOv4 default,3939,0.35270399999999996,0.00994395295309332
YOLOv4 default,3940,0.35559466666666667,0.017187805030828632
YOLOv4 default,3941,0.3546636666666667,0.012693520477436956
YOLOv4 default,3942,0.3540026666666667,0.011063088904601243
YOLOv4 default,3943,0.363731,0.006305474764044331
YOLOv4 default,3944,0.36264133333333337,0.008788612752369456
YOLOv4 default,3945,0.38454533333333335,0.01058780046930323
YOLOv4 default,3946,0.3807446666666667,0.014508113825641765
YOLOv4 default,3947,0.3738270000000001,0.012144967284160675
YOLOv4 default,3948,0.3671903333333333,0.00897729922885745
YOLOv4 default,3949,0.36599166666666666,0.011405122392056025
YOLOv4 default,3950,0.3640826666666667,0.009680198281945364
YOLOv4 default,3951,0.3631076666666666,0.011118257797175072
YOLOv4 default,3952,0.360708,0.017414800716631814
YOLOv4 default,3953,0.37172200000000005,0.012562438099349978
YOLOv4 default,3954,0.3658786666666667,0.018406862093010613
YOLOv4 default,3955,0.36314966666666665,0.016818320073988105
YOLOv4 default,3956,0.35239233333333325,0.01803658848316696
YOLOv4 default,3957,0.36495133333333335,0.013087265786931125
YOLOv4 default,3958,0.3516323333333333,0.013731780830532435
YOLOv4 default,3959,0.351662,0.012093783582210046
YOLOv4 default,3960,0.34768099999999996,0.00774903157390221
YOLOv4 default,3961,0.34109999999999996,0.004269177555454908
YOLOv4 default,3962,0.35240133333333334,0.008393716823381112
YOLOv4 default,3963,0.3534983333333333,0.004889200082267495
YOLOv4 default,3964,0.364112,0.012227392076808532
YOLOv4 default,3965,0.36411699999999997,0.013613828423090018
YOLOv4 default,3966,0.38042766666666666,0.00018837757592429853
YOLOv4 default,3967,0.38268300000000005,0.0028063789836727357
YOLOv4 default,3968,0.39055,0.003541891585014981
YOLOv4 default,3969,0.39766866666666667,0.016356521801545853
YOLOv4 default,3970,0.38839500000000005,0.017440144102997934
YOLOv4 default,3971,0.37831566666666666,0.02007474023354834
YOLOv4 default,3972,0.3897376666666667,0.01324456331648742
YOLOv4 default,3973,0.39278900000000005,0.013417488177747726
YOLOv4 default,3974,0.39037000000000005,0.009800084812558172
YOLOv4 default,3975,0.39714266666666664,0.00796232933534178
YOLOv4 default,3976,0.39887300000000003,0.004495439059016747
YOLOv4 default,3977,0.4039196666666667,0.010483187243285206
YOLOv4 default,3978,0.3888106666666667,0.015183281994058825
YOLOv4 default,3979,0.39091066666666663,0.010682217159580907
YOLOv4 default,3980,0.382104,0.016225450882281618
YOLOv4 default,3981,0.374949,0.012337160491782535
YOLOv4 default,3982,0.38123233333333334,0.018048265459902537
YOLOv4 default,3983,0.383612,0.02324301578969477
YOLOv4 default,3984,0.3757346666666667,0.018436277049459972
YOLOv4 default,3985,0.3738616666666667,0.017566057282282898
YOLOv4 default,3986,0.37215666666666664,0.02054221283384804
YOLOv4 default,3987,0.3637413333333333,0.020852552084683645
YOLOv4 default,3988,0.3489443333333333,0.019917195806081183
YOLOv4 default,3989,0.3618156666666667,0.01741152103573314
YOLOv4 default,3990,0.37846566666666664,0.008026371893812159
YOLOv4 default,3991,0.377208,0.009162361485992572
YOLOv4 default,3992,0.37155466666666664,0.01449381962922281
YOLOv4 default,3993,0.365766,0.008862264778260692
YOLOv4 default,3994,0.3614246666666667,0.01004711104967216
YOLOv4 default,3995,0.3525036666666667,0.013848838041912085
YOLOv4 default,3996,0.35596500000000003,0.006461462089444875
YOLOv4 default,3997,0.34997000000000006,0.007882989851572817
YOLOv4 default,3998,0.3457236666666667,0.0071121767491472655
YOLOv4 default,3999,0.3367306666666667,0.006659782712504796
YOLOv4 default,4000,0.3345936666666667,0.00829467725579349
YOLOv4 default,4001,0.34375133333333335,0.0163857863643396
YOLOv4 default,4002,0.35002,0.01070452086737188
YOLOv4 default,4003,0.3626146666666667,0.01848444631154648
YOLOv4 default,4004,0.37160566666666667,0.01962896767818193
YOLOv4 default,4005,0.36712233333333333,0.015081711842861563
YOLOv4 default,4006,0.36246333333333336,0.007557520588423456
YOLOv4 default,4007,0.36461533333333335,0.011163938557297377
YOLOv4 default,4008,0.35739066666666663,0.011714143834603438
YOLOv4 default,4009,0.362338,0.013700551923189077
YOLOv4 default,4010,0.37015833333333337,0.011473238446247177
YOLOv4 default,4011,0.36154633333333336,0.012926770211894046
YOLOv4 default,4012,0.3529273333333333,0.011550219699690178
YOLOv4 default,4013,0.354415,0.014894664626413496
YOLOv4 default,4014,0.349462,0.009871731830501333
YOLOv4 default,4015,0.338141,0.007527683397522336
YOLOv4 default,4016,0.33322500000000005,0.007193002919504476
YOLOv4 default,4017,0.336573,0.008357895249403394
YOLOv4 default,4018,0.3321186666666667,0.0004068678464126134
YOLOv4 default,4019,0.3250146666666667,0.0036354130592150193
YOLOv4 default,4020,0.32617366666666664,0.004524177359230929
YOLOv4 default,4021,0.3225403333333333,0.006873302998639827
YOLOv4 default,4022,0.318764,0.004595646962071826
YOLOv4 default,4023,0.330608,0.004552239265826573
YOLOv4 default,4024,0.33772033333333334,0.015289848662138917
YOLOv4 default,4025,0.34184,0.017629790781515237
YOLOv4 default,4026,0.33945733333333333,0.02515607117134505
YOLOv4 default,4027,0.33622966666666665,0.02406863592820425
YOLOv4 default,4028,0.349076,0.022619290528219493
YOLOv4 default,4029,0.35101999999999994,0.02466016182023142
YOLOv4 default,4030,0.35669466666666666,0.02223364218426162
YOLOv4 default,4031,0.35049166666666665,0.02451974187828612
YOLOv4 default,4032,0.34570433333333334,0.024366547357209053
YOLOv4 default,4033,0.34614866666666666,0.025354249415915353
YOLOv4 default,4034,0.3373806666666666,0.021706790506915374
YOLOv4 default,4035,0.3393023333333334,0.02606466091814312
YOLOv4 default,4036,0.34609833333333334,0.03158217804571291
YOLOv4 default,4037,0.3443753333333333,0.027340793876143712
YOLOv4 default,4038,0.34591700000000003,0.025477932457978875
YOLOv4 default,4039,0.34633933333333333,0.017446788446906523
YOLOv4 default,4040,0.34925066666666665,0.011012938607736712
YOLOv4 default,4041,0.345937,0.012876631275298688
YOLOv4 default,4042,0.34515333333333337,0.015051193411524251
YOLOv4 default,4043,0.3486626666666666,0.013637705651774593
YOLOv4 default,4044,0.34927400000000003,0.01223547355029628
YOLOv4 default,4045,0.3499023333333333,0.008961487419941955
YOLOv4 default,4046,0.354754,0.0025843781328074504
YOLOv4 default,4047,0.349628,0.002735094209224491
YOLOv4 default,4048,0.3422713333333333,0.002772336038634397
YOLOv4 default,4049,0.34242900000000004,0.0021433759197428052
YOLOv4 default,4050,0.34114833333333333,0.003927584895468334
YOLOv4 default,4051,0.3645623333333334,0.0063781577887175095
YOLOv4 default,4052,0.36540833333333333,0.011544235593769063
YOLOv4 default,4053,0.3654573333333333,0.013652045821455152
YOLOv4 default,4054,0.3633226666666667,0.012900039151534043
YOLOv4 default,4055,0.3647500000000001,0.014262428696871134
YOLOv4 default,4056,0.37197966666666665,0.013896834199837664
YOLOv4 default,4057,0.3740196666666667,0.016795641273192826
YOLOv4 default,4058,0.37349499999999997,0.020121516452129888
YOLOv4 default,4059,0.3580736666666667,0.021987937301570105
YOLOv4 default,4060,0.3547416666666667,0.019663414092618244
YOLOv4 default,4061,0.3462956666666666,0.013314272546573643
YOLOv4 default,4062,0.3397536666666667,0.010016537531058875
YOLOv4 default,4063,0.342701,0.007037674118627535
YOLOv4 default,4064,0.33286733333333335,0.003716363470443164
YOLOv4 default,4065,0.33404833333333334,0.008590998396254325
YOLOv4 default,4066,0.33019499999999996,0.01850891594160322
YOLOv4 default,4067,0.32716966666666664,0.01799832557335388
YOLOv4 default,4068,0.3192276666666667,0.019922461112467458
YOLOv4 default,4069,0.31761033333333333,0.018228180969159943
YOLOv4 default,4070,0.315434,0.02325934750446223
YOLOv4 default,4071,0.3281036666666667,0.019896259735046797
YOLOv4 default,4072,0.3370553333333333,0.025494574601493375
YOLOv4 default,4073,0.34113499999999997,0.0208078740224304
YOLOv4 default,4074,0.341475,0.019583170078752155
YOLOv4 default,4075,0.3335223333333333,0.0198482754442574
YOLOv4 default,4076,0.3389333333333333,0.026489586471752334
YOLOv4 default,4077,0.351437,0.039257378368063936
YOLOv4 default,4078,0.36026766666666665,0.04331505609805646
YOLOv4 default,4079,0.35733400000000004,0.03961874064547399
YOLOv4 default,4080,0.3561636666666667,0.03923391696110791
YOLOv4 default,4081,0.35933,0.03964777291769782
YOLOv4 default,4082,0.3619493333333333,0.04300728333795463
YOLOv4 default,4083,0.35857999999999995,0.0376078669208097
YOLOv4 default,4084,0.366903,0.04378754864494396
YOLOv4 default,4085,0.3724173333333334,0.044275449127529384
YOLOv4 default,4086,0.36816699999999997,0.044138436960695984
YOLOv4 default,4087,0.3592633333333333,0.04495876490864835
YOLOv4 default,4088,0.34792399999999996,0.043346229736083555
YOLOv4 default,4089,0.3548963333333333,0.033803275138825105
YOLOv4 default,4090,0.36154166666666665,0.028651126541745463
YOLOv4 default,4091,0.3560106666666667,0.034971086125223184
YOLOv4 default,4092,0.34959300000000004,0.029238711092203308
YOLOv4 default,4093,0.357267,0.03296084087216222
YOLOv4 default,4094,0.354061,0.030769628797457624
YOLOv4 default,4095,0.354107,0.026821466800556092
YOLOv4 default,4096,0.35019266666666665,0.024075207581890353
YOLOv4 default,4097,0.352473,0.026282790592578518
YOLOv4 default,4098,0.34917933333333334,0.027543969856294225
YOLOv4 default,4099,0.34031300000000003,0.02708385922156099
YOLOv4 default,4100,0.3382886666666667,0.03206372810686728
YOLOv4 default,4101,0.34213166666666667,0.025792186183243762
YOLOv4 default,4102,0.3472036666666667,0.019575454701686455
YOLOv4 default,4103,0.34454233333333334,0.016822026654888446
YOLOv4 default,4104,0.33257166666666665,0.014279013286794163
YOLOv4 default,4105,0.324656,0.01258489162978106
YOLOv4 default,4106,0.32615466666666665,0.016051520637552632
YOLOv4 default,4107,0.3317926666666666,0.014722972778771432
YOLOv4 default,4108,0.326829,0.01053934860415956
YOLOv4 default,4109,0.3235693333333333,0.005715679730161393
YOLOv4 default,4110,0.32842733333333335,0.007671350475053988
YOLOv4 default,4111,0.327029,0.01319672812985602
YOLOv4 default,4112,0.33505399999999996,0.015011568749911967
YOLOv4 default,4113,0.3318476666666667,0.010579140817875726
YOLOv4 default,4114,0.3262406666666667,0.015108211898758179
YOLOv4 default,4115,0.32297166666666666,0.019556793588020618
YOLOv4 default,4116,0.332571,0.02136568590832818
YOLOv4 default,4117,0.33052566666666666,0.02208133398999658
YOLOv4 default,4118,0.322779,0.019466586149947642
YOLOv4 default,4119,0.32502633333333336,0.018397369099351617
YOLOv4 default,4120,0.3235236666666666,0.02143518005781876
YOLOv4 default,4121,0.318362,0.019198158826651417
YOLOv4 default,4122,0.30955533333333335,0.013935666044761225
YOLOv4 default,4123,0.309123,0.009930422968501046
YOLOv4 default,4124,0.315111,0.018460214435374257
YOLOv4 default,4125,0.3181716666666667,0.015225536228469734
YOLOv4 default,4126,0.3202163333333333,0.014282886336840722
YOLOv4 default,4127,0.31670033333333336,0.011050840304901898
YOLOv4 default,4128,0.3128593333333333,0.010035095852944199
YOLOv4 default,4129,0.31840666666666667,0.012878070990813973
YOLOv4 default,4130,0.3197623333333333,0.016959686321129618
YOLOv4 default,4131,0.32141966666666666,0.013744871702242674
YOLOv4 default,4132,0.32472833333333334,0.011956116096421584
YOLOv4 default,4133,0.31708766666666666,0.011767995500981085
YOLOv4 default,4134,0.32064600000000004,0.01445909274470567
YOLOv4 default,4135,0.32902899999999996,0.012952777269759559
YOLOv4 default,4136,0.33541133333333334,0.021106349955509706
YOLOv4 default,4137,0.3313013333333333,0.014328227807761546
YOLOv4 default,4138,0.33423933333333333,0.015181449868543887
YOLOv4 default,4139,0.34187133333333336,0.013006406746078805
YOLOv4 default,4140,0.3459033333333333,0.014005242558096273
YOLOv4 default,4141,0.34224533333333335,0.014986367519997785
YOLOv4 default,4142,0.33965666666666666,0.014798310008616228
YOLOv4 default,4143,0.3442796666666667,0.012492761135064503
YOLOv4 default,4144,0.347535,0.015716247686179206
YOLOv4 default,4145,0.3607446666666667,0.016536657847877778
YOLOv4 default,4146,0.36368633333333333,0.010898754077620256
YOLOv4 default,4147,0.37898666666666664,0.01704141641544047
YOLOv4 default,4148,0.38846766666666666,0.0181350079251277
YOLOv4 default,4149,0.3974693333333333,0.02508316153208054
YOLOv4 default,4150,0.394026,0.027151036020748812
YOLOv4 default,4151,0.3979183333333334,0.02710101194502606
YOLOv4 default,4152,0.39525633333333327,0.02379512052454826
YOLOv4 default,4153,0.393047,0.023560433152498134
YOLOv4 default,4154,0.39413733333333334,0.01660029317344862
YOLOv4 default,4155,0.38750599999999996,0.011661565117941931
YOLOv4 default,4156,0.3726663333333333,0.015725922085666214
YOLOv4 default,4157,0.3619573333333333,0.0077986389054614915
YOLOv4 default,4158,0.35646,0.011644131325836766
YOLOv4 default,4159,0.365562,0.005834054022147311
YOLOv4 default,4160,0.3623776666666667,0.00376897441104487
YOLOv4 default,4161,0.3599856666666667,0.0057608233882936455
YOLOv4 default,4162,0.3599476666666666,0.0012260981925513823
YOLOv4 default,4163,0.3462403333333333,0.0037134236823239634
YOLOv4 default,4164,0.340557,0.0028767607361985022
YOLOv4 default,4165,0.34194966666666665,0.009682248814769798
YOLOv4 default,4166,0.3394706666666667,0.016263135228007077
YOLOv4 default,4167,0.33934299999999995,0.01712777633942402
YOLOv4 default,4168,0.3321596666666667,0.008564127632812986
YOLOv4 default,4169,0.33757566666666666,0.008770406230297678
YOLOv4 default,4170,0.3320543333333333,0.009150825906866424
YOLOv4 default,4171,0.32506,0.014456279961779025
YOLOv4 default,4172,0.321521,0.01593681813704772
YOLOv4 default,4173,0.33213733333333334,0.023355104519378864
YOLOv4 default,4174,0.326748,0.02595288595384592
YOLOv4 default,4175,0.33269699999999996,0.023301909621316442
YOLOv4 default,4176,0.35458300000000004,0.03417648337673143
YOLOv4 default,4177,0.34717333333333333,0.03666492138422106
YOLOv4 default,4178,0.3603476666666667,0.04325634559357866
YOLOv4 default,4179,0.3555063333333333,0.0405453486289666
YOLOv4 default,4180,0.36353433333333335,0.041092167904737166
YOLOv4 default,4181,0.35374533333333336,0.03782917297683245
YOLOv4 default,4182,0.3598536666666667,0.03618393254071635
YOLOv4 default,4183,0.3534633333333333,0.03415061414934991
YOLOv4 default,4184,0.34699366666666664,0.03563966554432171
YOLOv4 default,4185,0.33437066666666665,0.040349129417842175
YOLOv4 default,4186,0.32161633333333334,0.034467305035996716
YOLOv4 default,4187,0.319247,0.031969987258886
YOLOv4 default,4188,0.31440133333333337,0.024141993167738057
YOLOv4 default,4189,0.3231346666666666,0.0258155932873482
YOLOv4 default,4190,0.32144633333333333,0.02556050083190425
YOLOv4 default,4191,0.3137493333333334,0.018724518020795923
YOLOv4 default,4192,0.31135133333333337,0.022867349214789005
YOLOv4 default,4193,0.3209746666666667,0.019802455086287776
YOLOv4 default,4194,0.3245753333333333,0.016698544650491084
YOLOv4 default,4195,0.32711766666666664,0.01647343370736992
YOLOv4 default,4196,0.3387963333333333,0.02415833852822756
YOLOv4 default,4197,0.3313393333333334,0.02042701884215556
YOLOv4 default,4198,0.3343953333333333,0.010579542166107403
YOLOv4 default,4199,0.329118,0.004959788940401949
YOLOv4 default,4200,0.3345686666666667,0.01640411414181752
YOLOv4 default,4201,0.33549433333333334,0.009331417761757551
YOLOv4 default,4202,0.335786,0.002216098448475017
YOLOv4 default,4203,0.3336213333333333,0.006130448932265163
YOLOv4 default,4204,0.33236200000000005,0.002467544596017122
YOLOv4 default,4205,0.3395516666666667,0.007173151941634702
YOLOv4 default,4206,0.34172399999999997,0.008044660112977638
YOLOv4 default,4207,0.3437063333333333,0.010487303916853204
YOLOv4 default,4208,0.3547373333333333,0.02004020888391913
YOLOv4 default,4209,0.353667,0.02286479177687827
YOLOv4 default,4210,0.3651583333333333,0.03168290983234408
YOLOv4 default,4211,0.35827366666666666,0.0308598327730041
YOLOv4 default,4212,0.35935500000000004,0.030213118762109508
YOLOv4 default,4213,0.3534093333333333,0.027125012628773305
YOLOv4 default,4214,0.36317200000000005,0.03181618274295855
YOLOv4 default,4215,0.3594366666666667,0.03180608797768824
YOLOv4 default,4216,0.3665483333333333,0.03267146653342094
YOLOv4 default,4217,0.3711696666666666,0.02903022380401348
YOLOv4 default,4218,0.370886,0.02638478038566932
YOLOv4 default,4219,0.35580033333333333,0.022244252878240507
YOLOv4 default,4220,0.35855566666666666,0.019299891936945604
YOLOv4 default,4221,0.37170733333333333,0.008396561247187918
YOLOv4 default,4222,0.376058,0.005876179909884775
YOLOv4 default,4223,0.3785193333333334,0.0054621394567005
YOLOv4 default,4224,0.3839783333333333,0.003526731458131994
YOLOv4 default,4225,0.386843,0.006985655755427209
YOLOv4 default,4226,0.3809746666666667,0.012747950741633382
YOLOv4 default,4227,0.36888000000000004,0.020103177286190353
YOLOv4 default,4228,0.3556346666666667,0.02284715330432023
YOLOv4 default,4229,0.35335066666666665,0.02459728941931971
YOLOv4 default,4230,0.35434366666666667,0.03123380740124038
YOLOv4 default,4231,0.354633,0.025911371448330035
YOLOv4 default,4232,0.3547923333333333,0.024660873743194457
YOLOv4 default,4233,0.3564163333333334,0.026831763417843244
YOLOv4 default,4234,0.34894066666666673,0.02654720787159694
YOLOv4 default,4235,0.34836433333333333,0.024880247602822963
YOLOv4 default,4236,0.3492246666666667,0.014782774844768197
YOLOv4 default,4237,0.35475833333333334,0.01939885224554393
YOLOv4 default,4238,0.35893933333333333,0.02578159352673488
YOLOv4 default,4239,0.364612,0.02523219059719812
YOLOv4 default,4240,0.360558,0.027560403413835092
YOLOv4 default,4241,0.3652263333333334,0.01940112081241127
YOLOv4 default,4242,0.35990300000000003,0.022595594046922816
YOLOv4 default,4243,0.3694006666666667,0.030472419531620908
YOLOv4 default,4244,0.37670866666666675,0.0367592115545357
YOLOv4 default,4245,0.3838203333333334,0.028069248382843776
YOLOv4 default,4246,0.38755466666666666,0.0288230908956305
YOLOv4 default,4247,0.3854323333333334,0.017823867194797487
YOLOv4 default,4248,0.3888593333333333,0.01166548929297201
YOLOv4 default,4249,0.38655799999999996,0.0033576223730491218
YOLOv4 default,4250,0.3792,0.002154175093471602
YOLOv4 default,4251,0.37862233333333334,0.006114929280957483
YOLOv4 default,4252,0.3718076666666667,0.0008826721424804933
YOLOv4 default,4253,0.3676376666666667,0.008470046326778733
YOLOv4 default,4254,0.3694743333333333,0.014345865563909953
YOLOv4 default,4255,0.3644093333333333,0.010527155271539928
YOLOv4 default,4256,0.3510413333333333,0.013419552207299784
YOLOv4 default,4257,0.3475063333333333,0.01796956628426085
YOLOv4 default,4258,0.3317133333333333,0.01705603730191876
YOLOv4 default,4259,0.33334100000000005,0.021049010863537814
YOLOv4 default,4260,0.339367,0.021049477736989113
YOLOv4 default,4261,0.33603266666666665,0.016174939549947146
YOLOv4 default,4262,0.34529933333333335,0.005272718758962117
YOLOv4 default,4263,0.3527493333333333,0.009303398739767692
YOLOv4 default,4264,0.34844766666666666,0.004138286534840777
YOLOv4 default,4265,0.3509786666666667,0.005420894278417336
YOLOv4 default,4266,0.3449696666666667,0.015757050213934216
YOLOv4 default,4267,0.35040066666666664,0.017721688259806894
YOLOv4 default,4268,0.34732,0.021670455394384308
YOLOv4 default,4269,0.35243599999999997,0.02096707707335479
YOLOv4 default,4270,0.3418426666666667,0.022669759860023037
YOLOv4 default,4271,0.33987133333333336,0.018951263601963628
YOLOv4 default,4272,0.3397266666666667,0.014139939796351498
YOLOv4 default,4273,0.33704133333333336,0.01582423079050325
YOLOv4 default,4274,0.3360733333333333,0.011597687159276381
YOLOv4 default,4275,0.332875,0.01409791921998894
YOLOv4 default,4276,0.3369066666666667,0.013173380448633686
YOLOv4 default,4277,0.33371900000000004,0.010860380855814094
YOLOv4 default,4278,0.324061,0.007949501514770184
YOLOv4 default,4279,0.3215203333333333,0.01072928966790336
YOLOv4 default,4280,0.33542466666666665,0.01178552799458348
YOLOv4 default,4281,0.33507933333333334,0.014828413899597551
YOLOv4 default,4282,0.32947733333333334,0.02184013382386757
YOLOv4 default,4283,0.3351823333333333,0.021319839245276792
YOLOv4 default,4284,0.3431343333333334,0.02939398805500501
YOLOv4 default,4285,0.331095,0.031699961372216215
YOLOv4 default,4286,0.32934566666666665,0.030111182869123187
YOLOv4 default,4287,0.3272173333333333,0.03358693679757719
YOLOv4 default,4288,0.326222,0.029952016826918355
YOLOv4 default,4289,0.3269053333333333,0.03522234586799188
YOLOv4 default,4290,0.32693533333333336,0.03518285691608596
YOLOv4 default,4291,0.32240433333333335,0.031960668570047854
YOLOv4 default,4292,0.328995,0.032648813597638326
YOLOv4 default,4293,0.35139566666666666,0.020352923429107453
YOLOv4 default,4294,0.343143,0.012280665712140088
YOLOv4 default,4295,0.3530306666666667,0.012112972307039714
YOLOv4 default,4296,0.34978,0.010375236736254916
YOLOv4 default,4297,0.3444243333333333,0.007522183644247045
YOLOv4 default,4298,0.34484166666666666,0.011598019447781221
YOLOv4 default,4299,0.35069599999999995,0.012542083838023096
YOLOv4 default,4300,0.3554013333333333,0.003986697477584395
YOLOv4 default,4301,0.35456366666666667,0.010204062333752727
YOLOv4 default,4302,0.3498936666666667,0.011003267277394374
YOLOv4 default,4303,0.34567333333333333,0.012543184554879907
YOLOv4 default,4304,0.34755,0.009675448878475877
YOLOv4 default,4305,0.351027,0.009202950849229478
YOLOv4 default,4306,0.3512953333333333,0.01021039177069671
YOLOv4 default,4307,0.34891066666666665,0.005140630841097663
YOLOv4 default,4308,0.34581733333333337,0.0037589205158455336
YOLOv4 default,4309,0.33491266666666664,0.004895367889932047
YOLOv4 default,4310,0.33124466666666663,0.005728452447602606
YOLOv4 default,4311,0.3225906666666667,0.006238177467106165
YOLOv4 default,4312,0.33340600000000004,0.003527078158098177
YOLOv4 default,4313,0.334752,0.0036196007146276957
YOLOv4 default,4314,0.34341466666666665,0.019518709061934522
YOLOv4 default,4315,0.3348343333333334,0.01992597111253997
YOLOv4 default,4316,0.32325533333333334,0.024833506406555725
YOLOv4 default,4317,0.32533033333333333,0.018956468177848358
YOLOv4 default,4318,0.3201606666666667,0.01763247568487697
YOLOv4 default,4319,0.31731333333333334,0.01468523908934108
YOLOv4 default,4320,0.30729133333333336,0.018883682729924366
YOLOv4 default,4321,0.30867766666666663,0.021051661568099043
YOLOv4 default,4322,0.306853,0.016310864477396655
YOLOv4 default,4323,0.3031143333333333,0.018783179375293318
YOLOv4 default,4324,0.297665,0.020292550652887386
YOLOv4 default,4325,0.28814466666666666,0.01828878501826856
YOLOv4 default,4326,0.2791866666666667,0.019640964032122028
YOLOv4 default,4327,0.27607766666666667,0.01646520575165839
YOLOv4 default,4328,0.2765106666666667,0.01989892858366444
YOLOv4 default,4329,0.283201,0.0234013599889693
YOLOv4 default,4330,0.283465,0.018832446920142912
YOLOv4 default,4331,0.2919776666666667,0.015562185368528568
YOLOv4 default,4332,0.29018866666666665,0.016838872273535557
YOLOv4 default,4333,0.28951266666666664,0.015937622504975803
YOLOv4 default,4334,0.304003,0.013066459211788527
YOLOv4 default,4335,0.29874,0.015998397555171996
YOLOv4 default,4336,0.2901176666666667,0.010204128205998019
YOLOv4 default,4337,0.28518733333333335,0.012143833789669193
YOLOv4 default,4338,0.288257,0.0040835127443579
YOLOv4 default,4339,0.2970103333333334,0.009539913789500996
YOLOv4 default,4340,0.30011099999999996,0.0052612577393623275
YOLOv4 default,4341,0.30176366666666665,0.0021183654337982253
YOLOv4 default,4342,0.31246366666666664,0.006456520588607389
YOLOv4 default,4343,0.30222299999999996,0.004504151566425503
YOLOv4 default,4344,0.3209683333333333,0.00815170698552013
YOLOv4 default,4345,0.32114566666666666,0.002800830967964896
YOLOv4 default,4346,0.326762,0.008654857672621398
YOLOv4 default,4347,0.3229976666666667,0.012920416419157879
YOLOv4 default,4348,0.3111543333333333,0.015823577454053953
YOLOv4 default,4349,0.3101213333333333,0.009942131165454976
YOLOv4 default,4350,0.31916866666666666,0.011917802234938742
YOLOv4 default,4351,0.31190066666666666,0.017519850287919442
YOLOv4 default,4352,0.317893,0.019313592269004063
YOLOv4 default,4353,0.32236133333333333,0.027021306385476215
YOLOv4 default,4354,0.32390166666666664,0.023875477030720134
YOLOv4 default,4355,0.326122,0.03202638855693847
YOLOv4 default,4356,0.316152,0.02660489944227065
YOLOv4 default,4357,0.31434499999999993,0.017666889294194753
YOLOv4 default,4358,0.31744833333333333,0.017048867824905885
YOLOv4 default,4359,0.3179553333333333,0.024858692948566526
YOLOv4 default,4360,0.31476699999999996,0.01823999211439888
YOLOv4 default,4361,0.31670200000000004,0.01105906383922256
YOLOv4 default,4362,0.320807,0.010170831381947099
YOLOv4 default,4363,0.31548466666666664,0.012590046761011043
YOLOv4 default,4364,0.32434599999999997,0.017119466901746688
YOLOv4 default,4365,0.32307100000000005,0.02395230382099671
YOLOv4 default,4366,0.331069,0.016950269535713387
YOLOv4 default,4367,0.33666666666666667,0.011550550136008423
YOLOv4 default,4368,0.33447999999999994,0.008420918952228434
YOLOv4 default,4369,0.32655833333333334,0.007685416174663402
YOLOv4 default,4370,0.3345653333333334,0.016739979891797305
YOLOv4 default,4371,0.32857633333333336,0.019664126197497595
YOLOv4 default,4372,0.33488366666666664,0.019041152313986776
YOLOv4 default,4373,0.3243956666666667,0.018955844141348908
YOLOv4 default,4374,0.315749,0.015902561502265385
YOLOv4 default,4375,0.3285536666666667,0.018978945460108608
YOLOv4 default,4376,0.333189,0.012666185942632186
YOLOv4 default,4377,0.339165,0.015870549780437147
YOLOv4 default,4378,0.3350486666666667,0.01682274452770548
YOLOv4 default,4379,0.332241,0.01471382351169585
YOLOv4 default,4380,0.335216,0.02209822253033036
YOLOv4 default,4381,0.34348399999999996,0.007345216221006247
YOLOv4 default,4382,0.3390566666666666,0.00785561697838631
YOLOv4 default,4383,0.34020199999999995,0.005009413372175772
YOLOv4 default,4384,0.34207366666666666,0.011043122691421029
YOLOv4 default,4385,0.3416053333333333,0.008597899362311957
YOLOv4 default,4386,0.3332563333333334,0.008362903987916583
YOLOv4 default,4387,0.3393013333333333,0.007722223132693783
YOLOv4 default,4388,0.3387203333333333,0.00714640707706405
YOLOv4 default,4389,0.339391,0.007114047582073097
YOLOv4 default,4390,0.335687,0.008283249201450675
YOLOv4 default,4391,0.3437196666666667,0.005777294993718454
YOLOv4 default,4392,0.34481199999999995,0.014785025972246372
YOLOv4 default,4393,0.3458046666666667,0.012103692306252856
YOLOv4 default,4394,0.34582566666666664,0.011080550382439401
YOLOv4 default,4395,0.33960066666666666,0.01260607541800557
YOLOv4 default,4396,0.34836633333333333,0.015768475558672255
YOLOv4 default,4397,0.3501256666666666,0.02124911617246965
YOLOv4 default,4398,0.34130666666666665,0.025598338808949645
YOLOv4 default,4399,0.33821133333333336,0.021822556941028807
YOLOv4 default,4400,0.32756366666666664,0.021075459926443146
YOLOv4 default,4401,0.3265476666666667,0.018528899016881126
YOLOv4 default,4402,0.326942,0.020618678982902858
YOLOv4 default,4403,0.32137699999999997,0.020611068442303843
YOLOv4 default,4404,0.32377833333333333,0.01851448829370603
YOLOv4 default,4405,0.3280173333333333,0.01882405472025385
YOLOv4 default,4406,0.334049,0.014227368777582646
YOLOv4 default,4407,0.3355106666666667,0.007360662477733322
YOLOv4 default,4408,0.3234876666666667,0.007930087543302688
YOLOv4 default,4409,0.31938733333333336,0.008668395801864258
YOLOv4 default,4410,0.31157433333333334,0.004352472337010829
YOLOv4 default,4411,0.314739,0.004277485515268673
YOLOv4 default,4412,0.32506433333333334,0.011440114281674714
YOLOv4 default,4413,0.323053,0.007022467681188241
YOLOv4 default,4414,0.33446766666666666,0.012592032736792125
YOLOv4 default,4415,0.3277316666666667,0.010824833260199031
YOLOv4 default,4416,0.3318123333333333,0.006591602367996558
YOLOv4 default,4417,0.3352376666666667,0.01090271517151168
YOLOv4 default,4418,0.3405573333333333,0.016309017560165232
YOLOv4 default,4419,0.34696733333333335,0.013157023084438377
YOLOv4 default,4420,0.347365,0.007876285482383175
YOLOv4 default,4421,0.3482323333333333,0.004310833342998909
YOLOv4 default,4422,0.34963533333333335,0.0019053781193709997
YOLOv4 default,4423,0.35871800000000004,0.00899019671642394
YOLOv4 default,4424,0.3535156666666666,0.00354805553946258
YOLOv4 default,4425,0.3407626666666667,0.0037342798204978815
YOLOv4 default,4426,0.3420276666666666,0.00833900468348059
YOLOv4 default,4427,0.34514700000000004,0.008164877647582974
YOLOv4 default,4428,0.35306666666666664,0.018406313231545793
YOLOv4 default,4429,0.3506686666666667,0.021918885056295877
YOLOv4 default,4430,0.36014266666666667,0.021944414515872705
YOLOv4 default,4431,0.364021,0.025156798610581076
YOLOv4 default,4432,0.359462,0.021906862334285418
YOLOv4 default,4433,0.36608999999999997,0.008647824832484363
YOLOv4 default,4434,0.3520806666666667,0.00819792466285082
YOLOv4 default,4435,0.345717,0.011869594601333277
YOLOv4 default,4436,0.340036,0.011128973582500775
YOLOv4 default,4437,0.3375306666666667,0.01168765126580662
YOLOv4 default,4438,0.328279,0.014105730892087798
YOLOv4 default,4439,0.3248423333333333,0.017178510464466282
YOLOv4 default,4440,0.316371,0.00835612236626535
YOLOv4 default,4441,0.32262300000000005,0.006675671826365746
YOLOv4 default,4442,0.31602933333333333,0.0037166546935532086
YOLOv4 default,4443,0.318958,0.008554213308851581
YOLOv4 default,4444,0.314957,0.007786599535954914
YOLOv4 default,4445,0.32145466666666667,0.015390475510667126
YOLOv4 default,4446,0.31565166666666666,0.01906290924223734
YOLOv4 default,4447,0.32955266666666666,0.030455537845266237
YOLOv4 default,4448,0.32905,0.026840204737172444
YOLOv4 default,4449,0.33976999999999996,0.02829607291362766
YOLOv4 default,4450,0.33911166666666664,0.03236814468132382
YOLOv4 default,4451,0.3421876666666667,0.02988935365272688
YOLOv4 default,4452,0.34949399999999997,0.02105908892457918
YOLOv4 default,4453,0.34925433333333333,0.01927577758339322
YOLOv4 default,4454,0.3502976666666667,0.021216968023520973
YOLOv4 default,4455,0.3419456666666667,0.02219503519058059
YOLOv4 default,4456,0.34335899999999997,0.03126889920245569
YOLOv4 default,4457,0.33077633333333334,0.035716343506081986
YOLOv4 default,4458,0.33403866666666665,0.03436388580245903
YOLOv4 default,4459,0.328938,0.028825895742081168
YOLOv4 default,4460,0.32169433333333336,0.028569927781575594
YOLOv4 default,4461,0.32143933333333335,0.03127710782309926
YOLOv4 default,4462,0.31489933333333336,0.028853843934175866
YOLOv4 default,4463,0.31178833333333333,0.021148374975659728
YOLOv4 default,4464,0.3125693333333333,0.011430146285639178
YOLOv4 default,4465,0.31422066666666665,0.02197906473846823
YOLOv4 default,4466,0.31599533333333335,0.025027031987655088
YOLOv4 default,4467,0.3196733333333333,0.021148071798104368
YOLOv4 default,4468,0.32291600000000004,0.017782750640250606
YOLOv4 default,4469,0.32527833333333334,0.020834084815779915
YOLOv4 default,4470,0.3239016666666667,0.02152578604320358
YOLOv4 default,4471,0.3262406666666667,0.015306929327740573
YOLOv4 default,4472,0.3282013333333333,0.011031944590345087
YOLOv4 default,4473,0.321263,0.008626088414416654
YOLOv4 default,4474,0.32870400000000005,0.009411312678544545
YOLOv4 default,4475,0.32806366666666664,0.006003711139324114
YOLOv4 default,4476,0.325879,0.0036445275871274875
YOLOv4 default,4477,0.32089266666666666,0.004968808084216757
YOLOv4 default,4478,0.32436266666666663,0.00491173649989945
YOLOv4 default,4479,0.32337999999999995,0.005846017191216601
YOLOv4 default,4480,0.330857,0.0174703946816703
YOLOv4 default,4481,0.33322500000000005,0.01777235092308649
YOLOv4 default,4482,0.3226086666666666,0.018998214533067177
YOLOv4 default,4483,0.329658,0.022396877044207147
YOLOv4 default,4484,0.324125,0.02009084040054073
YOLOv4 default,4485,0.31659233333333336,0.02064471338570188
YOLOv4 default,4486,0.30673500000000004,0.02187048271834285
YOLOv4 default,4487,0.3036886666666667,0.013338537980020321
YOLOv4 default,4488,0.31118533333333337,0.009781840476674675
YOLOv4 default,4489,0.3082833333333333,0.01156671379913548
YOLOv4 default,4490,0.30890666666666666,0.01740697169080378
YOLOv4 default,4491,0.303898,0.02281249338264744
YOLOv4 default,4492,0.307722,0.022285587338008384
YOLOv4 default,4493,0.300205,0.01936693323683438
YOLOv4 default,4494,0.3039036666666666,0.02026296687994572
YOLOv4 default,4495,0.3118786666666667,0.017401891183942555
YOLOv4 default,4496,0.30903566666666665,0.019531305984097535
YOLOv4 default,4497,0.3052803333333334,0.014560470566266435
YOLOv4 default,4498,0.2968296666666667,0.015022813543999595
YOLOv4 default,4499,0.2977356666666666,0.008648575842941493
YOLOv4 default,4500,0.28625,0.004460080978338111
YOLOv4 default,4501,0.2870356666666667,0.005758381263669302
YOLOv4 default,4502,0.27719299999999997,0.007595276777928058
YOLOv4 default,4503,0.2767283333333333,0.013618417313003412
YOLOv4 default,4504,0.278998,0.01508064560952216
YOLOv4 default,4505,0.28896933333333336,0.016420176585868713
YOLOv4 default,4506,0.29059866666666667,0.013457187451734165
YOLOv4 default,4507,0.295524,0.023598237102235707
YOLOv4 default,4508,0.2990853333333333,0.022806300542710652
YOLOv4 default,4509,0.302938,0.017710422816334268
YOLOv4 default,4510,0.29642366666666664,0.011407964780995986
YOLOv4 default,4511,0.3151406666666667,0.015574057642260228
YOLOv4 default,4512,0.3259053333333333,0.016806995392130958
YOLOv4 default,4513,0.33119533333333334,0.014069555481408952
YOLOv4 default,4514,0.35118066666666664,0.012704428576069238
YOLOv4 default,4515,0.3398996666666667,0.016334569072301172
YOLOv4 default,4516,0.33745866666666674,0.014649574878170058
YOLOv4 default,4517,0.3484226666666667,0.014087256467381359
YOLOv4 default,4518,0.34621299999999994,0.013519327288490842
YOLOv4 default,4519,0.35301566666666667,0.006162046097775562
YOLOv4 default,4520,0.3517346666666667,0.008696548593806875
YOLOv4 default,4521,0.3406723333333333,0.007370327499130865
YOLOv4 default,4522,0.34288366666666664,0.0039893688027612135
YOLOv4 default,4523,0.3425686666666667,0.005507810887982432
YOLOv4 default,4524,0.34049766666666664,0.0020989700913649134
YOLOv4 default,4525,0.34178099999999995,0.00701689596616625
YOLOv4 default,4526,0.34022233333333335,0.009241236034451471
YOLOv4 default,4527,0.331885,0.010955653213447993
YOLOv4 default,4528,0.32509366666666667,0.009117262168241312
YOLOv4 default,4529,0.3184013333333333,0.006351089049219126
YOLOv4 default,4530,0.314146,0.003735906895699271
YOLOv4 default,4531,0.313362,0.007992160554776997
YOLOv4 default,4532,0.3148153333333333,0.0038863875400056455
YOLOv4 default,4533,0.327957,0.007784339920635534
YOLOv4 default,4534,0.332745,0.015672195166387303
YOLOv4 default,4535,0.33192333333333335,0.01900065376360625
YOLOv4 default,4536,0.33513466666666664,0.028773002011916973
YOLOv4 default,4537,0.34070633333333333,0.025698994463683674
YOLOv4 default,4538,0.33887599999999996,0.022474114064852467
YOLOv4 default,4539,0.339591,0.024943551090412124
YOLOv4 default,4540,0.34299966666666665,0.027945400100513454
YOLOv4 default,4541,0.341486,0.019942368423367718
YOLOv4 default,4542,0.33931466666666665,0.025496141154648832
YOLOv4 default,4543,0.3274763333333333,0.022295439027847037
YOLOv4 default,4544,0.3224553333333333,0.01373037048945796
YOLOv4 default,4545,0.3179636666666667,0.012341051188794435
YOLOv4 default,4546,0.319089,0.0036352829784396935
YOLOv4 default,4547,0.31872833333333334,0.007599794500145668
YOLOv4 default,4548,0.31840966666666665,0.004705989174563748
YOLOv4 default,4549,0.3220283333333333,0.005202939852728558
YOLOv4 default,4550,0.3241256666666667,0.003027175599649133
YOLOv4 default,4551,0.33234733333333333,0.013451034871381128
YOLOv4 default,4552,0.3459046666666667,0.0171926157146349
YOLOv4 default,4553,0.344185,0.017369438707108536
YOLOv4 default,4554,0.34996866666666665,0.02214076880126593
YOLOv4 default,4555,0.34400600000000003,0.019180263432323697
YOLOv4 default,4556,0.3464776666666667,0.014020957365474178
YOLOv4 default,4557,0.35256266666666664,0.0212644793363121
YOLOv4 default,4558,0.354007,0.021468300755610202
YOLOv4 default,4559,0.3609533333333333,0.028472248104270074
YOLOv4 default,4560,0.36017133333333334,0.021678174902678298
YOLOv4 default,4561,0.35184466666666664,0.01902143839928458
YOLOv4 default,4562,0.3475993333333333,0.009987657622174365
YOLOv4 default,4563,0.3454716666666666,0.006240663809065326
YOLOv4 default,4564,0.34874166666666667,0.004066579247694279
YOLOv4 default,4565,0.3474173333333333,0.012053666943207678
YOLOv4 default,4566,0.3373633333333333,0.01888745606951285
YOLOv4 default,4567,0.3293203333333333,0.023819337958427344
YOLOv4 default,4568,0.33499000000000007,0.026405344105565696
YOLOv4 default,4569,0.3291443333333333,0.02638802841146805
YOLOv4 default,4570,0.3244846666666667,0.03029060953130159
YOLOv4 default,4571,0.322136,0.029325040272777127
YOLOv4 default,4572,0.32700366666666664,0.025471826935743028
YOLOv4 default,4573,0.3268993333333333,0.02614878894157645
YOLOv4 default,4574,0.3194223333333333,0.022611117621893686
YOLOv4 default,4575,0.31589333333333336,0.024180222230391336
YOLOv4 default,4576,0.3133523333333333,0.028052252092201878
YOLOv4 default,4577,0.3154433333333333,0.02295390558150061
YOLOv4 default,4578,0.31640399999999996,0.02301961444797313
YOLOv4 default,4579,0.3103883333333333,0.022465318013427812
YOLOv4 default,4580,0.306298,0.01751125520915049
YOLOv4 default,4581,0.2933786666666667,0.01720453653675228
YOLOv4 default,4582,0.30256733333333335,0.019502399889358358
YOLOv4 default,4583,0.30346833333333334,0.013763662840166422
YOLOv4 default,4584,0.304576,0.014738040891968413
YOLOv4 default,4585,0.29397633333333334,0.00996913948699241
YOLOv4 default,4586,0.2971783333333333,0.018090932188376704
YOLOv4 default,4587,0.292174,0.010523604373027332
YOLOv4 default,4588,0.2934293333333334,0.011416956414814666
YOLOv4 default,4589,0.288161,0.008728261739888419
YOLOv4 default,4590,0.29991300000000004,0.004685446830346076
YOLOv4 default,4591,0.3079923333333333,0.009712640498054311
YOLOv4 default,4592,0.30558900000000006,0.010345155065697824
YOLOv4 default,4593,0.30716533333333335,0.019725524617724224
YOLOv4 default,4594,0.3132223333333333,0.02321348022402309
YOLOv4 default,4595,0.3049113333333333,0.018897707800447947
YOLOv4 default,4596,0.30450166666666667,0.02156151999383264
YOLOv4 default,4597,0.297344,0.022620730956359473
YOLOv4 default,4598,0.29500466666666664,0.020936123187235773
YOLOv4 default,4599,0.29553,0.021764166543502963
YOLOv4 default,4600,0.2986166666666667,0.02260942603822083
YOLOv4 default,4601,0.3004833333333334,0.017477761921303823
YOLOv4 default,4602,0.29941833333333334,0.01534470249883581
YOLOv4 default,4603,0.3079443333333333,0.01479930564061857
YOLOv4 default,4604,0.310699,0.0077049942461583495
YOLOv4 default,4605,0.317967,0.014463987221141117
YOLOv4 default,4606,0.31472466666666665,0.010020983556739546
YOLOv4 default,4607,0.32399966666666663,0.017685324710366823
YOLOv4 default,4608,0.331324,0.015910277904549627
YOLOv4 default,4609,0.33654366666666663,0.023186336100767996
YOLOv4 default,4610,0.3333406666666667,0.01931708923322674
YOLOv4 default,4611,0.3350686666666667,0.023784356668009998
YOLOv4 default,4612,0.346924,0.023066133377746684
YOLOv4 default,4613,0.3526643333333333,0.03959997983725638
YOLOv4 default,4614,0.3421976666666667,0.039805767962835636
YOLOv4 default,4615,0.3445573333333333,0.03409970699939289
YOLOv4 default,4616,0.3361636666666667,0.027569366504227925
YOLOv4 default,4617,0.32958366666666666,0.02647322053404997
YOLOv4 default,4618,0.3245193333333333,0.022976130529554162
YOLOv4 default,4619,0.3309316666666667,0.02955222362944022
YOLOv4 default,4620,0.33217266666666667,0.032537494096981576
YOLOv4 default,4621,0.3247183333333334,0.035296464933159785
YOLOv4 default,4622,0.321691,0.03305555545340803
YOLOv4 default,4623,0.3315416666666667,0.03048811506326869
YOLOv4 default,4624,0.33599766666666664,0.027934640229968548
YOLOv4 default,4625,0.33027366666666663,0.03173440826785827
YOLOv4 default,4626,0.32254200000000005,0.024336375579229814
YOLOv4 default,4627,0.32750399999999996,0.01879963654790521
YOLOv4 default,4628,0.32432466666666665,0.0188207960009961
YOLOv4 default,4629,0.317352,0.014848812623685871
YOLOv4 default,4630,0.31217199999999995,0.02473398177272179
YOLOv4 default,4631,0.30705333333333334,0.030214535162916393
YOLOv4 default,4632,0.31726733333333335,0.031969546057320095
YOLOv4 default,4633,0.3089553333333333,0.028828491556868608
YOLOv4 default,4634,0.29838866666666664,0.02423575960114402
YOLOv4 default,4635,0.3037896666666667,0.02411923647446393
YOLOv4 default,4636,0.29303866666666667,0.023725417413492312
YOLOv4 default,4637,0.29418666666666665,0.020690017635994852
YOLOv4 default,4638,0.2926856666666667,0.01889195813331988
YOLOv4 default,4639,0.29417766666666667,0.01071254607665444
YOLOv4 default,4640,0.293004,0.009274080241907194
YOLOv4 default,4641,0.28720000000000007,0.010002093730814574
YOLOv4 default,4642,0.2922696666666667,0.011430763758870656
YOLOv4 default,4643,0.29450233333333337,0.013062985956936148
YOLOv4 default,4644,0.307269,0.008847278225533536
YOLOv4 default,4645,0.31359933333333334,0.014410354117015236
YOLOv4 default,4646,0.3138826666666667,0.018325985870100172
YOLOv4 default,4647,0.3030023333333333,0.014671788215634942
YOLOv4 default,4648,0.3059943333333333,0.014688359385732794
YOLOv4 default,4649,0.30509366666666665,0.010163308095519111
YOLOv4 default,4650,0.302217,0.013519252062645076
YOLOv4 default,4651,0.31208933333333333,0.01573170601400595
YOLOv4 default,4652,0.30948499999999995,0.016573191163241106
YOLOv4 default,4653,0.3079533333333333,0.017457941854003817
YOLOv4 default,4654,0.3100176666666667,0.01867675111230835
YOLOv4 default,4655,0.3150056666666667,0.018749051285628072
YOLOv4 default,4656,0.3010986666666667,0.018148508683758134
YOLOv4 default,4657,0.2991623333333333,0.015668640967798644
YOLOv4 default,4658,0.2951123333333333,0.011731770885553083
YOLOv4 default,4659,0.28682399999999997,0.010662601292992863
YOLOv4 default,4660,0.2898056666666667,0.008388427074116925
YOLOv4 default,4661,0.28866966666666666,0.008745177648916632
YOLOv4 default,4662,0.307391,0.01026465130110777
YOLOv4 default,4663,0.31073033333333333,0.003695080032211005
YOLOv4 default,4664,0.30568866666666666,0.0012412609628026444
YOLOv4 default,4665,0.3085333333333333,0.009320380845819083
YOLOv4 default,4666,0.312313,0.008459190761138649
YOLOv4 default,4667,0.30544299999999996,0.009996701772751524
YOLOv4 default,4668,0.30458833333333335,0.006198504290911193
YOLOv4 default,4669,0.3023213333333334,0.007919992220815492
YOLOv4 default,4670,0.294831,0.005661718025476005
YOLOv4 default,4671,0.29460366666666665,0.0016716917911039923
YOLOv4 default,4672,0.2921846666666667,0.00746582391821411
YOLOv4 default,4673,0.2921803333333333,0.007747593353924667
YOLOv4 default,4674,0.29772099999999996,0.017129160876509193
YOLOv4 default,4675,0.28489333333333333,0.018923658000268108
YOLOv4 default,4676,0.28741833333333333,0.016918129815214344
YOLOv4 default,4677,0.29388699999999995,0.01811697751649907
YOLOv4 default,4678,0.29555666666666663,0.021675534398128332
YOLOv4 default,4679,0.28695633333333337,0.018121162658922055
YOLOv4 default,4680,0.279946,0.014434498294017719
YOLOv4 default,4681,0.27545933333333333,0.016283683616157354
YOLOv4 default,4682,0.2816726666666666,0.01722822602913925
YOLOv4 default,4683,0.2814473333333333,0.023973050663424363
YOLOv4 default,4684,0.2813023333333333,0.012375313293452869
YOLOv4 default,4685,0.27497699999999997,0.017332329339512727
YOLOv4 default,4686,0.276738,0.009611493796491784
YOLOv4 default,4687,0.27592066666666665,0.008776838123404372
YOLOv4 default,4688,0.27196966666666667,0.006623543219288125
YOLOv4 default,4689,0.2803833333333334,0.006064117889501963
YOLOv4 default,4690,0.28259666666666666,0.007529807087686762
YOLOv4 default,4691,0.28875,0.010331808941322903
YOLOv4 default,4692,0.29295199999999993,0.01421931865456289
YOLOv4 default,4693,0.2957813333333333,0.022434845518622237
YOLOv4 default,4694,0.2999296666666667,0.030163443770748588
YOLOv4 default,4695,0.31366333333333335,0.03702722088920229
YOLOv4 default,4696,0.3106993333333334,0.04528953324383509
YOLOv4 default,4697,0.313837,0.0465624552653029
YOLOv4 default,4698,0.32160000000000005,0.05048703798005979
YOLOv4 default,4699,0.32622866666666667,0.05494617607663382
YOLOv4 default,4700,0.326397,0.05479012818321687
YOLOv4 default,4701,0.32717666666666667,0.04921796185788726
YOLOv4 default,4702,0.321553,0.04686034455699189
YOLOv4 default,4703,0.3165296666666667,0.040662154334357534
YOLOv4 default,4704,0.3077973333333333,0.03612150559954246
YOLOv4 default,4705,0.30480599999999997,0.039725721843661944
YOLOv4 default,4706,0.3046023333333333,0.038491484496934875
YOLOv4 default,4707,0.303594,0.03495060901233816
YOLOv4 default,4708,0.30681766666666666,0.034910686221334065
YOLOv4 default,4709,0.31043,0.04045214773449407
YOLOv4 default,4710,0.3017896666666666,0.032978315867315665
YOLOv4 default,4711,0.29271933333333333,0.033909915503351595
YOLOv4 default,4712,0.28953833333333334,0.029858417988530086
YOLOv4 default,4713,0.29053433333333334,0.024043114227940147
YOLOv4 default,4714,0.2912456666666667,0.025116724636075557
YOLOv4 default,4715,0.301069,0.023985794316636676
YOLOv4 default,4716,0.30166766666666667,0.020203354311708832
YOLOv4 default,4717,0.292275,0.02121966802285088
YOLOv4 default,4718,0.29713566666666663,0.026627071815061534
YOLOv4 default,4719,0.2960616666666667,0.02929130610683731
YOLOv4 default,4720,0.29985233333333333,0.02023854376623421
YOLOv4 default,4721,0.2996466666666667,0.019950279232242452
YOLOv4 default,4722,0.297136,0.01804320451028587
YOLOv4 default,4723,0.28723766666666667,0.017324906217479053
YOLOv4 default,4724,0.2828333333333333,0.014904286322322774
YOLOv4 default,4725,0.275796,0.010185458310748702
YOLOv4 default,4726,0.2805296666666667,0.003004949102915238
YOLOv4 default,4727,0.27984266666666663,0.0009675168100750384
YOLOv4 default,4728,0.28364066666666665,0.006198507087284098
YOLOv4 default,4729,0.2895913333333333,0.0045007390627663756
YOLOv4 default,4730,0.2810413333333333,0.00768011307063756
YOLOv4 default,4731,0.28446733333333335,0.009775923372131028
YOLOv4 default,4732,0.28784566666666667,0.011988711431082901
YOLOv4 default,4733,0.3074636666666667,0.010577619365643883
YOLOv4 default,4734,0.31220166666666666,0.015799933020251837
YOLOv4 default,4735,0.3173646666666667,0.01257281074824206
YOLOv4 default,4736,0.3069793333333333,0.010334347944812214
YOLOv4 default,4737,0.30051066666666665,0.011676837219232118
YOLOv4 default,4738,0.3060833333333333,0.00378867753239101
YOLOv4 default,4739,0.31700733333333336,0.01738850825816995
YOLOv4 default,4740,0.31137366666666666,0.02298273581287581
YOLOv4 default,4741,0.313337,0.01707493051230371
YOLOv4 default,4742,0.3082233333333333,0.019247024569469896
YOLOv4 default,4743,0.31386,0.015513861200015078
YOLOv4 default,4744,0.319618,0.011859285363517208
YOLOv4 default,4745,0.3165463333333334,0.011122834685656566
YOLOv4 default,4746,0.3146583333333333,0.00832226760631448
YOLOv4 default,4747,0.30741966666666665,0.012402249276284976
YOLOv4 default,4748,0.295748,0.013298240873639403
YOLOv4 default,4749,0.293699,0.012945896428341047
YOLOv4 default,4750,0.2942686666666667,0.010425191114688393
YOLOv4 default,4751,0.29541733333333337,0.012037080713823886
YOLOv4 default,4752,0.299974,0.017144821997715023
YOLOv4 default,4753,0.3000426666666667,0.010967699034488082
YOLOv4 default,4754,0.3063736666666666,0.01616864822563855
YOLOv4 default,4755,0.315522,0.023118525558521247
YOLOv4 default,4756,0.32826533333333335,0.017435746971221064
YOLOv4 default,4757,0.322907,0.017492288024536215
YOLOv4 default,4758,0.33342266666666664,0.013955239402381373
YOLOv4 default,4759,0.34356933333333334,0.01143370727765545
YOLOv4 default,4760,0.3394426666666666,0.0033216722863307446
YOLOv4 default,4761,0.34096666666666664,0.0017704860286875288
YOLOv4 default,4762,0.3390876666666667,0.0020375398837268886
YOLOv4 default,4763,0.33985200000000004,0.011054329604277234
YOLOv4 default,4764,0.33730733333333335,0.014908519603829815
YOLOv4 default,4765,0.338153,0.006185622792680898
YOLOv4 default,4766,0.335825,0.00881443114065414
YOLOv4 default,4767,0.3330766666666667,0.01276600769404612
YOLOv4 default,4768,0.3181333333333333,0.014142689092876855
YOLOv4 default,4769,0.31328833333333334,0.014693549711050465
YOLOv4 default,4770,0.31944266666666665,0.015052737340578434
YOLOv4 default,4771,0.31594099999999997,0.013979092972483353
YOLOv4 default,4772,0.3120096666666667,0.013481322787883662
YOLOv4 default,4773,0.301961,0.011355429112690253
YOLOv4 default,4774,0.29384499999999997,0.0135499049074154
YOLOv4 default,4775,0.2848826666666667,0.011252788548227116
YOLOv4 default,4776,0.284569,0.014158956082046908
YOLOv4 default,4777,0.2837846666666667,0.011112765127445903
YOLOv4 default,4778,0.29038366666666665,0.00989565265378915
YOLOv4 default,4779,0.28756733333333334,0.007505117905654629
YOLOv4 default,4780,0.28859166666666664,0.010264830333608917
YOLOv4 default,4781,0.29569966666666664,0.018426473892503438
YOLOv4 default,4782,0.2891866666666667,0.016852382831846386
YOLOv4 default,4783,0.291723,0.01364305465551367
YOLOv4 default,4784,0.2843116666666667,0.011213562864277838
YOLOv4 default,4785,0.2809793333333333,0.006930679435989256
YOLOv4 default,4786,0.287699,0.011146308462147158
YOLOv4 default,4787,0.28470766666666664,0.017345828127951816
YOLOv4 default,4788,0.28271633333333335,0.019573068302588075
YOLOv4 default,4789,0.28167766666666666,0.011823687021305061
YOLOv4 default,4790,0.2895273333333333,0.00586943408212789
YOLOv4 default,4791,0.29732200000000003,0.006065530919328778
YOLOv4 default,4792,0.2909713333333333,0.002667545209447148
YOLOv4 default,4793,0.3022126666666667,0.014828268637227271
YOLOv4 default,4794,0.30481699999999995,0.0176593631821762
YOLOv4 default,4795,0.3051873333333333,0.017673627361441988
YOLOv4 default,4796,0.3135246666666667,0.023060824221561926
YOLOv4 default,4797,0.3118733333333333,0.02192184647281743
YOLOv4 default,4798,0.31490100000000004,0.023737887774610444
YOLOv4 default,4799,0.32114099999999995,0.025179259368244614
YOLOv4 default,4800,0.3197723333333333,0.02813014238815328
YOLOv4 default,4801,0.3116676666666667,0.025349393117872553
YOLOv4 default,4802,0.309148,0.020902286581456427
YOLOv4 default,4803,0.30665633333333336,0.023169882644885738
YOLOv4 default,4804,0.30362400000000006,0.021550855953611992
YOLOv4 default,4805,0.29933133333333334,0.019439109387463654
YOLOv4 default,4806,0.3010893333333333,0.021730815557124812
YOLOv4 default,4807,0.293815,0.015889869644944647
YOLOv4 default,4808,0.30565133333333333,0.01050668957273306
YOLOv4 default,4809,0.3040613333333333,0.00961910710224419
YOLOv4 default,4810,0.29985,0.005438970582748183
YOLOv4 default,4811,0.29563633333333333,0.012128434968196749
YOLOv4 default,4812,0.29032600000000003,0.008744421555102045
YOLOv4 default,4813,0.292105,0.014531955282525934
YOLOv4 default,4814,0.2964303333333333,0.016666711556606224
YOLOv4 default,4815,0.29722266666666664,0.014140638744806085
YOLOv4 default,4816,0.3062566666666667,0.013558529914575715
YOLOv4 default,4817,0.300758,0.01268941544490262
YOLOv4 default,4818,0.3018716666666667,0.011407111953124298
YOLOv4 default,4819,0.2945766666666667,0.005044556549170385
YOLOv4 default,4820,0.295599,0.01331258458502079
YOLOv4 default,4821,0.2993493333333333,0.004420756810522119
YOLOv4 default,4822,0.293693,0.0033215220908493063
YOLOv4 default,4823,0.3059446666666667,0.011258503753953186
YOLOv4 default,4824,0.30953633333333336,0.01626515417831767
YOLOv4 default,4825,0.30741100000000005,0.019037818686323642
YOLOv4 default,4826,0.29737033333333335,0.012468207360233371
YOLOv4 default,4827,0.30898433333333336,0.017328825526016216
YOLOv4 default,4828,0.30798466666666663,0.016463846718728206
YOLOv4 default,4829,0.303065,0.01850482782951519
YOLOv4 default,4830,0.3283663333333333,0.03552951175353307
YOLOv4 default,4831,0.331281,0.02691719913611616
YOLOv4 default,4832,0.32559899999999997,0.02443133668740484
YOLOv4 default,4833,0.33789966666666665,0.029021670617737434
YOLOv4 default,4834,0.335443,0.02696833483921468
YOLOv4 default,4835,0.332493,0.02002435050132714
YOLOv4 default,4836,0.3294833333333333,0.02613544340758564
YOLOv4 default,4837,0.31732,0.02410294414243483
YOLOv4 default,4838,0.31655300000000003,0.025370024444870635
YOLOv4 default,4839,0.32839666666666667,0.025480560906524622
YOLOv4 default,4840,0.32799300000000003,0.032306448788644866
YOLOv4 default,4841,0.32574733333333333,0.030810265498874095
YOLOv4 default,4842,0.3297076666666667,0.028931684830149657
YOLOv4 default,4843,0.3168786666666667,0.02361205743776778
YOLOv4 default,4844,0.30492633333333335,0.015843113565345818
YOLOv4 default,4845,0.30929333333333336,0.009426747589233037
YOLOv4 default,4846,0.32226366666666667,0.02650986043175465
YOLOv4 default,4847,0.3354413333333333,0.020901917857247234
YOLOv4 default,4848,0.33501633333333336,0.017899555546934058
YOLOv4 default,4849,0.3315063333333333,0.014516107562903283
YOLOv4 default,4850,0.3211293333333333,0.013779619374681982
YOLOv4 default,4851,0.32606466666666667,0.013591072220804034
YOLOv4 default,4852,0.33677566666666664,0.015201072948242097
YOLOv4 default,4853,0.343121,0.017921812864030617
YOLOv4 default,4854,0.3491923333333333,0.018328625565249324
YOLOv4 default,4855,0.354139,0.023396045456444147
YOLOv4 default,4856,0.35072566666666666,0.029361985481987492
YOLOv4 default,4857,0.35075799999999996,0.025672584625108047
YOLOv4 default,4858,0.3504143333333333,0.02894865002225684
YOLOv4 default,4859,0.354169,0.032066823057484206
YOLOv4 default,4860,0.34451766666666667,0.026822319091466425
YOLOv4 default,4861,0.33825400000000005,0.02659941981196833
YOLOv4 default,4862,0.33520600000000006,0.018185572779908076
YOLOv4 default,4863,0.33006833333333335,0.0137116777764227
YOLOv4 default,4864,0.3292846666666666,0.006916583846893725
YOLOv4 default,4865,0.3292113333333333,0.00962873983332076
YOLOv4 default,4866,0.33230866666666664,0.013082303471144176
YOLOv4 default,4867,0.329437,0.010311089030747443
YOLOv4 default,4868,0.326108,0.009050090901937572
YOLOv4 default,4869,0.317286,0.010226341688665267
YOLOv4 default,4870,0.30775966666666665,0.010781386310571468
YOLOv4 default,4871,0.31336566666666665,0.007459992858203316
YOLOv4 default,4872,0.30489733333333335,0.005511902948266694
YOLOv4 default,4873,0.30934500000000004,0.007379451808908302
YOLOv4 default,4874,0.2995043333333333,0.007656667820345286
YOLOv4 default,4875,0.3121233333333333,0.012573344149871633
YOLOv4 default,4876,0.30532333333333334,0.009228569342596454
YOLOv4 default,4877,0.30403699999999995,0.011223027458459389
YOLOv4 default,4878,0.310157,0.013829404771476369
YOLOv4 default,4879,0.31222866666666665,0.014124041210330396
YOLOv4 default,4880,0.314336,0.01959720730954625
YOLOv4 default,4881,0.3115003333333333,0.026719951561416502
YOLOv4 default,4882,0.3039703333333334,0.019854322538038007
YOLOv4 default,4883,0.291744,0.01599215061626589
YOLOv4 default,4884,0.3002673333333334,0.017554925143041144
YOLOv4 default,4885,0.29573066666666664,0.0149494400378223
YOLOv4 default,4886,0.28926466666666667,0.013220570718055671
YOLOv4 default,4887,0.28733533333333333,0.008888486266576052
YOLOv4 default,4888,0.28895766666666667,0.006844092010226382
YOLOv4 default,4889,0.301444,0.006511608582626373
YOLOv4 default,4890,0.30216166666666666,0.00709792871978236
YOLOv4 default,4891,0.306444,0.004158255884382306
YOLOv4 default,4892,0.2973923333333333,0.005896740917188441
YOLOv4 default,4893,0.28805,0.0067177289565249175
YOLOv4 default,4894,0.2869966666666666,0.009401110294948016
YOLOv4 default,4895,0.288324,0.008193501957852529
YOLOv4 default,4896,0.291333,0.00532405606657182
YOLOv4 default,4897,0.281619,0.0067298273628179535
YOLOv4 default,4898,0.2807566666666667,0.007508333688494255
YOLOv4 default,4899,0.2787266666666666,0.011318494457204882
YOLOv4 default,4900,0.27605433333333335,0.01004812901876652
YOLOv4 default,4901,0.285967,0.010685687577315738
YOLOv4 default,4902,0.282092,0.015482837078520197
YOLOv4 default,4903,0.302093,0.025207892659509106
YOLOv4 default,4904,0.309943,0.026731671876882915
YOLOv4 default,4905,0.30871533333333334,0.02271299104281758
YOLOv4 default,4906,0.30725433333333335,0.030387644333036264
YOLOv4 default,4907,0.29714766666666664,0.025813787739199456
YOLOv4 default,4908,0.3058666666666667,0.03146334481759864
YOLOv4 default,4909,0.29986266666666667,0.031189574285506224
YOLOv4 default,4910,0.31192633333333336,0.03332525851029183
YOLOv4 default,4911,0.3062183333333333,0.033082886423513765
YOLOv4 default,4912,0.30101,0.032513147848216725
YOLOv4 default,4913,0.30972133333333335,0.032179438436851435
YOLOv4 default,4914,0.30922066666666664,0.02452788985579025
YOLOv4 default,4915,0.31731133333333333,0.021213627320925372
YOLOv4 default,4916,0.31285,0.013173300054782535
YOLOv4 default,4917,0.31701399999999996,0.007452618398925292
YOLOv4 default,4918,0.311406,0.007598545387111936
YOLOv4 default,4919,0.3052086666666667,0.007597872341064375
YOLOv4 default,4920,0.302689,0.003903790849930354
YOLOv4 default,4921,0.29348633333333335,0.009363848395706644
YOLOv4 default,4922,0.2886356666666667,0.006602854290212504
YOLOv4 default,4923,0.289283,0.00813607749471452
YOLOv4 default,4924,0.283428,0.007178336947603763
YOLOv4 default,4925,0.272873,0.0031005058189484728
YOLOv4 default,4926,0.2722503333333333,0.008646844748872918
YOLOv4 default,4927,0.267868,0.007522611979891034
YOLOv4 default,4928,0.26435333333333333,0.0055011946076385255
YOLOv4 default,4929,0.26169733333333334,0.005490445559737797
YOLOv4 default,4930,0.26045466666666667,0.005238223755349806
YOLOv4 default,4931,0.248808,0.007690015691358067
YOLOv4 default,4932,0.24961866666666666,0.00813388981019809
YOLOv4 default,4933,0.25179100000000004,0.011372219059327572
YOLOv4 default,4934,0.25211,0.008811157472205337
YOLOv4 default,4935,0.255366,0.0034750168824530018
YOLOv4 default,4936,0.252584,0.008539859425072521
YOLOv4 default,4937,0.24711800000000003,0.005780609223948629
YOLOv4 default,4938,0.24925300000000003,0.004103586520756363
YOLOv4 default,4939,0.24854999999999997,0.007812149277460925
YOLOv4 default,4940,0.2587026666666667,0.00795892198172033
YOLOv4 default,4941,0.26751199999999997,0.005511843369811348
YOLOv4 default,4942,0.26957866666666663,0.0074794617973339365
YOLOv4 default,4943,0.26865100000000003,0.010067473963214418
YOLOv4 default,4944,0.26727999999999996,0.01387971816476593
YOLOv4 default,4945,0.2701023333333333,0.014849374446233226
YOLOv4 default,4946,0.2683143333333333,0.01726247804085818
YOLOv4 default,4947,0.27312566666666666,0.011435321731858307
YOLOv4 default,4948,0.27710133333333337,0.0021965195448962185
YOLOv4 default,4949,0.27772833333333335,0.006325746394256141
YOLOv4 default,4950,0.2754826666666667,0.01039418902293221
YOLOv4 default,4951,0.2802343333333333,0.01065658529319366
YOLOv4 default,4952,0.28332466666666667,0.011559071853358784
YOLOv4 default,4953,0.28572366666666665,0.014243103996125443
YOLOv4 default,4954,0.2925816666666667,0.018109193377336776
YOLOv4 default,4955,0.307869,0.02706312070573779
YOLOv4 default,4956,0.32171,0.037631435276906475
YOLOv4 default,4957,0.3138936666666667,0.047425943639648464
YOLOv4 default,4958,0.3090363333333333,0.05071459941125873
YOLOv4 default,4959,0.31115200000000004,0.04702435878350709
YOLOv4 default,4960,0.311753,0.0453853659380789
YOLOv4 default,4961,0.31539533333333336,0.0373825886446856
YOLOv4 default,4962,0.3146913333333334,0.034421414431200316
YOLOv4 default,4963,0.3038163333333333,0.03733825610252545
YOLOv4 default,4964,0.3142563333333333,0.03641200795677773
YOLOv4 default,4965,0.30666599999999994,0.03064593527696618
YOLOv4 default,4966,0.3019193333333334,0.029092692177093392
YOLOv4 default,4967,0.2976436666666667,0.0223685752961108
YOLOv4 default,4968,0.29688733333333334,0.021829835740207575
YOLOv4 default,4969,0.2952396666666666,0.01995028225642713
YOLOv4 default,4970,0.28756966666666667,0.021522037049911836
YOLOv4 default,4971,0.28275,0.01686826159784503
YOLOv4 default,4972,0.28312033333333336,0.015214539365722226
YOLOv4 default,4973,0.27732166666666663,0.014158097804593832
YOLOv4 default,4974,0.27324966666666667,0.014462367099168495
YOLOv4 default,4975,0.27136800000000005,0.009869324411191142
YOLOv4 default,4976,0.26696233333333336,0.00973237457035937
YOLOv4 default,4977,0.2639483333333333,0.006789595381496933
YOLOv4 default,4978,0.26832,0.00665747379516685
YOLOv4 default,4979,0.265309,0.008738375726262486
YOLOv4 default,4980,0.2636173333333333,0.002925975411911579
YOLOv4 default,4981,0.26511999999999997,0.0014333502712177446
YOLOv4 default,4982,0.26576333333333335,0.0056514204212549735
YOLOv4 default,4983,0.2557506666666667,0.00637424720609771
YOLOv4 default,4984,0.262872,0.01120312559065549
YOLOv4 default,4985,0.2600016666666667,0.006634692088643684
YOLOv4 default,4986,0.2669856666666667,0.0075917429999821295
YOLOv4 default,4987,0.26576500000000003,0.013650847751452413
YOLOv4 default,4988,0.26325133333333334,0.014686722544908075
YOLOv4 default,4989,0.2601633333333333,0.01102087038809145
YOLOv4 default,4990,0.263709,0.012485288796553064
YOLOv4 default,4991,0.25800533333333336,0.009504182102866316
YOLOv4 default,4992,0.2700166666666666,0.016090313041634018
YOLOv4 default,4993,0.27748833333333334,0.019250399834231432
YOLOv4 default,4994,0.27270833333333333,0.02024264297906224
YOLOv4 default,4995,0.271371,0.017637990021541573
YOLOv4 default,4996,0.2721386666666667,0.02259903433285984
YOLOv4 default,4997,0.2757756666666667,0.01791218265439599
YOLOv4 default,4998,0.2800916666666666,0.024726042966430713
YOLOv4 default,4999,0.2802546666666667,0.030374443321830796
YOLOv4 default,5000,0.290692,0.03212333193075298
YOLOv4 default,5001,0.286815,0.025408876736290404
YOLOv4 default,5002,0.278874,0.021314150518689075
YOLOv4 default,5003,0.27595966666666666,0.018634632760296376
YOLOv4 default,5004,0.2914143333333333,0.009204368208145049
YOLOv4 default,5005,0.3084726666666667,0.007680297136902394
YOLOv4 default,5006,0.30591866666666667,0.008705630866156567
YOLOv4 default,5007,0.3014196666666667,0.010509988777877507
YOLOv4 default,5008,0.30017,0.0045955310175575135
YOLOv4 default,5009,0.298758,0.006287160355306154
YOLOv4 default,5010,0.2976566666666667,0.005753073391192261
YOLOv4 default,5011,0.29393800000000003,0.004756829441270037
YOLOv4 default,5012,0.290403,0.005988717753687621
YOLOv4 default,5013,0.28478333333333333,0.0006360003494059134
YOLOv4 default,5014,0.28160033333333334,0.003714956990927954
YOLOv4 default,5015,0.2807846666666667,0.00145273722484298
YOLOv4 default,5016,0.2810546666666667,0.0016979747086193983
YOLOv4 default,5017,0.28592033333333333,0.008032465174389344
YOLOv4 default,5018,0.288337,0.001126731112555267
YOLOv4 default,5019,0.2874,0.001742414129878432
YOLOv4 default,5020,0.2834616666666667,0.0027188562137617943
YOLOv4 default,5021,0.28342,0.004860077914327447
YOLOv4 default,5022,0.28263599999999994,0.005209117999559367
YOLOv4 default,5023,0.28159399999999996,0.013864722824492384
YOLOv4 default,5024,0.276601,0.010245294155529825
YOLOv4 default,5025,0.2793406666666667,0.0076642015529632575
YOLOv4 default,5026,0.27535133333333334,0.008683112908270734
YOLOv4 default,5027,0.272079,0.0070617979533071674
YOLOv4 default,5028,0.268796,0.006490295242385613
YOLOv4 default,5029,0.27605066666666667,0.003645286012250769
YOLOv4 default,5030,0.267019,0.0021385085924541117
YOLOv4 default,5031,0.27177433333333334,0.0029684180036585964
YOLOv4 default,5032,0.287095,0.008492145154984886
YOLOv4 default,5033,0.28300033333333335,0.007613306363057886
YOLOv4 default,5034,0.294972,0.01900004516661298
YOLOv4 default,5035,0.30028499999999997,0.023196235908727377
YOLOv4 default,5036,0.310594,0.022759639210672925
YOLOv4 default,5037,0.29886166666666664,0.022736710699757003
YOLOv4 default,5038,0.31217266666666665,0.028709574531465602
YOLOv4 default,5039,0.32369766666666666,0.022549525097241205
YOLOv4 default,5040,0.3243753333333333,0.01779529810870776
YOLOv4 default,5041,0.32237999999999994,0.019631539479453296
YOLOv4 default,5042,0.32010333333333335,0.01852606499262892
YOLOv4 default,5043,0.31395733333333337,0.01914633794692286
YOLOv4 default,5044,0.315847,0.022104980909288297
YOLOv4 default,5045,0.3116813333333333,0.02711664867034847
YOLOv4 default,5046,0.306229,0.025092922315532194
YOLOv4 default,5047,0.31804866666666665,0.028840868943990645
YOLOv4 default,5048,0.313935,0.029664917276136123
YOLOv4 default,5049,0.31848566666666667,0.025858046847698643
YOLOv4 default,5050,0.312265,0.02236181191972899
YOLOv4 default,5051,0.3096133333333333,0.02039304585991128
YOLOv4 default,5052,0.30809233333333336,0.012870872248781131
YOLOv4 default,5053,0.30055633333333337,0.010764099905601843
YOLOv4 default,5054,0.29907,0.015737415332046544
YOLOv4 default,5055,0.2819593333333334,0.012704115033239335
YOLOv4 default,5056,0.2713476666666667,0.00999896505199969
YOLOv4 default,5057,0.276746,0.012552638978849557
YOLOv4 default,5058,0.27173200000000003,0.013338932278609602
YOLOv4 default,5059,0.267446,0.011154112559948463
YOLOv4 default,5060,0.2581236666666667,0.007696989938353241
YOLOv4 default,5061,0.25969966666666666,0.011805934755217152
YOLOv4 default,5062,0.25958333333333333,0.015321647913255868
YOLOv4 default,5063,0.25914166666666666,0.013284477913882965
YOLOv4 default,5064,0.2617953333333333,0.01555059864156718
YOLOv4 default,5065,0.2600283333333333,0.018014527853312673
YOLOv4 default,5066,0.26920666666666665,0.01888680334107507
YOLOv4 default,5067,0.2676483333333333,0.011599763508125685
YOLOv4 default,5068,0.2697163333333333,0.009514753987594455
YOLOv4 default,5069,0.271026,0.00991139485642662
YOLOv4 default,5070,0.26972899999999994,0.006515424877422287
YOLOv4 default,5071,0.26205233333333333,0.009732232517658921
YOLOv4 default,5072,0.265342,0.011346208588481578
YOLOv4 default,5073,0.26982033333333333,0.009241959069615302
YOLOv4 default,5074,0.2749203333333334,0.015038575922532618
YOLOv4 default,5075,0.27233100000000005,0.016479454794784125
YOLOv4 default,5076,0.27966433333333335,0.012718133738004867
YOLOv4 default,5077,0.2801256666666667,0.016622527348283848
YOLOv4 default,5078,0.27925866666666666,0.018298077971318324
YOLOv4 default,5079,0.28226599999999996,0.018333344730299482
YOLOv4 default,5080,0.28045,0.01885653447305028
YOLOv4 default,5081,0.28085866666666665,0.01628824836432015
YOLOv4 default,5082,0.27656400000000003,0.011566615119961982
YOLOv4 default,5083,0.2758123333333334,0.012105311868945985
YOLOv4 default,5084,0.2883236666666667,0.014947463712765592
YOLOv4 default,5085,0.286764,0.0119736197673608
YOLOv4 default,5086,0.28040099999999996,0.011328557763457793
YOLOv4 default,5087,0.2776763333333333,0.014617246917406998
YOLOv4 default,5088,0.2814143333333334,0.010682330025690922
YOLOv4 default,5089,0.289671,0.009858929421257323
YOLOv4 default,5090,0.28776633333333335,0.01320504965702306
YOLOv4 default,5091,0.2830796666666667,0.012437808385903215
YOLOv4 default,5092,0.2895006666666667,0.014216852140251635
YOLOv4 default,5093,0.292425,0.00889993421324001
YOLOv4 default,5094,0.28776466666666667,0.0033242972356741945
YOLOv4 default,5095,0.288554,0.0074010507362130655
YOLOv4 default,5096,0.2793596666666667,0.005988961104491416
YOLOv4 default,5097,0.2771676666666667,0.004264151980301717
YOLOv4 default,5098,0.2720373333333333,0.005368373569134114
YOLOv4 default,5099,0.2610673333333333,0.007502509121028185
YOLOv4 default,5100,0.25767266666666666,0.008817822432122596
YOLOv4 default,5101,0.256729,0.014832064904568527
YOLOv4 default,5102,0.26607333333333333,0.011828362585093698
YOLOv4 default,5103,0.27176599999999995,0.010885620101767288
YOLOv4 default,5104,0.265345,0.009570012695916345
YOLOv4 default,5105,0.274907,0.002761782455830535
YOLOv4 default,5106,0.2714433333333333,0.0023863396191191742
YOLOv4 default,5107,0.270598,0.004448170522810476
YOLOv4 default,5108,0.27179733333333334,0.0032567596540801803
YOLOv4 default,5109,0.2795383333333334,0.008390712610446799
YOLOv4 default,5110,0.2787736666666667,0.0061058117214485
YOLOv4 default,5111,0.27243733333333336,0.006506209094225126
YOLOv4 default,5112,0.27335899999999996,0.015419367442710916
YOLOv4 default,5113,0.2773016666666666,0.014517917278697777
YOLOv4 default,5114,0.2747806666666666,0.015432877181883846
YOLOv4 default,5115,0.28354266666666667,0.0063673676490193145
YOLOv4 default,5116,0.28777233333333335,0.005095853881125114
YOLOv4 default,5117,0.28039533333333333,0.005433069001750109
YOLOv4 default,5118,0.27522599999999997,0.004452594299955932
YOLOv4 default,5119,0.27159599999999995,0.007034745505939306
YOLOv4 default,5120,0.27385033333333336,0.006454611590001209
YOLOv4 default,5121,0.28439866666666663,0.006779990789898698
YOLOv4 default,5122,0.2835296666666667,0.010176341260219428
YOLOv4 default,5123,0.30640133333333336,0.010202314840814854
YOLOv4 default,5124,0.30586833333333335,0.012788307385177193
YOLOv4 default,5125,0.3153076666666667,0.020765702206068326
YOLOv4 default,5126,0.3271963333333333,0.021530190743336307
YOLOv4 default,5127,0.3325916666666667,0.021487822957304076
YOLOv4 default,5128,0.3373803333333334,0.018187520504761263
YOLOv4 default,5129,0.3368903333333333,0.019700102016092323
YOLOv4 default,5130,0.33793999999999996,0.021225316259913137
YOLOv4 default,5131,0.34029,0.019889685090518652
YOLOv4 default,5132,0.32814766666666667,0.014837943268675893
YOLOv4 default,5133,0.32659733333333335,0.01613268614060011
YOLOv4 default,5134,0.3206546666666667,0.016396451753690828
YOLOv4 default,5135,0.32678500000000005,0.016448328395311174
YOLOv4 default,5136,0.31761666666666666,0.01381363028960085
YOLOv4 default,5137,0.31426033333333336,0.020047627177410415
YOLOv4 default,5138,0.3038066666666666,0.015001568832773593
YOLOv4 default,5139,0.299954,0.013955531854190776
YOLOv4 default,5140,0.3034923333333333,0.014435214030665106
YOLOv4 default,5141,0.3122223333333333,0.01796032072220439
YOLOv4 default,5142,0.3129933333333333,0.017971307468047808
YOLOv4 default,5143,0.307057,0.01783772702261512
YOLOv4 default,5144,0.297776,0.02065050300436611
YOLOv4 default,5145,0.3018866666666667,0.015376137923563387
YOLOv4 default,5146,0.3076763333333334,0.009723804902288904
YOLOv4 default,5147,0.3166446666666667,0.00858333991585508
YOLOv4 default,5148,0.3136373333333333,0.007513053913763115
YOLOv4 default,5149,0.31601133333333337,0.0014627921170753512
YOLOv4 default,5150,0.321049,0.006767550098324591
YOLOv4 default,5151,0.3188413333333333,0.00782149040216193
YOLOv4 default,5152,0.3182393333333333,0.00127922142119512
YOLOv4 default,5153,0.3117046666666667,0.005940792941836799
YOLOv4 default,5154,0.3122276666666666,0.010711356501914737
YOLOv4 default,5155,0.30982566666666667,0.009658687149113198
YOLOv4 default,5156,0.302974,0.011377913912488522
YOLOv4 default,5157,0.30065566666666665,0.014198534869642168
YOLOv4 default,5158,0.29900366666666667,0.01086654821510084
YOLOv4 default,5159,0.300543,0.011429480930179342
YOLOv4 default,5160,0.294088,0.011334108934245047
YOLOv4 default,5161,0.29495099999999996,0.019031986820438197
YOLOv4 default,5162,0.3011903333333333,0.010941356502331466
YOLOv4 default,5163,0.3089703333333333,0.01807667378449671
YOLOv4 default,5164,0.31006333333333336,0.019524969537606053
YOLOv4 default,5165,0.3118353333333333,0.025098519108593727
YOLOv4 default,5166,0.31202633333333335,0.023034369829549158
YOLOv4 default,5167,0.3076353333333333,0.02571921359822479
YOLOv4 default,5168,0.300481,0.025255053599890324
YOLOv4 default,5169,0.3090213333333333,0.0212429417402058
YOLOv4 default,5170,0.30280766666666664,0.02612168069078081
YOLOv4 default,5171,0.2971156666666667,0.02506656957206372
YOLOv4 default,5172,0.31472066666666665,0.009274462164699604
YOLOv4 default,5173,0.3172283333333333,0.007597300141790149
YOLOv4 default,5174,0.31158199999999997,0.005780561420254378
YOLOv4 default,5175,0.31207199999999996,0.004802413247524624
YOLOv4 default,5176,0.30750866666666665,0.006014772767482117
YOLOv4 default,5177,0.30905733333333335,0.008488197380938886
YOLOv4 default,5178,0.29965233333333335,0.010506484066729667
YOLOv4 default,5179,0.29811666666666664,0.010750717206049294
YOLOv4 default,5180,0.32005433333333333,0.0036278093175419897
YOLOv4 default,5181,0.31948099999999996,0.00785080978838064
YOLOv4 default,5182,0.326499,0.011513940637331762
YOLOv4 default,5183,0.327309,0.008286042621983868
YOLOv4 default,5184,0.329291,0.015463798897209355
YOLOv4 default,5185,0.3268126666666667,0.018736711560759827
YOLOv4 default,5186,0.33548333333333336,0.02316657635713813
YOLOv4 default,5187,0.330366,0.022650702329066973
YOLOv4 default,5188,0.3252726666666667,0.025710433007719746
YOLOv4 default,5189,0.31936766666666666,0.02471346991240023
YOLOv4 default,5190,0.31190333333333337,0.020978954862221108
YOLOv4 default,5191,0.30462433333333333,0.015106679674163272
YOLOv4 default,5192,0.30096866666666666,0.01593960827972605
YOLOv4 default,5193,0.29305133333333333,0.010512497710397415
YOLOv4 default,5194,0.290136,0.0029594716307701397
YOLOv4 default,5195,0.29244,0.006889585352786726
YOLOv4 default,5196,0.295052,0.012303701895500115
YOLOv4 default,5197,0.2914853333333334,0.008737831945689455
YOLOv4 default,5198,0.288219,0.009929470546475945
YOLOv4 default,5199,0.2795476666666667,0.007353713400573738
YOLOv4 default,5200,0.2754026666666667,0.004993957760244989
YOLOv4 default,5201,0.2733113333333333,0.004430593276049798
YOLOv4 default,5202,0.27917533333333333,0.007938500810046626
YOLOv4 default,5203,0.272602,0.006881706643946203
YOLOv4 default,5204,0.27432433333333334,0.0013506670368541866
YOLOv4 default,5205,0.2792886666666667,0.009642555994709645
YOLOv4 default,5206,0.27162033333333335,0.009873256915076754
YOLOv4 default,5207,0.26596800000000004,0.006290721818678675
YOLOv4 default,5208,0.26187333333333335,0.00998344286528673
YOLOv4 default,5209,0.27935499999999996,0.009630703470325179
YOLOv4 default,5210,0.27424066666666663,0.00656280311892547
YOLOv4 default,5211,0.27837666666666666,0.00881926233372787
YOLOv4 default,5212,0.2777453333333333,0.006105813086268246
YOLOv4 default,5213,0.284364,0.01008745777355887
YOLOv4 default,5214,0.27992100000000003,0.007306230788397895
YOLOv4 default,5215,0.2740063333333333,0.0032332590541296093
YOLOv4 default,5216,0.27437733333333336,0.003112889993416267
YOLOv4 default,5217,0.2686173333333333,0.003369631351415817
YOLOv4 default,5218,0.2701116666666667,0.007509150558559277
YOLOv4 default,5219,0.27067566666666665,0.012117187301973633
YOLOv4 default,5220,0.27167066666666667,0.01287516674757177
YOLOv4 default,5221,0.27435966666666667,0.008603024474631647
YOLOv4 default,5222,0.27219333333333334,0.007520426103471655
YOLOv4 default,5223,0.278434,0.003321825753005917
YOLOv4 default,5224,0.273914,0.0034505522746366302
YOLOv4 default,5225,0.27722600000000003,0.0010892131716672042
YOLOv4 default,5226,0.2780836666666666,0.0021207304035271595
YOLOv4 default,5227,0.275328,0.0012282096726536603
YOLOv4 default,5228,0.275261,0.006164725487264895
YOLOv4 default,5229,0.28096099999999996,0.009246301801260863
YOLOv4 default,5230,0.27811,0.011911850779790694
YOLOv4 default,5231,0.28266600000000003,0.010285892912139428
YOLOv4 default,5232,0.2906866666666667,0.015461412800186723
YOLOv4 default,5233,0.29497266666666666,0.013980508924133541
YOLOv4 default,5234,0.294012,0.012406097586805186
YOLOv4 default,5235,0.28611899999999996,0.01281975417080999
YOLOv4 default,5236,0.289506,0.012578425616904521
YOLOv4 default,5237,0.281564,0.009777500004261488
YOLOv4 default,5238,0.27951466666666663,0.008011795186542842
YOLOv4 default,5239,0.27839166666666665,0.011393158712334539
YOLOv4 default,5240,0.28590066666666664,0.012475139202073507
YOLOv4 default,5241,0.2749916666666667,0.01211558046942493
YOLOv4 default,5242,0.2735906666666667,0.01202613820439092
YOLOv4 default,5243,0.28059733333333337,0.010539404795549155
YOLOv4 default,5244,0.276672,0.00913496754236161
YOLOv4 default,5245,0.26971133333333336,0.007841490851730805
YOLOv4 default,5246,0.271897,0.012528108170563247
YOLOv4 default,5247,0.2683073333333333,0.008256388523104069
YOLOv4 default,5248,0.26359399999999994,0.0073901973135589
YOLOv4 default,5249,0.26192733333333335,0.00827920326950473
YOLOv4 default,5250,0.25985733333333333,0.010901376890609325
YOLOv4 default,5251,0.2675323333333333,0.002836577299806546
YOLOv4 default,5252,0.27643833333333334,0.007715569461232989
YOLOv4 default,5253,0.26857733333333333,0.006594819490411477
YOLOv4 default,5254,0.266978,0.012367845258303216
YOLOv4 default,5255,0.27020333333333335,0.00860076596072181
YOLOv4 default,5256,0.27080400000000004,0.012710951747738383
YOLOv4 default,5257,0.26950433333333335,0.020898688733453533
YOLOv4 default,5258,0.26879733333333333,0.019922555176928935
YOLOv4 default,5259,0.2672166666666667,0.017453240542788746
YOLOv4 default,5260,0.2619493333333333,0.016829853696465825
YOLOv4 default,5261,0.26743066666666665,0.016135551434987003
YOLOv4 default,5262,0.25998566666666667,0.013912289319558846
YOLOv4 default,5263,0.256332,0.013743437318710819
YOLOv4 default,5264,0.26251233333333335,0.013060961607443428
YOLOv4 default,5265,0.266106,0.014071918715418073
YOLOv4 default,5266,0.2680646666666667,0.012705376320457588
YOLOv4 default,5267,0.27691366666666667,0.007911396849552606
YOLOv4 default,5268,0.27303133333333335,0.007705752317442986
YOLOv4 default,5269,0.2721826666666667,0.0050185063293551645
YOLOv4 default,5270,0.268523,0.00835611670175407
YOLOv4 default,5271,0.26441333333333333,0.008865579212763125
YOLOv4 default,5272,0.25889,0.00544679979437468
YOLOv4 default,5273,0.2508263333333334,0.006241070857188253
YOLOv4 default,5274,0.25991933333333334,0.010916510070123656
YOLOv4 default,5275,0.2559033333333333,0.012705472972087435
YOLOv4 default,5276,0.2536543333333333,0.007404819721715791
YOLOv4 default,5277,0.25380033333333335,0.004034212452401483
YOLOv4 default,5278,0.2571563333333334,0.0023050851273747814
YOLOv4 default,5279,0.25602733333333333,0.002510135875029692
YOLOv4 default,5280,0.2522976666666667,0.00235718775474316
YOLOv4 default,5281,0.25125166666666665,0.004130963177974093
YOLOv4 default,5282,0.25194666666666665,0.008356167828483207
YOLOv4 default,5283,0.248402,0.005887568032161784
YOLOv4 default,5284,0.242765,0.006452517131579994
YOLOv4 default,5285,0.242595,0.0077729002952566005
YOLOv4 default,5286,0.24464933333333336,0.010338674598053882
YOLOv4 default,5287,0.24452633333333332,0.009402343064955198
YOLOv4 default,5288,0.250809,0.015910652479811556
YOLOv4 default,5289,0.248403,0.01572768218778597
YOLOv4 default,5290,0.24528833333333333,0.019056727651351316
YOLOv4 default,5291,0.251224,0.01746318517147813
YOLOv4 default,5292,0.24506233333333335,0.012001460110243998
YOLOv4 default,5293,0.24529866666666666,0.016040688018632832
YOLOv4 default,5294,0.252771,0.01328978601533273
YOLOv4 default,5295,0.255809,0.015564129475602971
YOLOv4 default,5296,0.2527466666666667,0.014681283825938992
YOLOv4 default,5297,0.25024,0.010020991983498095
YOLOv4 default,5298,0.25299133333333335,0.009793235698401449
YOLOv4 default,5299,0.25675533333333334,0.0109733178867854
YOLOv4 default,5300,0.25728733333333337,0.009780688751025899
YOLOv4 default,5301,0.25671299999999997,0.01077342918171059
YOLOv4 default,5302,0.26688033333333333,0.0023060240193410477
YOLOv4 default,5303,0.271673,0.005702617761461249
YOLOv4 default,5304,0.2741306666666667,0.010645835059360594
YOLOv4 default,5305,0.270067,0.014842858922727789
YOLOv4 default,5306,0.2729203333333333,0.020213995632839262
YOLOv4 default,5307,0.27476066666666665,0.02204183215564845
YOLOv4 default,5308,0.27178433333333335,0.01650914227868238
YOLOv4 default,5309,0.274413,0.015140276626711063
YOLOv4 default,5310,0.26737933333333336,0.015340128555886077
YOLOv4 default,5311,0.25912,0.0138919367380266
YOLOv4 default,5312,0.2597523333333333,0.010387619751950445
YOLOv4 default,5313,0.25790033333333334,0.004642763054235887
YOLOv4 default,5314,0.25454766666666667,0.005676442675165883
YOLOv4 default,5315,0.25206999999999996,0.003727580761476977
YOLOv4 default,5316,0.2555716666666667,0.0019664564011891428
YOLOv4 default,5317,0.2581616666666667,0.00524250202140585
YOLOv4 default,5318,0.2664406666666667,0.008406803620348879
YOLOv4 default,5319,0.26539666666666667,0.004070892626657914
YOLOv4 default,5320,0.26476533333333335,0.00416039202212697
YOLOv4 default,5321,0.260378,0.00963180268693249
YOLOv4 default,5322,0.26123366666666664,0.010457100941996839
YOLOv4 default,5323,0.2544176666666667,0.006623760898797942
YOLOv4 default,5324,0.2551486666666667,0.005510479481053449
YOLOv4 default,5325,0.252431,0.009115317931920974
YOLOv4 default,5326,0.254732,0.014016635200123233
YOLOv4 default,5327,0.25644766666666663,0.014613203736499557
YOLOv4 default,5328,0.2562986666666667,0.015031366120364594
YOLOv4 default,5329,0.25116833333333327,0.013838095802690645
YOLOv4 default,5330,0.25085399999999997,0.014479089623775837
YOLOv4 default,5331,0.2634203333333333,0.012286294930169596
YOLOv4 default,5332,0.275102,0.014176020398311142
YOLOv4 default,5333,0.28543966666666665,0.02117030298423819
YOLOv4 default,5334,0.28306633333333336,0.023486846420449427
YOLOv4 default,5335,0.29129133333333335,0.02865112628579276
YOLOv4 default,5336,0.29380200000000006,0.025519259987964636
YOLOv4 default,5337,0.302125,0.02683525044290315
YOLOv4 default,5338,0.301887,0.02350486852405972
YOLOv4 default,5339,0.29708066666666666,0.022582294549294835
YOLOv4 default,5340,0.3016413333333334,0.025665459774655213
YOLOv4 default,5341,0.310073,0.024558010322499654
YOLOv4 default,5342,0.30434466666666665,0.02377832768393195
YOLOv4 default,5343,0.29698,0.026582066912362798
YOLOv4 default,5344,0.30298699999999995,0.024892574421568635
YOLOv4 default,5345,0.30914,0.01905377866286196
YOLOv4 default,5346,0.3086716666666667,0.029108346055918596
YOLOv4 default,5347,0.3026933333333333,0.026040019408168222
YOLOv4 default,5348,0.303938,0.02203129257064445
YOLOv4 default,5349,0.3038166666666667,0.02664776489272183
YOLOv4 default,5350,0.2992283333333333,0.02798744011357792
YOLOv4 default,5351,0.300276,0.02504446701369386
YOLOv4 default,5352,0.2933883333333333,0.01990062469985413
YOLOv4 default,5353,0.28681466666666666,0.01906582650829606
YOLOv4 default,5354,0.2843743333333333,0.014321924153005582
YOLOv4 default,5355,0.28239166666666665,0.013312619155439619
YOLOv4 default,5356,0.28088966666666665,0.013917138000002424
YOLOv4 default,5357,0.2899296666666667,0.012016359533754167
YOLOv4 default,5358,0.2929426666666667,0.010053111629960379
YOLOv4 default,5359,0.290254,0.01169037644104471
YOLOv4 default,5360,0.2853576666666667,0.015532239185356084
YOLOv4 default,5361,0.2830553333333334,0.0160598318415162
YOLOv4 default,5362,0.2829,0.01586745445873409
YOLOv4 default,5363,0.28434466666666663,0.017564537846973875
YOLOv4 default,5364,0.3098016666666667,0.014622484072292382
YOLOv4 default,5365,0.31144733333333335,0.0175762608114215
YOLOv4 default,5366,0.31490766666666664,0.02255347425071751
YOLOv4 default,5367,0.3132026666666667,0.014680893096508501
YOLOv4 default,5368,0.3141176666666667,0.00760939737722012
YOLOv4 default,5369,0.31544133333333335,0.012357833714333237
YOLOv4 default,5370,0.31244900000000003,0.014178516506790594
YOLOv4 default,5371,0.3108056666666667,0.0137246249048117
YOLOv4 default,5372,0.312041,0.01565495708500451
YOLOv4 default,5373,0.30918833333333334,0.014175296638087599
YOLOv4 default,5374,0.3038206666666667,0.011579440233064425
YOLOv4 default,5375,0.300918,0.014503089360546593
YOLOv4 default,5376,0.294355,0.019493503251083427
YOLOv4 default,5377,0.291082,0.01904719245278246
YOLOv4 default,5378,0.292256,0.019792283066892517
YOLOv4 default,5379,0.297503,0.0282042808511994
YOLOv4 default,5380,0.296419,0.030599884416993038
YOLOv4 default,5381,0.29157933333333336,0.03459450419904552
YOLOv4 default,5382,0.290877,0.03201016693177341
YOLOv4 default,5383,0.28486933333333336,0.031986531083844916
YOLOv4 default,5384,0.27306233333333335,0.03307385168746519
YOLOv4 default,5385,0.27589733333333333,0.02511234068695663
YOLOv4 default,5386,0.27521733333333337,0.02012791893807649
YOLOv4 default,5387,0.27553300000000003,0.016755142285280668
YOLOv4 default,5388,0.2755126666666667,0.015668966572318817
YOLOv4 default,5389,0.28087033333333333,0.01493295528167296
YOLOv4 default,5390,0.27701833333333337,0.01406035675618195
YOLOv4 default,5391,0.273218,0.007738589083289032
YOLOv4 default,5392,0.2777536666666667,0.012611477581067886
YOLOv4 default,5393,0.2849643333333333,0.013456336949969375
YOLOv4 default,5394,0.280826,0.01617500231839241
YOLOv4 default,5395,0.273146,0.015099429558761484
YOLOv4 default,5396,0.27026533333333336,0.011555991019572687
YOLOv4 default,5397,0.27633833333333335,0.012772488876922573
YOLOv4 default,5398,0.269417,0.010830276881656043
YOLOv4 default,5399,0.2683546666666667,0.011125753852111685
YOLOv4 default,5400,0.2709373333333333,0.005334166861948661
YOLOv4 default,5401,0.26838433333333334,0.0021887788325405952
YOLOv4 default,5402,0.26889366666666664,0.00907776386439841
YOLOv4 default,5403,0.263995,0.009897239126813761
YOLOv4 default,5404,0.262941,0.005883441963114225
YOLOv4 default,5405,0.25492966666666667,0.005172653520625992
YOLOv4 default,5406,0.25162833333333334,0.00675523511392789
YOLOv4 default,5407,0.24998333333333336,0.00877641765060083
YOLOv4 default,5408,0.2519533333333333,0.004679509387864409
YOLOv4 default,5409,0.255554,0.0053651148481028196
YOLOv4 default,5410,0.25506933333333337,0.008141257894890154
YOLOv4 default,5411,0.25491366666666665,0.007759972730479008
YOLOv4 default,5412,0.251156,0.006081132706988057
YOLOv4 default,5413,0.241743,0.007336545872093581
YOLOv4 default,5414,0.24070899999999998,0.005284507829495576
YOLOv4 default,5415,0.243224,0.005153109093870743
YOLOv4 default,5416,0.25201233333333334,0.016228809992657425
YOLOv4 default,5417,0.24701399999999998,0.013730141453507802
YOLOv4 default,5418,0.2419463333333333,0.013918017870531865
YOLOv4 default,5419,0.2513223333333333,0.02033457081207054
YOLOv4 default,5420,0.2535863333333333,0.020055686154083856
YOLOv4 default,5421,0.2572896666666667,0.01938398179196192
YOLOv4 default,5422,0.26336066666666663,0.014830711539834424
YOLOv4 default,5423,0.26135233333333335,0.015054469904686486
YOLOv4 default,5424,0.267995,0.02058029062800945
YOLOv4 default,5425,0.2657293333333333,0.014061824281049424
YOLOv4 default,5426,0.26547899999999997,0.011155575646285583
YOLOv4 default,5427,0.2639583333333333,0.009100488710930733
YOLOv4 default,5428,0.2642603333333333,0.012000633390691417
YOLOv4 default,5429,0.26341366666666666,0.007395034016900196
YOLOv4 default,5430,0.264858,0.007072382130513015
YOLOv4 default,5431,0.2586846666666667,0.0035556436985602208
YOLOv4 default,5432,0.25931299999999996,0.005204563670472294
YOLOv4 default,5433,0.2709786666666667,0.009430611403532888
YOLOv4 default,5434,0.275461,0.01652713448645389
YOLOv4 default,5435,0.2828253333333333,0.006108290986665388
YOLOv4 default,5436,0.287358,0.012566127340327787
YOLOv4 default,5437,0.28708466666666665,0.013603031234904145
YOLOv4 default,5438,0.28157499999999996,0.0156424700841438
YOLOv4 default,5439,0.28857466666666665,0.010260459855408265
YOLOv4 default,5440,0.29485433333333333,0.011093150504302691
YOLOv4 default,5441,0.2938156666666667,0.00600248310655219
YOLOv4 default,5442,0.28614766666666663,0.010321928636537738
YOLOv4 default,5443,0.278206,0.007403663147388602
YOLOv4 default,5444,0.274204,0.007653536720584382
YOLOv4 default,5445,0.275077,0.010303964301827397
YOLOv4 default,5446,0.269533,0.011544248842316831
YOLOv4 default,5447,0.26761666666666667,0.015298343802879803
YOLOv4 default,5448,0.26467599999999997,0.02031155296869247
YOLOv4 default,5449,0.2628083333333333,0.021796449698160594
YOLOv4 default,5450,0.25384266666666666,0.01590197347640992
YOLOv4 default,5451,0.25015133333333334,0.018836527788080027
YOLOv4 default,5452,0.24733966666666665,0.013670801809371354
YOLOv4 default,5453,0.2530696666666667,0.003753167210651695
YOLOv4 default,5454,0.24519466666666667,0.004491896790641761
YOLOv4 default,5455,0.241479,0.004046885592650229
YOLOv4 default,5456,0.24456366666666665,0.004949227560381969
YOLOv4 default,5457,0.24721933333333335,0.0030955469809245467
YOLOv4 default,5458,0.24426066666666668,0.0023144456739741756
YOLOv4 default,5459,0.24256566666666668,0.006431384152039989
YOLOv4 default,5460,0.247466,0.005821694684539886
YOLOv4 default,5461,0.24373999999999998,0.00506398275405173
YOLOv4 default,5462,0.24131333333333335,0.010842538591635767
YOLOv4 default,5463,0.25011,0.007670819773661748
YOLOv4 default,5464,0.25115466666666664,0.0033287053205579894
YOLOv4 default,5465,0.252415,0.007165610441546485
YOLOv4 default,5466,0.25739566666666663,0.009234082526765235
YOLOv4 default,5467,0.2614303333333333,0.012609301134920644
YOLOv4 default,5468,0.26096766666666665,0.009946184969346013
YOLOv4 default,5469,0.26266300000000004,0.013886755212551756
YOLOv4 default,5470,0.26169933333333334,0.012007007597417612
YOLOv4 default,5471,0.256002,0.01173031646347759
YOLOv4 default,5472,0.2662743333333333,0.0021791233966386063
YOLOv4 default,5473,0.2691746666666666,0.007746619958264233
YOLOv4 default,5474,0.2633853333333333,0.005147013934743567
YOLOv4 default,5475,0.26205799999999996,0.0064633179559727685
YOLOv4 default,5476,0.2578356666666667,0.004625060371978347
YOLOv4 default,5477,0.2667823333333333,0.012537363695946793
YOLOv4 default,5478,0.2716526666666667,0.018097312934368028
YOLOv4 default,5479,0.26631866666666665,0.019916050021137326
YOLOv4 default,5480,0.26159233333333337,0.016744806322492284
YOLOv4 default,5481,0.26033733333333337,0.016687675635363698
YOLOv4 default,5482,0.26310700000000004,0.01178187528933037
YOLOv4 default,5483,0.263925,0.0073365516650081165
YOLOv4 default,5484,0.26492066666666664,0.007614025311518499
YOLOv4 default,5485,0.26798999999999995,0.009793071547442779
YOLOv4 default,5486,0.270403,0.013868441957672575
YOLOv4 default,5487,0.2674753333333333,0.011178246498345704
YOLOv4 default,5488,0.27632333333333337,0.013137050916312147
YOLOv4 default,5489,0.2722006666666667,0.014258011927022345
YOLOv4 default,5490,0.27346966666666667,0.02128730537459147
YOLOv4 default,5491,0.26482999999999995,0.01818463068087994
YOLOv4 default,5492,0.26554,0.02014020400426304
YOLOv4 default,5493,0.26097766666666666,0.018680217319697098
YOLOv4 default,5494,0.261996,0.019960668834819485
YOLOv4 default,5495,0.26052533333333333,0.018600075558388947
YOLOv4 default,5496,0.26656266666666667,0.01840320997664386
YOLOv4 default,5497,0.2641773333333333,0.015763996916320994
YOLOv4 default,5498,0.2655153333333333,0.015670145844177003
YOLOv4 default,5499,0.2649803333333333,0.008974762250023362
YOLOv4 default,5500,0.2601343333333333,0.009653330622697602
YOLOv4 default,5501,0.262667,0.007110492622409045
YOLOv4 default,5502,0.265463,0.009354815355384275
YOLOv4 default,5503,0.259364,0.003135812706992147
YOLOv4 default,5504,0.2573746666666667,0.006452922447318827
YOLOv4 default,5505,0.25659866666666664,0.009638655859495035
YOLOv4 default,5506,0.2482953333333333,0.00876520424430853
YOLOv4 default,5507,0.24551833333333337,0.010785393600194244
YOLOv4 default,5508,0.24684866666666663,0.006788063870582768
YOLOv4 default,5509,0.25444466666666665,0.007228840855290098
YOLOv4 default,5510,0.24872000000000002,0.00983905117376671
YOLOv4 default,5511,0.25159133333333333,0.013901227479774738
YOLOv4 default,5512,0.24973166666666669,0.015407210458454544
YOLOv4 default,5513,0.25248,0.017178398994085565
YOLOv4 default,5514,0.25783399999999995,0.01211471660144525
YOLOv4 default,5515,0.262122,0.020690969753332816
YOLOv4 default,5516,0.26270733333333335,0.020042423059877544
YOLOv4 default,5517,0.269415,0.018275775341509672
YOLOv4 default,5518,0.2677906666666667,0.018113487611292427
YOLOv4 default,5519,0.27578733333333333,0.019001452491264396
YOLOv4 default,5520,0.27304066666666665,0.014722333435219349
YOLOv4 default,5521,0.271897,0.014317015994962082
YOLOv4 default,5522,0.26327066666666665,0.021125102992516857
YOLOv4 default,5523,0.2552953333333334,0.026287335996212656
YOLOv4 default,5524,0.25984233333333334,0.027229757168297418
YOLOv4 default,5525,0.26064,0.023623942650060202
YOLOv4 default,5526,0.26381133333333334,0.023130888456299674
YOLOv4 default,5527,0.26641000000000004,0.024187271473511303
YOLOv4 default,5528,0.2651783333333333,0.020691900841741058
YOLOv4 default,5529,0.2682373333333334,0.023340085949094345
YOLOv4 default,5530,0.266496,0.01666015834258486
YOLOv4 default,5531,0.2658413333333333,0.019223597342271234
YOLOv4 default,5532,0.263442,0.01964556369769013
YOLOv4 default,5533,0.275075,0.016495078306371667
YOLOv4 default,5534,0.2722153333333333,0.01554221117187355
YOLOv4 default,5535,0.26834966666666665,0.011780283674192432
YOLOv4 default,5536,0.27688033333333334,0.010306420431513117
YOLOv4 default,5537,0.2735026666666666,0.012389231645981035
YOLOv4 default,5538,0.274371,0.015210269962539562
YOLOv4 default,5539,0.268862,0.014184055320441091
YOLOv4 default,5540,0.26489466666666667,0.013067145012502848
YOLOv4 default,5541,0.27434833333333336,0.007974174342491166
YOLOv4 default,5542,0.27692733333333336,0.006958357788380177
YOLOv4 default,5543,0.273132,0.010440595401284999
YOLOv4 default,5544,0.265845,0.012889728623985852
YOLOv4 default,5545,0.2557736666666667,0.009865465461790327
YOLOv4 default,5546,0.25526299999999996,0.005843093444400833
YOLOv4 default,5547,0.26489566666666664,0.00497826932220872
YOLOv4 default,5548,0.26898099999999997,0.010293262067974377
YOLOv4 default,5549,0.2677276666666667,0.008652513706689203
YOLOv4 default,5550,0.265615,0.01097222525288285
YOLOv4 default,5551,0.26052766666666666,0.010665366196765636
YOLOv4 default,5552,0.260907,0.013576293652294551
YOLOv4 default,5553,0.2693163333333333,0.012667333399119355
YOLOv4 default,5554,0.274951,0.008582043812519239
YOLOv4 default,5555,0.2736346666666667,0.0006813012875699201
YOLOv4 default,5556,0.279555,0.01122627459727105
YOLOv4 default,5557,0.28795166666666666,0.021198180600650082
YOLOv4 default,5558,0.28610033333333335,0.023159814804479286
YOLOv4 default,5559,0.2844773333333333,0.022944450725853327
YOLOv4 default,5560,0.275277,0.022401465138096065
YOLOv4 default,5561,0.2747226666666666,0.019422671806708553
YOLOv4 default,5562,0.28414300000000003,0.017026612767468856
YOLOv4 default,5563,0.28495166666666666,0.017226673468135917
YOLOv4 default,5564,0.29086399999999996,0.009659845461151725
YOLOv4 default,5565,0.291796,0.011903738446387339
YOLOv4 default,5566,0.28837633333333335,0.012689051190341659
YOLOv4 default,5567,0.289274,0.012097701613667513
YOLOv4 default,5568,0.2869603333333333,0.011094356137744593
YOLOv4 default,5569,0.2846686666666667,0.013786272064791296
YOLOv4 default,5570,0.28740133333333334,0.010752684259187474
YOLOv4 default,5571,0.2866586666666666,0.013116124647843886
YOLOv4 default,5572,0.2800036666666667,0.012763693722604146
YOLOv4 default,5573,0.28451566666666667,0.013081224717552681
YOLOv4 default,5574,0.28238666666666673,0.018073413792394365
YOLOv4 default,5575,0.2819496666666667,0.02036550958797196
YOLOv4 default,5576,0.2835356666666667,0.022135813909690435
YOLOv4 default,5577,0.2772506666666667,0.016341533346388003
YOLOv4 default,5578,0.2764203333333333,0.017165807412152546
YOLOv4 default,5579,0.282309,0.018357113997939146
YOLOv4 default,5580,0.28121,0.02177703150110225
YOLOv4 default,5581,0.27710266666666666,0.022557027022883824
YOLOv4 default,5582,0.2758116666666667,0.022800367872275906
YOLOv4 default,5583,0.2766883333333333,0.02590409219494951
YOLOv4 default,5584,0.2668266666666667,0.024229546882084098
YOLOv4 default,5585,0.265843,0.02651285894303617
YOLOv4 default,5586,0.259091,0.023716467956534627
YOLOv4 default,5587,0.25678700000000004,0.023433950036930044
YOLOv4 default,5588,0.25438066666666664,0.017008802822198993
YOLOv4 default,5589,0.252087,0.020516637549397154
YOLOv4 default,5590,0.2506983333333333,0.01645900014514181
YOLOv4 default,5591,0.25166266666666665,0.02304986591669847
YOLOv4 default,5592,0.2629956666666667,0.02217775847054381
YOLOv4 default,5593,0.27513533333333334,0.025373988586301882
YOLOv4 default,5594,0.2711766666666667,0.027101655695629445
YOLOv4 default,5595,0.26916666666666667,0.030980378437183608
YOLOv4 default,5596,0.27141566666666667,0.0296590194282354
YOLOv4 default,5597,0.2712343333333333,0.027865115672547364
YOLOv4 default,5598,0.26233833333333334,0.03098174564338025
YOLOv4 default,5599,0.26224166666666665,0.029693546135669133
YOLOv4 default,5600,0.26599466666666666,0.028231603498758466
YOLOv4 default,5601,0.26718533333333333,0.028053139778720756
YOLOv4 default,5602,0.2726326666666667,0.02905149392219118
YOLOv4 default,5603,0.2678663333333333,0.028524547377848288
YOLOv4 default,5604,0.259501,0.02709624830734568
YOLOv4 default,5605,0.25666133333333335,0.024524344886481905
YOLOv4 default,5606,0.25422666666666666,0.020378288130044463
YOLOv4 default,5607,0.2616083333333333,0.02139593717144553
YOLOv4 default,5608,0.26134833333333335,0.017639180265659863
YOLOv4 default,5609,0.26019,0.012224178881762714
YOLOv4 default,5610,0.24999266666666667,0.010750442042591141
YOLOv4 default,5611,0.2513206666666667,0.010959085125035656
YOLOv4 default,5612,0.2570266666666667,0.008439746290288855
YOLOv4 default,5613,0.255265,0.012231425155448287
YOLOv4 default,5614,0.2602016666666667,0.015301376434091728
YOLOv4 default,5615,0.25683933333333336,0.01684927180754243
YOLOv4 default,5616,0.25284866666666667,0.021876239929303317
YOLOv4 default,5617,0.26364933333333335,0.027227720876178953
YOLOv4 default,5618,0.2683446666666667,0.023318870329508776
YOLOv4 default,5619,0.2741023333333334,0.028708958278635694
YOLOv4 default,5620,0.27300166666666664,0.031147918776558908
YOLOv4 default,5621,0.269897,0.02960686096723754
YOLOv4 default,5622,0.2730803333333333,0.030459166131797576
YOLOv4 default,5623,0.26898133333333335,0.029194831445156708
YOLOv4 default,5624,0.268959,0.028425177876898744
YOLOv4 default,5625,0.26848833333333333,0.0259747758176616
YOLOv4 default,5626,0.262631,0.02358236513442478
YOLOv4 default,5627,0.26361166666666663,0.01896526388192664
YOLOv4 default,5628,0.2547376666666667,0.017731813268184897
YOLOv4 default,5629,0.24674933333333335,0.015622280822949986
YOLOv4 default,5630,0.24139066666666667,0.01255549550772269
YOLOv4 default,5631,0.23974700000000002,0.012056496271028887
YOLOv4 default,5632,0.23840266666666668,0.009867331019300228
YOLOv4 default,5633,0.23656533333333332,0.013032060419510707
YOLOv4 default,5634,0.24594833333333332,0.01730077524595678
YOLOv4 default,5635,0.2406883333333333,0.01472546503321524
YOLOv4 default,5636,0.238421,0.014893288522015538
YOLOv4 default,5637,0.239066,0.016088631711035382
YOLOv4 default,5638,0.24318766666666666,0.01507945189469579
YOLOv4 default,5639,0.24430666666666667,0.01240695767615002
YOLOv4 default,5640,0.24118666666666666,0.01236601332056716
YOLOv4 default,5641,0.24061933333333332,0.015382851494801314
YOLOv4 default,5642,0.24545666666666666,0.009883805716648042
YOLOv4 default,5643,0.253949,0.014647866886797326
YOLOv4 default,5644,0.260661,0.007824927497001708
YOLOv4 default,5645,0.26280600000000004,0.012617862259511317
YOLOv4 default,5646,0.2664146666666667,0.023024394399081254
YOLOv4 default,5647,0.2747203333333334,0.03223974520336316
YOLOv4 default,5648,0.280026,0.031863124815372394
YOLOv4 default,5649,0.28119500000000003,0.02994525647466279
YOLOv4 default,5650,0.27866233333333335,0.025085344820786854
YOLOv4 default,5651,0.2843826666666667,0.027615036256439084
YOLOv4 default,5652,0.2866873333333333,0.026365447321152074
YOLOv4 default,5653,0.2789523333333333,0.02192793252401553
YOLOv4 default,5654,0.27307333333333333,0.014478061453262464
YOLOv4 default,5655,0.2702373333333333,0.01191383403629766
YOLOv4 default,5656,0.2769696666666667,0.01407070793449206
YOLOv4 default,5657,0.2768353333333333,0.013404340619532338
YOLOv4 default,5658,0.2816746666666667,0.01680669268806659
YOLOv4 default,5659,0.27746433333333337,0.01519246946498312
YOLOv4 default,5660,0.28021500000000005,0.008167712307209005
YOLOv4 default,5661,0.27357733333333334,0.008080343419544595
YOLOv4 default,5662,0.2723116666666667,0.013179902747912992
YOLOv4 default,5663,0.27300266666666667,0.00681255021592094
YOLOv4 default,5664,0.28233233333333335,0.010879917376116004
YOLOv4 default,5665,0.283051,0.009850449245254422
YOLOv4 default,5666,0.27832233333333334,0.015179835674707112
YOLOv4 default,5667,0.2674546666666667,0.018148436960551483
YOLOv4 default,5668,0.26900933333333327,0.017851910834542177
YOLOv4 default,5669,0.25996733333333333,0.022748023945926475
YOLOv4 default,5670,0.25378833333333334,0.01896492613864985
YOLOv4 default,5671,0.2628413333333333,0.014979420976051702
YOLOv4 default,5672,0.261024,0.015620826365251398
YOLOv4 default,5673,0.266484,0.011616925597305556
YOLOv4 default,5674,0.27940000000000004,0.011137275295151853
YOLOv4 default,5675,0.282772,0.013866674379004264
YOLOv4 default,5676,0.289108,0.02041907819499533
YOLOv4 default,5677,0.291678,0.021364301564369786
YOLOv4 default,5678,0.29125466666666666,0.02405902664513075
YOLOv4 default,5679,0.30269866666666667,0.025249227165290527
YOLOv4 default,5680,0.30603766666666665,0.02401923346912728
YOLOv4 default,5681,0.308686,0.02342271080240999
YOLOv4 default,5682,0.3065103333333334,0.024534670192290026
YOLOv4 default,5683,0.304066,0.026869131291006293
YOLOv4 default,5684,0.30188666666666664,0.02327316499270732
YOLOv4 default,5685,0.303108,0.02710652637896145
YOLOv4 default,5686,0.3111986666666667,0.021487614241180383
YOLOv4 default,5687,0.305253,0.021914597973344933
YOLOv4 default,5688,0.30945066666666665,0.026503693908166436
YOLOv4 default,5689,0.30841233333333334,0.030342503315389863
YOLOv4 default,5690,0.3027606666666667,0.029962752412138506
YOLOv4 default,5691,0.295962,0.027969069708042377
YOLOv4 default,5692,0.29919333333333337,0.018418011965947296
YOLOv4 default,5693,0.295066,0.018282563177337407
YOLOv4 default,5694,0.2894443333333333,0.011979795829274857
YOLOv4 default,5695,0.28719133333333335,0.007995679757079927
YOLOv4 default,5696,0.2839446666666667,0.006979457245692132
YOLOv4 default,5697,0.28062633333333337,0.014242195164759936
YOLOv4 default,5698,0.2769006666666667,0.01938812626612254
YOLOv4 default,5699,0.27911199999999997,0.013197959476121048
YOLOv4 default,5700,0.2838273333333334,0.021003566810848535
YOLOv4 default,5701,0.2910526666666667,0.02007874715823785
YOLOv4 default,5702,0.28374900000000003,0.017843159398865806
YOLOv4 default,5703,0.277947,0.016641731049783642
YOLOv4 default,5704,0.2712253333333333,0.0189664605231914
YOLOv4 default,5705,0.2702616666666667,0.013216837813099536
YOLOv4 default,5706,0.270311,0.014615116295580181
YOLOv4 default,5707,0.2676893333333333,0.00627752059158532
YOLOv4 default,5708,0.27182799999999996,0.008849433258689518
YOLOv4 default,5709,0.26328,0.007584916699169039
YOLOv4 default,5710,0.2595093333333333,0.0024207366188368595
YOLOv4 default,5711,0.25259633333333337,0.00805178076231864
YOLOv4 default,5712,0.25485833333333335,0.007258487728935763
YOLOv4 default,5713,0.2533613333333334,0.004161286072571538
YOLOv4 default,5714,0.2492176666666667,0.00537827495061795
YOLOv4 default,5715,0.24956,0.005284757168814225
YOLOv4 default,5716,0.2628696666666666,0.002398202822485569
YOLOv4 default,5717,0.2654916666666666,0.0032211543651995975
YOLOv4 default,5718,0.2661966666666667,0.005154323697419268
YOLOv4 default,5719,0.26034666666666667,0.0026091935109872175
YOLOv4 default,5720,0.2689143333333333,0.005119659667508285
YOLOv4 default,5721,0.269733,0.009383051014106933
YOLOv4 default,5722,0.2658496666666667,0.014121523222057564
YOLOv4 default,5723,0.2648623333333333,0.008747162003250602
YOLOv4 default,5724,0.26520666666666665,0.012371033456335726
YOLOv4 default,5725,0.2585836666666667,0.011417587957961084
YOLOv4 default,5726,0.265705,0.011262430036778629
YOLOv4 default,5727,0.26311999999999997,0.011532394561986405
YOLOv4 default,5728,0.25560866666666665,0.009940863314845661
YOLOv4 default,5729,0.268702,0.011871562702525732
YOLOv4 default,5730,0.265787,0.012195363435885514
YOLOv4 default,5731,0.266774,0.0038948001232412483
YOLOv4 default,5732,0.265363,0.0078342530807559
YOLOv4 default,5733,0.26244533333333336,0.010422816275417647
YOLOv4 default,5734,0.263008,0.01290187700814628
YOLOv4 default,5735,0.25948533333333335,0.016942135071406367
YOLOv4 default,5736,0.263334,0.017050731548333444
YOLOv4 default,5737,0.26274333333333333,0.021079512062136967
YOLOv4 default,5738,0.2553623333333333,0.01903861681191969
YOLOv4 default,5739,0.25659800000000005,0.016341877095364537
YOLOv4 default,5740,0.256291,0.021546333570548228
YOLOv4 default,5741,0.262387,0.028070401534950176
YOLOv4 default,5742,0.2641613333333333,0.02596830418242807
YOLOv4 default,5743,0.2559106666666667,0.0264950521062162
YOLOv4 default,5744,0.2533123333333333,0.02434807404658072
YOLOv4 default,5745,0.25362,0.023764112887573432
YOLOv4 default,5746,0.25062433333333334,0.02173550291062477
YOLOv4 default,5747,0.26051399999999997,0.02365246251450365
YOLOv4 default,5748,0.2510303333333333,0.02180647833659631
YOLOv4 default,5749,0.2557603333333333,0.013934617436840924
YOLOv4 default,5750,0.25129833333333335,0.00809641390438453
YOLOv4 default,5751,0.2622316666666667,0.006280463367547899
YOLOv4 default,5752,0.263963,0.010448884773027207
YOLOv4 default,5753,0.2666523333333333,0.008426259556357795
YOLOv4 default,5754,0.27585766666666667,0.005758140942275663
YOLOv4 default,5755,0.28203666666666666,0.00787111801320358
YOLOv4 default,5756,0.28760600000000003,0.012988885492348202
YOLOv4 default,5757,0.287294,0.021292262099958607
YOLOv4 default,5758,0.28022166666666665,0.02060286082346603
YOLOv4 default,5759,0.273836,0.01920800807822959
YOLOv4 default,5760,0.27067,0.020487147483239335
YOLOv4 default,5761,0.2677713333333333,0.022924729073886804
YOLOv4 default,5762,0.2680403333333334,0.017423113980508134
YOLOv4 default,5763,0.26260066666666665,0.016820391100618844
YOLOv4 default,5764,0.2598416666666667,0.016758549801353467
YOLOv4 default,5765,0.2627446666666667,0.019631205552498414
YOLOv4 default,5766,0.26401333333333327,0.01913543050063009
YOLOv4 default,5767,0.26827133333333336,0.019876994946699332
YOLOv4 default,5768,0.26653499999999997,0.014936704801706875
YOLOv4 default,5769,0.267953,0.012713806366833395
YOLOv4 default,5770,0.2717383333333333,0.011034612277334948
YOLOv4 default,5771,0.268856,0.011472847525062533
YOLOv4 default,5772,0.26659133333333335,0.01445803879431017
YOLOv4 default,5773,0.26696833333333336,0.010102868080126774
YOLOv4 default,5774,0.265608,0.012806873896466694
YOLOv4 default,5775,0.2603783333333333,0.006545667532379291
YOLOv4 default,5776,0.26277466666666666,0.012016663892741242
YOLOv4 default,5777,0.268356,0.009458864642933287
YOLOv4 default,5778,0.26628100000000005,0.009360617411973072
YOLOv4 default,5779,0.2759266666666667,0.01107499445196752
YOLOv4 default,5780,0.2725853333333333,0.010555517140865762
YOLOv4 default,5781,0.274283,0.007740966692431471
YOLOv4 default,5782,0.276162,0.0047326057304618065
YOLOv4 default,5783,0.28309,0.007843843509402777
YOLOv4 default,5784,0.28580333333333335,0.009043526622826835
YOLOv4 default,5785,0.280748,0.01229204874434419
YOLOv4 default,5786,0.2776513333333333,0.008461162692627467
YOLOv4 default,5787,0.28192333333333336,0.016568236843765582
YOLOv4 default,5788,0.276305,0.02304965850795481
YOLOv4 default,5789,0.270028,0.018077165596409185
YOLOv4 default,5790,0.29453033333333334,0.016614979600081105
YOLOv4 default,5791,0.2901666666666667,0.014110667847806183
YOLOv4 default,5792,0.29034766666666667,0.014887103337378216
YOLOv4 default,5793,0.28752400000000006,0.01433646212750318
YOLOv4 default,5794,0.28331066666666666,0.015648174167543567
YOLOv4 default,5795,0.2746533333333333,0.0124290801125604
YOLOv4 default,5796,0.27098066666666665,0.0053222712674613195
YOLOv4 default,5797,0.2772793333333334,0.002660528414515512
YOLOv4 default,5798,0.27390866666666663,0.00403267869343003
YOLOv4 default,5799,0.26768333333333333,0.001788387759345761
YOLOv4 default,5800,0.2657946666666667,0.003583107465749683
YOLOv4 default,5801,0.26971100000000003,0.00845266035044589
YOLOv4 default,5802,0.2688256666666667,0.007428587849951318
YOLOv4 default,5803,0.26893966666666663,0.006462798473657618
YOLOv4 default,5804,0.261899,0.0006604425284105694
YOLOv4 default,5805,0.2612146666666667,0.004755358007319513
YOLOv4 default,5806,0.26429366666666665,0.006214534424324249
YOLOv4 default,5807,0.26700299999999993,0.005294290981802952
YOLOv4 default,5808,0.26758466666666664,0.002924356643396603
YOLOv4 default,5809,0.265981,0.0055346758712683485
YOLOv4 default,5810,0.25277,0.002613718870370973
YOLOv4 default,5811,0.2521216666666667,0.0033059849935802564
YOLOv4 default,5812,0.263006,0.004562995178608021
YOLOv4 default,5813,0.26360100000000003,0.00728562394948665
YOLOv4 default,5814,0.2627603333333333,0.005652845723861365
YOLOv4 default,5815,0.279475,0.004196024348515309
YOLOv4 default,5816,0.2830183333333333,0.0030935285319159066
YOLOv4 default,5817,0.28266399999999997,0.006581620570447166
YOLOv4 default,5818,0.27729066666666663,0.008191933966476479
YOLOv4 default,5819,0.26759700000000003,0.007830994977225664
YOLOv4 default,5820,0.2596793333333333,0.010653367078586516
YOLOv4 default,5821,0.267833,0.0108933265350856
YOLOv4 default,5822,0.26594566666666664,0.008293717950620482
YOLOv4 default,5823,0.273126,0.004252889880226545
YOLOv4 default,5824,0.2736996666666667,0.007925918860156077
YOLOv4 default,5825,0.28239966666666666,0.0048656665296522164
YOLOv4 default,5826,0.2902733333333334,0.006759087126067976
YOLOv4 default,5827,0.28864433333333334,0.004760616918472279
YOLOv4 default,5828,0.294354,0.00237964416107395
YOLOv4 default,5829,0.2952066666666667,0.009448480412802412
YOLOv4 default,5830,0.29775033333333334,0.012562995201958981
YOLOv4 default,5831,0.288372,0.0065660609449907864
YOLOv4 default,5832,0.28471566666666664,0.009099693224377288
YOLOv4 default,5833,0.281777,0.007926059298289411
YOLOv4 default,5834,0.2802166666666666,0.0035184999802630483
YOLOv4 default,5835,0.27484233333333336,0.003905216866932975
YOLOv4 default,5836,0.27288566666666664,0.00435760355904227
YOLOv4 default,5837,0.26705,0.006330814507891805
YOLOv4 default,5838,0.26433700000000004,0.003547619812400036
YOLOv4 default,5839,0.2644933333333333,0.007187404592603483
YOLOv4 default,5840,0.2669886666666667,0.0036390697681931996
YOLOv4 default,5841,0.26187200000000005,0.005502628735431814
YOLOv4 default,5842,0.266606,0.011604950624625684
YOLOv4 default,5843,0.2741476666666666,0.0129128069545101
YOLOv4 default,5844,0.27805833333333335,0.014424225159239723
YOLOv4 default,5845,0.2789633333333333,0.011190532968143714
YOLOv4 default,5846,0.27963933333333335,0.010984630358419494
YOLOv4 default,5847,0.28303366666666663,0.014811554794971551
YOLOv4 default,5848,0.29124500000000003,0.015304937776199328
YOLOv4 default,5849,0.28998433333333334,0.014450728289989783
YOLOv4 default,5850,0.289642,0.01111242876242632
YOLOv4 default,5851,0.2903846666666667,0.013827455421893226
YOLOv4 default,5852,0.2946126666666667,0.012674918662899215
YOLOv4 default,5853,0.292975,0.01607971728607191
YOLOv4 default,5854,0.2961053333333333,0.018388258974441036
YOLOv4 default,5855,0.2915373333333333,0.024639808882736442
YOLOv4 default,5856,0.29619466666666666,0.023141465383832348
YOLOv4 default,5857,0.2886016666666667,0.017546759343093653
YOLOv4 default,5858,0.28906733333333334,0.014633565005759122
YOLOv4 default,5859,0.286867,0.010255267085746722
YOLOv4 default,5860,0.2840243333333334,0.013947166167760063
YOLOv4 default,5861,0.2922936666666667,0.012409368199514065
YOLOv4 default,5862,0.2861206666666667,0.012233127841144224
YOLOv4 default,5863,0.282483,0.005569830907068314
YOLOv4 default,5864,0.28253466666666666,0.0086363566842609
YOLOv4 default,5865,0.2889103333333333,0.004154549808476375
YOLOv4 default,5866,0.289222,0.006742468464887323
YOLOv4 default,5867,0.2793566666666667,0.008006179807568103
YOLOv4 default,5868,0.27892433333333333,0.006213053740132779
YOLOv4 default,5869,0.28864566666666663,0.002754519336976559
YOLOv4 default,5870,0.2862673333333333,0.005782086541878962
YOLOv4 default,5871,0.2938776666666667,0.010824446180341566
YOLOv4 default,5872,0.29953599999999997,0.009370379501386266
YOLOv4 default,5873,0.2939423333333333,0.008440949992612082
YOLOv4 default,5874,0.28581866666666667,0.008941796619124014
YOLOv4 default,5875,0.28201366666666666,0.00837079100868676
YOLOv4 default,5876,0.2820416666666667,0.01293814649699786
YOLOv4 default,5877,0.2789616666666666,0.011862929954741834
YOLOv4 default,5878,0.27473366666666665,0.010485661071726061
YOLOv4 default,5879,0.2708123333333333,0.011685078880540108
YOLOv4 default,5880,0.277402,0.013741187806493775
YOLOv4 default,5881,0.272918,0.013994092551263668
YOLOv4 default,5882,0.2832166666666666,0.025196394294510562
YOLOv4 default,5883,0.2806433333333333,0.023779635085042373
YOLOv4 default,5884,0.26876866666666666,0.01967965820615569
YOLOv4 default,5885,0.26362966666666665,0.011430279733137667
YOLOv4 default,5886,0.25856566666666664,0.011045707466905164
YOLOv4 default,5887,0.2500233333333333,0.012480970546306803
YOLOv4 default,5888,0.2469146666666667,0.007817633323313252
YOLOv4 default,5889,0.25113199999999997,0.009236043362825885
YOLOv4 default,5890,0.253234,0.008662868712691738
YOLOv4 default,5891,0.25680866666666663,0.013432670252452079
YOLOv4 default,5892,0.256291,0.014703579190115581
YOLOv4 default,5893,0.2637346666666667,0.018631056136939144
YOLOv4 default,5894,0.25593733333333335,0.019306942251716374
YOLOv4 default,5895,0.255938,0.0202430256220095
YOLOv4 default,5896,0.25779166666666664,0.02753541376320886
YOLOv4 default,5897,0.2675676666666667,0.0310911246571179
YOLOv4 default,5898,0.271802,0.029658051205926086
YOLOv4 default,5899,0.274021,0.030694675938996326
YOLOv4 default,5900,0.28036466666666665,0.037626563490586164
YOLOv4 default,5901,0.2836176666666667,0.03167229168286446
YOLOv4 default,5902,0.2807983333333333,0.025030055542176577
YOLOv4 default,5903,0.27398933333333336,0.021785255230188254
YOLOv4 default,5904,0.26877866666666667,0.015431815342913418
YOLOv4 default,5905,0.2683263333333333,0.009402736664279059
YOLOv4 default,5906,0.272569,0.005372135732958853
YOLOv4 default,5907,0.27480699999999997,0.005625473520809909
YOLOv4 default,5908,0.2749453333333334,0.001068595079739962
YOLOv4 default,5909,0.276874,0.00396888678766896
YOLOv4 default,5910,0.28799933333333333,0.010597701831581747
YOLOv4 default,5911,0.2858506666666667,0.010992567221132241
YOLOv4 default,5912,0.29614266666666667,0.007871669715575675
YOLOv4 default,5913,0.305171,0.008730819568249788
YOLOv4 default,5914,0.3048956666666667,0.012149065537910486
YOLOv4 default,5915,0.3036826666666666,0.009272981924805933
YOLOv4 default,5916,0.31393,0.006552142346846053
YOLOv4 default,5917,0.31768466666666667,0.004220289774147957
YOLOv4 default,5918,0.31617233333333333,0.008018064632094495
YOLOv4 default,5919,0.30987166666666666,0.00523967904021272
YOLOv4 default,5920,0.310428,0.01766833521680335
YOLOv4 default,5921,0.30915333333333334,0.02211273178761753
YOLOv4 default,5922,0.3024173333333333,0.020139061301637444
YOLOv4 default,5923,0.30610699999999996,0.013634715117424848
YOLOv4 default,5924,0.31034933333333337,0.016432740056904024
YOLOv4 default,5925,0.32892566666666667,0.026871934741990157
YOLOv4 default,5926,0.33117833333333335,0.02367212641014275
YOLOv4 default,5927,0.3289993333333333,0.016647882551377058
YOLOv4 default,5928,0.3312113333333333,0.012114124020240908
YOLOv4 default,5929,0.33334099999999994,0.01375273721845946
YOLOv4 default,5930,0.334557,0.00957521938826121
YOLOv4 default,5931,0.3381003333333334,0.008662046916161199
YOLOv4 default,5932,0.3382776666666667,0.00871133407948774
YOLOv4 default,5933,0.34562,0.012850921212115483
YOLOv4 default,5934,0.3487263333333333,0.013155978695803839
YOLOv4 default,5935,0.34158533333333335,0.013386964135971161
YOLOv4 default,5936,0.340173,0.019270875261215653
YOLOv4 default,5937,0.33284033333333335,0.018034186612591593
YOLOv4 default,5938,0.348336,0.009496031118314638
YOLOv4 default,5939,0.3515996666666667,0.016039057041415426
YOLOv4 default,5940,0.3601653333333333,0.018987683914697042
YOLOv4 default,5941,0.3554486666666667,0.017911983477859484
YOLOv4 default,5942,0.349061,0.012097248874571994
YOLOv4 default,5943,0.3501256666666667,0.008912183277838145
YOLOv4 default,5944,0.35873166666666667,0.014355709088876263
YOLOv4 default,5945,0.35309233333333334,0.01923499337434539
YOLOv4 default,5946,0.351675,0.016936519949505572
YOLOv4 default,5947,0.35219533333333336,0.010966075176551453
YOLOv4 default,5948,0.3493196666666667,0.01927177702698372
YOLOv4 default,5949,0.340359,0.022672311424584257
YOLOv4 default,5950,0.340833,0.022293608889844035
YOLOv4 default,5951,0.3393656666666667,0.025885755782755204
YOLOv4 default,5952,0.34003033333333327,0.023944903823384028
YOLOv4 default,5953,0.34394300000000005,0.024605954570658978
YOLOv4 default,5954,0.34387133333333336,0.033289717978846126
YOLOv4 default,5955,0.33997633333333327,0.0348824444925779
YOLOv4 default,5956,0.3375513333333333,0.03307742368208933
YOLOv4 default,5957,0.32947566666666667,0.026915281609359232
YOLOv4 default,5958,0.33965033333333333,0.026188908112235437
YOLOv4 default,5959,0.3400193333333333,0.016552028851808794
YOLOv4 default,5960,0.33234366666666665,0.015919563649100993
YOLOv4 default,5961,0.3429406666666667,0.021725703190256265
YOLOv4 default,5962,0.34842733333333337,0.017372258616669422
YOLOv4 default,5963,0.36013233333333333,0.015302502304452618
YOLOv4 default,5964,0.346122,0.010800995571396806
YOLOv4 default,5965,0.3412143333333333,0.014698939942881753
YOLOv4 default,5966,0.33000233333333334,0.005919700452256377
YOLOv4 default,5967,0.32449900000000004,0.00400955936897476
YOLOv4 default,5968,0.32240633333333335,0.0058344678230133114
YOLOv4 default,5969,0.3193006666666667,0.006380858676106577
YOLOv4 default,5970,0.324474,0.012831506549635286
YOLOv4 default,5971,0.32829633333333336,0.01221921200859986
YOLOv4 default,5972,0.327549,0.009282725372073308
YOLOv4 default,5973,0.3345046666666667,0.012594066345351335
YOLOv4 default,5974,0.33210100000000004,0.004766589661382658
YOLOv4 default,5975,0.334045,0.004963605175004694
YOLOv4 default,5976,0.33910066666666666,0.006138174819204086
YOLOv4 default,5977,0.34538399999999997,0.013646957805068988
YOLOv4 default,5978,0.335019,0.007941972362077318
YOLOv4 default,5979,0.3447533333333333,0.008727999318922475
YOLOv4 default,5980,0.34593266666666667,0.006833681836641536
YOLOv4 default,5981,0.34795033333333336,0.011153112634795915
YOLOv4 default,5982,0.3455876666666667,0.013002186230698973
YOLOv4 default,5983,0.34334899999999996,0.00474803759462792
YOLOv4 default,5984,0.34026666666666666,0.0037735324446877584
YOLOv4 default,5985,0.3424753333333334,0.0027187654265207312
YOLOv4 default,5986,0.34439833333333336,0.004967400874143794
YOLOv4 default,5987,0.3477776666666667,0.005115554265614273
YOLOv4 default,5988,0.33980000000000005,0.011270725087588647
YOLOv4 default,5989,0.33589633333333335,0.010502980090325685
YOLOv4 default,5990,0.3332726666666667,0.007678576372682056
YOLOv4 default,5991,0.3337926666666666,0.006786100164633921
YOLOv4 default,5992,0.33114666666666664,0.002963780543682524
YOLOv4 default,5993,0.337486,0.008491274482274928
YOLOv4 default,5994,0.34064266666666665,0.0062638312645785085
YOLOv4 default,5995,0.34159999999999996,0.00548750593014107
YOLOv4 default,5996,0.359248,0.00407913977859711
YOLOv4 default,5997,0.3656,0.004296326919590735
YOLOv4 default,5998,0.35688600000000004,0.003920472037905639
YOLOv4 default,5999,0.35497766666666664,0.005904804098735575
YOLOv4 default,6000,0.34463400000000005,0.010347386771547677
YOLOv4 no aug,1,2306.4888509999996,58.34760943347865
YOLOv4 no aug,2,2306.633789,58.35008358375473
YOLOv4 no aug,3,2306.631022,58.32539407131892
YOLOv4 no aug,4,2306.62321,58.27108414609118
YOLOv4 no aug,5,2306.7626139999998,58.198119661157335
YOLOv4 no aug,6,2306.914632,58.18386298312096
YOLOv4 no aug,7,2307.018148,58.19151130305586
YOLOv4 no aug,8,2306.956217333334,58.17033923262504
YOLOv4 no aug,9,2307.1054686666666,58.11865428305805
YOLOv4 no aug,10,2307.1838380000004,58.097778495544794
YOLOv4 no aug,11,2307.2488606666666,58.12628536502704
YOLOv4 no aug,12,2307.212321,58.093263868156626
YOLOv4 no aug,13,2307.328532,58.09686661298677
YOLOv4 no aug,14,2307.311686333333,58.10111923167189
YOLOv4 no aug,15,2307.3283693333333,58.11946915730885
YOLOv4 no aug,16,2307.313150666667,58.057487138655794
YOLOv4 no aug,17,2307.303955,58.01889601260739
YOLOv4 no aug,18,2307.2552899999996,58.00828987743363
YOLOv4 no aug,19,2307.2775063333333,57.98324428066825
YOLOv4 no aug,20,2307.3765463333334,58.03248874748977
YOLOv4 no aug,21,2307.264567,57.99621941068681
YOLOv4 no aug,22,2307.085449333333,57.93136425816831
YOLOv4 no aug,23,2306.904704,57.88156202865864
YOLOv4 no aug,24,2306.760660666667,57.857563631723316
YOLOv4 no aug,25,2306.3941243333334,57.83509416592009
YOLOv4 no aug,26,2306.105875333333,57.842214874773845
YOLOv4 no aug,27,2305.7193196666667,57.7800699788628
YOLOv4 no aug,28,2305.2618813333333,57.80376127203784
YOLOv4 no aug,29,2304.620361,57.82255899319416
YOLOv4 no aug,30,2303.9921873333333,57.81280356977924
YOLOv4 no aug,31,2303.2165526666668,57.75248914316641
YOLOv4 no aug,32,2302.3671876666667,57.70476045216857
YOLOv4 no aug,33,2301.225260333333,57.637436261435454
YOLOv4 no aug,34,2300.096679333333,57.58977163796923
YOLOv4 no aug,35,2298.729329333333,57.501710822529404
YOLOv4 no aug,36,2297.1791176666666,57.45149025218239
YOLOv4 no aug,37,2295.359782,57.371828586827576
YOLOv4 no aug,38,2293.3196613333334,57.27269300723325
YOLOv4 no aug,39,2290.807861,57.19581917977492
YOLOv4 no aug,40,2288.0712076666664,57.072998952303344
YOLOv4 no aug,41,2284.8948566666663,56.9516575371973
YOLOv4 no aug,42,2281.451497666667,56.81876731647886
YOLOv4 no aug,43,2277.568115,56.628189326682836
YOLOv4 no aug,44,2273.1105956666665,56.415070281096
YOLOv4 no aug,45,2268.2628583333335,56.19311221089196
YOLOv4 no aug,46,2262.876465,55.92352823262645
YOLOv4 no aug,47,2256.837402333333,55.58964745195117
YOLOv4 no aug,48,2250.0463053333333,55.2175392441377
YOLOv4 no aug,49,2242.6870933333335,54.86547495621091
YOLOv4 no aug,50,2234.6260580000003,54.58483758249425
YOLOv4 no aug,51,2225.673584,54.17836305337454
YOLOv4 no aug,52,2216.1303709999997,53.72321553300245
YOLOv4 no aug,53,2205.591878333333,53.29081373115253
YOLOv4 no aug,54,2194.156575333333,52.77698681207794
YOLOv4 no aug,55,2181.7276206666666,52.241879795347614
YOLOv4 no aug,56,2168.165039,51.562384423297615
YOLOv4 no aug,57,2153.624267333333,50.869705953305775
YOLOv4 no aug,58,2137.996744666667,50.06648512728317
YOLOv4 no aug,59,2121.1852216666666,49.28627713755481
YOLOv4 no aug,60,2103.1343993333335,48.3970600396441
YOLOv4 no aug,61,2083.8218589999997,47.53960644496252
YOLOv4 no aug,62,2063.109253,46.64889997517689
YOLOv4 no aug,63,2040.962036,45.67219506908147
YOLOv4 no aug,64,2017.5308433333332,44.64150591654871
YOLOv4 no aug,65,1992.6858316666667,43.58198236047779
YOLOv4 no aug,66,1966.2844646666665,42.46453296038529
YOLOv4 no aug,67,1938.5417479999999,41.40368133436953
YOLOv4 no aug,68,1909.2354326666666,40.22370350518099
YOLOv4 no aug,69,1878.69458,39.05876845288901
YOLOv4 no aug,70,1846.4794106666668,37.851382984027474
YOLOv4 no aug,71,1812.870768,36.65080013361034
YOLOv4 no aug,72,1777.9021806666667,35.57492630916916
YOLOv4 no aug,73,1741.5888263333334,34.40748530030609
YOLOv4 no aug,74,1704.0185953333332,33.20634973920202
YOLOv4 no aug,75,1665.1230059999998,32.13872694343417
YOLOv4 no aug,76,1625.131754666667,31.014650418709852
YOLOv4 no aug,77,1584.2035319999998,29.97937171624461
YOLOv4 no aug,78,1542.2904866666665,29.12931039016726
YOLOv4 no aug,79,1499.4698893333334,28.125673175132835
YOLOv4 no aug,80,1455.9921876666667,27.33231578341832
YOLOv4 no aug,81,1411.6557206666666,26.55226492616021
YOLOv4 no aug,82,1366.7992350000002,25.854321520925883
YOLOv4 no aug,83,1321.665609,25.104804295000577
YOLOv4 no aug,84,1276.1532796666668,24.495504726222535
YOLOv4 no aug,85,1230.644165,23.790168038379626
YOLOv4 no aug,86,1185.043335,23.112438484994634
YOLOv4 no aug,87,1139.4069826666666,22.615698434398496
YOLOv4 no aug,88,1094.0927733333335,22.24150184991331
YOLOv4 no aug,89,1049.023641,21.6102678527841
YOLOv4 no aug,90,1004.1901653333334,21.267570979623024
YOLOv4 no aug,91,959.861735,20.8701574837118
YOLOv4 no aug,92,916.0698446666667,20.373146978794285
YOLOv4 no aug,93,873.0328573333333,19.936627650055648
YOLOv4 no aug,94,830.8171996666666,19.311791607871974
YOLOv4 no aug,95,789.644328,18.74851525967545
YOLOv4 no aug,96,749.2785846666666,18.41164155681856
YOLOv4 no aug,97,709.8802086666668,17.844936331828663
YOLOv4 no aug,98,671.3944093333333,17.46492934606411
YOLOv4 no aug,99,634.2151896666666,17.064916567588003
YOLOv4 no aug,100,598.376485,16.50046237625795
YOLOv4 no aug,101,563.7995603333333,15.94113112135073
YOLOv4 no aug,102,530.4748739999999,15.422790510858182
YOLOv4 no aug,103,498.4347026666667,14.833902371072197
YOLOv4 no aug,104,467.69078566666667,14.267922826464225
YOLOv4 no aug,105,438.26003,13.723690810900207
YOLOv4 no aug,106,410.2568966666667,13.139634600591464
YOLOv4 no aug,107,383.6679076666667,12.62970585008406
YOLOv4 no aug,108,358.374878,12.094406535614931
YOLOv4 no aug,109,334.2829893333333,11.484338834998091
YOLOv4 no aug,110,311.5761106666667,10.937402525436196
YOLOv4 no aug,111,290.06507366666665,10.370400861466791
YOLOv4 no aug,112,269.820984,9.785526123357108
YOLOv4 no aug,113,250.75569166666665,9.316782621737937
YOLOv4 no aug,114,232.70587166666664,8.754940225302919
YOLOv4 no aug,115,215.85005666666666,8.249603209305578
YOLOv4 no aug,116,200.033961,7.744016384763726
YOLOv4 no aug,117,185.212209,7.258288096164917
YOLOv4 no aug,118,171.42893466666666,6.773218088961763
YOLOv4 no aug,119,158.55759166666667,6.329211981357931
YOLOv4 no aug,120,146.50739566666667,5.830113881229236
YOLOv4 no aug,121,135.30950666666666,5.35691525925118
YOLOv4 no aug,122,124.96293666666666,4.931308139887842
YOLOv4 no aug,123,115.24602500000002,4.559998486811591
YOLOv4 no aug,124,106.27658333333333,4.191102800841576
YOLOv4 no aug,125,97.92383833333334,3.82408000184124
YOLOv4 no aug,126,90.20358266666666,3.4848645773530555
YOLOv4 no aug,127,83.02470133333333,3.1891490041128185
YOLOv4 no aug,128,76.40423833333334,2.9152304497554646
YOLOv4 no aug,129,70.30468466666667,2.644208125383121
YOLOv4 no aug,130,64.70172033333334,2.4253355527150147
YOLOv4 no aug,131,59.49462366666666,2.217992026656869
YOLOv4 no aug,132,54.67231866666666,2.0039553727207715
YOLOv4 no aug,133,50.273967666666664,1.8162563943977688
YOLOv4 no aug,134,46.22248066666666,1.647445848991841
YOLOv4 no aug,135,42.458301666666664,1.4872869988497326
YOLOv4 no aug,136,39.040769000000004,1.3636470511639007
YOLOv4 no aug,137,35.857876,1.2492815099392118
YOLOv4 no aug,138,32.95629566666667,1.1373268830109688
YOLOv4 no aug,139,30.280671666666663,1.0222191165344365
YOLOv4 no aug,140,27.798860333333334,0.9255506378937052
YOLOv4 no aug,141,25.508898333333335,0.8330310088206663
YOLOv4 no aug,142,23.426225666666667,0.7513659873027558
YOLOv4 no aug,143,21.504718,0.6627127569364681
YOLOv4 no aug,144,19.74102166666667,0.5905810941441018
YOLOv4 no aug,145,18.110860333333335,0.5316980134582454
YOLOv4 no aug,146,16.619790000000002,0.4825341522735294
YOLOv4 no aug,147,15.301364999999999,0.4381137602712336
YOLOv4 no aug,148,14.094596666666668,0.37142578536872956
YOLOv4 no aug,149,12.957571333333334,0.3472679482456995
YOLOv4 no aug,150,11.888656666666668,0.2951947976350157
YOLOv4 no aug,151,10.935855000000002,0.2761924530274742
YOLOv4 no aug,152,10.050081333333333,0.24805558784630857
YOLOv4 no aug,153,9.240454333333334,0.23045346350209428
YOLOv4 no aug,154,8.532312,0.18283814177116703
YOLOv4 no aug,155,7.834900333333334,0.16884773606352507
YOLOv4 no aug,156,7.244454,0.15504403006565576
YOLOv4 no aug,157,6.690631,0.13442927000595278
YOLOv4 no aug,158,6.173012333333332,0.10748267988585165
YOLOv4 no aug,159,5.7256409999999995,0.11612659671381617
YOLOv4 no aug,160,5.295433,0.11462077616790678
YOLOv4 no aug,161,4.912485333333334,0.10039032586581441
YOLOv4 no aug,162,4.5533030000000005,0.11002108050732827
YOLOv4 no aug,163,4.214458666666666,0.09353763668943353
YOLOv4 no aug,164,3.9247639999999997,0.05796255642222836
YOLOv4 no aug,165,3.6506526666666663,0.04037106619983074
YOLOv4 no aug,166,3.4087720000000004,0.048040978282434484
YOLOv4 no aug,167,3.2073473333333333,0.039582665247695346
YOLOv4 no aug,168,3.0080483333333334,0.028279606564527104
YOLOv4 no aug,169,2.8170116666666662,0.03644106086240875
YOLOv4 no aug,170,2.649070666666667,0.03177412425403909
YOLOv4 no aug,171,2.505409333333333,0.02903794332899238
YOLOv4 no aug,172,2.3786153333333337,0.046935024180006224
YOLOv4 no aug,173,2.2529303333333335,0.06169041012003227
YOLOv4 no aug,174,2.124433,0.0660825362734613
YOLOv4 no aug,175,2.009256666666667,0.05007716093634355
YOLOv4 no aug,176,1.9052740000000001,0.04271697644965054
YOLOv4 no aug,177,1.8025453333333334,0.03321408812704496
YOLOv4 no aug,178,1.7284373333333332,0.01781793985784483
YOLOv4 no aug,179,1.645643,0.011954654714099186
YOLOv4 no aug,180,1.5933573333333333,0.0470714125357537
YOLOv4 no aug,181,1.5307956666666669,0.0454154095006432
YOLOv4 no aug,182,1.474521,0.05247797957556422
YOLOv4 no aug,183,1.418387,0.04605710662861925
YOLOv4 no aug,184,1.3745903333333331,0.03205388937572336
YOLOv4 no aug,185,1.339483666666667,0.04067722239916474
YOLOv4 no aug,186,1.3031620000000002,0.03704605524658909
YOLOv4 no aug,187,1.264799,0.030366004698236696
YOLOv4 no aug,188,1.239832,0.022487556121849567
YOLOv4 no aug,189,1.2297116666666665,0.011470278554207427
YOLOv4 no aug,190,1.1951209999999999,0.027855420639437477
YOLOv4 no aug,191,1.1642466666666669,0.008910771184982314
YOLOv4 no aug,192,1.143759,0.013785523034449394
YOLOv4 no aug,193,1.1247666666666667,0.002726459262690604
YOLOv4 no aug,194,1.1145716666666667,0.0029204094652025316
YOLOv4 no aug,195,1.0760403333333333,0.0038249375739277634
YOLOv4 no aug,196,1.1017050000000002,0.029024314381796052
YOLOv4 no aug,197,1.1025823333333336,0.03984464273622965
YOLOv4 no aug,198,1.0784126666666667,0.04176737194004162
YOLOv4 no aug,199,1.0510279999999999,0.025939180191363063
YOLOv4 no aug,200,1.061384,0.02554334940840761
YOLOv4 no aug,201,1.0531503333333332,0.016159772990704733
YOLOv4 no aug,202,1.0287583333333332,0.019681880587089383
YOLOv4 no aug,203,1.010503,0.0498524435743458
YOLOv4 no aug,204,0.984162,0.03697792775426984
YOLOv4 no aug,205,0.9829723333333332,0.026025264176266185
YOLOv4 no aug,206,0.9878979999999999,0.041985871222749875
YOLOv4 no aug,207,0.9959996666666667,0.032768815685716275
YOLOv4 no aug,208,0.9986606666666668,0.030514351881987936
YOLOv4 no aug,209,0.9882553333333334,0.0341965108616524
YOLOv4 no aug,210,1.0112116666666666,0.0453862953703477
YOLOv4 no aug,211,0.971372,0.04674114658413933
YOLOv4 no aug,212,0.9734256666666669,0.037754341478092875
YOLOv4 no aug,213,0.959602,0.033176799383504936
YOLOv4 no aug,214,0.9678393333333332,0.04971874208764516
YOLOv4 no aug,215,0.9538043333333333,0.052835699403381065
YOLOv4 no aug,216,0.9350076666666666,0.04145198858250885
YOLOv4 no aug,217,0.9406573333333333,0.049417592742306324
YOLOv4 no aug,218,0.9662666666666667,0.06440422961352085
YOLOv4 no aug,219,0.9798343333333334,0.08566080834378757
YOLOv4 no aug,220,0.9877403333333333,0.0732528594443779
YOLOv4 no aug,221,0.9815196666666667,0.06792408961316874
YOLOv4 no aug,222,0.9766786666666666,0.055372044659537115
YOLOv4 no aug,223,0.9610836666666667,0.04028616249753478
YOLOv4 no aug,224,0.9684036666666667,0.04587858030473238
YOLOv4 no aug,225,0.9890570000000002,0.07124207293680708
YOLOv4 no aug,226,1.0037406666666666,0.07206519511834021
YOLOv4 no aug,227,0.9831396666666666,0.07216641810503768
YOLOv4 no aug,228,0.9581983333333333,0.05148276013169635
YOLOv4 no aug,229,0.9612643333333333,0.05203297808868699
YOLOv4 no aug,230,0.9469683333333333,0.051080430712531925
YOLOv4 no aug,231,0.9600023333333333,0.05760114266324158
YOLOv4 no aug,232,0.9444416666666667,0.03645098887242673
YOLOv4 no aug,233,0.978115,0.02550190128859674
YOLOv4 no aug,234,0.9561083333333333,0.02904729840755898
YOLOv4 no aug,235,0.9236559999999999,0.015184878959017071
YOLOv4 no aug,236,0.9195156666666667,0.013081414835984347
YOLOv4 no aug,237,0.9126296666666667,0.012498554320844901
YOLOv4 no aug,238,0.9256479999999999,0.0022631032529103375
YOLOv4 no aug,239,0.9334733333333333,0.00907610809274059
YOLOv4 no aug,240,0.8967726666666667,0.008284426802407307
YOLOv4 no aug,241,0.9049166666666667,0.019430655352932483
YOLOv4 no aug,242,0.894342,0.04438908826502294
YOLOv4 no aug,243,0.8947086666666667,0.052242281421384276
YOLOv4 no aug,244,0.8887136666666667,0.05240611598001814
YOLOv4 no aug,245,0.9055196666666667,0.05042937243423831
YOLOv4 no aug,246,0.9367559999999999,0.046235535785079156
YOLOv4 no aug,247,0.9481876666666667,0.0386697736280476
YOLOv4 no aug,248,0.9575910000000002,0.024509591782266273
YOLOv4 no aug,249,0.9641623333333333,0.00702150867770674
YOLOv4 no aug,250,0.9843246666666667,0.016873146894136548
YOLOv4 no aug,251,0.9713106666666667,0.01098528061139592
YOLOv4 no aug,252,0.9661863333333334,0.023012185303539632
YOLOv4 no aug,253,0.9777066666666666,0.03244406331073701
YOLOv4 no aug,254,0.9739676666666667,0.050943435207863416
YOLOv4 no aug,255,0.9854430000000001,0.06364239917696378
YOLOv4 no aug,256,0.9694196666666666,0.07095985105521134
YOLOv4 no aug,257,0.9382906666666666,0.07228618824582679
YOLOv4 no aug,258,0.9338213333333334,0.06439801037385486
YOLOv4 no aug,259,0.922545,0.06080241104594456
YOLOv4 no aug,260,0.91545,0.05597053377447816
YOLOv4 no aug,261,0.8971256666666667,0.038486235501944216
YOLOv4 no aug,262,0.8848250000000001,0.040162001456600746
YOLOv4 no aug,263,0.9232496666666666,0.05634299519116032
YOLOv4 no aug,264,0.9300406666666667,0.04740675371130621
YOLOv4 no aug,265,0.9525076666666666,0.05057208845576559
YOLOv4 no aug,266,0.94122,0.05723546740731078
YOLOv4 no aug,267,0.9486213333333334,0.060819658141463166
YOLOv4 no aug,268,0.949859,0.052757899247411304
YOLOv4 no aug,269,0.955809,0.05304683849517644
YOLOv4 no aug,270,0.9188923333333333,0.04267073111760697
YOLOv4 no aug,271,0.9228203333333332,0.03605687132079603
YOLOv4 no aug,272,0.9295393333333334,0.035341318148089
YOLOv4 no aug,273,0.9284656666666667,0.02702250011461643
YOLOv4 no aug,274,0.9144589999999999,0.03253274613370349
YOLOv4 no aug,275,0.8903076666666667,0.03595391231995641
YOLOv4 no aug,276,0.8815646666666667,0.02665122348869643
YOLOv4 no aug,277,0.8714970000000001,0.013655325566727933
YOLOv4 no aug,278,0.8820229999999999,0.021130016713986146
YOLOv4 no aug,279,0.8684256666666667,0.023892447456140723
YOLOv4 no aug,280,0.8851479999999999,0.022422708496819318
YOLOv4 no aug,281,0.8965949999999999,0.02107431609803746
YOLOv4 no aug,282,0.904437,0.0006297928230775788
YOLOv4 no aug,283,0.8883230000000001,0.004772186116795234
YOLOv4 no aug,284,0.8954400000000001,0.003005141649462366
YOLOv4 no aug,285,0.8957160000000001,0.020095303091352813
YOLOv4 no aug,286,0.9118946666666666,0.023823282990478978
YOLOv4 no aug,287,0.9120206666666667,0.02114413854423435
YOLOv4 no aug,288,0.9099703333333333,0.018409420381363947
YOLOv4 no aug,289,0.904386,0.013118462803748529
YOLOv4 no aug,290,0.90803,0.030586317741761605
YOLOv4 no aug,291,0.9203560000000001,0.05088333803253608
YOLOv4 no aug,292,0.9190079999999999,0.04474418367788155
YOLOv4 no aug,293,0.9309536666666666,0.05195059827160588
YOLOv4 no aug,294,0.9092063333333332,0.04299639030326979
YOLOv4 no aug,295,0.9179936666666667,0.03791347401796767
YOLOv4 no aug,296,0.9167730000000001,0.04521966974669319
YOLOv4 no aug,297,0.9301659999999999,0.028911943431737686
YOLOv4 no aug,298,0.9164819999999999,0.019398975643059087
YOLOv4 no aug,299,0.9017276666666666,0.018806081093920426
YOLOv4 no aug,300,0.9035963333333333,0.007513788488135947
YOLOv4 no aug,301,0.8911933333333334,0.016872373991561225
YOLOv4 no aug,302,0.8979469999999999,0.02186301297473276
YOLOv4 no aug,303,0.897297,0.031304864222673125
YOLOv4 no aug,304,0.9123863333333334,0.017375141000227246
YOLOv4 no aug,305,0.8955799999999999,0.016904279379297237
YOLOv4 no aug,306,0.9023536666666666,0.028120725697922136
YOLOv4 no aug,307,0.874428,0.044996443937271306
YOLOv4 no aug,308,0.889243,0.014132199309850284
YOLOv4 no aug,309,0.882087,0.0390809121183219
YOLOv4 no aug,310,0.8812163333333333,0.025603692144775637
YOLOv4 no aug,311,0.8913566666666667,0.009021995812703795
YOLOv4 no aug,312,0.8923213333333333,0.0032022938306435476
YOLOv4 no aug,313,0.8854163333333332,0.01923083532015996
YOLOv4 no aug,314,0.8658936666666666,0.020210384470475677
YOLOv4 no aug,315,0.8600666666666666,0.03244095752970997
YOLOv4 no aug,316,0.8854723333333333,0.044768386436313624
YOLOv4 no aug,317,0.8827126666666666,0.027396599705884022
YOLOv4 no aug,318,0.8669706666666666,0.028861964141601856
YOLOv4 no aug,319,0.8635056666666667,0.021737055744613737
YOLOv4 no aug,320,0.869298,0.03568198778562279
YOLOv4 no aug,321,0.8883386666666667,0.05080797688793015
YOLOv4 no aug,322,0.8771746666666668,0.043995354604523626
YOLOv4 no aug,323,0.8790953333333333,0.04448773196561546
YOLOv4 no aug,324,0.8972129999999999,0.020325627698384457
YOLOv4 no aug,325,0.890437,0.04028065044575786
YOLOv4 no aug,326,0.8599136666666668,0.0279861206215589
YOLOv4 no aug,327,0.8719899999999999,0.04894400517938844
YOLOv4 no aug,328,0.855527,0.058840914271732145
YOLOv4 no aug,329,0.8299556666666668,0.042938632893674854
YOLOv4 no aug,330,0.8162633333333335,0.029706542317214327
YOLOv4 no aug,331,0.8006253333333334,0.024222030277781807
YOLOv4 no aug,332,0.8289996666666667,0.033806676728783104
YOLOv4 no aug,333,0.823445,0.06102186072493475
YOLOv4 no aug,334,0.8442413333333333,0.08033358932670143
YOLOv4 no aug,335,0.8452826666666665,0.052712153760884325
YOLOv4 no aug,336,0.8579253333333333,0.04302316333609658
YOLOv4 no aug,337,0.8635040000000002,0.01764543185454336
YOLOv4 no aug,338,0.9005473333333334,0.02464371951318317
YOLOv4 no aug,339,0.9156483333333334,0.021290187679878357
YOLOv4 no aug,340,0.9022473333333333,0.0102940684269038
YOLOv4 no aug,341,0.936201,0.03169314842359464
YOLOv4 no aug,342,0.9443980000000001,0.0232184956518146
YOLOv4 no aug,343,0.9552746666666666,0.007322926790415001
YOLOv4 no aug,344,0.9595746666666667,0.016948279856997598
YOLOv4 no aug,345,0.9273199999999999,0.008180214361494461
YOLOv4 no aug,346,0.941502,0.013515106806829161
YOLOv4 no aug,347,0.9756096666666666,0.029860684320877656
YOLOv4 no aug,348,0.973935,0.019796715813487832
YOLOv4 no aug,349,0.9516193333333334,0.026611388848469433
YOLOv4 no aug,350,0.9530796666666667,0.044462090160545135
YOLOv4 no aug,351,0.9273986666666666,0.052090301113653724
YOLOv4 no aug,352,0.9183883333333333,0.06098166622391065
YOLOv4 no aug,353,0.9045693333333333,0.060669016019528274
YOLOv4 no aug,354,0.9129200000000001,0.045372365183372725
YOLOv4 no aug,355,0.9106293333333334,0.058905067270236686
YOLOv4 no aug,356,0.8999966666666667,0.04584530478443544
YOLOv4 no aug,357,0.8864946666666667,0.03136801312554629
YOLOv4 no aug,358,0.8712483333333333,0.02817994032601523
YOLOv4 no aug,359,0.884478,0.03689526278986684
YOLOv4 no aug,360,0.9066583333333332,0.025570964095586585
YOLOv4 no aug,361,0.9069136666666666,0.03863076537913501
YOLOv4 no aug,362,0.8971499999999999,0.04812734882926065
YOLOv4 no aug,363,0.9107899999999999,0.05563399071011653
YOLOv4 no aug,364,0.9127313333333333,0.06384014280563952
YOLOv4 no aug,365,0.9057166666666667,0.06778998088787003
YOLOv4 no aug,366,0.8980716666666666,0.07990700703804249
YOLOv4 no aug,367,0.9026193333333333,0.07269830083372732
YOLOv4 no aug,368,0.89563,0.0699762303381179
YOLOv4 no aug,369,0.87656,0.08284672608095828
YOLOv4 no aug,370,0.881071,0.08245130741433596
YOLOv4 no aug,371,0.8850210000000001,0.06891219979316676
YOLOv4 no aug,372,0.895988,0.05050146676417757
YOLOv4 no aug,373,0.8783173333333334,0.06165491648774742
YOLOv4 no aug,374,0.8738666666666667,0.06451115755261085
YOLOv4 no aug,375,0.879003,0.056883786919765936
YOLOv4 no aug,376,0.8464526666666666,0.049654642019765986
YOLOv4 no aug,377,0.8585986666666666,0.04761490573806113
YOLOv4 no aug,378,0.8606686666666666,0.02477156885311153
YOLOv4 no aug,379,0.858711,0.02873387189943838
YOLOv4 no aug,380,0.8630393333333334,0.011208037671441153
YOLOv4 no aug,381,0.8727513333333334,0.014696172396617815
YOLOv4 no aug,382,0.8610933333333333,0.014383218477718314
YOLOv4 no aug,383,0.8756406666666666,0.010938682344983096
YOLOv4 no aug,384,0.8515633333333333,0.017904325495378064
YOLOv4 no aug,385,0.840526,0.009552694192390592
YOLOv4 no aug,386,0.825956,0.02409196282995637
YOLOv4 no aug,387,0.8376256666666667,0.039922974005507705
YOLOv4 no aug,388,0.8302856666666667,0.016019039186057463
YOLOv4 no aug,389,0.8461833333333333,0.03386268125992258
YOLOv4 no aug,390,0.8714003333333333,0.02113412140223588
YOLOv4 no aug,391,0.8613056666666666,0.01839075479086644
YOLOv4 no aug,392,0.8552953333333333,0.013173505687975054
YOLOv4 no aug,393,0.855715,0.03944485468769449
YOLOv4 no aug,394,0.8524253333333333,0.033099151939454736
YOLOv4 no aug,395,0.8816036666666666,0.05236876397985518
YOLOv4 no aug,396,0.8704606666666667,0.05017284124016809
YOLOv4 no aug,397,0.8609863333333333,0.06566713195435835
YOLOv4 no aug,398,0.8747486666666666,0.04496416548146361
YOLOv4 no aug,399,0.879766,0.04753255028223643
YOLOv4 no aug,400,0.879864,0.024569522061556937
YOLOv4 no aug,401,0.8621673333333333,0.035883749694131876
YOLOv4 no aug,402,0.8647956666666667,0.03042592942613988
YOLOv4 no aug,403,0.874108,0.027878833984464533
YOLOv4 no aug,404,0.8908686666666666,0.03467863369729426
YOLOv4 no aug,405,0.8863493333333333,0.036498910231829
YOLOv4 no aug,406,0.885636,0.03467689459856518
YOLOv4 no aug,407,0.8881743333333333,0.05338273105706667
YOLOv4 no aug,408,0.8978069999999999,0.0548721592825846
YOLOv4 no aug,409,0.890695,0.033320973430158586
YOLOv4 no aug,410,0.907165,0.03712507564077594
YOLOv4 no aug,411,0.9317076666666666,0.02839592893552014
YOLOv4 no aug,412,0.9165869999999999,0.02942779523398474
YOLOv4 no aug,413,0.886117,0.02841841062292774
YOLOv4 no aug,414,0.8597246666666667,0.02090665948394861
YOLOv4 no aug,415,0.9097523333333334,0.030432839282225663
YOLOv4 no aug,416,0.9197033333333332,0.024064524888538965
YOLOv4 no aug,417,0.91213,0.01577160367030993
YOLOv4 no aug,418,0.9445213333333333,0.011806359731564634
YOLOv4 no aug,419,0.9351536666666665,0.011609948698326723
YOLOv4 no aug,420,0.9430416666666667,0.017097198457967033
YOLOv4 no aug,421,0.9509316666666666,0.039823566114941436
YOLOv4 no aug,422,0.934653,0.042796940887560336
YOLOv4 no aug,423,0.9107469999999999,0.048303750127017396
YOLOv4 no aug,424,0.8888813333333333,0.05047721622122644
YOLOv4 no aug,425,0.8770146666666667,0.031183633540332975
YOLOv4 no aug,426,0.873688,0.018663778797446157
YOLOv4 no aug,427,0.8894876666666667,0.03668849203012363
YOLOv4 no aug,428,0.8645473333333333,0.033894624255838036
YOLOv4 no aug,429,0.859323,0.015741002710543347
YOLOv4 no aug,430,0.8656236666666667,0.050861187036656735
YOLOv4 no aug,431,0.890697,0.054708390401595024
YOLOv4 no aug,432,0.901634,0.06721360204601448
YOLOv4 no aug,433,0.8884630000000001,0.07891233607829216
YOLOv4 no aug,434,0.8977063333333333,0.08736156983924784
YOLOv4 no aug,435,0.880505,0.08835613487660791
YOLOv4 no aug,436,0.8601993333333334,0.06235467945640577
YOLOv4 no aug,437,0.8469906666666667,0.05944393407330231
YOLOv4 no aug,438,0.8651196666666667,0.04891269847504954
YOLOv4 no aug,439,0.8743340000000001,0.04765980074444292
YOLOv4 no aug,440,0.8675816666666667,0.03758290356147474
YOLOv4 no aug,441,0.8614783333333333,0.05363654800703631
YOLOv4 no aug,442,0.8219613333333333,0.04131521777881741
YOLOv4 no aug,443,0.844462,0.054695319336606284
YOLOv4 no aug,444,0.843876,0.06326606329094084
YOLOv4 no aug,445,0.8426803333333334,0.05660956975145142
YOLOv4 no aug,446,0.8455576666666667,0.06293337104783474
YOLOv4 no aug,447,0.8458009999999999,0.06280636795739745
YOLOv4 no aug,448,0.8369996666666667,0.059350182390433964
YOLOv4 no aug,449,0.8486596666666667,0.035153874382649664
YOLOv4 no aug,450,0.8610639999999999,0.028281960487208106
YOLOv4 no aug,451,0.8715623333333333,0.039445508659978576
YOLOv4 no aug,452,0.8686919999999999,0.04037845444045625
YOLOv4 no aug,453,0.8609916666666667,0.022183913693885875
YOLOv4 no aug,454,0.8853646666666667,0.007144940781964391
YOLOv4 no aug,455,0.8855443333333334,0.025146661371066942
YOLOv4 no aug,456,0.904923,0.00408472312403177
YOLOv4 no aug,457,0.8884743333333333,0.015601523615054748
YOLOv4 no aug,458,0.8967966666666666,0.019480138041377226
YOLOv4 no aug,459,0.90094,0.027575644815670236
YOLOv4 no aug,460,0.9272416666666667,0.04215634826189025
YOLOv4 no aug,461,0.8968846666666668,0.04688987145903093
YOLOv4 no aug,462,0.8701646666666667,0.03732439756751309
YOLOv4 no aug,463,0.8668883333333333,0.03638901309614087
YOLOv4 no aug,464,0.865243,0.03362964327791777
YOLOv4 no aug,465,0.8666360000000001,0.02647455871209188
YOLOv4 no aug,466,0.8551803333333333,0.02751961374688566
YOLOv4 no aug,467,0.8546469999999999,0.026792190510171683
YOLOv4 no aug,468,0.8436356666666667,0.012218923770574507
YOLOv4 no aug,469,0.8405596666666666,0.010577819881452165
YOLOv4 no aug,470,0.8468433333333333,0.008310332771783446
YOLOv4 no aug,471,0.8636373333333333,0.00197042925385421
YOLOv4 no aug,472,0.8699476666666667,0.019856260719928576
YOLOv4 no aug,473,0.891467,0.02852669084091832
YOLOv4 no aug,474,0.8783623333333334,0.03152765205515806
YOLOv4 no aug,475,0.8746656666666667,0.026890990599909913
YOLOv4 no aug,476,0.8569503333333334,0.011595870332914985
YOLOv4 no aug,477,0.8617400000000001,0.009341564661946807
YOLOv4 no aug,478,0.8357813333333333,0.010581522516999982
YOLOv4 no aug,479,0.8089606666666667,0.01821604897092428
YOLOv4 no aug,480,0.8298846666666666,0.023136599666137434
YOLOv4 no aug,481,0.8332596666666667,0.018763686287910256
YOLOv4 no aug,482,0.8366476666666668,0.03402253986860933
YOLOv4 no aug,483,0.8523173333333333,0.04087127750361833
YOLOv4 no aug,484,0.8376750000000001,0.04184249235326848
YOLOv4 no aug,485,0.8608246666666667,0.0322708708091024
YOLOv4 no aug,486,0.8782026666666667,0.039955798596004115
YOLOv4 no aug,487,0.886067,0.0368886461710556
YOLOv4 no aug,488,0.8793156666666667,0.042755549286353216
YOLOv4 no aug,489,0.8771619999999999,0.056997986517069166
YOLOv4 no aug,490,0.8678416666666667,0.04873047383425602
YOLOv4 no aug,491,0.8765550000000001,0.05530720576320353
YOLOv4 no aug,492,0.8936843333333333,0.035296097184312675
YOLOv4 no aug,493,0.8779073333333334,0.034973099006395086
YOLOv4 no aug,494,0.8715289999999999,0.013387722186142521
YOLOv4 no aug,495,0.8549993333333333,0.0011311728917858437
YOLOv4 no aug,496,0.840818,0.00948400564107802
YOLOv4 no aug,497,0.8665466666666667,0.007942383297502357
YOLOv4 no aug,498,0.8603766666666667,0.00969168860989204
YOLOv4 no aug,499,0.8832283333333333,0.024496409780029208
YOLOv4 no aug,500,0.91643,0.004201178445785575
YOLOv4 no aug,501,0.896741,0.018586157940790236
YOLOv4 no aug,502,0.8843670000000001,0.02844329570097908
YOLOv4 no aug,503,0.903037,0.007413747320575045
YOLOv4 no aug,504,0.8768553333333333,0.0025333722146139133
YOLOv4 no aug,505,0.8667570000000001,0.006062558398344158
YOLOv4 no aug,506,0.8612006666666666,0.0038822760220147867
YOLOv4 no aug,507,0.8803593333333333,0.010172113781204872
YOLOv4 no aug,508,0.8832966666666667,0.010616459113617478
YOLOv4 no aug,509,0.8448676666666667,0.019446013656045587
YOLOv4 no aug,510,0.835017,0.02182365162692381
YOLOv4 no aug,511,0.831387,0.026323900059325042
YOLOv4 no aug,512,0.8439173333333333,0.01797707356916335
YOLOv4 no aug,513,0.8480496666666667,0.01967825921614456
YOLOv4 no aug,514,0.8623983333333333,0.027647048874056068
YOLOv4 no aug,515,0.8494963333333333,0.03302964198682417
YOLOv4 no aug,516,0.8513423333333333,0.03583186475905365
YOLOv4 no aug,517,0.8661556666666668,0.0355223378844605
YOLOv4 no aug,518,0.866499,0.034217023190219235
YOLOv4 no aug,519,0.8461073333333333,0.036323812466632834
YOLOv4 no aug,520,0.8517703333333334,0.024262942452316968
YOLOv4 no aug,521,0.8514186666666667,0.03630959599671202
YOLOv4 no aug,522,0.858113,0.02696610941533834
YOLOv4 no aug,523,0.8523900000000001,0.03228783554219763
YOLOv4 no aug,524,0.869943,0.010503678133555598
YOLOv4 no aug,525,0.8539786666666668,0.013647482482535434
YOLOv4 no aug,526,0.8540360000000001,0.030528743870872455
YOLOv4 no aug,527,0.8482833333333334,0.05006775862879337
YOLOv4 no aug,528,0.8495863333333332,0.04828498227652616
YOLOv4 no aug,529,0.8447589999999999,0.026342463387719305
YOLOv4 no aug,530,0.8326003333333333,0.017460233774049087
YOLOv4 no aug,531,0.828447,0.006100179041088317
YOLOv4 no aug,532,0.8224343333333334,0.013338787730191667
YOLOv4 no aug,533,0.8173186666666666,0.010273239124595095
YOLOv4 no aug,534,0.8307306666666667,0.039514007665355566
YOLOv4 no aug,535,0.8029063333333334,0.0465843430290097
YOLOv4 no aug,536,0.8190686666666668,0.04519301484497109
YOLOv4 no aug,537,0.8100416666666668,0.04066108505821151
YOLOv4 no aug,538,0.7977653333333333,0.03313704863308004
YOLOv4 no aug,539,0.811153,0.05570619158585519
YOLOv4 no aug,540,0.7698046666666666,0.054550291781478535
YOLOv4 no aug,541,0.7744443333333333,0.04865074802553858
YOLOv4 no aug,542,0.8013560000000001,0.04936383238769052
YOLOv4 no aug,543,0.7880636666666666,0.04680132290627883
YOLOv4 no aug,544,0.80044,0.038384966445211326
YOLOv4 no aug,545,0.789109,0.04149270608592954
YOLOv4 no aug,546,0.789714,0.04007723933023997
YOLOv4 no aug,547,0.7682393333333333,0.04815179847570018
YOLOv4 no aug,548,0.789713,0.04421503082663182
YOLOv4 no aug,549,0.7886583333333334,0.04193245887270521
YOLOv4 no aug,550,0.7885456666666667,0.05335862408375156
YOLOv4 no aug,551,0.8044993333333333,0.038295349867111084
YOLOv4 no aug,552,0.7816143333333333,0.03267526082697903
YOLOv4 no aug,553,0.7791686666666666,0.03504270745025909
YOLOv4 no aug,554,0.7759406666666667,0.03803354398568597
YOLOv4 no aug,555,0.8015889999999999,0.01614292204032466
YOLOv4 no aug,556,0.7909916666666668,0.018469614869954513
YOLOv4 no aug,557,0.8378256666666667,0.038520302414585386
YOLOv4 no aug,558,0.8118873333333333,0.030728003223625053
YOLOv4 no aug,559,0.8067563333333334,0.025464579650522
YOLOv4 no aug,560,0.791125,0.023393548968323172
YOLOv4 no aug,561,0.7746383333333333,0.020193948634292514
YOLOv4 no aug,562,0.7805376666666667,0.014936922779177481
YOLOv4 no aug,563,0.7725433333333332,0.016872234285291828
YOLOv4 no aug,564,0.7760946666666667,0.03307857314704558
YOLOv4 no aug,565,0.7616463333333333,0.042854950053769894
YOLOv4 no aug,566,0.7334489999999999,0.03742592696246816
YOLOv4 no aug,567,0.7391359999999999,0.01893615104326466
YOLOv4 no aug,568,0.7386503333333333,0.030419680605014772
YOLOv4 no aug,569,0.7380333333333334,0.025160387658204147
YOLOv4 no aug,570,0.7498356666666668,0.015527664477026533
YOLOv4 no aug,571,0.7760176666666666,0.012601122388281302
YOLOv4 no aug,572,0.7722633333333334,0.012517394035678699
YOLOv4 no aug,573,0.8020066666666666,0.010931392139664157
YOLOv4 no aug,574,0.803624,0.01165216788127142
YOLOv4 no aug,575,0.8040033333333333,0.011041360579405255
YOLOv4 no aug,576,0.8014936666666667,0.009690399791087628
YOLOv4 no aug,577,0.8097073333333333,0.01039395873145124
YOLOv4 no aug,578,0.807551,0.010479492656294654
YOLOv4 no aug,579,0.8089666666666667,0.020555396260944346
YOLOv4 no aug,580,0.7954720000000001,0.009929479610399172
YOLOv4 no aug,581,0.8062736666666667,0.00569459780064501
YOLOv4 no aug,582,0.8381029999999999,0.025740389876612205
YOLOv4 no aug,583,0.8358923333333333,0.027612437549851408
YOLOv4 no aug,584,0.8292493333333333,0.0284430198603766
YOLOv4 no aug,585,0.8280813333333333,0.02857212301255271
YOLOv4 no aug,586,0.8244053333333333,0.011592151156901143
YOLOv4 no aug,587,0.807741,0.01714984702555684
YOLOv4 no aug,588,0.817662,0.03428291496260689
YOLOv4 no aug,589,0.8310276666666666,0.043691211444001475
YOLOv4 no aug,590,0.8172173333333334,0.044743223547755756
YOLOv4 no aug,591,0.811727,0.0407414139338994
YOLOv4 no aug,592,0.7930256666666667,0.03278846830992736
YOLOv4 no aug,593,0.7635936666666666,0.03630059287547671
YOLOv4 no aug,594,0.7817059999999999,0.047242937380452266
YOLOv4 no aug,595,0.7833853333333334,0.046839034762091836
YOLOv4 no aug,596,0.777698,0.044704066943996666
YOLOv4 no aug,597,0.772828,0.03271492993013027
YOLOv4 no aug,598,0.7822096666666667,0.020295661394604612
YOLOv4 no aug,599,0.772574,0.0035402136941151104
YOLOv4 no aug,600,0.7647793333333333,0.014529636108466195
YOLOv4 no aug,601,0.7510143333333333,0.01488924791399635
YOLOv4 no aug,602,0.7334263333333334,0.015247242748918392
YOLOv4 no aug,603,0.7538253333333333,0.02388358497890222
YOLOv4 no aug,604,0.7259803333333333,0.024922653833633197
YOLOv4 no aug,605,0.7141136666666666,0.022516274413064977
YOLOv4 no aug,606,0.72047,0.02706642268568196
YOLOv4 no aug,607,0.715747,0.020494286260646744
YOLOv4 no aug,608,0.7304013333333333,0.016651387573145722
YOLOv4 no aug,609,0.7415856666666666,0.010596313420766251
YOLOv4 no aug,610,0.7526586666666667,0.031060815219680113
YOLOv4 no aug,611,0.749202,0.019220095759386824
YOLOv4 no aug,612,0.7376853333333333,0.019312946921114287
YOLOv4 no aug,613,0.7149816666666666,0.019482122483047
YOLOv4 no aug,614,0.7431703333333334,0.013432141580717654
YOLOv4 no aug,615,0.7426836666666666,0.015454672835244512
YOLOv4 no aug,616,0.7388396666666667,0.030715269695127945
YOLOv4 no aug,617,0.7448833333333332,0.04186041711980954
YOLOv4 no aug,618,0.7585196666666666,0.03203090773161308
YOLOv4 no aug,619,0.7846403333333333,0.0272988799790598
YOLOv4 no aug,620,0.7686816666666667,0.026803743683382068
YOLOv4 no aug,621,0.7665000000000001,0.033568662772492645
YOLOv4 no aug,622,0.7610473333333333,0.021343427843509843
YOLOv4 no aug,623,0.7463630000000001,0.01769266788813943
YOLOv4 no aug,624,0.7520383333333335,0.02359050533818874
YOLOv4 no aug,625,0.7321963333333333,0.03218600965395438
YOLOv4 no aug,626,0.7517466666666667,0.015153068031846816
YOLOv4 no aug,627,0.7400873333333333,0.017432421607771878
YOLOv4 no aug,628,0.7292583333333332,0.00437879288287434
YOLOv4 no aug,629,0.7446176666666666,0.013754657712127118
YOLOv4 no aug,630,0.7553126666666667,0.010444274832547146
YOLOv4 no aug,631,0.773152,0.021965843757980268
YOLOv4 no aug,632,0.7770320000000001,0.04278622032072166
YOLOv4 no aug,633,0.7694226666666667,0.043084352033088684
YOLOv4 no aug,634,0.7597896666666667,0.044764495612532526
YOLOv4 no aug,635,0.7451016666666667,0.0425931675128509
YOLOv4 no aug,636,0.7399446666666667,0.03292243863149333
YOLOv4 no aug,637,0.7415303333333333,0.020604578013420003
YOLOv4 no aug,638,0.7289553333333333,0.0282649373448998
YOLOv4 no aug,639,0.7190976666666667,0.027735400569989552
YOLOv4 no aug,640,0.7216629999999999,0.025740121490259796
YOLOv4 no aug,641,0.7192820000000001,0.030330837646417443
YOLOv4 no aug,642,0.7329530000000001,0.040436415432132465
YOLOv4 no aug,643,0.7248603333333333,0.02525543224954012
YOLOv4 no aug,644,0.729612,0.018009957690122425
YOLOv4 no aug,645,0.740332,0.020825430759850636
YOLOv4 no aug,646,0.747073,0.020458827491655854
YOLOv4 no aug,647,0.7463823333333334,0.01474929811136033
YOLOv4 no aug,648,0.7288796666666667,0.008931022530732096
YOLOv4 no aug,649,0.7475323333333334,0.009642048560572835
YOLOv4 no aug,650,0.7357170000000001,0.02021900524259293
YOLOv4 no aug,651,0.7483323333333334,0.02870885629518839
YOLOv4 no aug,652,0.7404436666666667,0.023038099403186674
YOLOv4 no aug,653,0.733305,0.05478147840587485
YOLOv4 no aug,654,0.7379253333333334,0.03696697445618783
YOLOv4 no aug,655,0.7551596666666667,0.05249444936477676
YOLOv4 no aug,656,0.751477,0.04329894079920815
YOLOv4 no aug,657,0.7425386666666666,0.04616034458397284
YOLOv4 no aug,658,0.7551086666666667,0.033606837882259086
YOLOv4 no aug,659,0.7724056666666668,0.02113282837461922
YOLOv4 no aug,660,0.7605919999999999,0.03513569985072162
YOLOv4 no aug,661,0.735777,0.03837095527870005
YOLOv4 no aug,662,0.7537073333333334,0.05119640913297641
YOLOv4 no aug,663,0.753844,0.03950035569882039
YOLOv4 no aug,664,0.7521646666666667,0.03158079166378053
YOLOv4 no aug,665,0.7575503333333334,0.022005879830425113
YOLOv4 no aug,666,0.759135,0.014791362490769195
YOLOv4 no aug,667,0.758504,0.005913284479317154
YOLOv4 no aug,668,0.7499423333333333,0.004900707647314264
YOLOv4 no aug,669,0.7522353333333335,0.012932009605797719
YOLOv4 no aug,670,0.755204,0.021064100273530163
YOLOv4 no aug,671,0.7385833333333333,0.01996960395478864
YOLOv4 no aug,672,0.7188103333333332,0.01499898061350985
YOLOv4 no aug,673,0.6958646666666667,0.021736834009988173
YOLOv4 no aug,674,0.6838693333333333,0.016424758469389362
YOLOv4 no aug,675,0.7091263333333333,0.0037739529379389168
YOLOv4 no aug,676,0.7057763333333334,0.01553042966065153
YOLOv4 no aug,677,0.6890473333333333,0.003989831672862637
YOLOv4 no aug,678,0.6968996666666666,0.012922577984975675
YOLOv4 no aug,679,0.7044630000000001,0.007933411015025852
YOLOv4 no aug,680,0.7006303333333334,0.007536693048752288
YOLOv4 no aug,681,0.7083323333333333,0.023128356652482786
YOLOv4 no aug,682,0.700844,0.008563726525292605
YOLOv4 no aug,683,0.7101653333333333,0.009600605611684656
YOLOv4 no aug,684,0.6944720000000001,0.019098474947841615
YOLOv4 no aug,685,0.6888423333333332,0.0071221307985118686
YOLOv4 no aug,686,0.6859696666666667,0.0199177589212352
YOLOv4 no aug,687,0.6880873333333333,0.019512477224700217
YOLOv4 no aug,688,0.7067323333333334,0.036840023671424416
YOLOv4 no aug,689,0.706389,0.04029850864486179
YOLOv4 no aug,690,0.6977533333333333,0.033072923146351074
YOLOv4 no aug,691,0.7075893333333334,0.02062650020671895
YOLOv4 no aug,692,0.7164616666666667,0.015054978050834581
YOLOv4 no aug,693,0.7427603333333334,0.012289305978957636
YOLOv4 no aug,694,0.7289796666666667,0.015920251488102936
YOLOv4 no aug,695,0.7441650000000001,0.018533154516523435
YOLOv4 no aug,696,0.7492666666666666,0.03438632553953841
YOLOv4 no aug,697,0.7349353333333334,0.03048940510151754
YOLOv4 no aug,698,0.7588333333333334,0.026236507836304056
YOLOv4 no aug,699,0.7392736666666666,0.01145618697958055
YOLOv4 no aug,700,0.7492646666666666,0.020658723374023944
YOLOv4 no aug,701,0.766009,0.03798928312476209
YOLOv4 no aug,702,0.7474516666666666,0.05042169397304213
YOLOv4 no aug,703,0.7390786666666668,0.04692511323493116
YOLOv4 no aug,704,0.7487996666666666,0.04735755577284135
YOLOv4 no aug,705,0.7531573333333332,0.020850372069688476
YOLOv4 no aug,706,0.7262750000000001,0.0223705935549328
YOLOv4 no aug,707,0.750394,0.020719063789981753
YOLOv4 no aug,708,0.7572083333333334,0.016721054047052288
YOLOv4 no aug,709,0.7457103333333334,0.01811265846798248
YOLOv4 no aug,710,0.7465483333333333,0.03548673632186787
YOLOv4 no aug,711,0.7580243333333333,0.03781419737935006
YOLOv4 no aug,712,0.7523126666666666,0.041192320313109064
YOLOv4 no aug,713,0.7731326666666667,0.049192987346888296
YOLOv4 no aug,714,0.783941,0.04827721972455887
YOLOv4 no aug,715,0.775651,0.02707770672219739
YOLOv4 no aug,716,0.774463,0.017222990864926263
YOLOv4 no aug,717,0.7616323333333334,0.019351588438965703
YOLOv4 no aug,718,0.756816,0.0026815846061610635
YOLOv4 no aug,719,0.743656,0.0038580111888553846
YOLOv4 no aug,720,0.7336066666666667,0.016247310591123835
YOLOv4 no aug,721,0.7320823333333334,0.031268939233331475
YOLOv4 no aug,722,0.7357533333333334,0.01881271515343929
YOLOv4 no aug,723,0.730219,0.03414894629413915
YOLOv4 no aug,724,0.719503,0.03981176060328573
YOLOv4 no aug,725,0.7069036666666667,0.04004082928850391
YOLOv4 no aug,726,0.7075063333333333,0.03533316284235598
YOLOv4 no aug,727,0.7187413333333333,0.03873086953294203
YOLOv4 no aug,728,0.711604,0.03237422623528372
YOLOv4 no aug,729,0.7070373333333334,0.03539506982774736
YOLOv4 no aug,730,0.704538,0.02452809259468279
YOLOv4 no aug,731,0.7340923333333333,0.03306677202436171
YOLOv4 no aug,732,0.7367206666666667,0.038258369020530786
YOLOv4 no aug,733,0.7292013333333333,0.025161968294321598
YOLOv4 no aug,734,0.7393926666666667,0.0011056704351257488
YOLOv4 no aug,735,0.7380016666666668,0.015326883161440385
YOLOv4 no aug,736,0.7415476666666666,0.00972457841988251
YOLOv4 no aug,737,0.7414993333333332,0.013830981844315231
YOLOv4 no aug,738,0.7338163333333334,0.006139973950360973
YOLOv4 no aug,739,0.7403029999999999,0.009573127127537806
YOLOv4 no aug,740,0.7404163333333335,0.02050955454037081
YOLOv4 no aug,741,0.7281276666666666,0.02236533717111767
YOLOv4 no aug,742,0.7168549999999999,0.0351979836685759
YOLOv4 no aug,743,0.743928,0.04481211126470164
YOLOv4 no aug,744,0.735036,0.05226114045190111
YOLOv4 no aug,745,0.7274536666666666,0.026972369605044184
YOLOv4 no aug,746,0.721545,0.01565799445437804
YOLOv4 no aug,747,0.7261009999999999,0.01439250695095657
YOLOv4 no aug,748,0.7267733333333334,0.022826063497190623
YOLOv4 no aug,749,0.7092836666666665,0.010963488881028913
YOLOv4 no aug,750,0.7044406666666667,0.00885903475429338
YOLOv4 no aug,751,0.7137236666666666,0.02051037896881588
YOLOv4 no aug,752,0.6965736666666666,0.02464348997425305
YOLOv4 no aug,753,0.6792223333333333,0.016912191798949202
YOLOv4 no aug,754,0.6922966666666667,0.030819549100818744
YOLOv4 no aug,755,0.677559,0.03488102832964265
YOLOv4 no aug,756,0.7111376666666667,0.01960250736796475
YOLOv4 no aug,757,0.7084876666666666,0.029134731103005657
YOLOv4 no aug,758,0.6981416666666668,0.0315188994009062
YOLOv4 no aug,759,0.7050890000000001,0.04821554764112231
YOLOv4 no aug,760,0.6921086666666666,0.04860331350272785
YOLOv4 no aug,761,0.6769273333333333,0.047048016310762525
YOLOv4 no aug,762,0.6628633333333332,0.03432045670021178
YOLOv4 no aug,763,0.6357013333333333,0.03369592077355622
YOLOv4 no aug,764,0.6435036666666667,0.03331263876935864
YOLOv4 no aug,765,0.634527,0.04645139312227353
YOLOv4 no aug,766,0.634172,0.04384455374388018
YOLOv4 no aug,767,0.6403900000000001,0.02605420362116895
YOLOv4 no aug,768,0.618036,0.024140869129617822
YOLOv4 no aug,769,0.615735,0.01148891493280951
YOLOv4 no aug,770,0.623764,0.008528221698181473
YOLOv4 no aug,771,0.6167413333333334,0.014522239523495612
YOLOv4 no aug,772,0.5979986666666667,0.014884758796985737
YOLOv4 no aug,773,0.6146986666666666,0.02610140923611428
YOLOv4 no aug,774,0.6267010000000001,0.04106226888925324
YOLOv4 no aug,775,0.6289063333333333,0.044228391742308616
YOLOv4 no aug,776,0.634174,0.04458822798676799
YOLOv4 no aug,777,0.6560226666666668,0.05603151114130136
YOLOv4 no aug,778,0.6494693333333332,0.03793918049252573
YOLOv4 no aug,779,0.6519149999999999,0.026940191146315233
YOLOv4 no aug,780,0.6407053333333333,0.026045595611883757
YOLOv4 no aug,781,0.645096,0.023445049776018825
YOLOv4 no aug,782,0.6419503333333334,0.0158424081748255
YOLOv4 no aug,783,0.630608,0.01173713739944001
YOLOv4 no aug,784,0.6341903333333333,0.014018266492132498
YOLOv4 no aug,785,0.6588003333333333,0.010304463019056888
YOLOv4 no aug,786,0.649089,0.0118834254461133
YOLOv4 no aug,787,0.6512836666666666,0.02077603416064879
YOLOv4 no aug,788,0.6497706666666667,0.016518137267191424
YOLOv4 no aug,789,0.6373446666666668,0.021421197891600546
YOLOv4 no aug,790,0.6325003333333333,0.024090704163870158
YOLOv4 no aug,791,0.6155446666666666,0.01774819621194725
YOLOv4 no aug,792,0.6060300000000001,0.012795040718966078
YOLOv4 no aug,793,0.6111460000000001,0.008703921204453414
YOLOv4 no aug,794,0.6148916666666667,0.017391785650447484
YOLOv4 no aug,795,0.6184393333333333,0.011262353104233791
YOLOv4 no aug,796,0.606475,0.0029805843386826163
YOLOv4 no aug,797,0.5993263333333333,0.008585281539420321
YOLOv4 no aug,798,0.599059,0.013945486402417098
YOLOv4 no aug,799,0.6209693333333334,0.016221947831393246
YOLOv4 no aug,800,0.6165526666666666,0.01570528782855563
YOLOv4 no aug,801,0.6058653333333334,0.023447643977830928
YOLOv4 no aug,802,0.6252043333333334,0.026461294263718686
YOLOv4 no aug,803,0.6121949999999999,0.03363296646149429
YOLOv4 no aug,804,0.6156183333333334,0.028761943428387768
YOLOv4 no aug,805,0.61124,0.027178713895252657
YOLOv4 no aug,806,0.5972643333333333,0.03104878748214026
YOLOv4 no aug,807,0.601803,0.019353040079877214
YOLOv4 no aug,808,0.5988203333333333,0.016879670359472215
YOLOv4 no aug,809,0.620102,0.014708056443097188
YOLOv4 no aug,810,0.6041843333333333,0.011694997396797966
YOLOv4 no aug,811,0.5986946666666667,0.0177273015838408
YOLOv4 no aug,812,0.597807,0.0170020846466936
YOLOv4 no aug,813,0.5771510000000001,0.017545137056555977
YOLOv4 no aug,814,0.5902113333333334,0.028362564084448413
YOLOv4 no aug,815,0.5883843333333333,0.01879954078635375
YOLOv4 no aug,816,0.5993863333333334,0.02590113930784597
YOLOv4 no aug,817,0.6134686666666668,0.027555137333071765
YOLOv4 no aug,818,0.6195039999999999,0.009801280341533616
YOLOv4 no aug,819,0.610176,0.015017941614393557
YOLOv4 no aug,820,0.6216400000000001,0.007434305437183311
YOLOv4 no aug,821,0.6333286666666668,0.01610527249415889
YOLOv4 no aug,822,0.6263373333333333,0.030088165787306557
YOLOv4 no aug,823,0.597128,0.027010641871923993
YOLOv4 no aug,824,0.591573,0.008405890216588207
YOLOv4 no aug,825,0.5905316666666667,0.009800557098677819
YOLOv4 no aug,826,0.5925326666666667,0.02289965356603554
YOLOv4 no aug,827,0.5977146666666667,0.019044467808555607
YOLOv4 no aug,828,0.6216876666666667,0.02446373170180253
YOLOv4 no aug,829,0.6064170000000001,0.011766194683640633
YOLOv4 no aug,830,0.6119556666666667,0.01833264985695681
YOLOv4 no aug,831,0.6009396666666666,0.011996483795031111
YOLOv4 no aug,832,0.6211066666666666,0.017822715041329838
YOLOv4 no aug,833,0.616568,0.016765202086464696
YOLOv4 no aug,834,0.5924156666666667,0.016696151745570327
YOLOv4 no aug,835,0.5958486666666668,0.026011513478543396
YOLOv4 no aug,836,0.5933053333333332,0.027480065504127012
YOLOv4 no aug,837,0.5853816666666667,0.023264922303282635
YOLOv4 no aug,838,0.5862750000000001,0.015679510866095286
YOLOv4 no aug,839,0.5773450000000001,0.01628381682325533
YOLOv4 no aug,840,0.5767046666666668,0.012932058463798862
YOLOv4 no aug,841,0.5583093333333333,0.01573495243434535
YOLOv4 no aug,842,0.5696053333333333,0.025286820212206292
YOLOv4 no aug,843,0.5605623333333334,0.02132243167287552
YOLOv4 no aug,844,0.5723583333333333,0.028229433725182017
YOLOv4 no aug,845,0.5795180000000001,0.027474738039394177
YOLOv4 no aug,846,0.5831066666666667,0.02372252637145638
YOLOv4 no aug,847,0.5800543333333333,0.015075530784832883
YOLOv4 no aug,848,0.5857743333333333,0.002882673778128754
YOLOv4 no aug,849,0.584459,0.01182906422052623
YOLOv4 no aug,850,0.5792443333333334,0.006693063108755068
YOLOv4 no aug,851,0.589817,0.018120632338120366
YOLOv4 no aug,852,0.5771683333333334,0.02168147945700304
YOLOv4 no aug,853,0.5617709999999999,0.025587288061327127
YOLOv4 no aug,854,0.567932,0.03297237597343168
YOLOv4 no aug,855,0.5591936666666667,0.03114107487618957
YOLOv4 no aug,856,0.5510746666666667,0.0350244330924063
YOLOv4 no aug,857,0.5467886666666667,0.03157078484048891
YOLOv4 no aug,858,0.546479,0.0453905622385682
YOLOv4 no aug,859,0.5337403333333334,0.04737791218607159
YOLOv4 no aug,860,0.5343486666666667,0.04092243529057272
YOLOv4 no aug,861,0.537656,0.025053693866041657
YOLOv4 no aug,862,0.529446,0.022046302577378663
YOLOv4 no aug,863,0.5408706666666666,0.029280968064218395
YOLOv4 no aug,864,0.5366086666666666,0.027162218369967094
YOLOv4 no aug,865,0.5451113333333333,0.03972428540298464
YOLOv4 no aug,866,0.5279236666666667,0.0375085614508356
YOLOv4 no aug,867,0.5279476666666666,0.025621201775959786
YOLOv4 no aug,868,0.5406983333333333,0.02602145262620398
YOLOv4 no aug,869,0.5516026666666667,0.03274060199677323
YOLOv4 no aug,870,0.5618913333333334,0.0403163906715095
YOLOv4 no aug,871,0.5626213333333334,0.042734508714984805
YOLOv4 no aug,872,0.549493,0.04042531262711522
YOLOv4 no aug,873,0.531393,0.04482708366973403
YOLOv4 no aug,874,0.5299096666666666,0.04350054566835277
YOLOv4 no aug,875,0.5306063333333334,0.034223761805375966
YOLOv4 no aug,876,0.5199950000000001,0.035392473526631815
YOLOv4 no aug,877,0.5291009999999999,0.027158291815453584
YOLOv4 no aug,878,0.5235506666666666,0.038547936591268345
YOLOv4 no aug,879,0.5134113333333333,0.03548842929901394
YOLOv4 no aug,880,0.5225443333333333,0.032310515983362285
YOLOv4 no aug,881,0.5284323333333334,0.033026204809379955
YOLOv4 no aug,882,0.5280496666666666,0.03067416169098096
YOLOv4 no aug,883,0.5387049999999999,0.019790523060293278
YOLOv4 no aug,884,0.551819,0.03105493629038707
YOLOv4 no aug,885,0.545747,0.03180817471971632
YOLOv4 no aug,886,0.5455586666666666,0.02421924356328614
YOLOv4 no aug,887,0.574809,0.03773132693576166
YOLOv4 no aug,888,0.5778023333333333,0.044557456893069856
YOLOv4 no aug,889,0.5623300000000001,0.03402675368490701
YOLOv4 no aug,890,0.5587246666666666,0.04189903304506098
YOLOv4 no aug,891,0.546801,0.04436528239889086
YOLOv4 no aug,892,0.5248376666666666,0.03729468970391244
YOLOv4 no aug,893,0.522463,0.038659314561090355
YOLOv4 no aug,894,0.5207993333333333,0.028637501464183486
YOLOv4 no aug,895,0.5167816666666667,0.027669434305344548
YOLOv4 no aug,896,0.5100523333333332,0.02486144141928308
YOLOv4 no aug,897,0.5120133333333333,0.015847426292969796
YOLOv4 no aug,898,0.5107633333333333,0.012529082253346048
YOLOv4 no aug,899,0.5066346666666667,0.013523653923568319
YOLOv4 no aug,900,0.5134926666666667,0.016141801317628043
YOLOv4 no aug,901,0.5132816666666667,0.020599878101041712
YOLOv4 no aug,902,0.5103426666666667,0.007655233554750501
YOLOv4 no aug,903,0.5129819999999999,0.004450930951310438
YOLOv4 no aug,904,0.4964813333333333,0.006232128858673487
YOLOv4 no aug,905,0.4953513333333334,0.012834022094071347
YOLOv4 no aug,906,0.5025913333333333,0.0074534861269371505
YOLOv4 no aug,907,0.508953,0.010335056506860528
YOLOv4 no aug,908,0.4934966666666667,0.010572287947480653
YOLOv4 no aug,909,0.49406866666666666,0.007679770945658308
YOLOv4 no aug,910,0.4938203333333333,0.010488400646004667
YOLOv4 no aug,911,0.503589,0.016814204719026497
YOLOv4 no aug,912,0.5034273333333333,0.017936470800516406
YOLOv4 no aug,913,0.5097453333333334,0.023469589148039594
YOLOv4 no aug,914,0.4998046666666666,0.020240295430430613
YOLOv4 no aug,915,0.5039790000000001,0.010482050705849495
YOLOv4 no aug,916,0.506812,0.015621659877661303
YOLOv4 no aug,917,0.5020883333333334,0.014802368282736976
YOLOv4 no aug,918,0.490429,0.014507694521643773
YOLOv4 no aug,919,0.4867553333333334,0.01459853835529816
YOLOv4 no aug,920,0.48542799999999997,0.00731017320816226
YOLOv4 no aug,921,0.482755,0.006589099179705818
YOLOv4 no aug,922,0.49035433333333334,0.008210999336932808
YOLOv4 no aug,923,0.5026416666666667,0.006360958322279568
YOLOv4 no aug,924,0.49825533333333333,0.00213096733381293
YOLOv4 no aug,925,0.4940273333333334,0.011793503654319372
YOLOv4 no aug,926,0.483578,0.007849054486582014
YOLOv4 no aug,927,0.48365400000000003,0.013129058052020833
YOLOv4 no aug,928,0.48157200000000006,0.011249792235118555
YOLOv4 no aug,929,0.480702,0.005588293388862103
YOLOv4 no aug,930,0.48507533333333336,0.019914664884060785
YOLOv4 no aug,931,0.4750473333333333,0.019386810037869677
YOLOv4 no aug,932,0.4731706666666667,0.0078410806511461
YOLOv4 no aug,933,0.466121,0.01759130394067856
YOLOv4 no aug,934,0.4785146666666667,0.013654987578821809
YOLOv4 no aug,935,0.46113899999999997,0.01186847127195973
YOLOv4 no aug,936,0.46937,0.013404126690438785
YOLOv4 no aug,937,0.46070733333333336,0.00534155858444996
YOLOv4 no aug,938,0.466176,0.006142045370504301
YOLOv4 no aug,939,0.4799736666666667,0.016128315641890358
YOLOv4 no aug,940,0.47442199999999995,0.018474643135930925
YOLOv4 no aug,941,0.47020100000000004,0.024211835315261283
YOLOv4 no aug,942,0.470145,0.023066608159848734
YOLOv4 no aug,943,0.4702926666666667,0.013319287334955701
YOLOv4 no aug,944,0.47844133333333333,0.00670490967707826
YOLOv4 no aug,945,0.47296333333333335,0.0075020032065516475
YOLOv4 no aug,946,0.4802086666666667,0.015356517425654958
YOLOv4 no aug,947,0.4705296666666667,0.01605153255749882
YOLOv4 no aug,948,0.46347166666666667,0.011481208913311844
YOLOv4 no aug,949,0.458004,0.012745997070976175
YOLOv4 no aug,950,0.470032,0.009891071596815643
YOLOv4 no aug,951,0.45008866666666664,0.0077310224061533
YOLOv4 no aug,952,0.44748533333333335,0.007558069866778903
YOLOv4 no aug,953,0.4417506666666667,0.007657760885387968
YOLOv4 no aug,954,0.42938600000000005,0.014007957036389478
YOLOv4 no aug,955,0.43078,0.008010684386076708
YOLOv4 no aug,956,0.4401926666666667,0.021213814071129322
YOLOv4 no aug,957,0.4311453333333333,0.025876382992562515
YOLOv4 no aug,958,0.43349600000000005,0.019631666281800936
YOLOv4 no aug,959,0.4290056666666667,0.024626015690277177
YOLOv4 no aug,960,0.43693966666666667,0.012373918974107502
YOLOv4 no aug,961,0.43442,0.002111110845029231
YOLOv4 no aug,962,0.4360573333333333,0.005241306845095451
YOLOv4 no aug,963,0.428923,0.015731210029746593
YOLOv4 no aug,964,0.43903800000000004,0.007873398270971277
YOLOv4 no aug,965,0.4296933333333333,0.011751085259574013
YOLOv4 no aug,966,0.43562499999999993,0.016129564377254574
YOLOv4 no aug,967,0.44429399999999997,0.007836954531789335
YOLOv4 no aug,968,0.42458900000000005,0.004424821615990114
YOLOv4 no aug,969,0.42538566666666666,0.005437870947755606
YOLOv4 no aug,970,0.4199036666666666,0.01275706683023614
YOLOv4 no aug,971,0.4124736666666666,0.012220575768396143
YOLOv4 no aug,972,0.4011799999999999,0.0073849507333044
YOLOv4 no aug,973,0.4071613333333333,0.00980510921804432
YOLOv4 no aug,974,0.40487,0.005129048547245376
YOLOv4 no aug,975,0.39355066666666666,0.009958978232953641
YOLOv4 no aug,976,0.40321,0.002913840935946911
YOLOv4 no aug,977,0.4124906666666666,0.013340424909941131
YOLOv4 no aug,978,0.40916033333333335,0.01740454226472056
YOLOv4 no aug,979,0.40831,0.016355561378320227
YOLOv4 no aug,980,0.4022133333333333,0.020702302869756085
YOLOv4 no aug,981,0.39301366666666665,0.0269109213661996
YOLOv4 no aug,982,0.398644,0.01986178317775118
YOLOv4 no aug,983,0.38628166666666663,0.012622491702424608
YOLOv4 no aug,984,0.3919586666666666,0.016527230644538676
YOLOv4 no aug,985,0.400306,0.00936644779696836
YOLOv4 no aug,986,0.3977993333333334,0.007671543224439559
YOLOv4 no aug,987,0.3890613333333334,0.0032896103281560727
YOLOv4 no aug,988,0.37770600000000004,0.0033365945213645587
YOLOv4 no aug,989,0.37384900000000004,0.007114786176220142
YOLOv4 no aug,990,0.37855799999999995,0.01029077034693386
YOLOv4 no aug,991,0.37378633333333333,0.003980053196182736
YOLOv4 no aug,992,0.377933,0.011498287350731839
YOLOv4 no aug,993,0.3759676666666667,0.012156625550611392
YOLOv4 no aug,994,0.3864513333333333,0.018277850569594994
YOLOv4 no aug,995,0.398509,0.01908254344507916
YOLOv4 no aug,996,0.406349,0.027338250498766984
YOLOv4 no aug,997,0.40481133333333336,0.026345940922865352
YOLOv4 no aug,998,0.40194766666666665,0.01815046291726774
YOLOv4 no aug,999,0.40542266666666665,0.015657973925270293
YOLOv4 no aug,1000,0.40567099999999995,0.012095095328272534
YOLOv4 no aug,1001,0.4101783333333333,0.013841805088611495
YOLOv4 no aug,1002,0.40719733333333324,0.02271508792508726
YOLOv4 no aug,1003,0.4135423333333333,0.02449982194039604
YOLOv4 no aug,1004,0.3986433333333333,0.02107752377402157
YOLOv4 no aug,1005,0.3928373333333333,0.017915615175346643
YOLOv4 no aug,1006,0.3971986666666667,0.013627379404876218
YOLOv4 no aug,1007,0.39323099999999994,0.01193569077738417
YOLOv4 no aug,1008,0.402697,0.007988396397275235
YOLOv4 no aug,1009,0.40121366666666675,0.0023973795648119297
YOLOv4 no aug,1010,0.3897713333333333,0.012157297182259618
YOLOv4 no aug,1011,0.38559733333333335,0.01266631571443638
YOLOv4 no aug,1012,0.388647,0.009247075988296686
YOLOv4 no aug,1013,0.3832436666666667,0.009192421921222825
YOLOv4 no aug,1014,0.378241,0.018388674784587746
YOLOv4 no aug,1015,0.36904066666666663,0.01814008467761689
YOLOv4 no aug,1016,0.36529933333333336,0.015530867053852617
YOLOv4 no aug,1017,0.36326166666666665,0.019578508407037676
YOLOv4 no aug,1018,0.36798366666666665,0.021116755308943122
YOLOv4 no aug,1019,0.36405033333333336,0.01587287854941391
YOLOv4 no aug,1020,0.357578,0.015313896641068636
YOLOv4 no aug,1021,0.3590236666666667,0.02494817145158695
YOLOv4 no aug,1022,0.3631493333333333,0.021826083190633293
YOLOv4 no aug,1023,0.363447,0.017737043609350463
YOLOv4 no aug,1024,0.35724,0.014841982920081806
YOLOv4 no aug,1025,0.3504146666666667,0.007745272156469238
YOLOv4 no aug,1026,0.3512726666666666,0.01029196742340572
YOLOv4 no aug,1027,0.344042,0.009109685011019851
YOLOv4 no aug,1028,0.340792,0.008032362126630827
YOLOv4 no aug,1029,0.35056100000000007,0.017346955246766896
YOLOv4 no aug,1030,0.3459036666666666,0.022266623642673004
YOLOv4 no aug,1031,0.34745833333333326,0.021379537899070176
YOLOv4 no aug,1032,0.34496866666666665,0.030302099500052974
YOLOv4 no aug,1033,0.3421666666666667,0.028228181204447284
YOLOv4 no aug,1034,0.346233,0.02331423271308751
YOLOv4 no aug,1035,0.34519600000000006,0.022828553370724133
YOLOv4 no aug,1036,0.34856833333333337,0.025689492153624045
YOLOv4 no aug,1037,0.34364,0.01939887059427258
YOLOv4 no aug,1038,0.34152066666666664,0.016188178715072034
YOLOv4 no aug,1039,0.3401463333333334,0.018478065215576857
YOLOv4 no aug,1040,0.33930499999999997,0.01742775735237708
YOLOv4 no aug,1041,0.3329146666666667,0.011695597894554646
YOLOv4 no aug,1042,0.33203166666666667,0.0079131085618176
YOLOv4 no aug,1043,0.335858,0.014044682706751816
YOLOv4 no aug,1044,0.327062,0.0173745911318799
YOLOv4 no aug,1045,0.32567266666666667,0.018687703821259345
YOLOv4 no aug,1046,0.32634066666666667,0.014007404010419318
YOLOv4 no aug,1047,0.31939466666666666,0.010720997688855479
YOLOv4 no aug,1048,0.31601133333333337,0.006834909176020156
YOLOv4 no aug,1049,0.3169703333333333,0.012838592151962931
YOLOv4 no aug,1050,0.31479700000000005,0.016406497259724064
YOLOv4 no aug,1051,0.3101736666666667,0.011073711006001744
YOLOv4 no aug,1052,0.310944,0.008053886597993136
YOLOv4 no aug,1053,0.30640533333333336,0.007505021992713347
YOLOv4 no aug,1054,0.3007566666666666,0.009275885264730506
YOLOv4 no aug,1055,0.30309833333333336,0.008261758334505893
YOLOv4 no aug,1056,0.301553,0.0065179951927976446
YOLOv4 no aug,1057,0.3054773333333333,0.004793009921866552
YOLOv4 no aug,1058,0.2981296666666667,0.008111486718091676
YOLOv4 no aug,1059,0.302081,0.012272685538761817
YOLOv4 no aug,1060,0.295177,0.01152496694138426
YOLOv4 no aug,1061,0.2870026666666667,0.007226238309875423
YOLOv4 no aug,1062,0.28984733333333335,0.010943736478511849
YOLOv4 no aug,1063,0.29168299999999997,0.009593546077094395
YOLOv4 no aug,1064,0.286596,0.009091999248423483
YOLOv4 no aug,1065,0.2769946666666667,0.004027219650219129
YOLOv4 no aug,1066,0.28088399999999997,0.0011862298821616838
YOLOv4 no aug,1067,0.28683366666666665,0.006352205819853265
YOLOv4 no aug,1068,0.28885866666666665,0.002557676441182069
YOLOv4 no aug,1069,0.292902,0.006881511631417424
YOLOv4 no aug,1070,0.28778966666666667,0.011310325140232615
YOLOv4 no aug,1071,0.2909446666666667,0.006248006784389542
YOLOv4 no aug,1072,0.2859496666666667,0.006457467133309903
YOLOv4 no aug,1073,0.28604066666666667,0.011431239541031616
YOLOv4 no aug,1074,0.279854,0.011006398320976751
YOLOv4 no aug,1075,0.2808156666666667,0.008357766973167997
YOLOv4 no aug,1076,0.2835986666666666,0.014362134849821044
YOLOv4 no aug,1077,0.28154666666666667,0.011500708388809993
YOLOv4 no aug,1078,0.291002,0.005423257354517976
YOLOv4 no aug,1079,0.29269833333333334,0.005471020146594639
YOLOv4 no aug,1080,0.281808,0.008161530820460913
YOLOv4 no aug,1081,0.2774583333333333,0.007215197325398979
YOLOv4 no aug,1082,0.26743500000000003,0.007803049425278125
YOLOv4 no aug,1083,0.264814,0.013165824964657546
YOLOv4 no aug,1084,0.2571493333333333,0.015429128311231478
YOLOv4 no aug,1085,0.25895166666666664,0.011258737900453624
YOLOv4 no aug,1086,0.2534613333333333,0.010527335692271711
YOLOv4 no aug,1087,0.25878700000000004,0.011976567914056184
YOLOv4 no aug,1088,0.2509476666666666,0.007433943084109386
YOLOv4 no aug,1089,0.25024033333333334,0.0014240477910207497
YOLOv4 no aug,1090,0.24251,0.0026851463647257646
YOLOv4 no aug,1091,0.24561200000000002,0.001984126004063252
YOLOv4 no aug,1092,0.24861866666666668,0.005551935318227129
YOLOv4 no aug,1093,0.24352266666666667,0.004947363652604395
YOLOv4 no aug,1094,0.239654,0.007956204434276434
YOLOv4 no aug,1095,0.24171433333333336,0.01132675458568978
YOLOv4 no aug,1096,0.23048233333333334,0.013963834828266592
YOLOv4 no aug,1097,0.2254776666666667,0.009635343988554725
YOLOv4 no aug,1098,0.2219863333333333,0.00845237564895877
YOLOv4 no aug,1099,0.22364499999999998,0.0068286103271456315
YOLOv4 no aug,1100,0.21616366666666667,0.005432351434794246
YOLOv4 no aug,1101,0.21204299999999998,0.0067382034202993065
YOLOv4 no aug,1102,0.21115666666666666,0.003126571622578172
YOLOv4 no aug,1103,0.21164033333333332,0.0023057118447696616
YOLOv4 no aug,1104,0.21606,0.0032253699012671404
YOLOv4 no aug,1105,0.21852533333333335,0.0017380232385609175
YOLOv4 no aug,1106,0.21905899999999998,0.003078360819223985
YOLOv4 no aug,1107,0.22383966666666666,0.001162813446392462
YOLOv4 no aug,1108,0.226917,0.0060079122274991105
YOLOv4 no aug,1109,0.224715,0.007137679618288664
YOLOv4 no aug,1110,0.21886033333333335,0.006915558312802934
YOLOv4 no aug,1111,0.21567966666666663,0.008200239454498333
YOLOv4 no aug,1112,0.21446,0.004857610969739481
YOLOv4 no aug,1113,0.21131266666666668,0.006153893789933148
YOLOv4 no aug,1114,0.20725633333333335,0.00732789140506629
YOLOv4 no aug,1115,0.204716,0.0072691570579630094
YOLOv4 no aug,1116,0.20459400000000003,0.01102869023653005
YOLOv4 no aug,1117,0.20677366666666666,0.010430675183216947
YOLOv4 no aug,1118,0.21342433333333333,0.007466164596215233
YOLOv4 no aug,1119,0.2106593333333333,0.011141515581124696
YOLOv4 no aug,1120,0.20642533333333335,0.01010988632203372
YOLOv4 no aug,1121,0.21122533333333335,0.012789581311016839
YOLOv4 no aug,1122,0.21514833333333336,0.01292589984402548
YOLOv4 no aug,1123,0.21117833333333333,0.015451405139267363
YOLOv4 no aug,1124,0.20593666666666666,0.012103281873570952
YOLOv4 no aug,1125,0.20790933333333336,0.012777757149741808
YOLOv4 no aug,1126,0.20171133333333333,0.01125836288177716
YOLOv4 no aug,1127,0.20044266666666666,0.009280587649018311
YOLOv4 no aug,1128,0.19902366666666668,0.00959455438140708
YOLOv4 no aug,1129,0.19483566666666666,0.012568188205854404
YOLOv4 no aug,1130,0.19696499999999997,0.00881499671015253
YOLOv4 no aug,1131,0.19802933333333336,0.009489670706147355
YOLOv4 no aug,1132,0.19723633333333335,0.0054773935508698945
YOLOv4 no aug,1133,0.19885,0.004133101297250451
YOLOv4 no aug,1134,0.20132533333333333,0.0034953750553807224
YOLOv4 no aug,1135,0.20045100000000002,0.004968680341230797
YOLOv4 no aug,1136,0.19677666666666668,0.005053455231599244
YOLOv4 no aug,1137,0.1934836666666667,0.006117124115501049
YOLOv4 no aug,1138,0.18603433333333333,0.005443540708440089
YOLOv4 no aug,1139,0.1835986666666667,0.004111471810002401
YOLOv4 no aug,1140,0.18586899999999998,0.0029948642707141216
YOLOv4 no aug,1141,0.18544566666666665,0.0014754060834601137
YOLOv4 no aug,1142,0.186001,0.006462874773143402
YOLOv4 no aug,1143,0.186191,0.012552681240808007
YOLOv4 no aug,1144,0.18532966666666664,0.008710824115878918
YOLOv4 no aug,1145,0.18405666666666667,0.011343579304806948
YOLOv4 no aug,1146,0.18298566666666669,0.012334536747595262
YOLOv4 no aug,1147,0.17838400000000001,0.01044524901570087
YOLOv4 no aug,1148,0.17359266666666665,0.005558044510237192
YOLOv4 no aug,1149,0.167342,0.00421696411335612
YOLOv4 no aug,1150,0.1723053333333333,0.006086436350151411
YOLOv4 no aug,1151,0.17196366666666665,0.004756846095658112
YOLOv4 no aug,1152,0.169646,0.003437486048456537
YOLOv4 no aug,1153,0.16488766666666668,0.00376857963222809
YOLOv4 no aug,1154,0.15948600000000002,0.005992185772598621
YOLOv4 no aug,1155,0.15630833333333335,0.004602986035656036
YOLOv4 no aug,1156,0.16124866666666668,0.0017464005204356119
YOLOv4 no aug,1157,0.15550366666666668,0.001186492637051656
YOLOv4 no aug,1158,0.1561216666666667,0.004655491751087571
YOLOv4 no aug,1159,0.156189,0.006715719643741344
YOLOv4 no aug,1160,0.15696433333333334,0.005334842526052458
YOLOv4 no aug,1161,0.15429366666666666,0.0026443329551661576
YOLOv4 no aug,1162,0.15424700000000002,0.005211117250647888
YOLOv4 no aug,1163,0.15715366666666666,0.00620825268851426
YOLOv4 no aug,1164,0.15232866666666667,0.004941896610726602
YOLOv4 no aug,1165,0.1548596666666667,0.005732436402709684
YOLOv4 no aug,1166,0.15023833333333333,0.004148652887116221
YOLOv4 no aug,1167,0.15383266666666665,0.0014752290594269727
YOLOv4 no aug,1168,0.15348866666666666,0.005419176085388298
YOLOv4 no aug,1169,0.15030266666666667,0.0050355692274503105
YOLOv4 no aug,1170,0.15026333333333333,0.005264809250527924
YOLOv4 no aug,1171,0.14879833333333334,0.002688679622251617
YOLOv4 no aug,1172,0.14727666666666667,0.006437177392132194
YOLOv4 no aug,1173,0.1469083333333333,0.0036074233802597163
YOLOv4 no aug,1174,0.145328,0.005428001136084386
YOLOv4 no aug,1175,0.14795133333333332,0.0038916634118473232
YOLOv4 no aug,1176,0.14562966666666666,0.002903377362850224
YOLOv4 no aug,1177,0.14330166666666666,0.0011893372570936764
YOLOv4 no aug,1178,0.14118699999999998,0.0019377265889008476
YOLOv4 no aug,1179,0.142382,0.0005929316992706659
YOLOv4 no aug,1180,0.146867,0.00254696544931414
YOLOv4 no aug,1181,0.14455766666666667,0.005225081349712283
YOLOv4 no aug,1182,0.14538666666666666,0.0052228898237576355
YOLOv4 no aug,1183,0.14240300000000003,0.0031033029715664758
YOLOv4 no aug,1184,0.13759400000000002,0.0021271297562678254
YOLOv4 no aug,1185,0.142275,0.007487899861331836
YOLOv4 no aug,1186,0.14022733333333334,0.005251465520320127
YOLOv4 no aug,1187,0.13683766666666666,0.0063755682186853796
YOLOv4 no aug,1188,0.13671766666666665,0.005373925484328109
YOLOv4 no aug,1189,0.13617666666666664,0.005698886743137741
YOLOv4 no aug,1190,0.13619033333333333,0.0039351818820029735
YOLOv4 no aug,1191,0.13630299999999998,0.004460660526573767
YOLOv4 no aug,1192,0.139489,0.0028458078524969564
YOLOv4 no aug,1193,0.1399156666666667,0.0035915923271502364
YOLOv4 no aug,1194,0.138317,0.0034704430552884723
YOLOv4 no aug,1195,0.13927266666666668,0.0038968767123314426
YOLOv4 no aug,1196,0.13924533333333333,0.0018457665375423609
YOLOv4 no aug,1197,0.14026566666666665,0.0010321074448805087
YOLOv4 no aug,1198,0.14345233333333332,0.004251758551208871
YOLOv4 no aug,1199,0.136891,0.003029019698406292
YOLOv4 no aug,1200,0.133938,0.0027510245970062347
YOLOv4 no aug,1201,0.13334633333333334,0.003625747570425223
YOLOv4 no aug,1202,0.13250733333333334,0.003913734547859772
YOLOv4 no aug,1203,0.131755,0.003915270659013668
YOLOv4 no aug,1204,0.135319,0.007367664962523744
YOLOv4 no aug,1205,0.13398666666666667,0.007840950544700848
YOLOv4 no aug,1206,0.131472,0.006444652227493223
YOLOv4 no aug,1207,0.12794033333333332,0.005445696078351949
YOLOv4 no aug,1208,0.12327466666666669,0.0039778396705302775
YOLOv4 no aug,1209,0.123207,0.0022214590550656836
YOLOv4 no aug,1210,0.122018,0.0016865695953621376
YOLOv4 no aug,1211,0.12416433333333332,0.0028378965410630753
YOLOv4 no aug,1212,0.123188,0.003967807497010577
YOLOv4 no aug,1213,0.12562399999999999,0.005183315766315352
YOLOv4 no aug,1214,0.12509533333333334,0.004842139345830974
YOLOv4 no aug,1215,0.12146599999999998,0.005864795733868312
YOLOv4 no aug,1216,0.12121666666666668,0.004697618770303859
YOLOv4 no aug,1217,0.11885633333333334,0.005363934200855857
YOLOv4 no aug,1218,0.12017333333333334,0.006548492964882161
YOLOv4 no aug,1219,0.12140333333333335,0.0044832170492974275
YOLOv4 no aug,1220,0.12186033333333333,0.0014757020174969084
YOLOv4 no aug,1221,0.11948666666666667,0.0008229073121831185
YOLOv4 no aug,1222,0.11524866666666667,0.0025512298559278797
YOLOv4 no aug,1223,0.11446400000000001,0.0024514151015280978
YOLOv4 no aug,1224,0.11480366666666668,0.003526322935359786
YOLOv4 no aug,1225,0.110218,0.004652686643220239
YOLOv4 no aug,1226,0.11219833333333333,0.0033140033360138767
YOLOv4 no aug,1227,0.10885099999999999,0.0038410105875060184
YOLOv4 no aug,1228,0.11021533333333333,0.004636671663069439
YOLOv4 no aug,1229,0.11101266666666666,0.003907510730773636
YOLOv4 no aug,1230,0.113608,0.003842738650146969
YOLOv4 no aug,1231,0.111115,0.004440146881954845
YOLOv4 no aug,1232,0.110134,0.003713971234855398
YOLOv4 no aug,1233,0.11214066666666667,0.0025641616130380267
YOLOv4 no aug,1234,0.11226233333333334,0.003049186193797362
YOLOv4 no aug,1235,0.107346,0.0034307369956517115
YOLOv4 no aug,1236,0.10622833333333333,0.0030472027792350456
YOLOv4 no aug,1237,0.10346233333333332,0.0004946696990023881
YOLOv4 no aug,1238,0.10347833333333334,0.001483777199507319
YOLOv4 no aug,1239,0.10426866666666668,0.0029162098880415183
YOLOv4 no aug,1240,0.10443166666666666,0.0032435850707374907
YOLOv4 no aug,1241,0.10740566666666666,0.007153539504639956
YOLOv4 no aug,1242,0.10865800000000002,0.007046952982199708
YOLOv4 no aug,1243,0.10949433333333332,0.007090038653710649
YOLOv4 no aug,1244,0.10684433333333333,0.0063880653391913435
YOLOv4 no aug,1245,0.10483066666666667,0.0034006323594949883
YOLOv4 no aug,1246,0.10225533333333332,0.0024351194586257506
YOLOv4 no aug,1247,0.09974466666666666,0.000810399147197095
YOLOv4 no aug,1248,0.09999866666666667,0.002195272673521702
YOLOv4 no aug,1249,0.10334833333333333,0.0008380127949169087
YOLOv4 no aug,1250,0.103428,0.0038476119000405086
YOLOv4 no aug,1251,0.10563499999999999,0.005154179792492045
YOLOv4 no aug,1252,0.10501533333333334,0.006996812258291469
YOLOv4 no aug,1253,0.10518266666666666,0.007810946898068404
YOLOv4 no aug,1254,0.10278,0.008897142930926385
YOLOv4 no aug,1255,0.10229433333333333,0.007962904858013676
YOLOv4 no aug,1256,0.10272433333333335,0.009061780938522942
YOLOv4 no aug,1257,0.10013466666666666,0.008484695169015273
YOLOv4 no aug,1258,0.09759566666666668,0.007391878749306191
YOLOv4 no aug,1259,0.09657833333333334,0.00688137123770482
YOLOv4 no aug,1260,0.097279,0.007127235649254202
YOLOv4 no aug,1261,0.09608966666666667,0.010992905171569122
YOLOv4 no aug,1262,0.09759999999999998,0.008708013952676005
YOLOv4 no aug,1263,0.095178,0.008140071437032971
YOLOv4 no aug,1264,0.09548633333333334,0.007814361188080432
YOLOv4 no aug,1265,0.09683666666666667,0.00742272839175581
YOLOv4 no aug,1266,0.09313466666666666,0.006503191660852217
YOLOv4 no aug,1267,0.09153333333333334,0.007658884390765479
YOLOv4 no aug,1268,0.089849,0.007869275887907352
YOLOv4 no aug,1269,0.08900633333333334,0.00882349366432846
YOLOv4 no aug,1270,0.08838000000000001,0.008070244502698371
YOLOv4 no aug,1271,0.08711333333333333,0.007155008882671711
YOLOv4 no aug,1272,0.08878399999999999,0.008080094492021739
YOLOv4 no aug,1273,0.08673833333333332,0.007853888937618387
YOLOv4 no aug,1274,0.08540133333333333,0.007389027390514792
YOLOv4 no aug,1275,0.08554533333333332,0.009203896825680838
YOLOv4 no aug,1276,0.08653966666666667,0.009485437511141897
YOLOv4 no aug,1277,0.08545266666666666,0.00905491075482126
YOLOv4 no aug,1278,0.08597766666666666,0.007150069797639121
YOLOv4 no aug,1279,0.08714133333333333,0.01005595712887529
YOLOv4 no aug,1280,0.08448800000000001,0.007094317608715679
YOLOv4 no aug,1281,0.08207233333333333,0.008025372521641046
YOLOv4 no aug,1282,0.07970833333333334,0.006656626381116621
YOLOv4 no aug,1283,0.08354133333333334,0.007223821918562992
YOLOv4 no aug,1284,0.08394800000000001,0.005319167447386227
YOLOv4 no aug,1285,0.079597,0.004562645285358044
YOLOv4 no aug,1286,0.07654333333333334,0.005193006269119178
YOLOv4 no aug,1287,0.07678633333333333,0.0042839572956684694
YOLOv4 no aug,1288,0.07678133333333334,0.004610828570995795
YOLOv4 no aug,1289,0.077758,0.003982726494919445
YOLOv4 no aug,1290,0.078085,0.001635542825282581
YOLOv4 no aug,1291,0.07959633333333334,0.00047183766040639186
YOLOv4 no aug,1292,0.08080866666666667,0.0024398757709723226
YOLOv4 no aug,1293,0.077803,0.0018813949611923588
YOLOv4 no aug,1294,0.07472833333333334,0.0007271215701502578
YOLOv4 no aug,1295,0.07603433333333333,0.0025371652379071494
YOLOv4 no aug,1296,0.07666366666666667,0.0009218923171631527
YOLOv4 no aug,1297,0.07775433333333333,0.0011673911560017537
YOLOv4 no aug,1298,0.07671533333333332,0.0022081434383763314
YOLOv4 no aug,1299,0.077513,0.001468471427482788
YOLOv4 no aug,1300,0.07576100000000001,0.0015889170316077945
YOLOv4 no aug,1301,0.073474,0.0023372413938943792
YOLOv4 no aug,1302,0.07289766666666668,0.0006385507897662573
YOLOv4 no aug,1303,0.07327666666666666,0.0019005343400680184
YOLOv4 no aug,1304,0.07208466666666667,0.001503680632463039
YOLOv4 no aug,1305,0.07251866666666666,0.0009894689372475405
YOLOv4 no aug,1306,0.07147766666666666,0.0014468431535972076
YOLOv4 no aug,1307,0.07165266666666666,0.0016143320944313503
YOLOv4 no aug,1308,0.06984966666666666,0.00040251970276138327
YOLOv4 no aug,1309,0.070812,0.002137129617033087
YOLOv4 no aug,1310,0.07158633333333334,0.0036890271677563484
YOLOv4 no aug,1311,0.07005299999999999,0.0037304135606301514
YOLOv4 no aug,1312,0.07052866666666667,0.0021650262764635842
YOLOv4 no aug,1313,0.06980633333333333,0.0023510160451269664
YOLOv4 no aug,1314,0.068897,0.0032565445388222985
YOLOv4 no aug,1315,0.06809266666666668,0.00278361313962826
YOLOv4 no aug,1316,0.06858866666666667,0.004822206629519078
YOLOv4 no aug,1317,0.06817533333333334,0.0064581160909699085
YOLOv4 no aug,1318,0.07130933333333334,0.004829940797888841
YOLOv4 no aug,1319,0.07229833333333334,0.006237676980343812
YOLOv4 no aug,1320,0.069717,0.0052734850273166945
YOLOv4 no aug,1321,0.068005,0.00502363387731763
YOLOv4 no aug,1322,0.07044766666666667,0.007271541270215309
YOLOv4 no aug,1323,0.07148466666666665,0.008559099452888984
YOLOv4 no aug,1324,0.07561766666666667,0.008382908511436298
YOLOv4 no aug,1325,0.07283099999999999,0.006770216638582058
YOLOv4 no aug,1326,0.07275866666666668,0.006619893386184134
YOLOv4 no aug,1327,0.07358666666666668,0.005080901243327253
YOLOv4 no aug,1328,0.07316666666666667,0.006170842225967034
YOLOv4 no aug,1329,0.072118,0.0065725491503170475
YOLOv4 no aug,1330,0.071365,0.004114378000783754
YOLOv4 no aug,1331,0.07342566666666667,0.0060743477656270035
YOLOv4 no aug,1332,0.07184133333333333,0.006041920344099585
YOLOv4 no aug,1333,0.07293233333333334,0.00466880278491654
YOLOv4 no aug,1334,0.071673,0.005356120144283547
YOLOv4 no aug,1335,0.06883833333333333,0.0029070861318127067
YOLOv4 no aug,1336,0.06619233333333334,0.003539397045323459
YOLOv4 no aug,1337,0.06568633333333333,0.004938698119050315
YOLOv4 no aug,1338,0.06705766666666667,0.006193167803672402
YOLOv4 no aug,1339,0.06545133333333332,0.005061919574408291
YOLOv4 no aug,1340,0.065572,0.005050555843997107
YOLOv4 no aug,1341,0.06505766666666667,0.004785349249996748
YOLOv4 no aug,1342,0.064777,0.006013350230944477
YOLOv4 no aug,1343,0.06484966666666667,0.004248924347539162
YOLOv4 no aug,1344,0.06396066666666667,0.004344745958562416
YOLOv4 no aug,1345,0.062056,0.004914058098964644
YOLOv4 no aug,1346,0.061555000000000006,0.005604652204493457
YOLOv4 no aug,1347,0.06222533333333333,0.005037052621435586
YOLOv4 no aug,1348,0.061035000000000006,0.003929337348714159
YOLOv4 no aug,1349,0.06013333333333334,0.004583814435355973
YOLOv4 no aug,1350,0.06012133333333333,0.004401299441957772
YOLOv4 no aug,1351,0.060905666666666664,0.004643158742829186
YOLOv4 no aug,1352,0.05839033333333334,0.005002303080693044
YOLOv4 no aug,1353,0.05771833333333334,0.005095498023855087
YOLOv4 no aug,1354,0.05918,0.0051080422864342055
YOLOv4 no aug,1355,0.06052099999999999,0.0068003598679285595
YOLOv4 no aug,1356,0.060643,0.0063460977248489744
YOLOv4 no aug,1357,0.058862,0.006565429485824466
YOLOv4 no aug,1358,0.060037,0.0065756958820594276
YOLOv4 no aug,1359,0.059505999999999996,0.006171439945426026
YOLOv4 no aug,1360,0.057517000000000006,0.0049315845661747825
YOLOv4 no aug,1361,0.058133333333333335,0.0052379730918658916
YOLOv4 no aug,1362,0.05658,0.005890198836485346
YOLOv4 no aug,1363,0.056227000000000006,0.005353938021058269
YOLOv4 no aug,1364,0.05590666666666667,0.005624623671361885
YOLOv4 no aug,1365,0.05464566666666667,0.004779210720517679
YOLOv4 no aug,1366,0.054832,0.004239444578400965
YOLOv4 no aug,1367,0.055167,0.005203758641597438
YOLOv4 no aug,1368,0.055844666666666674,0.0069783146086843766
YOLOv4 no aug,1369,0.058798666666666666,0.008541773670874478
YOLOv4 no aug,1370,0.059243,0.007544850716437889
YOLOv4 no aug,1371,0.059914666666666665,0.006465871566240016
YOLOv4 no aug,1372,0.06084733333333334,0.006142090478366829
YOLOv4 no aug,1373,0.06061133333333333,0.006450209307542751
YOLOv4 no aug,1374,0.05991633333333333,0.00588212360556212
YOLOv4 no aug,1375,0.061658333333333336,0.004863804900601082
YOLOv4 no aug,1376,0.060107,0.005196477107938932
YOLOv4 no aug,1377,0.058701,0.005020958308264801
YOLOv4 no aug,1378,0.057728333333333326,0.003632079584908776
YOLOv4 no aug,1379,0.05587133333333333,0.003111448019456179
YOLOv4 no aug,1380,0.057160666666666665,0.002835034528498335
YOLOv4 no aug,1381,0.056048999999999995,0.002843083361422947
YOLOv4 no aug,1382,0.058684999999999994,0.001661384161876275
YOLOv4 no aug,1383,0.05649200000000001,0.0020948943489668727
YOLOv4 no aug,1384,0.057263666666666664,0.0037063478130244473
YOLOv4 no aug,1385,0.055187999999999994,0.004006420846591133
YOLOv4 no aug,1386,0.05721333333333334,0.0033856757736742075
YOLOv4 no aug,1387,0.056182,0.003413693454310157
YOLOv4 no aug,1388,0.05572,0.004713314226741094
YOLOv4 no aug,1389,0.053197,0.004176936836167544
YOLOv4 no aug,1390,0.05392966666666666,0.004417481421705258
YOLOv4 no aug,1391,0.053192333333333335,0.004473626505544592
YOLOv4 no aug,1392,0.05331666666666666,0.004058490455548441
YOLOv4 no aug,1393,0.05147966666666667,0.004142417262635161
YOLOv4 no aug,1394,0.050221666666666664,0.004745316790736362
YOLOv4 no aug,1395,0.05085866666666667,0.0031883580587994047
YOLOv4 no aug,1396,0.0509,0.0049122013734509435
YOLOv4 no aug,1397,0.051277666666666666,0.0044439282297434905
YOLOv4 no aug,1398,0.051755,0.002924303734794546
YOLOv4 no aug,1399,0.05229933333333333,0.004088167492220009
YOLOv4 no aug,1400,0.051171,0.0029425428345791907
YOLOv4 no aug,1401,0.050905,0.002315583079917455
YOLOv4 no aug,1402,0.049532999999999994,0.0016872880607649672
YOLOv4 no aug,1403,0.05001466666666667,0.0005621866040540073
YOLOv4 no aug,1404,0.053003,0.0016572244869057413
YOLOv4 no aug,1405,0.051487666666666675,0.0019614467732886453
YOLOv4 no aug,1406,0.049517,0.0031974396528055586
YOLOv4 no aug,1407,0.04968,0.0020648298557831178
YOLOv4 no aug,1408,0.05013666666666666,0.0018088435839262356
YOLOv4 no aug,1409,0.04837933333333333,0.0020355082357430493
YOLOv4 no aug,1410,0.04947166666666667,0.0022992214866002897
YOLOv4 no aug,1411,0.048951999999999996,0.0023876396294248434
YOLOv4 no aug,1412,0.047152,0.002257737584397267
YOLOv4 no aug,1413,0.045494,0.001848180005663229
YOLOv4 no aug,1414,0.04488433333333333,0.00034828165485869503
YOLOv4 no aug,1415,0.041832,0.0007651439951625673
YOLOv4 no aug,1416,0.044426,0.00038215223842512434
YOLOv4 no aug,1417,0.042389666666666666,0.0006594316576500654
YOLOv4 no aug,1418,0.044966,0.0005095746592338868
YOLOv4 no aug,1419,0.046607666666666665,0.0015707368051685509
YOLOv4 no aug,1420,0.046197666666666665,0.0014930968190680438
YOLOv4 no aug,1421,0.04630533333333334,0.0010146502407781261
YOLOv4 no aug,1422,0.04738833333333333,0.0010158862031634157
YOLOv4 no aug,1423,0.04847066666666666,0.000922701528724815
YOLOv4 no aug,1424,0.04870233333333333,0.0008428298233398673
YOLOv4 no aug,1425,0.047802333333333336,0.0026920065213723236
YOLOv4 no aug,1426,0.047229999999999994,0.0023741325433373197
YOLOv4 no aug,1427,0.04864933333333333,0.003052293472856836
YOLOv4 no aug,1428,0.04704833333333333,0.0013530107579435996
YOLOv4 no aug,1429,0.04552133333333334,0.0013408805978825183
YOLOv4 no aug,1430,0.04543466666666667,0.0006546676849958142
YOLOv4 no aug,1431,0.04514833333333334,0.0006476321829900407
YOLOv4 no aug,1432,0.043903,0.0013294048793852592
YOLOv4 no aug,1433,0.04387933333333333,0.0014689343454052368
YOLOv4 no aug,1434,0.04630700000000001,0.0020628157940058536
YOLOv4 no aug,1435,0.04491966666666667,0.0018224139059073389
YOLOv4 no aug,1436,0.045088333333333334,0.0016357002917540987
YOLOv4 no aug,1437,0.045044,0.0033093530082681315
YOLOv4 no aug,1438,0.043064,0.004125816767623111
YOLOv4 no aug,1439,0.043646333333333336,0.0026573470688723445
YOLOv4 no aug,1440,0.04419699999999999,0.0022556110036972255
YOLOv4 no aug,1441,0.04457933333333333,0.00095073381015812
YOLOv4 no aug,1442,0.04343333333333333,0.0015902542074915083
YOLOv4 no aug,1443,0.043991333333333334,0.001946312781760538
YOLOv4 no aug,1444,0.04379966666666666,0.0020873282231386385
YOLOv4 no aug,1445,0.043258333333333336,0.0021021853972579205
YOLOv4 no aug,1446,0.04440533333333333,0.0014964439329438455
YOLOv4 no aug,1447,0.04530766666666667,0.0024911427988865776
YOLOv4 no aug,1448,0.04626466666666667,0.0028115668427250886
YOLOv4 no aug,1449,0.04742933333333333,0.0028690254055650645
YOLOv4 no aug,1450,0.04523533333333333,0.00268560113279028
YOLOv4 no aug,1451,0.04791599999999999,0.004025740470190959
YOLOv4 no aug,1452,0.04765333333333333,0.0033545009729880524
YOLOv4 no aug,1453,0.047695999999999995,0.004444785746617416
YOLOv4 no aug,1454,0.04760266666666666,0.0033473957207224704
YOLOv4 no aug,1455,0.046899666666666666,0.0029746417898257552
YOLOv4 no aug,1456,0.04608366666666666,0.002840977785512899
YOLOv4 no aug,1457,0.04407933333333333,0.0027384786733594332
YOLOv4 no aug,1458,0.04261633333333333,0.0016821662951219897
YOLOv4 no aug,1459,0.040808000000000004,0.0016734020238225293
YOLOv4 no aug,1460,0.04270366666666667,0.0020559589273891413
YOLOv4 no aug,1461,0.041119333333333334,0.00224964421878463
YOLOv4 no aug,1462,0.042536,0.002621511586852135
YOLOv4 no aug,1463,0.040310000000000006,0.0025384493298074725
YOLOv4 no aug,1464,0.040668666666666665,0.00208158572033705
YOLOv4 no aug,1465,0.04167733333333334,0.0019215775058818495
YOLOv4 no aug,1466,0.04425300000000001,0.0037503505169517153
YOLOv4 no aug,1467,0.04332133333333333,0.0032297741063080205
YOLOv4 no aug,1468,0.04260733333333333,0.003022950563788815
YOLOv4 no aug,1469,0.04266433333333333,0.0037967350154807728
YOLOv4 no aug,1470,0.04043633333333333,0.003727161401269217
YOLOv4 no aug,1471,0.0403,0.003461496978668815
YOLOv4 no aug,1472,0.043074,0.0055997216895127926
YOLOv4 no aug,1473,0.04281566666666667,0.005369415993486732
YOLOv4 no aug,1474,0.041762999999999995,0.003623500839427713
YOLOv4 no aug,1475,0.041279333333333335,0.0027829789994017412
YOLOv4 no aug,1476,0.03987566666666667,0.0028696699190750934
YOLOv4 no aug,1477,0.039265,0.003197928860997379
YOLOv4 no aug,1478,0.04099033333333333,0.003148371660257269
YOLOv4 no aug,1479,0.04138733333333333,0.0032020410851691336
YOLOv4 no aug,1480,0.042278333333333334,0.0032925625953722504
YOLOv4 no aug,1481,0.04110566666666667,0.002004523661898534
YOLOv4 no aug,1482,0.040779666666666665,0.001914876961524626
YOLOv4 no aug,1483,0.041475000000000005,0.0037546068147454987
YOLOv4 no aug,1484,0.04118133333333333,0.003917927357389079
YOLOv4 no aug,1485,0.038799,0.0034663491360988636
YOLOv4 no aug,1486,0.038079999999999996,0.0029356207180083727
YOLOv4 no aug,1487,0.03776266666666667,0.0032914716229134424
YOLOv4 no aug,1488,0.037564,0.004437137064970309
YOLOv4 no aug,1489,0.036793,0.004320196098944275
YOLOv4 no aug,1490,0.03859566666666667,0.00516514066711751
YOLOv4 no aug,1491,0.03789,0.005051028509125642
YOLOv4 no aug,1492,0.037999,0.004411093741919345
YOLOv4 no aug,1493,0.03658666666666666,0.004296116941818248
YOLOv4 no aug,1494,0.03713966666666667,0.003177543408218228
YOLOv4 no aug,1495,0.037984333333333335,0.002332603290555664
YOLOv4 no aug,1496,0.037827,0.0014163849523817077
YOLOv4 no aug,1497,0.038405,0.001491223099785319
YOLOv4 no aug,1498,0.04079,0.0016627544416820343
YOLOv4 no aug,1499,0.04044533333333333,0.0010121930536107118
YOLOv4 no aug,1500,0.039327,0.0010750517816986006
YOLOv4 no aug,1501,0.038498333333333336,0.00123806897133309
YOLOv4 no aug,1502,0.037878666666666665,0.0009010131951185712
YOLOv4 no aug,1503,0.038191,0.001700272625198677
YOLOv4 no aug,1504,0.037539666666666666,0.0014351056097413578
YOLOv4 no aug,1505,0.03830733333333333,0.002434118206752591
YOLOv4 no aug,1506,0.036140666666666675,0.0015887203795647762
YOLOv4 no aug,1507,0.035714666666666665,0.0019985294871757864
YOLOv4 no aug,1508,0.035640666666666675,0.0014839369183957192
YOLOv4 no aug,1509,0.03530333333333333,0.0007534357599984516
YOLOv4 no aug,1510,0.03431666666666667,0.001395716582181991
YOLOv4 no aug,1511,0.034545,0.0024124745249086746
YOLOv4 no aug,1512,0.03389966666666667,0.002003745271014036
YOLOv4 no aug,1513,0.035024,0.0026029176578088926
YOLOv4 no aug,1514,0.03456766666666667,0.0026374546020316216
YOLOv4 no aug,1515,0.034219,0.0019277362371444896
YOLOv4 no aug,1516,0.03522733333333333,0.0020901684408466
YOLOv4 no aug,1517,0.03495033333333333,0.002090315632732158
YOLOv4 no aug,1518,0.035914,0.0019570417300950244
YOLOv4 no aug,1519,0.035045,0.0018454889144433604
YOLOv4 no aug,1520,0.034549,0.001577194450070547
YOLOv4 no aug,1521,0.034329,0.0016044445560172305
YOLOv4 no aug,1522,0.03501233333333333,0.002131926697718391
YOLOv4 no aug,1523,0.03471233333333333,0.0023712819552113807
YOLOv4 no aug,1524,0.033789999999999994,0.0016205398277528789
YOLOv4 no aug,1525,0.032822,0.0013130812363800393
YOLOv4 no aug,1526,0.03385666666666667,0.0017053051861112057
YOLOv4 no aug,1527,0.03357966666666667,0.0017166120056022502
YOLOv4 no aug,1528,0.033296,0.0015001284389455896
YOLOv4 no aug,1529,0.03353333333333333,0.0008751019623132187
YOLOv4 no aug,1530,0.033271,0.0016683250083042367
YOLOv4 no aug,1531,0.03245166666666666,0.0020988420881788866
YOLOv4 no aug,1532,0.033723666666666666,0.003682261322128625
YOLOv4 no aug,1533,0.032949,0.0027935630176055327
YOLOv4 no aug,1534,0.032988333333333335,0.0022982736516302363
YOLOv4 no aug,1535,0.033404333333333334,0.002358498274561825
YOLOv4 no aug,1536,0.033003333333333336,0.0015117135237133316
YOLOv4 no aug,1537,0.033376666666666666,0.0017582071676695108
YOLOv4 no aug,1538,0.03273633333333333,0.0013291491430401806
YOLOv4 no aug,1539,0.032613,0.001769667765429432
YOLOv4 no aug,1540,0.03205333333333333,0.0017226925952641052
YOLOv4 no aug,1541,0.031488,0.0013161910955480588
YOLOv4 no aug,1542,0.030445666666666663,0.0009536074198070768
YOLOv4 no aug,1543,0.029849666666666663,0.0015764844151183702
YOLOv4 no aug,1544,0.029853333333333332,0.0007365026212520304
YOLOv4 no aug,1545,0.030005333333333332,0.0013756991353893885
YOLOv4 no aug,1546,0.03084466666666667,0.0020538171237424667
YOLOv4 no aug,1547,0.030370666666666667,0.001993426056929237
YOLOv4 no aug,1548,0.030496,0.0010392439559602934
YOLOv4 no aug,1549,0.03108,0.0022476103606571445
YOLOv4 no aug,1550,0.03215933333333334,0.002315583463790018
YOLOv4 no aug,1551,0.03166533333333333,0.002723457259522251
YOLOv4 no aug,1552,0.03277333333333333,0.002261594815856967
YOLOv4 no aug,1553,0.03289566666666666,0.0015281776002080967
YOLOv4 no aug,1554,0.034891,0.0038195302067139105
YOLOv4 no aug,1555,0.035271333333333335,0.0036140360325326642
YOLOv4 no aug,1556,0.035847333333333335,0.0026295268480174237
YOLOv4 no aug,1557,0.03565733333333333,0.001869033469767491
YOLOv4 no aug,1558,0.03460766666666667,0.0017518672260698799
YOLOv4 no aug,1559,0.033661333333333335,0.00121800401385947
YOLOv4 no aug,1560,0.034403666666666666,0.00178513158556387
YOLOv4 no aug,1561,0.03344266666666667,0.001666404946117373
YOLOv4 no aug,1562,0.031518,0.0017705395599458742
YOLOv4 no aug,1563,0.030909000000000002,0.0015640275999269759
YOLOv4 no aug,1564,0.02999833333333333,0.0012311323153007462
YOLOv4 no aug,1565,0.029905666666666664,0.0012512735290273048
YOLOv4 no aug,1566,0.029110333333333335,0.0013759559505223192
YOLOv4 no aug,1567,0.029620666666666667,0.0016967608683737514
YOLOv4 no aug,1568,0.029731333333333332,0.00222195577013685
YOLOv4 no aug,1569,0.029687,0.002695414130209556
YOLOv4 no aug,1570,0.029613666666666667,0.0030861893619442368
YOLOv4 no aug,1571,0.029281333333333336,0.0032272522023817376
YOLOv4 no aug,1572,0.028715666666666667,0.0030192456195399404
YOLOv4 no aug,1573,0.02824033333333333,0.002682450703699469
YOLOv4 no aug,1574,0.028194333333333335,0.002434799809247388
YOLOv4 no aug,1575,0.027180333333333334,0.0026384952993030795
YOLOv4 no aug,1576,0.026257000000000003,0.0019466392406743813
YOLOv4 no aug,1577,0.027461,0.001701216133633036
YOLOv4 no aug,1578,0.027829666666666666,0.002598634855286735
YOLOv4 no aug,1579,0.027985,0.003305121631649886
YOLOv4 no aug,1580,0.028395,0.002521159257167227
YOLOv4 no aug,1581,0.027050333333333332,0.0025826582128583037
YOLOv4 no aug,1582,0.02607066666666667,0.002632593229329422
YOLOv4 no aug,1583,0.026516,0.0019562173532952144
YOLOv4 no aug,1584,0.026534666666666668,0.0012912857072614786
YOLOv4 no aug,1585,0.026839666666666664,0.001428413611124049
YOLOv4 no aug,1586,0.02630333333333333,0.0010595504287720864
YOLOv4 no aug,1587,0.027887666666666668,0.00191886601350323
YOLOv4 no aug,1588,0.027336,0.001691438145484487
YOLOv4 no aug,1589,0.027762666666666668,0.002414415135067795
YOLOv4 no aug,1590,0.028841666666666665,0.0021557180036152947
YOLOv4 no aug,1591,0.02910233333333333,0.0025016544747648727
YOLOv4 no aug,1592,0.02875633333333333,0.0025067780338735844
YOLOv4 no aug,1593,0.028607000000000004,0.0036170156667248957
YOLOv4 no aug,1594,0.029446,0.003528833423857427
YOLOv4 no aug,1595,0.029505666666666666,0.0027294984480262623
YOLOv4 no aug,1596,0.02925433333333333,0.0032866463319181625
YOLOv4 no aug,1597,0.02938766666666667,0.003084463558618328
YOLOv4 no aug,1598,0.0304,0.0027086148366523683
YOLOv4 no aug,1599,0.030149333333333334,0.001848891049010491
YOLOv4 no aug,1600,0.030250333333333334,0.0012144239146379022
YOLOv4 no aug,1601,0.030388333333333333,0.0014773729311781017
YOLOv4 no aug,1602,0.030506999999999996,0.0014776427173034757
YOLOv4 no aug,1603,0.028673,0.0016938330299451987
YOLOv4 no aug,1604,0.028548333333333332,0.0021764416167476476
YOLOv4 no aug,1605,0.027917666666666664,0.002023864318025735
YOLOv4 no aug,1606,0.028107000000000004,0.0018084759697970377
YOLOv4 no aug,1607,0.026546666666666666,0.0018584073228917759
YOLOv4 no aug,1608,0.027724666666666665,0.002640529765869806
YOLOv4 no aug,1609,0.026604666666666665,0.0025713253608034745
YOLOv4 no aug,1610,0.026651666666666667,0.0024500167573123072
YOLOv4 no aug,1611,0.026259,0.0024527937812489123
YOLOv4 no aug,1612,0.024887000000000003,0.0021059859923560744
YOLOv4 no aug,1613,0.02527,0.0013175007906385992
YOLOv4 no aug,1614,0.024955666666666668,0.0013177266197677137
YOLOv4 no aug,1615,0.026727,0.0018978551929305179
YOLOv4 no aug,1616,0.026856333333333333,0.00196077411016953
YOLOv4 no aug,1617,0.027191666666666666,0.0020469957118773962
YOLOv4 no aug,1618,0.027844666666666667,0.0016889800011973043
YOLOv4 no aug,1619,0.027364,0.0011180037268870503
YOLOv4 no aug,1620,0.027823,0.0010182815589675255
YOLOv4 no aug,1621,0.027933666666666666,0.0009963587595729656
YOLOv4 no aug,1622,0.02868966666666667,0.0017437922595436777
YOLOv4 no aug,1623,0.029251666666666665,0.0014750386812253811
YOLOv4 no aug,1624,0.02839,0.0015222960728233305
YOLOv4 no aug,1625,0.027988333333333334,0.002036279395804461
YOLOv4 no aug,1626,0.029369999999999997,0.002179070979416075
YOLOv4 no aug,1627,0.028219333333333332,0.0016600411976146184
YOLOv4 no aug,1628,0.027353666666666665,0.001454271218782033
YOLOv4 no aug,1629,0.027254333333333335,0.0019938513262304975
YOLOv4 no aug,1630,0.025944333333333333,0.0019344715327735144
YOLOv4 no aug,1631,0.02569533333333333,0.0019923885442129784
YOLOv4 no aug,1632,0.025223,0.001722036681761841
YOLOv4 no aug,1633,0.02541033333333333,0.0017742759399572297
YOLOv4 no aug,1634,0.025457999999999998,0.001945079004393738
YOLOv4 no aug,1635,0.024976333333333336,0.0011619332071069225
YOLOv4 no aug,1636,0.02445333333333333,0.0013384574869768728
YOLOv4 no aug,1637,0.025381,0.0017619016241928295
YOLOv4 no aug,1638,0.024518,0.001688998519833573
YOLOv4 no aug,1639,0.023939666666666665,0.0012488609921755822
YOLOv4 no aug,1640,0.024659,0.0009698314286513923
YOLOv4 no aug,1641,0.025238999999999998,0.0005164119802380004
YOLOv4 no aug,1642,0.02425266666666667,8.327531313527298e-05
YOLOv4 no aug,1643,0.025467666666666666,0.00021330286240721515
YOLOv4 no aug,1644,0.026029,0.0011447206354972964
YOLOv4 no aug,1645,0.026259,0.0014572591853659156
YOLOv4 no aug,1646,0.025511999999999996,0.0011238782555656702
YOLOv4 no aug,1647,0.025628333333333336,0.0011270200136249187
YOLOv4 no aug,1648,0.025304000000000004,0.0017728133009428826
YOLOv4 no aug,1649,0.024866666666666665,0.0016495463349391285
YOLOv4 no aug,1650,0.02426033333333333,0.0014148244099926712
YOLOv4 no aug,1651,0.023806000000000004,0.0015876532996847903
YOLOv4 no aug,1652,0.024436666666666666,0.0022593752332103773
YOLOv4 no aug,1653,0.02506733333333333,0.0025477299917987997
YOLOv4 no aug,1654,0.025104,0.0020279167471406057
YOLOv4 no aug,1655,0.024445000000000005,0.0020631526846067406
YOLOv4 no aug,1656,0.024353000000000003,0.0023284888518808364
YOLOv4 no aug,1657,0.022847999999999997,0.002013287444289398
YOLOv4 no aug,1658,0.022461333333333333,0.0020668744787991147
YOLOv4 no aug,1659,0.02338333333333333,0.0012717062466535973
YOLOv4 no aug,1660,0.024146666666666667,0.0013772865029147384
YOLOv4 no aug,1661,0.023342,0.0015320574401764446
YOLOv4 no aug,1662,0.023196000000000005,0.0016492055663257987
YOLOv4 no aug,1663,0.023323,0.001316548644499448
YOLOv4 no aug,1664,0.022767333333333334,0.0016757858189849657
YOLOv4 no aug,1665,0.022217333333333335,0.0014815391021201945
YOLOv4 no aug,1666,0.022267666666666668,0.0009295607086743244
YOLOv4 no aug,1667,0.023518,0.0010386309899735003
YOLOv4 no aug,1668,0.022862999999999998,0.0013424609243226913
YOLOv4 no aug,1669,0.023089333333333333,0.001278001217179042
YOLOv4 no aug,1670,0.023885,0.0005685088682978776
YOLOv4 no aug,1671,0.024178,0.0009217007829731592
YOLOv4 no aug,1672,0.023845333333333333,0.00059822970318915
YOLOv4 no aug,1673,0.025276666666666666,0.000604406687954761
YOLOv4 no aug,1674,0.025630333333333335,0.0009241071967640499
YOLOv4 no aug,1675,0.025358333333333333,0.001151371983524197
YOLOv4 no aug,1676,0.024323333333333336,0.0007694262653287696
YOLOv4 no aug,1677,0.024688666666666668,0.000978012497079892
YOLOv4 no aug,1678,0.02559966666666667,0.0016240464210661523
YOLOv4 no aug,1679,0.026243,0.0008768405404253004
YOLOv4 no aug,1680,0.026595999999999998,0.0007779500840885189
YOLOv4 no aug,1681,0.025922666666666667,0.00035251209593115736
YOLOv4 no aug,1682,0.02558266666666667,0.00039047421311926825
YOLOv4 no aug,1683,0.025198333333333333,0.0001602709511351881
YOLOv4 no aug,1684,0.025341000000000002,0.0002598544464374885
YOLOv4 no aug,1685,0.024889333333333333,0.0002067884050048363
YOLOv4 no aug,1686,0.024554333333333334,0.0005162881409101366
YOLOv4 no aug,1687,0.023892333333333335,0.0010094401638752275
YOLOv4 no aug,1688,0.023579666666666665,0.0007324564454248763
YOLOv4 no aug,1689,0.023030333333333333,0.0003554608901756202
YOLOv4 no aug,1690,0.024168666666666668,0.001304173982940075
YOLOv4 no aug,1691,0.025315333333333332,0.0014605855370744684
YOLOv4 no aug,1692,0.024900999999999996,0.0018492729201860208
YOLOv4 no aug,1693,0.024531,0.0010751606081573733
YOLOv4 no aug,1694,0.025166666666666667,0.0006609272106501425
YOLOv4 no aug,1695,0.024819333333333332,0.0007504132935330445
YOLOv4 no aug,1696,0.025129666666666665,0.0009740989568713121
YOLOv4 no aug,1697,0.026003666666666665,0.00061478704533449
YOLOv4 no aug,1698,0.025491666666666666,0.0006947110510452848
YOLOv4 no aug,1699,0.02559566666666667,0.0012423856531331605
YOLOv4 no aug,1700,0.025517,0.001850185486196812
YOLOv4 no aug,1701,0.023958666666666666,0.0016372979094973659
YOLOv4 no aug,1702,0.023445333333333335,0.0019053420806890407
YOLOv4 no aug,1703,0.022307333333333332,0.0014488345124424825
YOLOv4 no aug,1704,0.021758666666666666,0.001671064165268481
YOLOv4 no aug,1705,0.023536666666666664,0.0015742308527588256
YOLOv4 no aug,1706,0.022391666666666667,0.0016778488542707824
YOLOv4 no aug,1707,0.02273633333333333,0.0014712212991630832
YOLOv4 no aug,1708,0.022598666666666666,0.0013979964631969251
YOLOv4 no aug,1709,0.022495666666666664,0.0019120593028925065
YOLOv4 no aug,1710,0.022197666666666668,0.001540481562513633
YOLOv4 no aug,1711,0.022085999999999998,0.0009174186612446901
YOLOv4 no aug,1712,0.023074,0.0002940629184375345
YOLOv4 no aug,1713,0.023157333333333335,0.001080872692678365
YOLOv4 no aug,1714,0.022029000000000003,0.0012540191386099337
YOLOv4 no aug,1715,0.02214933333333333,0.0010397589998541862
YOLOv4 no aug,1716,0.022361000000000002,0.0015055425378691014
YOLOv4 no aug,1717,0.022365999999999997,0.0007515131402710136
YOLOv4 no aug,1718,0.021902666666666668,0.0012887132255772716
YOLOv4 no aug,1719,0.02164466666666667,0.0012043167265208016
YOLOv4 no aug,1720,0.02139133333333333,0.0013406950104744592
YOLOv4 no aug,1721,0.020855333333333337,0.0016197578351236476
YOLOv4 no aug,1722,0.023947333333333334,0.0011491971593730601
YOLOv4 no aug,1723,0.02420766666666667,0.0007043827873472709
YOLOv4 no aug,1724,0.024190666666666666,0.0013413528411437628
YOLOv4 no aug,1725,0.02309433333333333,0.0012266575633720187
YOLOv4 no aug,1726,0.022699333333333335,0.0010529381642707127
YOLOv4 no aug,1727,0.023026333333333333,0.0015602223488265315
YOLOv4 no aug,1728,0.02357266666666667,0.0018296113734281878
YOLOv4 no aug,1729,0.022648666666666668,0.0016275996982605327
YOLOv4 no aug,1730,0.02176566666666667,0.001687902676235939
YOLOv4 no aug,1731,0.021328666666666662,0.0017549251012824198
YOLOv4 no aug,1732,0.021669666666666667,0.0011883693776674742
YOLOv4 no aug,1733,0.021133333333333334,0.001363098227486845
YOLOv4 no aug,1734,0.021010666666666667,0.001212536230844717
YOLOv4 no aug,1735,0.020404666666666668,0.0011733236742026663
YOLOv4 no aug,1736,0.021029000000000003,0.0015830063171067888
YOLOv4 no aug,1737,0.020362,0.0009563686527694224
YOLOv4 no aug,1738,0.020909333333333335,0.0008269365822789025
YOLOv4 no aug,1739,0.02118133333333333,0.0004918757747417309
YOLOv4 no aug,1740,0.022275666666666666,0.001156027152699182
YOLOv4 no aug,1741,0.02139266666666667,0.0009022697921230528
YOLOv4 no aug,1742,0.021702666666666665,0.0008724682101817682
YOLOv4 no aug,1743,0.02182133333333333,0.0005548436216128328
YOLOv4 no aug,1744,0.021972333333333333,0.0007961914203115844
YOLOv4 no aug,1745,0.022845,0.0016644918143385388
YOLOv4 no aug,1746,0.02267833333333333,0.0018445662844630382
YOLOv4 no aug,1747,0.022307333333333332,0.001710487292492341
YOLOv4 no aug,1748,0.021986000000000002,0.0019134425346305367
YOLOv4 no aug,1749,0.022364666666666668,0.0015869016282611143
YOLOv4 no aug,1750,0.021634666666666663,0.0018900582295556692
YOLOv4 no aug,1751,0.020942,0.0015755552460429098
YOLOv4 no aug,1752,0.020879333333333333,0.000784855471479374
YOLOv4 no aug,1753,0.020238,0.0003303921911910145
YOLOv4 no aug,1754,0.020654333333333334,6.0666666666666775e-05
YOLOv4 no aug,1755,0.020595000000000002,0.0007075806196705308
YOLOv4 no aug,1756,0.021447000000000004,0.00016277080000212953
YOLOv4 no aug,1757,0.021270333333333332,0.0005082864459250416
YOLOv4 no aug,1758,0.021076333333333332,0.0007098643845442903
YOLOv4 no aug,1759,0.021156333333333333,0.0013733099108034985
YOLOv4 no aug,1760,0.021099666666666666,0.0015418117409218431
YOLOv4 no aug,1761,0.020632666666666664,0.001522096945372111
YOLOv4 no aug,1762,0.019912666666666665,0.0019103158842918573
YOLOv4 no aug,1763,0.020144333333333334,0.0011571605093695704
YOLOv4 no aug,1764,0.019556333333333332,0.0008752223209625715
YOLOv4 no aug,1765,0.019186666666666668,0.0004450679099243669
YOLOv4 no aug,1766,0.019123,0.000619089923462927
YOLOv4 no aug,1767,0.019824333333333333,0.0009471776203249554
YOLOv4 no aug,1768,0.019198999999999997,0.0006996179910017554
YOLOv4 no aug,1769,0.019156666666666666,0.0003061423053272958
YOLOv4 no aug,1770,0.01847966666666667,0.0001099641355675169
YOLOv4 no aug,1771,0.018221,0.00017576214988823197
YOLOv4 no aug,1772,0.018719333333333334,0.0007683821387246787
YOLOv4 no aug,1773,0.019425666666666667,0.0005088753394605711
YOLOv4 no aug,1774,0.020352666666666668,0.0014901391806733282
YOLOv4 no aug,1775,0.020023,0.0017161180029356953
YOLOv4 no aug,1776,0.018960666666666667,0.001707918453686956
YOLOv4 no aug,1777,0.018959,0.0011759873865536715
YOLOv4 no aug,1778,0.020343666666666666,0.0009221898454825399
YOLOv4 no aug,1779,0.020712666666666667,0.0012065770224528195
YOLOv4 no aug,1780,0.020640999999999996,0.0012613406888439512
YOLOv4 no aug,1781,0.019926333333333334,0.0012250824915535734
YOLOv4 no aug,1782,0.019473,0.0010964070108008858
YOLOv4 no aug,1783,0.018568,0.0006875422411265607
YOLOv4 no aug,1784,0.017607666666666667,0.00035014298666560654
YOLOv4 no aug,1785,0.017214666666666666,0.00010861297241940171
YOLOv4 no aug,1786,0.018229333333333334,0.0014716875045712363
YOLOv4 no aug,1787,0.017765,0.001758411878182508
YOLOv4 no aug,1788,0.018275333333333334,0.0014486119026310825
YOLOv4 no aug,1789,0.017785333333333334,0.001225964971404612
YOLOv4 no aug,1790,0.016792,0.0009982386154288635
YOLOv4 no aug,1791,0.017032333333333333,0.0010447100607877348
YOLOv4 no aug,1792,0.016753333333333332,0.0010006868196949085
YOLOv4 no aug,1793,0.016928666666666665,0.0008934585111302658
YOLOv4 no aug,1794,0.016798999999999998,0.0010070254879263655
YOLOv4 no aug,1795,0.01699466666666667,0.0008060426649860275
YOLOv4 no aug,1796,0.017074666666666665,0.0009760669945130702
YOLOv4 no aug,1797,0.016930666666666667,0.0016679488734503956
YOLOv4 no aug,1798,0.017375666666666668,0.0018507587933361577
YOLOv4 no aug,1799,0.017106666666666666,0.0011542965149581128
YOLOv4 no aug,1800,0.016629333333333333,0.001298863135378183
YOLOv4 no aug,1801,0.016157666666666667,0.001304950744068313
YOLOv4 no aug,1802,0.016512999999999996,0.0015726411966285674
YOLOv4 no aug,1803,0.01576066666666667,0.0015598004502001034
YOLOv4 no aug,1804,0.015729666666666666,0.0014850367372934283
YOLOv4 no aug,1805,0.015821666666666668,0.0016392366448374006
YOLOv4 no aug,1806,0.016779333333333334,0.0012985818333003808
YOLOv4 no aug,1807,0.01654433333333333,0.0008721380497247997
YOLOv4 no aug,1808,0.015764666666666666,0.000855608425494851
YOLOv4 no aug,1809,0.015874666666666665,0.0011846077175354064
YOLOv4 no aug,1810,0.017030666666666666,0.0002632725668284581
YOLOv4 no aug,1811,0.016241999999999996,0.00026298732542336166
YOLOv4 no aug,1812,0.01641933333333333,0.00039752833581743334
YOLOv4 no aug,1813,0.015722333333333335,0.0003161604726154818
YOLOv4 no aug,1814,0.016305666666666666,0.000558757649711493
YOLOv4 no aug,1815,0.016884666666666662,0.0009355029544463111
YOLOv4 no aug,1816,0.017222333333333336,0.0015364852025899162
YOLOv4 no aug,1817,0.016491333333333334,0.001521856359114676
YOLOv4 no aug,1818,0.016073,0.001382285908679291
YOLOv4 no aug,1819,0.015599999999999998,0.0016111620030276285
YOLOv4 no aug,1820,0.015716333333333332,0.0013870739385883908
YOLOv4 no aug,1821,0.015624333333333332,0.0018765322924065133
YOLOv4 no aug,1822,0.016352666666666665,0.00174459797979681
YOLOv4 no aug,1823,0.016199,0.001954215699455923
YOLOv4 no aug,1824,0.016125,0.0016406877622915743
YOLOv4 no aug,1825,0.015824,0.0012880896707915949
YOLOv4 no aug,1826,0.01555333333333333,0.0013104188049797073
YOLOv4 no aug,1827,0.014994666666666668,0.0015326084880940003
YOLOv4 no aug,1828,0.015420000000000001,0.0018183647415558122
YOLOv4 no aug,1829,0.015403333333333333,0.002045021379948005
YOLOv4 no aug,1830,0.014723,0.0019272525349142322
YOLOv4 no aug,1831,0.01527,0.002250420034867566
YOLOv4 no aug,1832,0.014982,0.002040646057829073
YOLOv4 no aug,1833,0.015044333333333333,0.0015078362348448563
YOLOv4 no aug,1834,0.015870666666666665,0.0015178204036636802
YOLOv4 no aug,1835,0.015489000000000001,0.0012431783192017678
YOLOv4 no aug,1836,0.015919666666666665,0.0006605718061733418
YOLOv4 no aug,1837,0.016741333333333334,0.0008151176465871525
YOLOv4 no aug,1838,0.01800433333333333,0.0004974258180316378
YOLOv4 no aug,1839,0.017939,0.0005477602882040035
YOLOv4 no aug,1840,0.017294666666666667,0.00039422892390645947
YOLOv4 no aug,1841,0.016718,0.0004919064951797244
YOLOv4 no aug,1842,0.016234666666666665,0.00047514816402652554
YOLOv4 no aug,1843,0.015907,0.0008485572068713653
YOLOv4 no aug,1844,0.016630333333333334,0.00026077470054521057
YOLOv4 no aug,1845,0.015958666666666666,0.00022257757698784005
YOLOv4 no aug,1846,0.016302333333333335,0.0006655775269977531
YOLOv4 no aug,1847,0.016217,0.0005493150280121604
YOLOv4 no aug,1848,0.016168,0.0009867588357851177
YOLOv4 no aug,1849,0.016324,0.00043379757183890856
YOLOv4 no aug,1850,0.016253,0.0007853574557698768
YOLOv4 no aug,1851,0.016609999999999996,0.0009615655637206094
YOLOv4 no aug,1852,0.016326666666666666,0.0006066960615589246
YOLOv4 no aug,1853,0.016091666666666667,0.0004330836460136134
YOLOv4 no aug,1854,0.015812666666666666,0.00047281156688238696
YOLOv4 no aug,1855,0.015055666666666667,0.00031348701904721816
YOLOv4 no aug,1856,0.014764666666666667,0.0003502296072261418
YOLOv4 no aug,1857,0.014684000000000001,0.000118681646994526
YOLOv4 no aug,1858,0.014584,0.00036408973252940465
YOLOv4 no aug,1859,0.014277666666666666,0.000751184028347544
YOLOv4 no aug,1860,0.014898333333333333,0.0005192524541214134
YOLOv4 no aug,1861,0.014552,0.00044292249133830766
YOLOv4 no aug,1862,0.015133333333333332,0.00043923317017021584
YOLOv4 no aug,1863,0.014422666666666667,0.0004401554018500485
YOLOv4 no aug,1864,0.016022666666666668,0.00037605776743001153
YOLOv4 no aug,1865,0.015393666666666667,0.0003796640327681534
YOLOv4 no aug,1866,0.015803333333333332,0.0012580548919308371
YOLOv4 no aug,1867,0.015652,0.0013503248991755038
YOLOv4 no aug,1868,0.015041,0.0009588884189518609
YOLOv4 no aug,1869,0.014410333333333332,0.0011281467595623854
YOLOv4 no aug,1870,0.014333666666666666,0.0008383897926647512
YOLOv4 no aug,1871,0.014033666666666667,0.0006043261628550523
YOLOv4 no aug,1872,0.014226999999999998,0.0009258862421125684
YOLOv4 no aug,1873,0.014855333333333333,0.000373280204552975
YOLOv4 no aug,1874,0.015958666666666666,0.000858642403901518
YOLOv4 no aug,1875,0.014999666666666666,0.0006569031722999807
YOLOv4 no aug,1876,0.015245333333333333,0.0010725819833985243
YOLOv4 no aug,1877,0.015483333333333335,0.00036815138794311876
YOLOv4 no aug,1878,0.015367333333333332,0.00019045063519044646
YOLOv4 no aug,1879,0.015165333333333334,0.00035982696458776523
YOLOv4 no aug,1880,0.015257999999999999,0.0003238523326044345
YOLOv4 no aug,1881,0.0155,0.00028641403596891017
YOLOv4 no aug,1882,0.015030333333333333,0.00046921932800959707
YOLOv4 no aug,1883,0.014568333333333334,0.0005224641401835898
YOLOv4 no aug,1884,0.014662333333333333,0.000792705143445181
YOLOv4 no aug,1885,0.014547666666666667,0.000718441909814411
YOLOv4 no aug,1886,0.013859000000000002,0.000857730921287867
YOLOv4 no aug,1887,0.014113666666666668,0.0012617924199768802
YOLOv4 no aug,1888,0.013687333333333334,0.0013295925858865354
YOLOv4 no aug,1889,0.013992666666666667,0.0014191500194756647
YOLOv4 no aug,1890,0.013920666666666665,0.0016151104537392414
YOLOv4 no aug,1891,0.013742666666666667,0.001345267053207074
YOLOv4 no aug,1892,0.013308666666666668,0.0014953343364538171
YOLOv4 no aug,1893,0.013156333333333332,0.001617204000050018
YOLOv4 no aug,1894,0.012917999999999999,0.00175232445625803
YOLOv4 no aug,1895,0.012617666666666668,0.0016533858526604666
YOLOv4 no aug,1896,0.013385333333333332,0.002174816646166855
YOLOv4 no aug,1897,0.013344333333333333,0.0021326042243646095
YOLOv4 no aug,1898,0.013180333333333334,0.002292989048769701
YOLOv4 no aug,1899,0.013791,0.002221600849237624
YOLOv4 no aug,1900,0.014086333333333333,0.002071638186985791
YOLOv4 no aug,1901,0.014291666666666666,0.0022213584682451507
YOLOv4 no aug,1902,0.014424666666666669,0.0021131766240530974
YOLOv4 no aug,1903,0.013744,0.001979031412922325
YOLOv4 no aug,1904,0.013370666666666664,0.0016514817925460492
YOLOv4 no aug,1905,0.014108999999999998,0.0019757857508680777
YOLOv4 no aug,1906,0.013560999999999998,0.0015242179415468557
YOLOv4 no aug,1907,0.013713999999999999,0.0021377677610067937
YOLOv4 no aug,1908,0.013841666666666667,0.0025993220483639793
YOLOv4 no aug,1909,0.013609999999999999,0.0026017686932802717
YOLOv4 no aug,1910,0.013860999999999998,0.0023185435083258625
YOLOv4 no aug,1911,0.013366333333333334,0.002104469872543783
YOLOv4 no aug,1912,0.013150666666666666,0.0020844239278781833
YOLOv4 no aug,1913,0.013333,0.0021856153214445894
YOLOv4 no aug,1914,0.013212333333333335,0.0022556147967042407
YOLOv4 no aug,1915,0.013348333333333332,0.0022290869829994925
YOLOv4 no aug,1916,0.013253,0.0024850497647599208
YOLOv4 no aug,1917,0.013307,0.002650734049277672
YOLOv4 no aug,1918,0.012947666666666668,0.0023641167718856685
YOLOv4 no aug,1919,0.012571666666666667,0.0023147447903482674
YOLOv4 no aug,1920,0.011876000000000003,0.0019480565529094206
YOLOv4 no aug,1921,0.012261333333333332,0.001983354425658152
YOLOv4 no aug,1922,0.011909999999999999,0.0017428915628919666
YOLOv4 no aug,1923,0.012284333333333333,0.0016921121252577928
YOLOv4 no aug,1924,0.012022666666666668,0.001264690519894536
YOLOv4 no aug,1925,0.012264333333333334,0.0013564586654635337
YOLOv4 no aug,1926,0.012764666666666667,0.0011454251515388414
YOLOv4 no aug,1927,0.013804000000000002,0.0018076979836244773
YOLOv4 no aug,1928,0.014370333333333334,0.0012406473220773818
YOLOv4 no aug,1929,0.013835,0.0006518207831400694
YOLOv4 no aug,1930,0.013944,0.0010089600256369597
YOLOv4 no aug,1931,0.014027333333333334,0.0007749288856261447
YOLOv4 no aug,1932,0.015125,0.00044152727360077473
YOLOv4 no aug,1933,0.014800666666666669,0.0003081933015351097
YOLOv4 no aug,1934,0.014486666666666667,9.0965805541301e-05
YOLOv4 no aug,1935,0.013993333333333335,0.00023953937277848745
YOLOv4 no aug,1936,0.014296999999999999,0.0005543864476458037
YOLOv4 no aug,1937,0.014445666666666667,0.00037869087363940766
YOLOv4 no aug,1938,0.014397666666666668,0.00040781627126821614
YOLOv4 no aug,1939,0.014348333333333333,0.0007163454318816992
YOLOv4 no aug,1940,0.013812333333333334,0.00038719518477263015
YOLOv4 no aug,1941,0.013832666666666667,0.0006566801183055396
YOLOv4 no aug,1942,0.013517666666666666,0.0007845933837203692
YOLOv4 no aug,1943,0.013173333333333334,0.0003801935179761892
YOLOv4 no aug,1944,0.012936000000000001,0.00026419752711434195
YOLOv4 no aug,1945,0.013129666666666666,0.0001269046010898649
YOLOv4 no aug,1946,0.012685999999999998,7.00571195525482e-05
YOLOv4 no aug,1947,0.012073,0.00010008163334665047
YOLOv4 no aug,1948,0.012239333333333333,0.0007548846122274438
YOLOv4 no aug,1949,0.011453666666666668,0.0005761025178829817
YOLOv4 no aug,1950,0.011505000000000001,0.000835541341486664
YOLOv4 no aug,1951,0.011522333333333334,0.0006844572870368009
YOLOv4 no aug,1952,0.012336,0.0007160670359680018
YOLOv4 no aug,1953,0.012018333333333334,0.0009192773127722545
YOLOv4 no aug,1954,0.012322333333333333,0.001103160510130376
YOLOv4 no aug,1955,0.012975666666666668,0.0013035409894250009
YOLOv4 no aug,1956,0.013319999999999999,0.0006414109447148529
YOLOv4 no aug,1957,0.013872,0.0008294433876602632
YOLOv4 no aug,1958,0.013686333333333333,0.0003293981042919205
YOLOv4 no aug,1959,0.014293,0.0005990225371386289
YOLOv4 no aug,1960,0.014105,0.00020825705270170343
YOLOv4 no aug,1961,0.013234333333333334,0.00012775019025861042
YOLOv4 no aug,1962,0.013281333333333332,0.00017045657641887708
YOLOv4 no aug,1963,0.013063,0.0002918612684136081
YOLOv4 no aug,1964,0.013128666666666669,0.0006545475112201132
YOLOv4 no aug,1965,0.012896333333333334,0.0005142105059646726
YOLOv4 no aug,1966,0.012963666666666665,0.00034937102213994674
YOLOv4 no aug,1967,0.013646666666666668,0.0008429239454291103
YOLOv4 no aug,1968,0.013531666666666666,0.0004588145352729989
YOLOv4 no aug,1969,0.013269666666666666,0.0006025032042330658
YOLOv4 no aug,1970,0.012966,0.001132169156972579
YOLOv4 no aug,1971,0.012825333333333333,0.001693475158102743
YOLOv4 no aug,1972,0.012291666666666666,0.0014390526204570992
YOLOv4 no aug,1973,0.013061333333333333,0.0013867988719028837
YOLOv4 no aug,1974,0.012898,0.0012836168950794205
YOLOv4 no aug,1975,0.012950666666666666,0.0012140539984329818
YOLOv4 no aug,1976,0.012577333333333334,0.001037643216353504
YOLOv4 no aug,1977,0.012439333333333332,0.0006894967569015667
YOLOv4 no aug,1978,0.013026000000000001,0.001004378580682271
YOLOv4 no aug,1979,0.012744666666666668,0.000572474259489261
YOLOv4 no aug,1980,0.012235666666666667,0.00044867223869744576
YOLOv4 no aug,1981,0.012171666666666666,0.0006561326932192236
YOLOv4 no aug,1982,0.011915333333333333,0.0009785978631581915
YOLOv4 no aug,1983,0.011427999999999999,0.0007318982169673593
YOLOv4 no aug,1984,0.012688666666666668,0.0010910576418218143
YOLOv4 no aug,1985,0.013202,0.0015042128617098493
YOLOv4 no aug,1986,0.012599333333333332,0.0013530738256938455
YOLOv4 no aug,1987,0.012381999999999999,0.0011651413362048974
YOLOv4 no aug,1988,0.013014999999999999,0.0011698081039213228
YOLOv4 no aug,1989,0.012990666666666666,0.0012511856155041287
YOLOv4 no aug,1990,0.013219333333333333,0.0014818290874606442
YOLOv4 no aug,1991,0.013258333333333336,0.001173038267823253
YOLOv4 no aug,1992,0.012809333333333334,0.0012537387199005132
YOLOv4 no aug,1993,0.013,0.0014532250341911946
YOLOv4 no aug,1994,0.012458333333333333,0.0013544733703957088
YOLOv4 no aug,1995,0.013557666666666668,0.0010990535827600841
YOLOv4 no aug,1996,0.012897,0.0011537228147754264
YOLOv4 no aug,1997,0.013186333333333335,0.0010808364559194163
YOLOv4 no aug,1998,0.013650666666666667,0.0017283912880029352
YOLOv4 no aug,1999,0.014053666666666667,0.0020393797532038457
YOLOv4 no aug,2000,0.014122999999999998,0.00181106129106665
YOLOv4 no aug,2001,0.013655,0.0015609017692774045
YOLOv4 no aug,2002,0.013407,0.0017386225390616946
YOLOv4 no aug,2003,0.013206333333333334,0.0018023530299151843
YOLOv4 no aug,2004,0.013234000000000001,0.001910566495396937
YOLOv4 no aug,2005,0.012677333333333332,0.0018945413106548452
YOLOv4 no aug,2006,0.012387333333333334,0.001978502997498642
YOLOv4 no aug,2007,0.012654666666666666,0.001633526077062881
YOLOv4 no aug,2008,0.012367000000000001,0.001179640199382846
YOLOv4 no aug,2009,0.011941666666666665,0.0006764368246760211
YOLOv4 no aug,2010,0.011875666666666666,0.000393012439723958
YOLOv4 no aug,2011,0.01215,0.00024499183659869187
YOLOv4 no aug,2012,0.012132333333333334,0.00018903732729572546
YOLOv4 no aug,2013,0.012185666666666666,0.0006161450947445563
YOLOv4 no aug,2014,0.012315666666666667,0.00027083656408329434
YOLOv4 no aug,2015,0.012128666666666668,0.00046312933158868035
YOLOv4 no aug,2016,0.012217333333333335,0.0005100491261742455
YOLOv4 no aug,2017,0.012181333333333334,0.00024286507456702065
YOLOv4 no aug,2018,0.012177,0.0006845818675171978
YOLOv4 no aug,2019,0.011783333333333333,0.00024971806324555507
YOLOv4 no aug,2020,0.011774333333333333,0.00039737527742816507
YOLOv4 no aug,2021,0.012468,0.0008886508500718002
YOLOv4 no aug,2022,0.012157666666666666,0.0006371227860031724
YOLOv4 no aug,2023,0.011429,0.0006394818214773583
YOLOv4 no aug,2024,0.01099,0.0004979571601386344
YOLOv4 no aug,2025,0.011552333333333333,0.0006386669276269473
YOLOv4 no aug,2026,0.010867000000000002,0.0005870139123848205
YOLOv4 no aug,2027,0.012345,0.0014526528605738308
YOLOv4 no aug,2028,0.011971333333333332,0.0014235350754762284
YOLOv4 no aug,2029,0.011417000000000002,0.0012160017817969403
YOLOv4 no aug,2030,0.011944333333333335,0.001219436254085378
YOLOv4 no aug,2031,0.011691333333333333,0.0008748611953396441
YOLOv4 no aug,2032,0.012454333333333333,0.0012529714459812897
YOLOv4 no aug,2033,0.012459999999999999,0.0013059908116062684
YOLOv4 no aug,2034,0.012836666666666668,0.0006493335900067941
YOLOv4 no aug,2035,0.012519666666666667,0.0006315933114838309
YOLOv4 no aug,2036,0.013236999999999999,0.0007876439550964635
YOLOv4 no aug,2037,0.012637666666666667,0.0010039495892612224
YOLOv4 no aug,2038,0.012632666666666667,0.0012663150389132154
YOLOv4 no aug,2039,0.012548333333333335,0.0007750248024705042
YOLOv4 no aug,2040,0.012883666666666668,0.0011211289449082615
YOLOv4 no aug,2041,0.012627666666666667,0.0011441745690428736
YOLOv4 no aug,2042,0.011949333333333333,0.0011758686623560947
YOLOv4 no aug,2043,0.011825999999999998,0.0009377298829264923
YOLOv4 no aug,2044,0.012061666666666667,0.0008706322096295569
YOLOv4 no aug,2045,0.012458333333333333,0.000561452382466918
YOLOv4 no aug,2046,0.012429666666666667,0.0006285852722140766
YOLOv4 no aug,2047,0.012070666666666667,0.0009857770764449961
YOLOv4 no aug,2048,0.012434666666666665,0.0009761052425043342
YOLOv4 no aug,2049,0.012578,0.00149782186301754
YOLOv4 no aug,2050,0.012367666666666666,0.0014710273432008134
YOLOv4 no aug,2051,0.013951666666666668,0.001168895822750875
YOLOv4 no aug,2052,0.014138999999999999,0.0007235309253929651
YOLOv4 no aug,2053,0.013413,0.000571189110540458
YOLOv4 no aug,2054,0.012492333333333333,0.0004887693161855034
YOLOv4 no aug,2055,0.012599333333333332,0.00015918577546725448
YOLOv4 no aug,2056,0.012502,5.5536774603260255e-05
YOLOv4 no aug,2057,0.012495,0.00046313856817731475
YOLOv4 no aug,2058,0.012714333333333334,0.0008587052915743432
YOLOv4 no aug,2059,0.013027666666666667,0.0013041805004591113
YOLOv4 no aug,2060,0.013457000000000002,0.0006691130945761957
YOLOv4 no aug,2061,0.013579,0.0004648379645998518
YOLOv4 no aug,2062,0.013580333333333333,0.0004804568427838005
YOLOv4 no aug,2063,0.012935333333333333,0.0007137483994922705
YOLOv4 no aug,2064,0.013005333333333334,0.000804142676671525
YOLOv4 no aug,2065,0.013001666666666667,0.0010967124103934956
YOLOv4 no aug,2066,0.012262,0.0010402119976235615
YOLOv4 no aug,2067,0.012097666666666666,0.0010575497361563877
YOLOv4 no aug,2068,0.012359,0.0015608771038532578
YOLOv4 no aug,2069,0.011931333333333334,0.0016819387952928349
YOLOv4 no aug,2070,0.012187666666666666,0.0019120218211214127
YOLOv4 no aug,2071,0.011442666666666665,0.001880668350465984
YOLOv4 no aug,2072,0.011551666666666667,0.0023157931926471994
YOLOv4 no aug,2073,0.011631666666666667,0.0019884005576789043
YOLOv4 no aug,2074,0.011435666666666669,0.0016061715696372887
YOLOv4 no aug,2075,0.010911666666666667,0.001353893192898826
YOLOv4 no aug,2076,0.011207333333333333,0.0009321588443559988
YOLOv4 no aug,2077,0.01081,0.0010296282500656894
YOLOv4 no aug,2078,0.010780666666666668,0.0007283434019136245
YOLOv4 no aug,2079,0.011237333333333334,0.0002517090472041964
YOLOv4 no aug,2080,0.011335999999999999,0.0010437561975863905
YOLOv4 no aug,2081,0.011326666666666665,0.0010334257485556365
YOLOv4 no aug,2082,0.011625333333333333,0.0007422183715801645
YOLOv4 no aug,2083,0.011689333333333335,0.0009377679765153949
YOLOv4 no aug,2084,0.012023666666666667,0.000524925814864454
YOLOv4 no aug,2085,0.012369999999999999,0.000587960316121193
YOLOv4 no aug,2086,0.011890333333333334,0.0010058245926159843
YOLOv4 no aug,2087,0.011358333333333333,0.0008755398969270967
YOLOv4 no aug,2088,0.011201666666666665,0.0009728604444854588
YOLOv4 no aug,2089,0.010808333333333335,0.0009572269555567504
YOLOv4 no aug,2090,0.010921333333333333,0.0009751978146908337
YOLOv4 no aug,2091,0.011297666666666666,0.0003544020002451702
YOLOv4 no aug,2092,0.011488333333333335,0.0004351169702249931
YOLOv4 no aug,2093,0.011154666666666667,0.0002712098408571813
YOLOv4 no aug,2094,0.011865,0.0003662476393553049
YOLOv4 no aug,2095,0.011588333333333332,0.0008903561709288657
YOLOv4 no aug,2096,0.011430666666666667,0.0007959883444149447
YOLOv4 no aug,2097,0.012038,0.0005224145863200988
YOLOv4 no aug,2098,0.012169,5.5770362499568655e-05
YOLOv4 no aug,2099,0.012065333333333332,0.0006499747003623383
YOLOv4 no aug,2100,0.011594333333333333,0.00034514602384755615
YOLOv4 no aug,2101,0.011611000000000002,0.0004242479620850681
YOLOv4 no aug,2102,0.012816000000000001,0.0013816657820664643
YOLOv4 no aug,2103,0.012277666666666668,0.0015760771272723651
YOLOv4 no aug,2104,0.012248666666666666,0.0017102924051492223
YOLOv4 no aug,2105,0.012024666666666664,0.0016858521419283617
YOLOv4 no aug,2106,0.012011666666666665,0.0012246329155211283
YOLOv4 no aug,2107,0.012304333333333334,0.0007705474965532265
YOLOv4 no aug,2108,0.011407333333333334,0.0006626261724716616
YOLOv4 no aug,2109,0.010734333333333334,0.0006607108125176839
YOLOv4 no aug,2110,0.010749666666666666,0.0007365800099860916
YOLOv4 no aug,2111,0.010356666666666667,0.0007423777864253331
YOLOv4 no aug,2112,0.010507333333333334,0.0006122810719850083
YOLOv4 no aug,2113,0.010116333333333333,0.0006073714770312409
YOLOv4 no aug,2114,0.009796,0.0005229544275874653
YOLOv4 no aug,2115,0.009937666666666666,0.0005549370334651593
YOLOv4 no aug,2116,0.009585333333333333,0.000509498555226389
YOLOv4 no aug,2117,0.009906333333333335,0.0010894459346128405
YOLOv4 no aug,2118,0.00984,0.0008745415942080744
YOLOv4 no aug,2119,0.009824333333333332,0.0006248200629870261
YOLOv4 no aug,2120,0.009696666666666668,0.0007417664352371605
YOLOv4 no aug,2121,0.009408666666666668,0.0005527598433718248
YOLOv4 no aug,2122,0.009701333333333334,0.00010961954408062659
YOLOv4 no aug,2123,0.009807666666666666,0.0005024175996563464
YOLOv4 no aug,2124,0.009885999999999999,0.0007100190138299116
YOLOv4 no aug,2125,0.009533999999999999,0.0005658118061688006
YOLOv4 no aug,2126,0.009695666666666667,0.000553625123867927
YOLOv4 no aug,2127,0.010853000000000002,0.0006015100442497476
YOLOv4 no aug,2128,0.010517333333333332,0.0005595719594277198
YOLOv4 no aug,2129,0.010304333333333332,0.0005011620939820216
YOLOv4 no aug,2130,0.010301333333333334,0.000588182039092585
YOLOv4 no aug,2131,0.010596666666666666,0.0008036370103749858
YOLOv4 no aug,2132,0.010569666666666666,0.0004207225266662628
YOLOv4 no aug,2133,0.010604666666666665,0.0005488236915845056
YOLOv4 no aug,2134,0.010503,0.0005926266390682528
YOLOv4 no aug,2135,0.010406333333333333,0.000651245046899484
YOLOv4 no aug,2136,0.010830666666666664,0.00040730182638649927
YOLOv4 no aug,2137,0.010629,0.0004635396423176771
YOLOv4 no aug,2138,0.011138,0.0009743264340045385
YOLOv4 no aug,2139,0.010452999999999999,0.0007726816938429432
YOLOv4 no aug,2140,0.011798333333333334,0.0013488465854614867
YOLOv4 no aug,2141,0.011321666666666667,0.0011391942083966394
YOLOv4 no aug,2142,0.011334333333333335,0.001424047908058028
YOLOv4 no aug,2143,0.011427999999999999,0.001434935190174107
YOLOv4 no aug,2144,0.012010999999999999,0.0013212132051010287
YOLOv4 no aug,2145,0.011800666666666668,0.0014746355858689672
YOLOv4 no aug,2146,0.011638,0.0019085262202373158
YOLOv4 no aug,2147,0.011981333333333335,0.002629393170380658
YOLOv4 no aug,2148,0.012103666666666665,0.0030177228905988777
YOLOv4 no aug,2149,0.012265333333333335,0.0024305371377079965
YOLOv4 no aug,2150,0.011872,0.001874590355250981
YOLOv4 no aug,2151,0.011350666666666667,0.001655678847012441
YOLOv4 no aug,2152,0.011245,0.0016518699504904537
YOLOv4 no aug,2153,0.010916333333333333,0.0014577656799972273
YOLOv4 no aug,2154,0.011165666666666666,0.0012367592508020484
YOLOv4 no aug,2155,0.011576666666666666,0.0014233439890311516
YOLOv4 no aug,2156,0.011363666666666666,0.0013077597043969678
YOLOv4 no aug,2157,0.011268,0.0012920731403446174
YOLOv4 no aug,2158,0.010804333333333332,0.001175093235071631
YOLOv4 no aug,2159,0.010775,0.0007873163277869958
YOLOv4 no aug,2160,0.010439666666666667,0.0006512473501758844
YOLOv4 no aug,2161,0.010587000000000001,0.0005706391153785375
YOLOv4 no aug,2162,0.011246333333333332,0.0010084255605205131
YOLOv4 no aug,2163,0.011212333333333333,0.0010235248463574844
YOLOv4 no aug,2164,0.011045333333333332,0.00110938756878639
YOLOv4 no aug,2165,0.011262666666666666,0.0009508386356848946
YOLOv4 no aug,2166,0.010824666666666668,0.0006553801271865899
YOLOv4 no aug,2167,0.010997999999999999,0.0009697186877302787
YOLOv4 no aug,2168,0.010903000000000001,0.0007319633415228753
YOLOv4 no aug,2169,0.010527666666666666,0.0007781915645335093
YOLOv4 no aug,2170,0.009923333333333334,0.0008323161124903877
YOLOv4 no aug,2171,0.010829666666666668,0.0005045530475359133
YOLOv4 no aug,2172,0.010576333333333333,0.0003771694284771476
YOLOv4 no aug,2173,0.010462666666666667,0.00025555321254964563
YOLOv4 no aug,2174,0.010597333333333334,0.00038088376763055216
YOLOv4 no aug,2175,0.010464666666666666,0.00034976627116468
YOLOv4 no aug,2176,0.009963999999999999,0.00034574171477178364
YOLOv4 no aug,2177,0.009849333333333333,0.000275937996256003
YOLOv4 no aug,2178,0.009457333333333333,0.00024854934676594434
YOLOv4 no aug,2179,0.009645,0.0005135857604464257
YOLOv4 no aug,2180,0.009074,0.0005348498231591117
YOLOv4 no aug,2181,0.008826,0.00036944056806654765
YOLOv4 no aug,2182,0.009134000000000001,0.000451915921383613
YOLOv4 no aug,2183,0.009010333333333334,0.0006580874646360552
YOLOv4 no aug,2184,0.008686333333333332,0.0006816727791086994
YOLOv4 no aug,2185,0.008416666666666668,0.000774766703236816
YOLOv4 no aug,2186,0.008142666666666666,0.0008170535138192873
YOLOv4 no aug,2187,0.008153666666666668,0.0006450773424774566
YOLOv4 no aug,2188,0.007715666666666667,0.0006340505587972551
YOLOv4 no aug,2189,0.007648666666666667,0.000495196369579225
YOLOv4 no aug,2190,0.007774333333333332,0.000578174521903013
YOLOv4 no aug,2191,0.007946666666666666,0.0007392384219211312
YOLOv4 no aug,2192,0.00775,0.0007188017807434816
YOLOv4 no aug,2193,0.007494,0.000545804910201438
YOLOv4 no aug,2194,0.007921666666666665,0.00034886594050500907
YOLOv4 no aug,2195,0.0077996666666666666,0.00040200428411205313
YOLOv4 no aug,2196,0.008238,0.0002985972761652946
YOLOv4 no aug,2197,0.008462333333333334,0.0003556732270560221
YOLOv4 no aug,2198,0.008175333333333333,0.00018230499475085978
YOLOv4 no aug,2199,0.008080333333333333,0.0001308718626918884
YOLOv4 no aug,2200,0.008715666666666665,0.00033824169530743026
YOLOv4 no aug,2201,0.008383,0.00028464949206582677
YOLOv4 no aug,2202,0.008299666666666667,0.00035669657195499453
YOLOv4 no aug,2203,0.007924333333333334,0.0003125605719074481
YOLOv4 no aug,2204,0.007593333333333333,0.00015175565155135998
YOLOv4 no aug,2205,0.007788666666666666,0.0002035029347317733
YOLOv4 no aug,2206,0.007514,0.0002014770458389739
YOLOv4 no aug,2207,0.0072823333333333325,0.0003581756242093783
YOLOv4 no aug,2208,0.0072429999999999994,0.00047635525958399306
YOLOv4 no aug,2209,0.007257666666666667,0.0006841759845082094
YOLOv4 no aug,2210,0.007410333333333334,0.00020715962712630832
YOLOv4 no aug,2211,0.007351333333333334,0.0002304360600639096
YOLOv4 no aug,2212,0.007541666666666666,0.00012334819730250548
YOLOv4 no aug,2213,0.007293666666666667,0.00010751950727400343
YOLOv4 no aug,2214,0.0072970000000000005,0.0002451414557624503
YOLOv4 no aug,2215,0.007457333333333333,0.00031528417516759564
YOLOv4 no aug,2216,0.007390666666666667,0.00010936838868907457
YOLOv4 no aug,2217,0.007647,8.339264555902593e-05
YOLOv4 no aug,2218,0.007734333333333333,0.00032773634389721113
YOLOv4 no aug,2219,0.008062666666666668,0.0004185985878831626
YOLOv4 no aug,2220,0.008181666666666665,0.00022850407241690728
YOLOv4 no aug,2221,0.008133999999999999,6.51996932508122e-05
YOLOv4 no aug,2222,0.008504333333333334,0.00023292798123979101
YOLOv4 no aug,2223,0.007984333333333335,0.00032252045585426744
YOLOv4 no aug,2224,0.007797666666666667,0.00038087020244580866
YOLOv4 no aug,2225,0.0074080000000000005,0.0003773897189908595
YOLOv4 no aug,2226,0.007502333333333333,0.0003742447208860947
YOLOv4 no aug,2227,0.007290666666666667,0.0003891119518995931
YOLOv4 no aug,2228,0.0076820000000000005,0.0004565402501423068
YOLOv4 no aug,2229,0.007833999999999999,0.0006495144340197531
YOLOv4 no aug,2230,0.007839,0.0005237330745077433
YOLOv4 no aug,2231,0.007326,0.0005031911498956768
YOLOv4 no aug,2232,0.007517,0.0004946618373528864
YOLOv4 no aug,2233,0.007611333333333334,0.0006463129616868631
YOLOv4 no aug,2234,0.008172666666666667,0.0009091786280911894
YOLOv4 no aug,2235,0.007966666666666667,0.0008371380478219298
YOLOv4 no aug,2236,0.008198666666666667,0.0007618360132673641
YOLOv4 no aug,2237,0.008064,0.0005749855070637289
YOLOv4 no aug,2238,0.008071,0.0005492731560890264
YOLOv4 no aug,2239,0.007736333333333334,0.0006933208332206509
YOLOv4 no aug,2240,0.007760666666666666,0.000730470700606427
YOLOv4 no aug,2241,0.007612000000000001,0.0004792956637956715
YOLOv4 no aug,2242,0.007769333333333333,0.0006388855748706317
YOLOv4 no aug,2243,0.007784666666666666,0.0006039231003290994
YOLOv4 no aug,2244,0.008263333333333333,0.0007688333875279991
YOLOv4 no aug,2245,0.008352333333333333,0.0005923867918101408
YOLOv4 no aug,2246,0.008445666666666666,0.0008024018804674987
YOLOv4 no aug,2247,0.008621000000000002,0.0007282575094017227
YOLOv4 no aug,2248,0.009172000000000001,0.0005135857604464257
YOLOv4 no aug,2249,0.008638,0.0005596582290410225
YOLOv4 no aug,2250,0.009036666666666667,0.000586510964186614
YOLOv4 no aug,2251,0.00865,0.00020540934740171879
YOLOv4 no aug,2252,0.008793,0.0003923574050955755
YOLOv4 no aug,2253,0.009446000000000001,0.0003370801091728794
YOLOv4 no aug,2254,0.009540666666666668,0.00034717542795793853
YOLOv4 no aug,2255,0.009475666666666667,0.0006783097456996405
YOLOv4 no aug,2256,0.010313000000000001,0.0010549342791536037
YOLOv4 no aug,2257,0.009995,0.0007780205652808928
YOLOv4 no aug,2258,0.009918999999999999,0.0004682374753619504
YOLOv4 no aug,2259,0.010034333333333334,0.0004503540582450413
YOLOv4 no aug,2260,0.010157333333333332,0.00047410348143745075
YOLOv4 no aug,2261,0.009736333333333335,0.000329293351149262
YOLOv4 no aug,2262,0.009959666666666667,0.0006081787931557992
YOLOv4 no aug,2263,0.010076,0.0003459224383201142
YOLOv4 no aug,2264,0.009666333333333332,0.00041257901600111015
YOLOv4 no aug,2265,0.009288333333333334,0.00036205723918248674
YOLOv4 no aug,2266,0.009390666666666667,0.00042885830345749915
YOLOv4 no aug,2267,0.009422,0.0005626165064529597
YOLOv4 no aug,2268,0.009244666666666667,0.0006785124251707633
YOLOv4 no aug,2269,0.008765,0.000701878432018917
YOLOv4 no aug,2270,0.008569333333333333,0.0003223850354949984
YOLOv4 no aug,2271,0.008486333333333334,0.000535527880797173
YOLOv4 no aug,2272,0.008206333333333335,0.0003630290775008403
YOLOv4 no aug,2273,0.008262,0.0007596409239458688
YOLOv4 no aug,2274,0.008672666666666667,0.0005781874936193085
YOLOv4 no aug,2275,0.008685,0.0006743063102181382
YOLOv4 no aug,2276,0.009355666666666667,0.0010414141560610957
YOLOv4 no aug,2277,0.009949333333333333,0.00048374660492635804
YOLOv4 no aug,2278,0.010175000000000002,0.0004724672828179041
YOLOv4 no aug,2279,0.009999000000000001,0.0003616798768708779
YOLOv4 no aug,2280,0.010372333333333332,0.0004897551542466
YOLOv4 no aug,2281,0.009902333333333334,0.0006061227415117977
YOLOv4 no aug,2282,0.009220333333333332,0.0004680278956548543
YOLOv4 no aug,2283,0.008859333333333334,0.0004327071116175984
YOLOv4 no aug,2284,0.008693,0.00048648158581115244
YOLOv4 no aug,2285,0.008582999999999999,0.00047168527642910384
YOLOv4 no aug,2286,0.008885666666666667,0.00025808676404995637
YOLOv4 no aug,2287,0.008428333333333333,0.0001671689099218049
YOLOv4 no aug,2288,0.009249666666666666,0.0007931856305080449
YOLOv4 no aug,2289,0.009036,0.0004986745765861074
YOLOv4 no aug,2290,0.00871,0.00037683462332080533
YOLOv4 no aug,2291,0.008812666666666667,0.0005675591990660043
YOLOv4 no aug,2292,0.008317666666666666,0.0005331673700109977
YOLOv4 no aug,2293,0.008006333333333334,0.0005479021607712257
YOLOv4 no aug,2294,0.007619999999999999,0.0005370720001390254
YOLOv4 no aug,2295,0.007621,0.000446721762771116
YOLOv4 no aug,2296,0.007552333333333334,0.00045719154750619676
YOLOv4 no aug,2297,0.007634333333333333,0.0006886422228640289
YOLOv4 no aug,2298,0.007754666666666667,0.0006352745688108238
YOLOv4 no aug,2299,0.0076163333333333335,0.0004230013133680686
YOLOv4 no aug,2300,0.007455666666666667,0.0005420357716772738
YOLOv4 no aug,2301,0.007716999999999999,0.0005988998246785516
YOLOv4 no aug,2302,0.007931333333333334,0.0004621689205378387
YOLOv4 no aug,2303,0.008,0.0003113663437174931
YOLOv4 no aug,2304,0.007990333333333334,0.0002737427827562053
YOLOv4 no aug,2305,0.007840666666666668,0.0004834467682979976
YOLOv4 no aug,2306,0.007847333333333333,0.0003513385515109006
YOLOv4 no aug,2307,0.008454666666666666,0.00041852611759735027
YOLOv4 no aug,2308,0.008077333333333334,0.00044586707037461826
YOLOv4 no aug,2309,0.007649,0.0004400231054539448
YOLOv4 no aug,2310,0.007826333333333333,0.0004388752037247541
YOLOv4 no aug,2311,0.007836000000000001,0.0004564453234871987
YOLOv4 no aug,2312,0.007751666666666666,0.0006839552454494213
YOLOv4 no aug,2313,0.007638666666666666,0.0005292964932604201
YOLOv4 no aug,2314,0.007688666666666666,0.0003275191258198179
YOLOv4 no aug,2315,0.007670333333333334,0.0001525137516568408
YOLOv4 no aug,2316,0.008152666666666667,0.0006739179805024083
YOLOv4 no aug,2317,0.008591333333333335,0.0007312683805857083
YOLOv4 no aug,2318,0.008350666666666668,0.0007207473744508389
YOLOv4 no aug,2319,0.008491333333333333,0.00044019478011948847
YOLOv4 no aug,2320,0.009066666666666667,0.0006278971076360985
YOLOv4 no aug,2321,0.009087,0.0006858296678719383
YOLOv4 no aug,2322,0.008578666666666665,0.0007233395545047365
YOLOv4 no aug,2323,0.008342333333333334,0.0009953385242106217
YOLOv4 no aug,2324,0.008178333333333334,0.0007716956078086175
YOLOv4 no aug,2325,0.008377,0.0004340311048761368
YOLOv4 no aug,2326,0.008091666666666665,0.0004547645300348059
YOLOv4 no aug,2327,0.007850999999999999,0.0003908797769135674
YOLOv4 no aug,2328,0.007843333333333332,0.00027725399506188856
YOLOv4 no aug,2329,0.008077333333333334,0.0003468819844141679
YOLOv4 no aug,2330,0.007757333333333334,0.0002669490171882596
YOLOv4 no aug,2331,0.007536999999999999,0.0002962943356416612
YOLOv4 no aug,2332,0.0075710000000000005,0.0003816294013830698
YOLOv4 no aug,2333,0.0074406666666666675,0.00034698238828185195
YOLOv4 no aug,2334,0.007397,0.0003557166475347102
YOLOv4 no aug,2335,0.007042333333333334,0.0003000923931799081
YOLOv4 no aug,2336,0.006879,0.00014421165001483058
YOLOv4 no aug,2337,0.006734,0.000402954091677948
YOLOv4 no aug,2338,0.006581666666666666,0.00027455681460208627
YOLOv4 no aug,2339,0.006671,0.00025935753957294827
YOLOv4 no aug,2340,0.007063666666666667,0.0005898820032665667
YOLOv4 no aug,2341,0.008055666666666668,0.0010217293074869576
YOLOv4 no aug,2342,0.007832,0.001063118525847424
YOLOv4 no aug,2343,0.007842,0.0009256549032982002
YOLOv4 no aug,2344,0.007724333333333333,0.000924509299274185
YOLOv4 no aug,2345,0.007758666666666667,0.0008522719310433993
YOLOv4 no aug,2346,0.007644333333333334,0.0008355136809838073
YOLOv4 no aug,2347,0.007940333333333332,0.0008882477757422817
YOLOv4 no aug,2348,0.007859333333333334,0.0007044700924177771
YOLOv4 no aug,2349,0.007995,0.0009613013748733191
YOLOv4 no aug,2350,0.007631333333333334,0.000934339219864915
YOLOv4 no aug,2351,0.007425,0.0009268572346016042
YOLOv4 no aug,2352,0.007666333333333333,0.0005631436564303798
YOLOv4 no aug,2353,0.0074086666666666676,0.0007092816397203897
YOLOv4 no aug,2354,0.0070093333333333336,0.0006564069706448214
YOLOv4 no aug,2355,0.007209,0.0006498707563816053
YOLOv4 no aug,2356,0.007975999999999999,0.000980478964588226
YOLOv4 no aug,2357,0.008673666666666668,0.0006389338341678617
YOLOv4 no aug,2358,0.008353666666666667,0.0006464844244922773
YOLOv4 no aug,2359,0.008669000000000001,0.0004048258885002288
YOLOv4 no aug,2360,0.009285,0.0009113074856124762
YOLOv4 no aug,2361,0.009405666666666666,0.0007496431002669052
YOLOv4 no aug,2362,0.008916666666666666,0.0004506515036896889
YOLOv4 no aug,2363,0.008609,0.00043465081770696504
YOLOv4 no aug,2364,0.008366666666666666,0.0006307710449213019
YOLOv4 no aug,2365,0.008479333333333334,0.00044931998001918906
YOLOv4 no aug,2366,0.008114333333333335,0.0004925039198941581
YOLOv4 no aug,2367,0.008495666666666667,0.0008780433423875566
YOLOv4 no aug,2368,0.008102,0.0008025565400643123
YOLOv4 no aug,2369,0.007803333333333333,0.000812497452987461
YOLOv4 no aug,2370,0.007859333333333334,0.0009149843957382246
YOLOv4 no aug,2371,0.007964666666666667,0.0010877340871943129
YOLOv4 no aug,2372,0.00775,0.0010520077629624857
YOLOv4 no aug,2373,0.007775666666666667,0.0006256999635963266
YOLOv4 no aug,2374,0.007521,0.00047693500605428403
YOLOv4 no aug,2375,0.008543,0.0010823660810157227
YOLOv4 no aug,2376,0.008285,0.0010180812017385125
YOLOv4 no aug,2377,0.008877333333333333,0.000884256812872319
YOLOv4 no aug,2378,0.008614666666666666,0.0005291736744942797
YOLOv4 no aug,2379,0.008422666666666667,0.0006006969100784335
YOLOv4 no aug,2380,0.008909333333333333,0.0008440407441455528
YOLOv4 no aug,2381,0.008884000000000001,0.0005960279635498097
YOLOv4 no aug,2382,0.008275666666666666,0.0005920395069400169
YOLOv4 no aug,2383,0.008010666666666666,0.00048515095016339426
YOLOv4 no aug,2384,0.008014333333333333,0.0005193497002127864
YOLOv4 no aug,2385,0.007828,0.0005262309378970419
YOLOv4 no aug,2386,0.008171,0.0005851333181421137
YOLOv4 no aug,2387,0.008026666666666666,0.00037864862046200294
YOLOv4 no aug,2388,0.007553333333333333,0.0004591950686920661
YOLOv4 no aug,2389,0.007595666666666667,0.00045119150898235863
YOLOv4 no aug,2390,0.007364,0.00023929967265613495
YOLOv4 no aug,2391,0.008054,0.00046960657292390316
YOLOv4 no aug,2392,0.00783,0.00043716472867787474
YOLOv4 no aug,2393,0.007822,0.000572965385807322
YOLOv4 no aug,2394,0.0076103333333333335,0.0006408370394344503
YOLOv4 no aug,2395,0.0075053333333333335,0.0008335669006011324
YOLOv4 no aug,2396,0.007189000000000001,0.0009470184792283625
YOLOv4 no aug,2397,0.006834,0.0008600761594184553
YOLOv4 no aug,2398,0.006783666666666667,0.0009438757568898804
YOLOv4 no aug,2399,0.006380333333333334,0.0008434856911122506
YOLOv4 no aug,2400,0.006099,0.0008835451318410395
YOLOv4 no aug,2401,0.006337666666666666,0.0008578504790722243
YOLOv4 no aug,2402,0.006220333333333334,0.0006331288266309717
YOLOv4 no aug,2403,0.006304333333333333,0.000581045417999125
YOLOv4 no aug,2404,0.006088333333333334,0.00037399390963549717
YOLOv4 no aug,2405,0.006183,0.0001979528563404259
YOLOv4 no aug,2406,0.006254,0.0003334921288426461
YOLOv4 no aug,2407,0.006112,0.0002798660393831306
YOLOv4 no aug,2408,0.005891,0.00034721175095321876
YOLOv4 no aug,2409,0.007027666666666667,0.0005108588628748433
YOLOv4 no aug,2410,0.007032000000000001,0.00033810106970155144
YOLOv4 no aug,2411,0.007371666666666666,9.171937878357241e-05
YOLOv4 no aug,2412,0.007111,9.535722311393094e-05
YOLOv4 no aug,2413,0.006892,0.00020966719660770323
YOLOv4 no aug,2414,0.006680666666666667,0.0002491146545490871
YOLOv4 no aug,2415,0.006638333333333334,0.00015661240194966825
YOLOv4 no aug,2416,0.006516333333333333,0.00028462977903078086
YOLOv4 no aug,2417,0.0064589999999999995,0.0002522941405053502
YOLOv4 no aug,2418,0.006527666666666667,0.00041250508414375264
YOLOv4 no aug,2419,0.006996,0.0005312714309402805
YOLOv4 no aug,2420,0.007628,0.00042768017645588083
YOLOv4 no aug,2421,0.007416,9.662815324738433e-05
YOLOv4 no aug,2422,0.007067333333333333,0.00018656574652861074
YOLOv4 no aug,2423,0.006901333333333333,0.00036922004881160576
YOLOv4 no aug,2424,0.006559,0.00028852440682433335
YOLOv4 no aug,2425,0.006573333333333334,0.00029443127853164263
YOLOv4 no aug,2426,0.006413666666666667,0.0001847812520552644
YOLOv4 no aug,2427,0.006823666666666666,0.0005719179234043213
YOLOv4 no aug,2428,0.00655,0.0005086505021459561
YOLOv4 no aug,2429,0.006986666666666666,0.0005791468821560828
YOLOv4 no aug,2430,0.007448333333333335,0.0005211174958149498
YOLOv4 no aug,2431,0.007489666666666668,0.00022142442904471432
YOLOv4 no aug,2432,0.0074210000000000005,0.00039433150182724885
YOLOv4 no aug,2433,0.007658666666666667,0.00034851127831264086
YOLOv4 no aug,2434,0.008011666666666667,0.0003816989797092877
YOLOv4 no aug,2435,0.007995666666666667,0.0004832081447069278
YOLOv4 no aug,2436,0.0075586666666666675,0.00042530080857879635
YOLOv4 no aug,2437,0.007532,0.0005710589578435256
YOLOv4 no aug,2438,0.007640666666666667,0.0007253680291946826
YOLOv4 no aug,2439,0.009032666666666666,0.00032742038896670924
YOLOv4 no aug,2440,0.008993333333333334,0.00029267122243986437
YOLOv4 no aug,2441,0.008909,0.0003859019737359908
YOLOv4 no aug,2442,0.008773,0.0006003909837208859
YOLOv4 no aug,2443,0.008519333333333332,0.0005902435467198643
YOLOv4 no aug,2444,0.008142,0.0007085551025384923
YOLOv4 no aug,2445,0.008266666666666667,0.0008107704840321812
YOLOv4 no aug,2446,0.008101666666666667,0.001087774231069011
YOLOv4 no aug,2447,0.007843000000000001,0.0010627202516811905
YOLOv4 no aug,2448,0.007611666666666666,0.0011006928625996346
YOLOv4 no aug,2449,0.007547999999999999,0.0009705721680191191
YOLOv4 no aug,2450,0.007377333333333334,0.0011483600383929153
YOLOv4 no aug,2451,0.007383333333333333,0.0010123716928304763
YOLOv4 no aug,2452,0.007507333333333334,0.0008438673539787584
YOLOv4 no aug,2453,0.007548666666666666,0.0006598791135082583
YOLOv4 no aug,2454,0.008194666666666668,0.0006704121452095307
YOLOv4 no aug,2455,0.008703666666666667,0.00016564252003771376
YOLOv4 no aug,2456,0.008982666666666667,0.00042311240954515995
YOLOv4 no aug,2457,0.009058333333333333,0.00041044095528806326
YOLOv4 no aug,2458,0.008905666666666666,0.00026502599453219277
YOLOv4 no aug,2459,0.008471666666666667,0.00028932181236662925
YOLOv4 no aug,2460,0.008251333333333333,0.00022880146658426606
YOLOv4 no aug,2461,0.008497,0.00020358126960340266
YOLOv4 no aug,2462,0.008671666666666668,0.00045783779272188163
YOLOv4 no aug,2463,0.008436666666666667,0.0003821785504766646
YOLOv4 no aug,2464,0.008606666666666667,0.0007050305745931244
YOLOv4 no aug,2465,0.008530999999999999,0.0006071729572370625
YOLOv4 no aug,2466,0.008801333333333333,0.00022107716098935032
YOLOv4 no aug,2467,0.008946,0.0006501517771515612
YOLOv4 no aug,2468,0.008828333333333334,0.00041291538008544904
YOLOv4 no aug,2469,0.008905,0.00035659687790743966
YOLOv4 no aug,2470,0.008827666666666666,0.00028941569488271447
YOLOv4 no aug,2471,0.008517333333333333,0.00014982693720126263
YOLOv4 no aug,2472,0.00806,0.00022548688062353742
YOLOv4 no aug,2473,0.007747666666666667,0.0001620106306525734
YOLOv4 no aug,2474,0.007717000000000001,0.0003189989550662091
YOLOv4 no aug,2475,0.007435000000000001,0.00023995902427984084
YOLOv4 no aug,2476,0.0072499999999999995,0.0003999612481228649
YOLOv4 no aug,2477,0.007456333333333333,0.00047153696685531585
YOLOv4 no aug,2478,0.007216,0.0005452938045983405
YOLOv4 no aug,2479,0.0076370000000000006,0.00038292166300693943
YOLOv4 no aug,2480,0.007523333333333333,0.0006136786165774757
YOLOv4 no aug,2481,0.007611000000000001,0.0005751454888402877
YOLOv4 no aug,2482,0.008073333333333333,0.0005158311523917274
YOLOv4 no aug,2483,0.008133666666666668,0.0003180536293003289
YOLOv4 no aug,2484,0.008102333333333333,0.00041628569249708514
YOLOv4 no aug,2485,0.007925333333333333,0.00026482845600711243
YOLOv4 no aug,2486,0.007658666666666667,0.00021450900007018625
YOLOv4 no aug,2487,0.007995,0.0003993248468769923
YOLOv4 no aug,2488,0.008080666666666667,0.00025937124829950687
YOLOv4 no aug,2489,0.007822666666666667,0.0001757766891383622
YOLOv4 no aug,2490,0.007873999999999999,0.00020450183373260967
YOLOv4 no aug,2491,0.007647666666666666,0.00037571812720590313
YOLOv4 no aug,2492,0.007846,0.00023789913829184016
YOLOv4 no aug,2493,0.008182333333333333,0.0003082365613904003
YOLOv4 no aug,2494,0.007856666666666666,0.00028484518212140757
YOLOv4 no aug,2495,0.007584999999999999,0.00038631118717082644
YOLOv4 no aug,2496,0.007439,0.0006064684657919158
YOLOv4 no aug,2497,0.007324333333333333,0.0005689787146965849
YOLOv4 no aug,2498,0.007115,0.0003652702196091728
YOLOv4 no aug,2499,0.007235999999999999,0.0004113769560877226
YOLOv4 no aug,2500,0.007491333333333333,0.00024824472692173017
YOLOv4 no aug,2501,0.007426333333333333,0.00019214346491908376
YOLOv4 no aug,2502,0.007869,0.0003982779598889867
YOLOv4 no aug,2503,0.00749,0.00024296570402699522
YOLOv4 no aug,2504,0.007552333333333334,0.0005652260118257516
YOLOv4 no aug,2505,0.007472333333333333,0.0006277434012220104
YOLOv4 no aug,2506,0.007142,0.0006541691932010655
YOLOv4 no aug,2507,0.007330666666666667,0.000704910711445862
YOLOv4 no aug,2508,0.007533666666666667,0.0004001209539349044
YOLOv4 no aug,2509,0.007856666666666666,0.0007120824702549872
YOLOv4 no aug,2510,0.007421,0.0006791541307636533
YOLOv4 no aug,2511,0.007413,0.0007125917484787485
YOLOv4 no aug,2512,0.007404000000000001,0.0004775070680105167
YOLOv4 no aug,2513,0.008034333333333333,0.0004679103665352063
YOLOv4 no aug,2514,0.0075959999999999995,0.0003705810752498479
YOLOv4 no aug,2515,0.008137,0.0007812972119067964
YOLOv4 no aug,2516,0.008635,0.0012863157984466078
YOLOv4 no aug,2517,0.008076333333333333,0.0010867729498126295
YOLOv4 no aug,2518,0.007636333333333333,0.0008854310312560267
YOLOv4 no aug,2519,0.0073936666666666664,0.0009553291463039205
YOLOv4 no aug,2520,0.007228333333333333,0.000741052029962209
YOLOv4 no aug,2521,0.007140999999999999,0.0008692464169229192
YOLOv4 no aug,2522,0.007222333333333333,0.0007806194833449765
YOLOv4 no aug,2523,0.007193333333333334,0.0009379142344111808
YOLOv4 no aug,2524,0.007915,0.0005751002811104628
YOLOv4 no aug,2525,0.007601,0.0006089589477132266
YOLOv4 no aug,2526,0.007489333333333334,0.0004953669795661035
YOLOv4 no aug,2527,0.008025333333333334,0.0005127950641121438
YOLOv4 no aug,2528,0.007981666666666666,0.0006358915875454803
YOLOv4 no aug,2529,0.007763666666666666,0.0005736335454316148
YOLOv4 no aug,2530,0.008234666666666666,0.0007627202049972918
YOLOv4 no aug,2531,0.007843,0.0008850632745741968
YOLOv4 no aug,2532,0.007325666666666667,0.0008596484423556205
YOLOv4 no aug,2533,0.006885,0.0007348784479989417
YOLOv4 no aug,2534,0.006671,0.0005616769534171755
YOLOv4 no aug,2535,0.006420666666666667,0.0006570541158162781
YOLOv4 no aug,2536,0.006409000000000001,0.0009237164066963408
YOLOv4 no aug,2537,0.0062053333333333335,0.0007377339930113322
YOLOv4 no aug,2538,0.006211,0.0005239678743332775
YOLOv4 no aug,2539,0.006213,0.0006301595036179333
YOLOv4 no aug,2540,0.005964333333333333,0.0007197477181469756
YOLOv4 no aug,2541,0.005989666666666667,0.0007038790931529204
YOLOv4 no aug,2542,0.006412,0.0010261970246172678
YOLOv4 no aug,2543,0.006243333333333333,0.0009095134841099268
YOLOv4 no aug,2544,0.006099333333333334,0.0006842273826083774
YOLOv4 no aug,2545,0.005830333333333333,0.0007274916570732004
YOLOv4 no aug,2546,0.006204,0.0005360438414906004
YOLOv4 no aug,2547,0.006559,0.00041482888038322504
YOLOv4 no aug,2548,0.006116,0.00036835354394023875
YOLOv4 no aug,2549,0.006022666666666667,0.00029254876136770397
YOLOv4 no aug,2550,0.006063,0.0005301612962108794
YOLOv4 no aug,2551,0.005717666666666667,0.00046343655924456853
YOLOv4 no aug,2552,0.005987,0.0007944843191236273
YOLOv4 no aug,2553,0.006123,0.000777473686585812
YOLOv4 no aug,2554,0.006032,0.0005481900522020928
YOLOv4 no aug,2555,0.006283333333333333,0.0005181242879635907
YOLOv4 no aug,2556,0.006204333333333333,0.0004118666181072597
YOLOv4 no aug,2557,0.0068586666666666666,0.0004823195114352218
YOLOv4 no aug,2558,0.006947666666666667,0.00043879886559156507
YOLOv4 no aug,2559,0.0066046666666666675,0.0003529902422321489
YOLOv4 no aug,2560,0.006841,0.00023131796298601635
YOLOv4 no aug,2561,0.0069229999999999995,0.0003063630743633007
YOLOv4 no aug,2562,0.006786333333333333,0.00038572024980691787
YOLOv4 no aug,2563,0.007078666666666666,0.0005439547571055684
YOLOv4 no aug,2564,0.006855333333333334,0.0005652510749903775
YOLOv4 no aug,2565,0.007011,0.0007422596131633008
YOLOv4 no aug,2566,0.006918333333333333,0.000790327428629707
YOLOv4 no aug,2567,0.006496333333333333,0.0006384158345293276
YOLOv4 no aug,2568,0.006473666666666667,0.0004946787958980161
YOLOv4 no aug,2569,0.006720333333333334,0.00048482173126945447
YOLOv4 no aug,2570,0.006481666666666666,0.00031374370290272144
YOLOv4 no aug,2571,0.006578333333333333,0.000527516929691466
YOLOv4 no aug,2572,0.007142,0.0010002521348806675
YOLOv4 no aug,2573,0.006966333333333334,0.0007379833632572241
YOLOv4 no aug,2574,0.006747,0.0006230866713387473
YOLOv4 no aug,2575,0.006807999999999999,0.0005435834802493543
YOLOv4 no aug,2576,0.006502333333333333,0.0005037560035484552
YOLOv4 no aug,2577,0.006283666666666667,0.0006013169805610942
YOLOv4 no aug,2578,0.006685666666666666,0.000902121635060619
YOLOv4 no aug,2579,0.0065899999999999995,0.0008741494914105559
YOLOv4 no aug,2580,0.0065650000000000005,0.0007692635005856792
YOLOv4 no aug,2581,0.006312000000000001,0.0007849407620960961
YOLOv4 no aug,2582,0.006154333333333334,0.0007806946337148164
YOLOv4 no aug,2583,0.006962333333333333,0.0009919600686407583
YOLOv4 no aug,2584,0.007288,0.0010383334403424238
YOLOv4 no aug,2585,0.007843999999999999,0.0006820039100572177
YOLOv4 no aug,2586,0.007326666666666666,0.00054565017283156
YOLOv4 no aug,2587,0.007121666666666668,0.0005608334076275336
YOLOv4 no aug,2588,0.007128,0.000657361645772959
YOLOv4 no aug,2589,0.0073943333333333335,0.0007135865594150283
YOLOv4 no aug,2590,0.007540333333333333,0.0004866087865124416
YOLOv4 no aug,2591,0.0076489999999999995,0.0005520932892184076
YOLOv4 no aug,2592,0.0074719999999999995,0.0006225241628509962
YOLOv4 no aug,2593,0.006965666666666666,0.0005243412798719721
YOLOv4 no aug,2594,0.007545666666666667,0.0008381323151971754
YOLOv4 no aug,2595,0.007600666666666666,0.0005997739388951288
YOLOv4 no aug,2596,0.007332000000000001,0.0005428538784363
YOLOv4 no aug,2597,0.0072053333333333336,0.0003994522638703041
YOLOv4 no aug,2598,0.006964333333333334,0.00034289761996516926
YOLOv4 no aug,2599,0.007145666666666666,0.0003818884362975369
YOLOv4 no aug,2600,0.0069500000000000004,0.0003721308013767918
YOLOv4 no aug,2601,0.0068720000000000005,0.0002069210799636744
YOLOv4 no aug,2602,0.006599666666666667,9.575721614815475e-05
YOLOv4 no aug,2603,0.006813,0.00040919718148263614
YOLOv4 no aug,2604,0.006730666666666667,0.0004894120054832238
YOLOv4 no aug,2605,0.007042,0.000752335253283623
YOLOv4 no aug,2606,0.007069333333333333,0.0004638657612331874
YOLOv4 no aug,2607,0.007410333333333334,0.00043935419778478403
YOLOv4 no aug,2608,0.007485000000000001,0.0008112387646885065
YOLOv4 no aug,2609,0.007975333333333333,0.0004993496882056811
YOLOv4 no aug,2610,0.008058333333333334,0.0004947852508355971
YOLOv4 no aug,2611,0.007797000000000001,0.0006127979547398419
YOLOv4 no aug,2612,0.007712666666666666,0.0005824103173689299
YOLOv4 no aug,2613,0.007594666666666667,0.000545924699732278
YOLOv4 no aug,2614,0.007279999999999999,0.000558261885975868
YOLOv4 no aug,2615,0.00689,0.0005221344015991796
YOLOv4 no aug,2616,0.0069626666666666665,0.0005369383370348759
YOLOv4 no aug,2617,0.006946666666666667,0.0003451015953470967
YOLOv4 no aug,2618,0.006717333333333333,0.0002886002618001431
YOLOv4 no aug,2619,0.006702666666666667,0.00046970711914742964
YOLOv4 no aug,2620,0.007052333333333333,0.0002364186493865865
YOLOv4 no aug,2621,0.007129000000000001,0.0002834237110758379
YOLOv4 no aug,2622,0.0072889999999999995,0.00029831918029743444
YOLOv4 no aug,2623,0.0069889999999999996,0.0003626665134803598
YOLOv4 no aug,2624,0.006829333333333333,0.0003238890413569301
YOLOv4 no aug,2625,0.006564666666666667,0.00032431174988136195
YOLOv4 no aug,2626,0.006533000000000001,0.0004163031747817128
YOLOv4 no aug,2627,0.006553666666666666,0.0007064121396968707
YOLOv4 no aug,2628,0.00663,0.00048070815817222536
YOLOv4 no aug,2629,0.006255666666666666,0.0004074327483701383
YOLOv4 no aug,2630,0.005891666666666667,0.0003295599759949285
YOLOv4 no aug,2631,0.005668333333333333,0.00031694706883712376
YOLOv4 no aug,2632,0.005804666666666666,0.0002407601388196235
YOLOv4 no aug,2633,0.005489999999999999,0.0001719738352191984
YOLOv4 no aug,2634,0.0056033333333333326,0.0005022351153703922
YOLOv4 no aug,2635,0.005554666666666666,0.0003108726069916387
YOLOv4 no aug,2636,0.005562999999999999,0.00036433638303084694
YOLOv4 no aug,2637,0.005533333333333334,0.000539852551885955
YOLOv4 no aug,2638,0.005787333333333333,0.0003868386111947865
YOLOv4 no aug,2639,0.0060880000000000005,0.00019849517206555286
YOLOv4 no aug,2640,0.005840666666666667,0.00021301043271268287
YOLOv4 no aug,2641,0.005716,0.0001886769726278222
YOLOv4 no aug,2642,0.005673,0.00024027692356945143
YOLOv4 no aug,2643,0.005388333333333333,0.0002528176769487802
YOLOv4 no aug,2644,0.005258,0.00014108626202906266
YOLOv4 no aug,2645,0.005206666666666668,0.00029546705024042504
YOLOv4 no aug,2646,0.005356333333333334,0.0005535299851358049
YOLOv4 no aug,2647,0.005659,0.0009367125137059574
YOLOv4 no aug,2648,0.005709333333333334,0.0010934523817300464
YOLOv4 no aug,2649,0.005587333333333333,0.0008872914465445453
YOLOv4 no aug,2650,0.005792333333333333,0.0009289150182396187
YOLOv4 no aug,2651,0.006033,0.0007281636720774618
YOLOv4 no aug,2652,0.005960666666666667,0.0007679030610116823
YOLOv4 no aug,2653,0.006133666666666667,0.0005174995437464441
YOLOv4 no aug,2654,0.005981,0.0005187166856772588
YOLOv4 no aug,2655,0.006010666666666667,0.0005625375049225114
YOLOv4 no aug,2656,0.007238666666666667,0.0017934228292414607
YOLOv4 no aug,2657,0.007126333333333334,0.001423303356436865
YOLOv4 no aug,2658,0.006795666666666668,0.0012020273614929814
YOLOv4 no aug,2659,0.006495999999999999,0.001045501952811822
YOLOv4 no aug,2660,0.0063083333333333325,0.0008525495749678007
YOLOv4 no aug,2661,0.006131,0.0007595902404147469
YOLOv4 no aug,2662,0.006149000000000001,0.0007929497672194207
YOLOv4 no aug,2663,0.005750666666666667,0.0006871875855818247
YOLOv4 no aug,2664,0.006039,0.0007148834403826495
YOLOv4 no aug,2665,0.006093333333333333,0.0008594526035668156
YOLOv4 no aug,2666,0.0058519999999999996,0.0008022412355395353
YOLOv4 no aug,2667,0.005701,0.0006589236172223101
YOLOv4 no aug,2668,0.005652,0.0005561064046864895
YOLOv4 no aug,2669,0.005980666666666666,0.0006121847034279045
YOLOv4 no aug,2670,0.006252000000000001,0.0004982813796775205
YOLOv4 no aug,2671,0.006542333333333333,0.0007927362599110617
YOLOv4 no aug,2672,0.006495666666666666,0.0006429619826328079
YOLOv4 no aug,2673,0.0067283333333333336,0.00030889120702567394
YOLOv4 no aug,2674,0.006620333333333335,0.00044040940549044196
YOLOv4 no aug,2675,0.006435333333333334,0.0005399534959399538
YOLOv4 no aug,2676,0.006472333333333333,0.0005430090034039748
YOLOv4 no aug,2677,0.006121000000000001,0.0004627551548425296
YOLOv4 no aug,2678,0.0063100000000000005,0.0008613611321623471
YOLOv4 no aug,2679,0.006027,0.0008061000765000168
YOLOv4 no aug,2680,0.006187000000000001,0.00057431031101081
YOLOv4 no aug,2681,0.006127666666666667,0.0007343015577933755
YOLOv4 no aug,2682,0.00603,0.0005671675237529031
YOLOv4 no aug,2683,0.006000666666666667,0.0003941008049274252
YOLOv4 no aug,2684,0.006362666666666667,0.00041089387653964605
YOLOv4 no aug,2685,0.006258666666666667,0.0004093321118331395
YOLOv4 no aug,2686,0.006221666666666667,0.0006276794121559546
YOLOv4 no aug,2687,0.005845,0.0005350853514471624
YOLOv4 no aug,2688,0.006302333333333333,0.000911207318768774
YOLOv4 no aug,2689,0.0062053333333333335,0.0006054674043891859
YOLOv4 no aug,2690,0.0064993333333333335,0.0003187529520560469
YOLOv4 no aug,2691,0.0062503333333333334,0.00021595241245340235
YOLOv4 no aug,2692,0.006004333333333334,0.00021870401103876562
YOLOv4 no aug,2693,0.005746333333333333,0.00021241965801476834
YOLOv4 no aug,2694,0.005569999999999999,0.0001876388374866284
YOLOv4 no aug,2695,0.005383333333333333,5.782828988575672e-05
YOLOv4 no aug,2696,0.005554,0.00023915058017909974
YOLOv4 no aug,2697,0.005506,0.00017256592942988477
YOLOv4 no aug,2698,0.005252333333333334,0.000230374574214353
YOLOv4 no aug,2699,0.005106333333333333,0.00011325683692877487
YOLOv4 no aug,2700,0.005083,0.0003587538617678329
YOLOv4 no aug,2701,0.005211333333333333,0.00043434407763635717
YOLOv4 no aug,2702,0.004916,0.0003935814189381065
YOLOv4 no aug,2703,0.004626666666666667,0.0003763514905569585
YOLOv4 no aug,2704,0.0046956666666666666,0.00037471515107404506
YOLOv4 no aug,2705,0.00438,0.0003594662710185755
YOLOv4 no aug,2706,0.004360666666666666,0.0004420823201370733
YOLOv4 no aug,2707,0.004254666666666667,0.0003736318746811866
YOLOv4 no aug,2708,0.004553,0.00030539537215441457
YOLOv4 no aug,2709,0.005196,0.0008301493841472149
YOLOv4 no aug,2710,0.004986,0.0007624099946878977
YOLOv4 no aug,2711,0.005677666666666667,0.0008269601629529148
YOLOv4 no aug,2712,0.005527666666666667,0.0006479378399541461
YOLOv4 no aug,2713,0.005412666666666667,0.0006031529196186025
YOLOv4 no aug,2714,0.005348666666666666,0.0005468669348611638
YOLOv4 no aug,2715,0.0051340000000000005,0.000491628925105104
YOLOv4 no aug,2716,0.004858333333333333,0.000505693363391075
YOLOv4 no aug,2717,0.00503,0.0002738119792850562
YOLOv4 no aug,2718,0.005060333333333333,0.00019271423864825814
YOLOv4 no aug,2719,0.005616333333333333,0.0002676081297552657
YOLOv4 no aug,2720,0.005509,9.836157786453009e-05
YOLOv4 no aug,2721,0.005695666666666666,0.0003372725571074197
YOLOv4 no aug,2722,0.005582666666666666,0.00027668172649775375
YOLOv4 no aug,2723,0.005592666666666667,0.0002548766586235607
YOLOv4 no aug,2724,0.005486,0.0003045411849542413
YOLOv4 no aug,2725,0.005477,0.00041713467050022733
YOLOv4 no aug,2726,0.005324,0.00036332354726882214
YOLOv4 no aug,2727,0.005373,0.00020378011024958589
YOLOv4 no aug,2728,0.0051336666666666675,0.00020782792027166232
YOLOv4 no aug,2729,0.005082666666666667,0.0003520119947451287
YOLOv4 no aug,2730,0.004971333333333334,0.00028271088490619626
YOLOv4 no aug,2731,0.005105999999999999,0.00015544452386623354
YOLOv4 no aug,2732,0.00503,0.0001634778272427181
YOLOv4 no aug,2733,0.004988,0.0002732928831857865
YOLOv4 no aug,2734,0.005052666666666666,0.0003231147027157866
YOLOv4 no aug,2735,0.004894666666666666,0.00024219299008114252
YOLOv4 no aug,2736,0.00494,0.0003645440074028558
YOLOv4 no aug,2737,0.00486,0.00040479418638776583
YOLOv4 no aug,2738,0.004851,0.0003994174925229657
YOLOv4 no aug,2739,0.0046500000000000005,0.00031800052410858274
YOLOv4 no aug,2740,0.004632333333333333,0.00031864103802101677
YOLOv4 no aug,2741,0.004693,0.00033736034147480946
YOLOv4 no aug,2742,0.004476999999999999,0.000246609678101516
YOLOv4 no aug,2743,0.004516666666666666,0.0003218619441796609
YOLOv4 no aug,2744,0.004755666666666667,0.00014795982938321846
YOLOv4 no aug,2745,0.0045833333333333325,0.00022175461914267122
YOLOv4 no aug,2746,0.0045446666666666665,9.364175232116169e-05
YOLOv4 no aug,2747,0.0047086666666666666,0.00020556777741443608
YOLOv4 no aug,2748,0.004747,0.0002886110415998204
YOLOv4 no aug,2749,0.0054013333333333335,0.00010846863345891498
YOLOv4 no aug,2750,0.005532,0.000139631658301404
YOLOv4 no aug,2751,0.005415333333333334,0.00014604831772776824
YOLOv4 no aug,2752,0.005595999999999999,0.00010169234648356446
YOLOv4 no aug,2753,0.005532,0.00021742814905158895
YOLOv4 no aug,2754,0.005409333333333333,0.0001581521770672512
YOLOv4 no aug,2755,0.005387333333333333,0.00019924886727685847
YOLOv4 no aug,2756,0.00605,0.0006271796659118766
YOLOv4 no aug,2757,0.005665666666666666,0.0005209454012764784
YOLOv4 no aug,2758,0.005954333333333333,0.0007835301171266134
YOLOv4 no aug,2759,0.005661666666666666,0.0007081290685869192
YOLOv4 no aug,2760,0.005624333333333333,0.0005474121948870989
YOLOv4 no aug,2761,0.005470333333333333,0.0004397629411904152
YOLOv4 no aug,2762,0.005211,0.00042252218876646
YOLOv4 no aug,2763,0.005093666666666667,0.0002699767479699769
YOLOv4 no aug,2764,0.005272666666666666,0.0004071127334999213
YOLOv4 no aug,2765,0.005279333333333334,0.0005195126990213471
YOLOv4 no aug,2766,0.004949666666666667,0.0004892798562967599
YOLOv4 no aug,2767,0.004953666666666667,0.00036748529826980097
YOLOv4 no aug,2768,0.0048270000000000006,0.00035646224671531955
YOLOv4 no aug,2769,0.004994333333333333,0.00043552509814144037
YOLOv4 no aug,2770,0.0047863333333333325,0.0003559739378724858
YOLOv4 no aug,2771,0.005134666666666667,0.00041160593344173797
YOLOv4 no aug,2772,0.005144333333333333,0.0005083903793127658
YOLOv4 no aug,2773,0.005017333333333333,0.00038299883956888306
YOLOv4 no aug,2774,0.005059999999999999,0.00044086997327254354
YOLOv4 no aug,2775,0.005046666666666667,0.0004238287127812105
YOLOv4 no aug,2776,0.005158333333333333,0.0006450752755385305
YOLOv4 no aug,2777,0.005037666666666667,0.0006494259858606762
YOLOv4 no aug,2778,0.0048326666666666665,0.0005877574140559842
YOLOv4 no aug,2779,0.004848,0.00037681604707513885
YOLOv4 no aug,2780,0.0049440000000000005,0.000370408333239593
YOLOv4 no aug,2781,0.005799666666666666,0.0007342355056640734
YOLOv4 no aug,2782,0.005597333333333333,0.0005771453697100738
YOLOv4 no aug,2783,0.005481333333333334,0.000530898713922387
YOLOv4 no aug,2784,0.005319666666666667,0.00037021855407012996
YOLOv4 no aug,2785,0.005136666666666667,0.0003180515332108585
YOLOv4 no aug,2786,0.004913,0.0002764398668788566
YOLOv4 no aug,2787,0.0048000000000000004,0.0003231862208283845
YOLOv4 no aug,2788,0.0049766666666666666,0.0003202136439594317
YOLOv4 no aug,2789,0.005262666666666666,0.0005428763927246955
YOLOv4 no aug,2790,0.005839666666666667,0.0007360580442087735
YOLOv4 no aug,2791,0.005619333333333334,0.0005959508741871635
YOLOv4 no aug,2792,0.0054069999999999995,0.0004382373785974903
YOLOv4 no aug,2793,0.005169333333333334,0.00033209352765615753
YOLOv4 no aug,2794,0.004969333333333333,0.0002366694835513112
YOLOv4 no aug,2795,0.004754,0.00014252368224263622
YOLOv4 no aug,2796,0.004785666666666667,0.00015879686534829479
YOLOv4 no aug,2797,0.004964,9.584883932526258e-05
YOLOv4 no aug,2798,0.004743333333333333,0.00012590649087495232
YOLOv4 no aug,2799,0.004663333333333333,0.00012507242346381195
YOLOv4 no aug,2800,0.004701,0.00027450743766487174
YOLOv4 no aug,2801,0.0049,0.00018367725317342202
YOLOv4 no aug,2802,0.005515666666666666,0.0007942145665862456
YOLOv4 no aug,2803,0.005438333333333333,0.0008813842017594321
YOLOv4 no aug,2804,0.005142,0.0007804007517508767
YOLOv4 no aug,2805,0.005381333333333333,0.001169838212935637
YOLOv4 no aug,2806,0.006083333333333334,0.0015453677376095455
YOLOv4 no aug,2807,0.005961666666666666,0.0013364912187432349
YOLOv4 no aug,2808,0.005775333333333334,0.0012620302866589396
YOLOv4 no aug,2809,0.0057,0.0011985701203239354
YOLOv4 no aug,2810,0.005522333333333333,0.0010439291695853272
YOLOv4 no aug,2811,0.0054263333333333325,0.0008685116259696497
YOLOv4 no aug,2812,0.005390666666666668,0.0008289634759411567
YOLOv4 no aug,2813,0.005234333333333334,0.0008128979709109324
YOLOv4 no aug,2814,0.005495,0.0006263069002760015
YOLOv4 no aug,2815,0.005298,0.0005168020252798295
YOLOv4 no aug,2816,0.005731333333333334,0.001058996432687308
YOLOv4 no aug,2817,0.005521666666666667,0.0011285433580997724
YOLOv4 no aug,2818,0.005730666666666666,0.0011975599265914743
YOLOv4 no aug,2819,0.005672,0.0012272934992630462
YOLOv4 no aug,2820,0.005418333333333333,0.0012143444504935346
YOLOv4 no aug,2821,0.005131,0.0010958106588275184
YOLOv4 no aug,2822,0.0057536666666666665,0.0017936615560851434
YOLOv4 no aug,2823,0.005429,0.0016406676486520157
YOLOv4 no aug,2824,0.005284,0.001438600129755775
YOLOv4 no aug,2825,0.004980000000000001,0.0012879752844419542
YOLOv4 no aug,2826,0.004763333333333334,0.0011946626209008878
YOLOv4 no aug,2827,0.0050806666666666665,0.0013327448284565873
YOLOv4 no aug,2828,0.005432333333333333,0.001115770934277183
YOLOv4 no aug,2829,0.005386666666666667,0.0010501035398685428
YOLOv4 no aug,2830,0.005755666666666667,0.0011130220622750976
YOLOv4 no aug,2831,0.0054589999999999994,0.001018313474983678
YOLOv4 no aug,2832,0.005464,0.000908999633296589
YOLOv4 no aug,2833,0.005119666666666667,0.0007927986994046963
YOLOv4 no aug,2834,0.004926,0.0007212121740514367
YOLOv4 no aug,2835,0.004775333333333333,0.0007268865875163133
YOLOv4 no aug,2836,0.004706999999999999,0.0005111291421940251
YOLOv4 no aug,2837,0.004821,0.00023718417597582962
YOLOv4 no aug,2838,0.00468,0.0002433029661416674
YOLOv4 no aug,2839,0.005084,0.000279704010220328
YOLOv4 no aug,2840,0.004887,0.0002683026897616447
YOLOv4 no aug,2841,0.004694333333333334,0.00023175154320473853
YOLOv4 no aug,2842,0.0047859999999999995,0.0001574240557644648
YOLOv4 no aug,2843,0.004797333333333333,0.00014005038775780342
YOLOv4 no aug,2844,0.004849666666666666,0.0002236823144054481
YOLOv4 no aug,2845,0.004915666666666666,0.0001368421637426775
YOLOv4 no aug,2846,0.004896333333333333,0.0002553796737756898
YOLOv4 no aug,2847,0.004666,0.00022530941687673274
YOLOv4 no aug,2848,0.004556666666666666,0.00012766797214302072
YOLOv4 no aug,2849,0.004866,0.0005521017418314611
YOLOv4 no aug,2850,0.004804,0.00035974203720629216
YOLOv4 no aug,2851,0.0047406666666666665,0.00038073715050908525
YOLOv4 no aug,2852,0.004841333333333334,0.0005718045509126737
YOLOv4 no aug,2853,0.004889,0.0006037154406948139
YOLOv4 no aug,2854,0.004767,0.00043577784860331445
YOLOv4 no aug,2855,0.005227666666666666,0.0008501735770483058
YOLOv4 no aug,2856,0.005475333333333333,0.0007914430561392974
YOLOv4 no aug,2857,0.005209666666666667,0.00077424852455641
YOLOv4 no aug,2858,0.0051519999999999995,0.0008332324605614771
YOLOv4 no aug,2859,0.005294,0.0007149601387490075
YOLOv4 no aug,2860,0.005258,0.0003290749661298065
YOLOv4 no aug,2861,0.0052640000000000004,0.0003678029363667451
YOLOv4 no aug,2862,0.005397666666666666,0.00044967185566563726
YOLOv4 no aug,2863,0.005508,0.00035168499162365933
YOLOv4 no aug,2864,0.005392666666666667,0.00040643873393716366
YOLOv4 no aug,2865,0.005073333333333333,0.00039309300567564286
YOLOv4 no aug,2866,0.004931666666666667,0.00037302919158931476
YOLOv4 no aug,2867,0.005012666666666666,0.0004976807321075543
YOLOv4 no aug,2868,0.005306666666666667,0.00040384499226532166
YOLOv4 no aug,2869,0.005351333333333333,0.0005091837694890824
YOLOv4 no aug,2870,0.005121333333333333,0.0005176145069236158
YOLOv4 no aug,2871,0.005,0.0005651392158869648
YOLOv4 no aug,2872,0.004803333333333333,0.0005589670035978074
YOLOv4 no aug,2873,0.004693333333333333,0.0004453628982202168
YOLOv4 no aug,2874,0.004522666666666667,0.00041852492292707144
YOLOv4 no aug,2875,0.004388,0.0004635439569231812
YOLOv4 no aug,2876,0.004373666666666666,0.00042377719512865614
YOLOv4 no aug,2877,0.004526666666666667,0.000496420632573269
YOLOv4 no aug,2878,0.0042903333333333335,0.0003825568948245185
YOLOv4 no aug,2879,0.0045119999999999995,0.000395582271257615
YOLOv4 no aug,2880,0.004746,0.0005721331430124751
YOLOv4 no aug,2881,0.004791666666666666,0.0006452176204799262
YOLOv4 no aug,2882,0.004606333333333333,0.0006097246190790652
YOLOv4 no aug,2883,0.004779333333333333,0.0006486931306694851
YOLOv4 no aug,2884,0.0045716666666666675,0.0005733708321070327
YOLOv4 no aug,2885,0.004687666666666667,0.0005663807121637453
YOLOv4 no aug,2886,0.004709333333333333,0.00042683343095144006
YOLOv4 no aug,2887,0.004763333333333334,0.00044856561516807235
YOLOv4 no aug,2888,0.004608999999999999,0.0004093779834496883
YOLOv4 no aug,2889,0.004570333333333333,0.0003171625941234421
YOLOv4 no aug,2890,0.005045999999999999,0.0006535617797882616
YOLOv4 no aug,2891,0.005043666666666667,0.0007936685566266173
YOLOv4 no aug,2892,0.004805,0.0007061631067489532
YOLOv4 no aug,2893,0.004853666666666667,0.0007374867983752509
YOLOv4 no aug,2894,0.005149333333333334,0.0006360970401160852
YOLOv4 no aug,2895,0.005226000000000001,0.0006936471245044799
YOLOv4 no aug,2896,0.005570000000000001,0.0011296708960282786
YOLOv4 no aug,2897,0.005457666666666666,0.0008266713037504355
YOLOv4 no aug,2898,0.005184666666666666,0.0008141806378876321
YOLOv4 no aug,2899,0.0050940000000000004,0.0007767015728922745
YOLOv4 no aug,2900,0.004905666666666667,0.0007667370982140998
YOLOv4 no aug,2901,0.004787,0.0007537930750544209
YOLOv4 no aug,2902,0.004589333333333333,0.0006938651005619016
YOLOv4 no aug,2903,0.004555666666666666,0.0005767842847296649
YOLOv4 no aug,2904,0.004758,0.00040279564711318965
YOLOv4 no aug,2905,0.004924666666666667,0.0005731859306639612
YOLOv4 no aug,2906,0.004690000000000001,0.0005987857157058221
YOLOv4 no aug,2907,0.005218666666666667,0.0005339339326587555
YOLOv4 no aug,2908,0.005213666666666666,0.0005644455489927951
YOLOv4 no aug,2909,0.005063333333333333,0.0006633114736766667
YOLOv4 no aug,2910,0.005283,0.000897147888217619
YOLOv4 no aug,2911,0.005206333333333334,0.00071781295923412
YOLOv4 no aug,2912,0.005193666666666667,0.0008668999045128824
YOLOv4 no aug,2913,0.005030666666666667,0.0008744844830590827
YOLOv4 no aug,2914,0.004743999999999999,0.0007673619311207283
YOLOv4 no aug,2915,0.004991,0.0005303294573501771
YOLOv4 no aug,2916,0.004844,0.00048172225746101173
YOLOv4 no aug,2917,0.005129666666666667,0.0009374597472839982
YOLOv4 no aug,2918,0.005066333333333333,0.0007782667351950172
YOLOv4 no aug,2919,0.004970666666666667,0.0007682094621766762
YOLOv4 no aug,2920,0.004759333333333334,0.0007732361289484028
YOLOv4 no aug,2921,0.0050943333333333335,0.0009545341504862173
YOLOv4 no aug,2922,0.004961666666666666,0.0010618418484459498
YOLOv4 no aug,2923,0.004992333333333334,0.0008855157317129445
YOLOv4 no aug,2924,0.005026666666666666,0.000766212401651425
YOLOv4 no aug,2925,0.005046333333333333,0.0006956321665299207
YOLOv4 no aug,2926,0.006673666666666667,0.0021869159664798378
YOLOv4 no aug,2927,0.006633666666666666,0.0019901629190708092
YOLOv4 no aug,2928,0.006510333333333333,0.0018421520325725322
YOLOv4 no aug,2929,0.006107333333333333,0.0016182867827153234
YOLOv4 no aug,2930,0.005767666666666667,0.001409848967482372
YOLOv4 no aug,2931,0.005579,0.0014563685431007265
YOLOv4 no aug,2932,0.005821666666666666,0.001398079794257506
YOLOv4 no aug,2933,0.005553333333333333,0.0013233010911269504
YOLOv4 no aug,2934,0.005222333333333333,0.0012170146990804088
YOLOv4 no aug,2935,0.0048516666666666665,0.0010901847447922657
YOLOv4 no aug,2936,0.0048716666666666665,0.0010444389775270634
YOLOv4 no aug,2937,0.004926,0.0009338715115046609
YOLOv4 no aug,2938,0.004893000000000001,0.0009200306154326241
YOLOv4 no aug,2939,0.004670333333333333,0.000832537553373887
YOLOv4 no aug,2940,0.004655,0.0006584757651829971
YOLOv4 no aug,2941,0.004578666666666667,0.0006303164108428225
YOLOv4 no aug,2942,0.005061666666666667,0.0006572701964269421
YOLOv4 no aug,2943,0.004855000000000001,0.0005295623979601773
YOLOv4 no aug,2944,0.004714333333333333,0.0003743404570411511
YOLOv4 no aug,2945,0.004636,0.0004164208608287215
YOLOv4 no aug,2946,0.004697333333333334,0.0002558686729120581
YOLOv4 no aug,2947,0.005055666666666667,0.0003442563644211164
YOLOv4 no aug,2948,0.005281333333333332,0.0004894317566775214
YOLOv4 no aug,2949,0.006088,0.0006256572544133088
YOLOv4 no aug,2950,0.005965666666666667,0.0006382952120905953
YOLOv4 no aug,2951,0.005589,0.0005321995239882627
YOLOv4 no aug,2952,0.005547666666666667,0.0003053720863325774
YOLOv4 no aug,2953,0.005393666666666667,0.000369836149906655
YOLOv4 no aug,2954,0.005544,0.0007551028627500584
YOLOv4 no aug,2955,0.005416666666666667,0.0009264920099193755
YOLOv4 no aug,2956,0.005115666666666667,0.0008031291580091239
YOLOv4 no aug,2957,0.005116666666666666,0.0009480345164836798
YOLOv4 no aug,2958,0.004878666666666667,0.0008696486519151155
YOLOv4 no aug,2959,0.004698333333333333,0.0008093496017036012
YOLOv4 no aug,2960,0.004587000000000001,0.0008328823446321816
YOLOv4 no aug,2961,0.004624333333333334,0.00098858389179225
YOLOv4 no aug,2962,0.0044529999999999995,0.0008847967751598857
YOLOv4 no aug,2963,0.005037666666666667,0.0005058673519587697
YOLOv4 no aug,2964,0.004948,0.0004968665146025975
YOLOv4 no aug,2965,0.004831666666666667,0.0003551695995499115
YOLOv4 no aug,2966,0.004539333333333334,0.0002809088424698976
YOLOv4 no aug,2967,0.004325666666666667,0.0003445926741982643
YOLOv4 no aug,2968,0.004430000000000001,0.0004526470295200592
YOLOv4 no aug,2969,0.004241666666666667,0.0003814954492228941
YOLOv4 no aug,2970,0.004554,0.0008054638415223865
YOLOv4 no aug,2971,0.0044276666666666666,0.0006874305621499365
YOLOv4 no aug,2972,0.004247333333333334,0.0006449398766121107
YOLOv4 no aug,2973,0.0043026666666666664,0.0008861290976927557
YOLOv4 no aug,2974,0.004413,0.0007097379798207224
YOLOv4 no aug,2975,0.004189333333333334,0.0006106298205769007
YOLOv4 no aug,2976,0.004442,0.0009949785592329782
YOLOv4 no aug,2977,0.004408666666666667,0.0010471555652231323
YOLOv4 no aug,2978,0.004490666666666666,0.0008478856710141475
YOLOv4 no aug,2979,0.004300333333333333,0.0007805866027830894
YOLOv4 no aug,2980,0.004288333333333334,0.000784450834094216
YOLOv4 no aug,2981,0.004412666666666667,0.0005028407081549561
YOLOv4 no aug,2982,0.004404,0.0003417547853846868
YOLOv4 no aug,2983,0.004184666666666666,0.00036723577046784425
YOLOv4 no aug,2984,0.004529333333333333,0.0007169979854303016
YOLOv4 no aug,2985,0.004776,0.0007563103419452452
YOLOv4 no aug,2986,0.004990666666666667,0.0005047363448155658
YOLOv4 no aug,2987,0.004827333333333334,0.0003849096575099727
YOLOv4 no aug,2988,0.004711666666666667,0.0003435521956138705
YOLOv4 no aug,2989,0.004497,0.00032032535543308666
YOLOv4 no aug,2990,0.004434666666666667,0.00029913894950526115
YOLOv4 no aug,2991,0.004445,0.0005246964201643969
YOLOv4 no aug,2992,0.004345333333333334,0.0005391605615316378
YOLOv4 no aug,2993,0.004521333333333333,0.0004916751411699035
YOLOv4 no aug,2994,0.00477,0.00023051464161740352
YOLOv4 no aug,2995,0.005260333333333333,0.0008912224438626108
YOLOv4 no aug,2996,0.005312000000000001,0.0009710248881122117
YOLOv4 no aug,2997,0.0051600000000000005,0.0008747332926860241
YOLOv4 no aug,2998,0.004857333333333333,0.0007383606465978834
YOLOv4 no aug,2999,0.004927,0.0006645863375062716
YOLOv4 no aug,3000,0.0050683333333333335,0.0008599917312263982
YOLOv4 no aug,3001,0.0050876666666666666,0.000741372001389616
YOLOv4 no aug,3002,0.005005666666666666,0.0006164528458131337
YOLOv4 no aug,3003,0.004872666666666667,0.0004859123149064839
YOLOv4 no aug,3004,0.004648333333333333,0.0004583195149432083
YOLOv4 no aug,3005,0.004418666666666667,0.000369483573533535
YOLOv4 no aug,3006,0.004187666666666667,0.0003119756044593515
YOLOv4 no aug,3007,0.004249666666666666,0.0005041522036492993
YOLOv4 no aug,3008,0.004260333333333334,0.00045961807816683814
YOLOv4 no aug,3009,0.004252666666666667,0.0003597750840610161
YOLOv4 no aug,3010,0.004171333333333333,0.0004526699803511506
YOLOv4 no aug,3011,0.003962333333333333,0.0003464295663543233
YOLOv4 no aug,3012,0.0038016666666666667,0.0002511482519239273
YOLOv4 no aug,3013,0.003642333333333333,0.00026012966852022947
YOLOv4 no aug,3014,0.004095666666666667,0.000872545000431369
YOLOv4 no aug,3015,0.004079999999999999,0.0009070066151908706
YOLOv4 no aug,3016,0.003865,0.0008550070175150611
YOLOv4 no aug,3017,0.003828,0.0006763477902184153
YOLOv4 no aug,3018,0.0036433333333333335,0.0006011955681066779
YOLOv4 no aug,3019,0.0034323333333333337,0.000512754110444546
YOLOv4 no aug,3020,0.0037443333333333335,0.0005168469577909673
YOLOv4 no aug,3021,0.003758333333333334,0.0006218339363885221
YOLOv4 no aug,3022,0.003814,0.0005410831729041294
YOLOv4 no aug,3023,0.0037506666666666673,0.00040167164588891634
YOLOv4 no aug,3024,0.003927,0.00014602853602407084
YOLOv4 no aug,3025,0.0037916666666666667,6.759273465231133e-05
YOLOv4 no aug,3026,0.0037136666666666668,7.916298237040949e-05
YOLOv4 no aug,3027,0.003951666666666667,0.00020572824577852966
YOLOv4 no aug,3028,0.003918666666666667,0.00018084278009119164
YOLOv4 no aug,3029,0.003971333333333334,7.902390636875505e-05
YOLOv4 no aug,3030,0.0040613333333333335,2.391884426788016e-05
YOLOv4 no aug,3031,0.0039373333333333335,7.502073787367808e-05
YOLOv4 no aug,3032,0.003809,9.272180613713965e-05
YOLOv4 no aug,3033,0.0037576666666666665,7.554763030330234e-05
YOLOv4 no aug,3034,0.003804,2.165640782770771e-05
YOLOv4 no aug,3035,0.004301333333333333,0.0006783878765950284
YOLOv4 no aug,3036,0.004307666666666667,0.0007449913496887805
YOLOv4 no aug,3037,0.004358333333333333,0.0008034522042066005
YOLOv4 no aug,3038,0.0041990000000000005,0.0007917518550657145
YOLOv4 no aug,3039,0.003886,0.0007249174665665972
YOLOv4 no aug,3040,0.0037300000000000002,0.0006206128691328704
YOLOv4 no aug,3041,0.0035159999999999996,0.000511202503906231
YOLOv4 no aug,3042,0.004105333333333333,0.0002026428165791009
YOLOv4 no aug,3043,0.004285,0.0003956644201003337
YOLOv4 no aug,3044,0.004468666666666667,0.0004597188754493823
YOLOv4 no aug,3045,0.005219666666666667,0.00013336707906292966
YOLOv4 no aug,3046,0.005074666666666667,0.0001296987963621012
YOLOv4 no aug,3047,0.005138666666666666,0.00028402132157834736
YOLOv4 no aug,3048,0.005493333333333334,0.00040448169852843095
YOLOv4 no aug,3049,0.005412333333333334,0.0002973921840114684
YOLOv4 no aug,3050,0.0050669999999999995,0.00029416491973041257
YOLOv4 no aug,3051,0.004764333333333333,0.00028660852123487974
YOLOv4 no aug,3052,0.004675666666666667,0.00046596935998458587
YOLOv4 no aug,3053,0.004816333333333333,0.0004984299794800111
YOLOv4 no aug,3054,0.004615,0.0005012913324604765
YOLOv4 no aug,3055,0.004549333333333333,0.0005533173692476236
YOLOv4 no aug,3056,0.004613,0.0005558788836908031
YOLOv4 no aug,3057,0.004873666666666667,0.0006891381896575204
YOLOv4 no aug,3058,0.004783666666666666,0.000524527194507375
YOLOv4 no aug,3059,0.004729666666666667,0.00025702226449170597
YOLOv4 no aug,3060,0.004615333333333333,0.00026931167404659203
YOLOv4 no aug,3061,0.004487666666666667,0.00024791284310776983
YOLOv4 no aug,3062,0.0043089999999999995,0.00030782949826161895
YOLOv4 no aug,3063,0.00407,0.00025164326602024025
YOLOv4 no aug,3064,0.004334333333333333,0.0003785169891974615
YOLOv4 no aug,3065,0.004115333333333333,0.00033889296901004666
YOLOv4 no aug,3066,0.004012,0.00022693831761075518
YOLOv4 no aug,3067,0.003922666666666666,0.000246273786217246
YOLOv4 no aug,3068,0.003723666666666667,0.00027687321607150424
YOLOv4 no aug,3069,0.0037643333333333335,0.00038694070748773805
YOLOv4 no aug,3070,0.0039366666666666664,0.0004907179547470331
YOLOv4 no aug,3071,0.00393,0.0004346151554344755
YOLOv4 no aug,3072,0.004010666666666667,0.0004831581291645396
YOLOv4 no aug,3073,0.003981333333333333,0.00032973743763451823
YOLOv4 no aug,3074,0.003737666666666667,0.0003065758923623609
YOLOv4 no aug,3075,0.004031333333333334,0.00012628583099901235
YOLOv4 no aug,3076,0.0041196666666666664,0.00037264206835931876
YOLOv4 no aug,3077,0.004178,0.00039953139217504944
YOLOv4 no aug,3078,0.004016666666666667,0.00035108229487938844
YOLOv4 no aug,3079,0.004117,0.00032748485970092325
YOLOv4 no aug,3080,0.003947333333333333,0.000288644148467355
YOLOv4 no aug,3081,0.0037756666666666668,0.0002712393367079669
YOLOv4 no aug,3082,0.003793,0.00022357772697654825
YOLOv4 no aug,3083,0.0037526666666666667,0.00027070053154321257
YOLOv4 no aug,3084,0.003610333333333333,0.00015212969612946858
YOLOv4 no aug,3085,0.003871666666666667,0.00030198804244171295
YOLOv4 no aug,3086,0.0037476666666666665,0.00022607545446401555
YOLOv4 no aug,3087,0.003921333333333333,0.0004400989787662671
YOLOv4 no aug,3088,0.003917,0.0003076735282730706
YOLOv4 no aug,3089,0.003908333333333333,0.0003469891128615485
YOLOv4 no aug,3090,0.004126333333333333,0.00039490097211551396
YOLOv4 no aug,3091,0.004235,0.000441681257620621
YOLOv4 no aug,3092,0.004107,0.0003663909569480847
YOLOv4 no aug,3093,0.004052333333333333,0.00021371034394972822
YOLOv4 no aug,3094,0.003946333333333334,0.000150029256406135
YOLOv4 no aug,3095,0.0038283333333333333,0.00010516706286243381
YOLOv4 no aug,3096,0.003942,0.00011650321883965266
YOLOv4 no aug,3097,0.003812,0.00019167941986556605
YOLOv4 no aug,3098,0.004012666666666667,0.00021451055400091101
YOLOv4 no aug,3099,0.004119333333333333,0.000334327351225977
YOLOv4 no aug,3100,0.003974,0.00019393383751510027
YOLOv4 no aug,3101,0.003814,0.00012646870495633815
YOLOv4 no aug,3102,0.004025666666666666,2.796028930068123e-05
YOLOv4 no aug,3103,0.0038933333333333333,1.334582747944508e-05
YOLOv4 no aug,3104,0.003952,0.00014396643127247868
YOLOv4 no aug,3105,0.004612666666666667,0.0004047692072170401
YOLOv4 no aug,3106,0.004478666666666666,0.000508366774856282
YOLOv4 no aug,3107,0.004402,0.0005061781636275249
YOLOv4 no aug,3108,0.004316666666666667,0.0006337992146133067
YOLOv4 no aug,3109,0.004305666666666667,0.0005122480952732875
YOLOv4 no aug,3110,0.004513,0.0005378311383076786
YOLOv4 no aug,3111,0.0043553333333333335,0.0004864649125179649
YOLOv4 no aug,3112,0.004493333333333333,0.0006231779663770035
YOLOv4 no aug,3113,0.004474666666666666,0.0007407152699324559
YOLOv4 no aug,3114,0.004582666666666667,0.00050949332129523
YOLOv4 no aug,3115,0.004657333333333334,0.0004186236708283203
YOLOv4 no aug,3116,0.004701333333333334,0.0005933352996222101
YOLOv4 no aug,3117,0.004847,0.0006910291841401008
YOLOv4 no aug,3118,0.004598666666666667,0.0007207899216214883
YOLOv4 no aug,3119,0.004488666666666666,0.0005563096659635211
YOLOv4 no aug,3120,0.0045320000000000004,0.0006306681641983632
YOLOv4 no aug,3121,0.004444333333333334,0.0005004602326303705
YOLOv4 no aug,3122,0.004315333333333333,0.00040617620697316957
YOLOv4 no aug,3123,0.004185,0.0003392231320728781
YOLOv4 no aug,3124,0.004281333333333334,0.0002685022242821174
YOLOv4 no aug,3125,0.004199333333333333,0.00031404953607848407
YOLOv4 no aug,3126,0.004227000000000001,0.0005031133073175465
YOLOv4 no aug,3127,0.0042239999999999995,0.00038919275430048813
YOLOv4 no aug,3128,0.004115,0.0003256731490313562
YOLOv4 no aug,3129,0.004163,0.0004948144433354117
YOLOv4 no aug,3130,0.004092666666666667,0.000482839287732241
YOLOv4 no aug,3131,0.0038913333333333334,0.0004772980666674071
YOLOv4 no aug,3132,0.003759666666666667,0.0005193384680961392
YOLOv4 no aug,3133,0.003965333333333334,0.0003822954064303911
YOLOv4 no aug,3134,0.004104,0.0001988072768621244
YOLOv4 no aug,3135,0.0038496666666666666,0.00016342310458166898
YOLOv4 no aug,3136,0.003783,0.00027323494164058394
YOLOv4 no aug,3137,0.0036350000000000006,0.00033039219119101467
YOLOv4 no aug,3138,0.0035203333333333336,0.00035926096983174294
YOLOv4 no aug,3139,0.0036066666666666664,0.0003910176182447254
YOLOv4 no aug,3140,0.0035620000000000005,0.0005342745860822253
YOLOv4 no aug,3141,0.0037883333333333332,0.00043400934449745564
YOLOv4 no aug,3142,0.003685666666666667,0.0003782214225086204
YOLOv4 no aug,3143,0.0038946666666666665,0.0005788924290785331
YOLOv4 no aug,3144,0.004085666666666667,0.0005000924359000489
YOLOv4 no aug,3145,0.003971666666666667,0.0004179929558151803
YOLOv4 no aug,3146,0.003838,0.00035083899441196685
YOLOv4 no aug,3147,0.0038360000000000004,0.0002612763543325981
YOLOv4 no aug,3148,0.0037333333333333333,0.00021357070127815849
YOLOv4 no aug,3149,0.0037289999999999997,4.105281151557503e-05
YOLOv4 no aug,3150,0.003679333333333333,0.0001314741208163966
YOLOv4 no aug,3151,0.003702333333333333,6.748909376912524e-05
YOLOv4 no aug,3152,0.0036033333333333334,0.00015899720472735087
YOLOv4 no aug,3153,0.003561,0.00019277966697761462
YOLOv4 no aug,3154,0.004129666666666667,0.0007102901598016905
YOLOv4 no aug,3155,0.0039176666666666665,0.0006437971557701834
YOLOv4 no aug,3156,0.0037800000000000004,0.0005355411593270244
YOLOv4 no aug,3157,0.003737666666666667,0.0005494874379314275
YOLOv4 no aug,3158,0.0036283333333333337,0.0005508697163980287
YOLOv4 no aug,3159,0.0035186666666666665,0.0005587982144248893
YOLOv4 no aug,3160,0.003897,0.00059743814184678
YOLOv4 no aug,3161,0.003853,0.0005451470749562301
YOLOv4 no aug,3162,0.003741,0.0005473338408442634
YOLOv4 no aug,3163,0.003616666666666667,0.00043954762098219935
YOLOv4 no aug,3164,0.0036256666666666664,0.0005282222806525466
YOLOv4 no aug,3165,0.004399333333333333,0.0005163465675084688
YOLOv4 no aug,3166,0.00425,0.00039457825586314326
YOLOv4 no aug,3167,0.003969333333333333,0.0003637294476820802
YOLOv4 no aug,3168,0.004018666666666667,0.0005199424113410168
YOLOv4 no aug,3169,0.004239,0.0007311992432527083
YOLOv4 no aug,3170,0.004235333333333333,0.0008788102437070497
YOLOv4 no aug,3171,0.004157,0.0008008934594147547
YOLOv4 no aug,3172,0.004045,0.0007401312946588148
YOLOv4 no aug,3173,0.003896,0.0007127344058857644
YOLOv4 no aug,3174,0.0038510000000000003,0.0005505200571580778
YOLOv4 no aug,3175,0.003623,0.0005074682256062936
YOLOv4 no aug,3176,0.003890333333333333,0.0006764971873145107
YOLOv4 no aug,3177,0.003783333333333333,0.0006875988009814381
YOLOv4 no aug,3178,0.004148333333333333,0.0004846790461509326
YOLOv4 no aug,3179,0.003994666666666666,0.00040356797582453334
YOLOv4 no aug,3180,0.004049666666666667,0.000355704621529968
YOLOv4 no aug,3181,0.003978666666666667,0.0003924140387113818
YOLOv4 no aug,3182,0.004406,0.0006004267926511386
YOLOv4 no aug,3183,0.004305333333333334,0.0003804884287917893
YOLOv4 no aug,3184,0.0043623333333333335,0.00042782641859105013
YOLOv4 no aug,3185,0.004366666666666666,0.00048549711064479513
YOLOv4 no aug,3186,0.004234333333333333,0.0005537678013190887
YOLOv4 no aug,3187,0.004398333333333333,0.0006919456465487575
YOLOv4 no aug,3188,0.004354,0.0006769224475521553
YOLOv4 no aug,3189,0.0041196666666666664,0.0005716060220505417
YOLOv4 no aug,3190,0.003909333333333333,0.0005636654839333146
YOLOv4 no aug,3191,0.0038209999999999997,0.0004923941510619312
YOLOv4 no aug,3192,0.004111,0.0007746399163482347
YOLOv4 no aug,3193,0.004193333333333333,0.0009646509443547155
YOLOv4 no aug,3194,0.004131666666666666,0.0008187715052307192
YOLOv4 no aug,3195,0.004028,0.0008185371097268589
YOLOv4 no aug,3196,0.004063333333333333,0.0008415197231464301
YOLOv4 no aug,3197,0.003881333333333334,0.0007757646407112004
YOLOv4 no aug,3198,0.003726,0.0007337781226865062
YOLOv4 no aug,3199,0.003767333333333333,0.000772613386141118
YOLOv4 no aug,3200,0.0035999999999999995,0.0006807711313894951
YOLOv4 no aug,3201,0.0034963333333333335,0.000590753849848743
YOLOv4 no aug,3202,0.0034156666666666662,0.0006183088045449281
YOLOv4 no aug,3203,0.0036073333333333335,0.0006095797277177486
YOLOv4 no aug,3204,0.003612,0.0006154464504189891
YOLOv4 no aug,3205,0.0037576666666666665,0.0006628515000443999
YOLOv4 no aug,3206,0.004148666666666667,0.0007685920750162455
YOLOv4 no aug,3207,0.0039703333333333335,0.0007438049326118898
YOLOv4 no aug,3208,0.0037923333333333333,0.0007151177836164087
YOLOv4 no aug,3209,0.0037033333333333328,0.0005861036123796239
YOLOv4 no aug,3210,0.0035493333333333336,0.0005156795947528314
YOLOv4 no aug,3211,0.0034143333333333335,0.0005100984654401976
YOLOv4 no aug,3212,0.0033913333333333334,0.000397905069639034
YOLOv4 no aug,3213,0.003304333333333333,0.0003989629612438283
YOLOv4 no aug,3214,0.0034113333333333335,0.0005014181001032084
YOLOv4 no aug,3215,0.0033736666666666667,0.0005336095118259336
YOLOv4 no aug,3216,0.0032283333333333335,0.0005119219775621195
YOLOv4 no aug,3217,0.003225666666666666,0.00048750396009787563
YOLOv4 no aug,3218,0.003325,0.00032475991131911575
YOLOv4 no aug,3219,0.0034489999999999994,0.00047051496610982875
YOLOv4 no aug,3220,0.0032636666666666665,0.0004329269889690151
YOLOv4 no aug,3221,0.0031893333333333335,0.0004073591099318198
YOLOv4 no aug,3222,0.0037176666666666664,0.0007697731989214601
YOLOv4 no aug,3223,0.003970666666666667,0.0008626877251422506
YOLOv4 no aug,3224,0.003752333333333333,0.0008028095110990597
YOLOv4 no aug,3225,0.003531666666666667,0.0007164954834315271
YOLOv4 no aug,3226,0.003336,0.0006644787430761049
YOLOv4 no aug,3227,0.0031643333333333332,0.0006497436246534302
YOLOv4 no aug,3228,0.0031093333333333333,0.0006069959728952994
YOLOv4 no aug,3229,0.0030900000000000003,0.0006174255690634568
YOLOv4 no aug,3230,0.003078666666666667,0.0005456025211737123
YOLOv4 no aug,3231,0.0030729999999999998,0.0005805534715539418
YOLOv4 no aug,3232,0.0031453333333333333,0.0005930020610794236
YOLOv4 no aug,3233,0.003210666666666667,0.0005234482888606199
YOLOv4 no aug,3234,0.003131,0.0003734719980578642
YOLOv4 no aug,3235,0.0033003333333333335,0.00038242835204054177
YOLOv4 no aug,3236,0.0032063333333333336,0.0003373802668272767
YOLOv4 no aug,3237,0.0036903333333333337,0.0006174758654752786
YOLOv4 no aug,3238,0.0036663333333333335,0.0004573231291378609
YOLOv4 no aug,3239,0.003528,0.00044452708953823426
YOLOv4 no aug,3240,0.0034166666666666664,0.00042108761294744557
YOLOv4 no aug,3241,0.0033519999999999995,0.00043221098243026326
YOLOv4 no aug,3242,0.003328,0.0005364478850115205
YOLOv4 no aug,3243,0.003195333333333333,0.000519204947759339
YOLOv4 no aug,3244,0.0030556666666666666,0.00048345642110857434
YOLOv4 no aug,3245,0.0031263333333333334,0.0003109439034795684
YOLOv4 no aug,3246,0.0030556666666666666,0.0002988451847436134
YOLOv4 no aug,3247,0.003057666666666667,0.00026867473106176386
YOLOv4 no aug,3248,0.0033063333333333334,0.00019264849972020135
YOLOv4 no aug,3249,0.0032896666666666664,0.00015941594789871066
YOLOv4 no aug,3250,0.0032073333333333333,0.00019542802028140978
YOLOv4 no aug,3251,0.003231333333333333,0.0003212850931977878
YOLOv4 no aug,3252,0.0033483333333333334,0.00024331894934655443
YOLOv4 no aug,3253,0.0034553333333333333,0.00021311212489621002
YOLOv4 no aug,3254,0.003678666666666667,8.800820668803815e-05
YOLOv4 no aug,3255,0.003663666666666666,0.00019320484235937536
YOLOv4 no aug,3256,0.003585333333333333,0.00020555156152275863
YOLOv4 no aug,3257,0.003500666666666667,0.00022049741747038937
YOLOv4 no aug,3258,0.003957666666666667,0.00021773097569656406
YOLOv4 no aug,3259,0.0039369999999999995,8.423973725821629e-05
YOLOv4 no aug,3260,0.004073,0.000266672708264894
YOLOv4 no aug,3261,0.0038463333333333335,0.0002786858047654703
YOLOv4 no aug,3262,0.003865333333333333,0.000291781501203288
YOLOv4 no aug,3263,0.0038516666666666664,0.00023148242073883532
YOLOv4 no aug,3264,0.0036903333333333332,0.0002215373056118942
YOLOv4 no aug,3265,0.003814,0.00011523454343208041
YOLOv4 no aug,3266,0.003734333333333334,0.0001389176414682856
YOLOv4 no aug,3267,0.003712666666666666,0.00021910220851871338
YOLOv4 no aug,3268,0.0036469999999999996,0.0002576224627887352
YOLOv4 no aug,3269,0.00359,0.0002550418266350314
YOLOv4 no aug,3270,0.003594,0.0002160424341034265
YOLOv4 no aug,3271,0.0038983333333333335,0.00039937465006070565
YOLOv4 no aug,3272,0.0038933333333333333,0.0003465204819984592
YOLOv4 no aug,3273,0.0039183333333333336,0.00025639834459510676
YOLOv4 no aug,3274,0.004036333333333334,0.0005152168906824043
YOLOv4 no aug,3275,0.004157333333333333,0.00033306272348880133
YOLOv4 no aug,3276,0.003995666666666667,0.0002966391372994767
YOLOv4 no aug,3277,0.003941333333333334,0.00035279896699269277
YOLOv4 no aug,3278,0.0038496666666666666,0.0003385795491625434
YOLOv4 no aug,3279,0.003818,0.0001571718804366736
YOLOv4 no aug,3280,0.003618666666666667,0.0001325522957594893
YOLOv4 no aug,3281,0.0034519999999999998,0.00013841363131329707
YOLOv4 no aug,3282,0.003223,0.00013897601711566408
YOLOv4 no aug,3283,0.0033346666666666663,0.00020085262701238888
YOLOv4 no aug,3284,0.003212333333333333,0.00024172734870326758
YOLOv4 no aug,3285,0.003794333333333333,0.000331167799025073
YOLOv4 no aug,3286,0.004119666666666667,0.0004943616534931127
YOLOv4 no aug,3287,0.004007,0.0003400004901957251
YOLOv4 no aug,3288,0.003977333333333334,0.0003782769414654356
YOLOv4 no aug,3289,0.0037556666666666663,0.0003279356305401683
YOLOv4 no aug,3290,0.003764333333333333,0.0004416549683985352
YOLOv4 no aug,3291,0.0036210000000000005,0.00036007221497916215
YOLOv4 no aug,3292,0.0035336666666666663,0.0003973329138700247
YOLOv4 no aug,3293,0.003343333333333333,0.0003456550946311141
YOLOv4 no aug,3294,0.0035156666666666665,0.0002698656044116117
YOLOv4 no aug,3295,0.003509333333333333,0.0002739351099155499
YOLOv4 no aug,3296,0.0035216666666666664,0.00039589617045101324
YOLOv4 no aug,3297,0.0033113333333333332,0.00035801598350415105
YOLOv4 no aug,3298,0.0032100000000000006,0.0002996737114485242
YOLOv4 no aug,3299,0.0032236666666666663,0.00037765828175452174
YOLOv4 no aug,3300,0.0031413333333333332,0.0003625467019724647
YOLOv4 no aug,3301,0.003134,0.00039384387769774966
YOLOv4 no aug,3302,0.0034286666666666667,0.00034915771667129333
YOLOv4 no aug,3303,0.0032396666666666667,0.0003216340225231846
YOLOv4 no aug,3304,0.003294333333333333,0.00030583728426149167
YOLOv4 no aug,3305,0.0031820000000000004,0.00028057144069440373
YOLOv4 no aug,3306,0.0032359999999999997,0.0002360112991645386
YOLOv4 no aug,3307,0.003027,0.00022402083236461147
YOLOv4 no aug,3308,0.0029980000000000002,0.00016201954614593065
YOLOv4 no aug,3309,0.003497,7.488880646220332e-05
YOLOv4 no aug,3310,0.00335,0.00012251666553303407
YOLOv4 no aug,3311,0.003186333333333333,7.051556171827931e-05
YOLOv4 no aug,3312,0.0032303333333333333,4.605914072629276e-05
YOLOv4 no aug,3313,0.003283333333333334,0.00011881965793214145
YOLOv4 no aug,3314,0.0034106666666666673,0.0002617711044235233
YOLOv4 no aug,3315,0.0034696666666666665,0.00039785941123858206
YOLOv4 no aug,3316,0.003551333333333333,0.00031567511428330517
YOLOv4 no aug,3317,0.0035476666666666664,0.0004146976140648885
YOLOv4 no aug,3318,0.004033333333333333,0.0006256914397510787
YOLOv4 no aug,3319,0.004353666666666666,0.0003660520606568295
YOLOv4 no aug,3320,0.004155666666666667,0.00034443012515038686
YOLOv4 no aug,3321,0.003911,0.0003056310411809204
YOLOv4 no aug,3322,0.0037246666666666665,0.00027255600851527347
YOLOv4 no aug,3323,0.0035916666666666666,0.0002592870567108543
YOLOv4 no aug,3324,0.003550666666666667,0.00011920896685139826
YOLOv4 no aug,3325,0.0036520000000000003,0.00013950029868546273
YOLOv4 no aug,3326,0.003572,0.00023245644753372628
YOLOv4 no aug,3327,0.003493333333333333,0.00029405687280600055
YOLOv4 no aug,3328,0.003768,0.00032722469344473385
YOLOv4 no aug,3329,0.003881666666666667,0.0005155709887536773
YOLOv4 no aug,3330,0.004125333333333332,0.0004849935852954942
YOLOv4 no aug,3331,0.003942666666666666,0.00037408792786960894
YOLOv4 no aug,3332,0.003734333333333333,0.0003377777046783548
YOLOv4 no aug,3333,0.0035993333333333333,0.0002669833536217403
YOLOv4 no aug,3334,0.0034300000000000003,0.0003330005005001244
YOLOv4 no aug,3335,0.0032793333333333333,0.00028249267443795976
YOLOv4 no aug,3336,0.0031883333333333334,0.0002547759364182139
YOLOv4 no aug,3337,0.003108,0.00021011028849947673
YOLOv4 no aug,3338,0.003094333333333333,0.00016155219314856453
YOLOv4 no aug,3339,0.0030926666666666667,0.00022930353488577346
YOLOv4 no aug,3340,0.0030206666666666667,0.00017449960203711384
YOLOv4 no aug,3341,0.0031773333333333337,8.734096658753235e-05
YOLOv4 no aug,3342,0.0036533333333333335,0.0005035637441719217
YOLOv4 no aug,3343,0.0034733333333333335,0.0005089565578492704
YOLOv4 no aug,3344,0.0034943333333333332,0.00033520756422120173
YOLOv4 no aug,3345,0.0036100000000000004,0.0003070933625680199
YOLOv4 no aug,3346,0.0034923333333333334,0.0002823498617751467
YOLOv4 no aug,3347,0.0034373333333333335,0.00020768913736105176
YOLOv4 no aug,3348,0.003298,0.00021883631630360934
YOLOv4 no aug,3349,0.0031606666666666662,0.00022279013542893784
YOLOv4 no aug,3350,0.0030076666666666667,0.00018607555215855497
YOLOv4 no aug,3351,0.0030139999999999998,0.00019502136635080102
YOLOv4 no aug,3352,0.002954333333333333,0.00022149818158270377
YOLOv4 no aug,3353,0.0028370000000000005,0.0002044904235736562
YOLOv4 no aug,3354,0.003220666666666667,0.0003901163644065419
YOLOv4 no aug,3355,0.0033833333333333332,0.00029250716990262724
YOLOv4 no aug,3356,0.0032530000000000002,0.0002456847573619495
YOLOv4 no aug,3357,0.0032949999999999998,6.565312889218111e-05
YOLOv4 no aug,3358,0.003193,0.00014918780110987633
YOLOv4 no aug,3359,0.00337,0.0002789808834550018
YOLOv4 no aug,3360,0.0035986666666666667,0.0004221178087269531
YOLOv4 no aug,3361,0.003788666666666667,7.551232423327406e-05
YOLOv4 no aug,3362,0.0037566666666666664,0.00014040694822946295
YOLOv4 no aug,3363,0.003529666666666667,8.852181149926339e-05
YOLOv4 no aug,3364,0.003411666666666667,7.411777414658667e-05
YOLOv4 no aug,3365,0.0032876666666666666,5.4694098808230154e-05
YOLOv4 no aug,3366,0.0032066666666666667,8.557712570800936e-05
YOLOv4 no aug,3367,0.0030403333333333337,6.0128565960319176e-05
YOLOv4 no aug,3368,0.00295,0.00012160592090848204
YOLOv4 no aug,3369,0.002799333333333333,0.0001523606831757386
YOLOv4 no aug,3370,0.002881333333333333,0.00019513271836823725
YOLOv4 no aug,3371,0.0029636666666666665,0.0003323694396969198
YOLOv4 no aug,3372,0.0028599999999999997,0.00030016162312993986
YOLOv4 no aug,3373,0.0028296666666666665,0.00024165149377656332
YOLOv4 no aug,3374,0.0028116666666666667,0.00012586942087382103
YOLOv4 no aug,3375,0.0027593333333333337,0.00011864559738050883
YOLOv4 no aug,3376,0.0028746666666666664,0.0002728035516223676
YOLOv4 no aug,3377,0.002716,0.0002562206080704673
YOLOv4 no aug,3378,0.0027386666666666666,0.00025501002158956636
YOLOv4 no aug,3379,0.002708,0.00011459057552870576
YOLOv4 no aug,3380,0.00268,9.07138357694129e-05
YOLOv4 no aug,3381,0.002717666666666667,0.00019407587290656315
YOLOv4 no aug,3382,0.002854666666666667,0.0002762259542073804
YOLOv4 no aug,3383,0.0027749999999999997,0.0002547004776857188
YOLOv4 no aug,3384,0.002925,0.00037602260570343386
YOLOv4 no aug,3385,0.002767666666666667,0.0003288699506559462
YOLOv4 no aug,3386,0.002706,0.000347501079135015
YOLOv4 no aug,3387,0.002807333333333333,0.0004316411832889804
YOLOv4 no aug,3388,0.0033729999999999997,0.0008620697960915538
YOLOv4 no aug,3389,0.003228333333333333,0.0007609586789774536
YOLOv4 no aug,3390,0.0034699999999999996,0.0008824913597310743
YOLOv4 no aug,3391,0.0032746666666666666,0.0007625047176538939
YOLOv4 no aug,3392,0.0031300000000000004,0.0006738152565800215
YOLOv4 no aug,3393,0.0033036666666666666,0.0006943203711384089
YOLOv4 no aug,3394,0.0030786666666666666,0.0006276730394436617
YOLOv4 no aug,3395,0.002987,0.0006436476779522578
YOLOv4 no aug,3396,0.0029393333333333333,0.000542666973791887
YOLOv4 no aug,3397,0.002867,0.0004926286633966806
YOLOv4 no aug,3398,0.0028280000000000002,0.000529623451142413
YOLOv4 no aug,3399,0.0027749999999999997,0.0005078464334816186
YOLOv4 no aug,3400,0.0029490000000000002,0.0003920833244775062
YOLOv4 no aug,3401,0.002937666666666667,0.0002894801854666011
YOLOv4 no aug,3402,0.0030763333333333333,0.00025698530005516745
YOLOv4 no aug,3403,0.003011,0.0002147836120377903
YOLOv4 no aug,3404,0.002926,0.00015166520145812388
YOLOv4 no aug,3405,0.002813,0.00016560595802486493
YOLOv4 no aug,3406,0.002718333333333333,0.00015484651899362942
YOLOv4 no aug,3407,0.0026049999999999997,0.00011600000000000008
YOLOv4 no aug,3408,0.002820333333333333,0.000338879198404256
YOLOv4 no aug,3409,0.002844666666666667,0.0002591591102864116
YOLOv4 no aug,3410,0.0028179999999999998,0.0002840886012027468
YOLOv4 no aug,3411,0.0029293333333333337,0.00037555351741721784
YOLOv4 no aug,3412,0.0027916666666666667,0.0003332713275662607
YOLOv4 no aug,3413,0.002709333333333333,0.00035292885653879
YOLOv4 no aug,3414,0.0025866666666666664,0.0003243816339505745
YOLOv4 no aug,3415,0.0024939999999999997,0.0003663318168000154
YOLOv4 no aug,3416,0.0027506666666666665,0.0003938825261984141
YOLOv4 no aug,3417,0.002610666666666667,0.00034045280305955927
YOLOv4 no aug,3418,0.002481,0.00031503386061395585
YOLOv4 no aug,3419,0.002478,0.00021652328589168724
YOLOv4 no aug,3420,0.002534666666666667,0.00020021849176448327
YOLOv4 no aug,3421,0.0024490000000000002,0.00018791043966031616
YOLOv4 no aug,3422,0.0023583333333333334,0.00017197415826545316
YOLOv4 no aug,3423,0.0024273333333333334,0.0002670657430504914
YOLOv4 no aug,3424,0.0023250000000000002,0.00023580288378219637
YOLOv4 no aug,3425,0.002296333333333333,0.00023932010176980773
YOLOv4 no aug,3426,0.0022143333333333333,0.00023241653220983313
YOLOv4 no aug,3427,0.0022356666666666666,0.00025100486936401154
YOLOv4 no aug,3428,0.002212333333333333,0.00023888235133173364
YOLOv4 no aug,3429,0.0024100000000000002,4.578573285788202e-05
YOLOv4 no aug,3430,0.0023076666666666666,6.533333333333342e-05
YOLOv4 no aug,3431,0.0025863333333333333,0.0002520716388471957
YOLOv4 no aug,3432,0.002697,0.00026800248755064443
YOLOv4 no aug,3433,0.0026736666666666666,0.00023777603841523736
YOLOv4 no aug,3434,0.0026220000000000006,0.0002296352179726215
YOLOv4 no aug,3435,0.002656666666666667,0.0002610749147488343
YOLOv4 no aug,3436,0.0027206666666666664,0.00016941107139473237
YOLOv4 no aug,3437,0.003079,0.000540716499964014
YOLOv4 no aug,3438,0.003243,0.00032555644671853755
YOLOv4 no aug,3439,0.003246666666666667,0.0003646031327957077
YOLOv4 no aug,3440,0.003280333333333333,0.00036385085467048763
YOLOv4 no aug,3441,0.0032756666666666667,0.00024254575742412908
YOLOv4 no aug,3442,0.0035413333333333334,0.00022118192612517965
YOLOv4 no aug,3443,0.0034446666666666666,0.0002121927844620966
YOLOv4 no aug,3444,0.003649333333333333,0.0005467072139434214
YOLOv4 no aug,3445,0.0036473333333333336,0.0006238344687851452
YOLOv4 no aug,3446,0.0034323333333333337,0.0005878220630239883
YOLOv4 no aug,3447,0.003342666666666666,0.0004681667556663022
YOLOv4 no aug,3448,0.0035173333333333337,0.0003996958565932075
YOLOv4 no aug,3449,0.003646,0.0002564085281993042
YOLOv4 no aug,3450,0.004149666666666666,0.00027159119606087707
YOLOv4 no aug,3451,0.004002666666666667,0.00024563952812562106
YOLOv4 no aug,3452,0.003940666666666666,0.00019620935530986075
YOLOv4 no aug,3453,0.003942,0.00021971875962997165
YOLOv4 no aug,3454,0.003748666666666666,0.00024233402109026655
YOLOv4 no aug,3455,0.0036400000000000004,0.0002491130934602461
YOLOv4 no aug,3456,0.003691,0.0003667824059757139
YOLOv4 no aug,3457,0.003622,0.00036557397792147807
YOLOv4 no aug,3458,0.003422,0.0003350124375800596
YOLOv4 no aug,3459,0.0034983333333333338,0.0003307669538780709
YOLOv4 no aug,3460,0.0034486666666666663,0.00037279008093623467
YOLOv4 no aug,3461,0.003323666666666667,0.00033852638170622844
YOLOv4 no aug,3462,0.0033293333333333335,0.00020060270298389405
YOLOv4 no aug,3463,0.0034453333333333332,0.00021507388911203932
YOLOv4 no aug,3464,0.003306,0.00019485977864437123
YOLOv4 no aug,3465,0.003238666666666666,0.00018366757410544132
YOLOv4 no aug,3466,0.0031166666666666665,0.00014960652095116417
YOLOv4 no aug,3467,0.0030293333333333335,7.874290091458691e-05
YOLOv4 no aug,3468,0.002886333333333333,0.00011866526216397299
YOLOv4 no aug,3469,0.002858,0.00016911928728957363
YOLOv4 no aug,3470,0.002931333333333333,0.00010842252738450831
YOLOv4 no aug,3471,0.0028109999999999997,0.0001545358642300658
YOLOv4 no aug,3472,0.002966,0.0003029394879069635
YOLOv4 no aug,3473,0.0031826666666666665,0.0004197877770704834
YOLOv4 no aug,3474,0.0032203333333333337,0.0003768387512510417
YOLOv4 no aug,3475,0.0033696666666666666,0.0004056921383402826
YOLOv4 no aug,3476,0.0032886666666666667,0.0004104263366035101
YOLOv4 no aug,3477,0.003172,0.0003775345458806828
YOLOv4 no aug,3478,0.0031156666666666663,0.0003857090152491182
YOLOv4 no aug,3479,0.0037496666666666663,0.00037379554720610444
YOLOv4 no aug,3480,0.0035536666666666668,0.00035799875853291876
YOLOv4 no aug,3481,0.003372,0.0003126067817562506
YOLOv4 no aug,3482,0.0033766666666666667,0.00018276062060642188
YOLOv4 no aug,3483,0.003656333333333333,7.892260625307419e-05
YOLOv4 no aug,3484,0.003554,0.00012804816802021543
YOLOv4 no aug,3485,0.0034146666666666665,0.00016577126141497243
YOLOv4 no aug,3486,0.0032556666666666667,0.00010708459791730598
YOLOv4 no aug,3487,0.003142666666666667,0.00013896562324706234
YOLOv4 no aug,3488,0.003357,0.0003224303542369009
YOLOv4 no aug,3489,0.0035410000000000003,0.00024886140721293044
YOLOv4 no aug,3490,0.003361,0.0002733721517150813
YOLOv4 no aug,3491,0.0032953333333333337,0.00026691654958890137
YOLOv4 no aug,3492,0.0033653333333333335,0.0003887764281834884
YOLOv4 no aug,3493,0.003391333333333333,0.00019590161930021013
YOLOv4 no aug,3494,0.003282,0.00022640744981853705
YOLOv4 no aug,3495,0.003424333333333333,0.00013717426062413374
YOLOv4 no aug,3496,0.003249,0.00013940707777345215
YOLOv4 no aug,3497,0.0030973333333333334,0.00015006480081766152
YOLOv4 no aug,3498,0.0035359999999999996,0.0005323836336076958
YOLOv4 no aug,3499,0.0033400000000000005,0.0004921476743146647
YOLOv4 no aug,3500,0.0037406666666666664,0.0004923214848495285
YOLOv4 no aug,3501,0.003638,0.00032631937321178677
YOLOv4 no aug,3502,0.003667,0.00038811209720904087
YOLOv4 no aug,3503,0.0035073333333333332,0.00024583350282480023
YOLOv4 no aug,3504,0.0034033333333333333,0.0002521351048765545
YOLOv4 no aug,3505,0.0035953333333333336,0.00048059766032629736
YOLOv4 no aug,3506,0.003537666666666667,0.00045875931719269875
YOLOv4 no aug,3507,0.003441333333333333,0.0003398540536432922
YOLOv4 no aug,3508,0.003524666666666667,0.00017429317574452286
YOLOv4 no aug,3509,0.003414,0.0002075098391241565
YOLOv4 no aug,3510,0.003297666666666666,0.0002203363590311666
YOLOv4 no aug,3511,0.0032329999999999998,0.0002549241717321708
YOLOv4 no aug,3512,0.0034546666666666666,0.00029433389958420436
YOLOv4 no aug,3513,0.003471,0.00011061796116966422
YOLOv4 no aug,3514,0.0036256666666666664,0.0002928220923662997
YOLOv4 no aug,3515,0.003501666666666667,0.0002868578819632546
YOLOv4 no aug,3516,0.0034283333333333336,0.00032419558568521224
YOLOv4 no aug,3517,0.003273,0.00022839950379397356
YOLOv4 no aug,3518,0.0031893333333333335,0.00018645493944769717
YOLOv4 no aug,3519,0.0031493333333333334,0.00028189852390138147
YOLOv4 no aug,3520,0.0030076666666666667,0.00021090782610209402
YOLOv4 no aug,3521,0.002938666666666667,0.00023910272083585996
YOLOv4 no aug,3522,0.00329,0.00036852453559204615
YOLOv4 no aug,3523,0.0033863333333333336,0.00033904244244309286
YOLOv4 no aug,3524,0.003342,0.0003530925280055262
YOLOv4 no aug,3525,0.003349666666666666,0.00022238130417021217
YOLOv4 no aug,3526,0.0033103333333333335,0.0002510659497245915
YOLOv4 no aug,3527,0.003708333333333333,0.0001968775705299559
YOLOv4 no aug,3528,0.0038603333333333337,0.00047220275776878356
YOLOv4 no aug,3529,0.0037653333333333336,0.0005519469579990856
YOLOv4 no aug,3530,0.003608333333333333,0.0004640223893065697
YOLOv4 no aug,3531,0.0033829999999999993,0.0004264567191794887
YOLOv4 no aug,3532,0.0033439999999999998,0.00040820378897473927
YOLOv4 no aug,3533,0.0031699999999999996,0.0003811119695487578
YOLOv4 no aug,3534,0.003042,0.0002936551265231604
YOLOv4 no aug,3535,0.002983666666666666,0.0003970631072148496
YOLOv4 no aug,3536,0.002973,0.00031919273174682415
YOLOv4 no aug,3537,0.0029043333333333334,0.00036066897719531015
YOLOv4 no aug,3538,0.0027963333333333334,0.0003533804999965021
YOLOv4 no aug,3539,0.003028,0.0004346496673567499
YOLOv4 no aug,3540,0.0030773333333333334,0.0004676631028612133
YOLOv4 no aug,3541,0.0029533333333333334,0.00046412258916990663
YOLOv4 no aug,3542,0.0027973333333333335,0.0004394000960906182
YOLOv4 no aug,3543,0.0028513333333333338,0.0005294353386182092
YOLOv4 no aug,3544,0.0027553333333333336,0.0005122630617606977
YOLOv4 no aug,3545,0.0026279999999999997,0.0004784694347604662
YOLOv4 no aug,3546,0.0027446666666666665,0.0005432084723606993
YOLOv4 no aug,3547,0.0033066666666666665,0.0007790340885424149
YOLOv4 no aug,3548,0.003167666666666667,0.0006766220839171927
YOLOv4 no aug,3549,0.003148,0.0004825529331931714
YOLOv4 no aug,3550,0.003172333333333333,0.0004420536669279473
YOLOv4 no aug,3551,0.003065333333333333,0.0003606985506547599
YOLOv4 no aug,3552,0.003159,0.0002676384376978264
YOLOv4 no aug,3553,0.0031683333333333333,0.0003429778094538737
YOLOv4 no aug,3554,0.0031076666666666666,0.00034563291381335643
YOLOv4 no aug,3555,0.003147333333333333,0.0003242104940381239
YOLOv4 no aug,3556,0.0033100000000000004,0.00039693366364335157
YOLOv4 no aug,3557,0.0033766666666666667,0.000597436839990453
YOLOv4 no aug,3558,0.003298,0.0005754627123744279
YOLOv4 no aug,3559,0.0031539999999999993,0.000522020433827387
YOLOv4 no aug,3560,0.003035666666666667,0.000447207756839903
YOLOv4 no aug,3561,0.0028676666666666664,0.0003773532091349488
YOLOv4 no aug,3562,0.002774,0.00037584881712376505
YOLOv4 no aug,3563,0.002673333333333333,0.0003307951699230878
YOLOv4 no aug,3564,0.00269,0.0002138231356362855
YOLOv4 no aug,3565,0.002636333333333333,0.0001136461369534594
YOLOv4 no aug,3566,0.0026323333333333337,0.00020018768970921037
YOLOv4 no aug,3567,0.0026156666666666667,0.00023872741312588668
YOLOv4 no aug,3568,0.0029416666666666666,0.0006364970105542087
YOLOv4 no aug,3569,0.002839,0.0005922578267387722
YOLOv4 no aug,3570,0.0029840000000000005,0.0006217491455563089
YOLOv4 no aug,3571,0.0028423333333333334,0.0005853208047254467
YOLOv4 no aug,3572,0.002820666666666667,0.0005296245001046602
YOLOv4 no aug,3573,0.0027326666666666667,0.0004303294603492125
YOLOv4 no aug,3574,0.0026603333333333336,0.0003410436596357976
YOLOv4 no aug,3575,0.002603666666666667,0.0002496292806899419
YOLOv4 no aug,3576,0.0025273333333333333,0.00024216133281577197
YOLOv4 no aug,3577,0.0026320000000000002,0.00026002115298567543
YOLOv4 no aug,3578,0.002583666666666667,0.00030489579276278057
YOLOv4 no aug,3579,0.0027500000000000003,0.00026428015438167133
YOLOv4 no aug,3580,0.002862,2.3811761799581282e-05
YOLOv4 no aug,3581,0.002753,6.149254697386774e-05
YOLOv4 no aug,3582,0.0026193333333333333,6.485196818738636e-05
YOLOv4 no aug,3583,0.0024653333333333337,5.073241348268168e-05
YOLOv4 no aug,3584,0.002557666666666667,0.00012569981879240893
YOLOv4 no aug,3585,0.002546333333333333,0.00015306897501163034
YOLOv4 no aug,3586,0.0025759999999999997,0.0002521236469142341
YOLOv4 no aug,3587,0.0028386666666666664,0.00037382408221574564
YOLOv4 no aug,3588,0.002703,0.0003682123481543406
YOLOv4 no aug,3589,0.002781,0.00037470299349395836
YOLOv4 no aug,3590,0.0030206666666666667,0.00030642689902233525
YOLOv4 no aug,3591,0.0029556666666666668,0.00024205325401195873
YOLOv4 no aug,3592,0.0028640000000000002,0.00018181400752783966
YOLOv4 no aug,3593,0.003053,0.0004092753759186268
YOLOv4 no aug,3594,0.002915666666666667,0.0003543079326110426
YOLOv4 no aug,3595,0.002932,0.00040421817541190963
YOLOv4 no aug,3596,0.002961,0.00031423770196036845
YOLOv4 no aug,3597,0.0032486666666666666,0.000509784377076339
YOLOv4 no aug,3598,0.0033836666666666668,0.0003362570114923668
YOLOv4 no aug,3599,0.0031706666666666667,0.0002989739862336595
YOLOv4 no aug,3600,0.0029936666666666666,0.00028466666666666663
YOLOv4 no aug,3601,0.003179666666666666,0.00011543733268651783
YOLOv4 no aug,3602,0.0029733333333333335,0.0001118903232833137
YOLOv4 no aug,3603,0.0028386666666666664,8.513192376802279e-05
YOLOv4 no aug,3604,0.0027150000000000004,6.28649345820069e-05
YOLOv4 no aug,3605,0.003084666666666666,1.3860415257527821e-05
YOLOv4 no aug,3606,0.0029110000000000004,2.8290163190291628e-05
YOLOv4 no aug,3607,0.0027953333333333337,5.903765276875798e-05
YOLOv4 no aug,3608,0.0026706666666666667,8.633333333333343e-05
YOLOv4 no aug,3609,0.0026309999999999997,0.0001794240786516681
YOLOv4 no aug,3610,0.002536,0.000206920274502041
YOLOv4 no aug,3611,0.002513,0.0002892686179545464
YOLOv4 no aug,3612,0.0024319999999999997,0.0002833284313301438
YOLOv4 no aug,3613,0.0023423333333333334,0.00023213525750686342
YOLOv4 no aug,3614,0.002637,0.00025831247227598846
YOLOv4 no aug,3615,0.0026083333333333336,0.00029045615465639183
YOLOv4 no aug,3616,0.0026183333333333336,0.00030974200734015903
YOLOv4 no aug,3617,0.0029196666666666663,7.765379006275933e-05
YOLOv4 no aug,3618,0.0027969999999999996,4.764801499887836e-05
YOLOv4 no aug,3619,0.002770333333333333,0.00014769939441687332
YOLOv4 no aug,3620,0.0027173333333333333,0.00014365506527017345
YOLOv4 no aug,3621,0.0027886666666666663,0.00010261957794581778
YOLOv4 no aug,3622,0.0027013333333333334,8.139273786879133e-05
YOLOv4 no aug,3623,0.0025340000000000002,8.324261729026388e-05
YOLOv4 no aug,3624,0.002491,0.0001061649659727728
YOLOv4 no aug,3625,0.0023923333333333336,0.00012541309518724288
YOLOv4 no aug,3626,0.002310666666666666,0.00010450093035205208
YOLOv4 no aug,3627,0.0024319999999999997,0.0001230487708187287
YOLOv4 no aug,3628,0.0024823333333333334,0.00016490940273711238
YOLOv4 no aug,3629,0.002492333333333334,0.0002934509234002245
YOLOv4 no aug,3630,0.002505,0.00027392699757417135
YOLOv4 no aug,3631,0.0025936666666666664,0.00017996326785702063
YOLOv4 no aug,3632,0.0027153333333333335,0.00034561073157206475
YOLOv4 no aug,3633,0.002561,0.000337471480276482
YOLOv4 no aug,3634,0.002517,0.0003997449186668918
YOLOv4 no aug,3635,0.002462666666666667,0.0003761251269339914
YOLOv4 no aug,3636,0.0024309999999999996,0.0003342050268921759
YOLOv4 no aug,3637,0.002336333333333333,0.0002794258001290821
YOLOv4 no aug,3638,0.0023023333333333333,0.00030540483151238966
YOLOv4 no aug,3639,0.002324333333333333,0.0003084176461301209
YOLOv4 no aug,3640,0.0022456666666666666,0.00026788699939423057
YOLOv4 no aug,3641,0.0023253333333333333,0.000342001137100124
YOLOv4 no aug,3642,0.002410666666666667,0.00022472007278191933
YOLOv4 no aug,3643,0.0024413333333333335,0.00020978110284558787
YOLOv4 no aug,3644,0.0024536666666666665,0.0002663733803850861
YOLOv4 no aug,3645,0.002340333333333333,0.00022557358986469243
YOLOv4 no aug,3646,0.0023253333333333333,0.00011230959195208773
YOLOv4 no aug,3647,0.002312,0.00014067811959694854
YOLOv4 no aug,3648,0.0022730000000000003,0.00010048051220676241
YOLOv4 no aug,3649,0.0022093333333333335,0.0001332483062222973
YOLOv4 no aug,3650,0.002282666666666667,0.0001137253025691488
YOLOv4 no aug,3651,0.0023976666666666664,8.435111801933113e-05
YOLOv4 no aug,3652,0.0023643333333333333,8.031258376562864e-05
YOLOv4 no aug,3653,0.0025859999999999998,0.00021282935261221213
YOLOv4 no aug,3654,0.002475666666666667,0.0002048579453616037
YOLOv4 no aug,3655,0.002733333333333333,0.000357208778043193
YOLOv4 no aug,3656,0.002571333333333333,0.000316556647554764
YOLOv4 no aug,3657,0.0028093333333333334,0.0006310051065121775
YOLOv4 no aug,3658,0.002835666666666667,0.000582002959137189
YOLOv4 no aug,3659,0.002716666666666667,0.0005246148852041637
YOLOv4 no aug,3660,0.002631333333333333,0.00044534680618342584
YOLOv4 no aug,3661,0.0024976666666666667,0.0003781288727992673
YOLOv4 no aug,3662,0.0024226666666666667,0.00034780470254312416
YOLOv4 no aug,3663,0.0024086666666666666,0.0003247672670971904
YOLOv4 no aug,3664,0.00248,0.0003416640650307453
YOLOv4 no aug,3665,0.0025596666666666667,0.00018155745953034015
YOLOv4 no aug,3666,0.002917333333333333,0.00010281752984994548
YOLOv4 no aug,3667,0.0029213333333333335,0.0001190326752525447
YOLOv4 no aug,3668,0.0029286666666666662,6.848925300934274e-05
YOLOv4 no aug,3669,0.0028236666666666666,7.303956309958176e-05
YOLOv4 no aug,3670,0.002716333333333333,5.1927299606704476e-05
YOLOv4 no aug,3671,0.0026493333333333334,5.6998050648928186e-05
YOLOv4 no aug,3672,0.002697,9.263008870412111e-05
YOLOv4 no aug,3673,0.002596666666666667,6.284725751994099e-05
YOLOv4 no aug,3674,0.0028049999999999998,0.00019123894303549514
YOLOv4 no aug,3675,0.0026906666666666663,0.0001497657430047933
YOLOv4 no aug,3676,0.002885,0.00015799472565036256
YOLOv4 no aug,3677,0.002714333333333334,0.0001518610475987105
YOLOv4 no aug,3678,0.0026043333333333335,0.0001571096573875853
YOLOv4 no aug,3679,0.002567,5.8875575014884884e-05
YOLOv4 no aug,3680,0.002683666666666667,0.00013423404105433834
YOLOv4 no aug,3681,0.0026893333333333335,9.286968169310037e-05
YOLOv4 no aug,3682,0.0027623333333333332,0.0001148946377242113
YOLOv4 no aug,3683,0.0026616666666666668,9.994053787683505e-05
YOLOv4 no aug,3684,0.0026856666666666674,0.00014994925067427905
YOLOv4 no aug,3685,0.002626,0.00012451639784917225
YOLOv4 no aug,3686,0.002605333333333333,6.133605066444287e-05
YOLOv4 no aug,3687,0.0026149999999999997,8.006455728556378e-05
YOLOv4 no aug,3688,0.0027166666666666663,0.00026094465143227416
YOLOv4 no aug,3689,0.0031036666666666665,0.00012238917889711957
YOLOv4 no aug,3690,0.0033480000000000003,0.0004162118851418508
YOLOv4 no aug,3691,0.003198666666666667,0.00042380590421140234
YOLOv4 no aug,3692,0.0033263333333333335,0.0004981419922516516
YOLOv4 no aug,3693,0.0031126666666666664,0.00046179877772803933
YOLOv4 no aug,3694,0.0029913333333333337,0.0004164233956497215
YOLOv4 no aug,3695,0.0029346666666666666,0.00031466719632723786
YOLOv4 no aug,3696,0.0031743333333333333,0.0003986411641787357
YOLOv4 no aug,3697,0.0030399999999999997,0.0003493312658971901
YOLOv4 no aug,3698,0.003597333333333333,0.00020848687675193805
YOLOv4 no aug,3699,0.0033883333333333335,0.00021737934073360728
YOLOv4 no aug,3700,0.0038873333333333334,0.00037526272278380006
YOLOv4 no aug,3701,0.0036986666666666665,0.00038594141754646864
YOLOv4 no aug,3702,0.003542,0.00045018366622228025
YOLOv4 no aug,3703,0.003376333333333333,0.000363852686918453
YOLOv4 no aug,3704,0.003233,0.00026657519264427696
YOLOv4 no aug,3705,0.0031766666666666666,0.00021380702618119086
YOLOv4 no aug,3706,0.003131333333333333,0.0001269282386932781
YOLOv4 no aug,3707,0.0032533333333333333,3.984274644705658e-05
YOLOv4 no aug,3708,0.0031979999999999995,0.0001559946580281945
YOLOv4 no aug,3709,0.0032116666666666665,0.00019353409116857023
YOLOv4 no aug,3710,0.003134,0.00010464384039843602
YOLOv4 no aug,3711,0.0033433333333333336,8.819171036881992e-06
YOLOv4 no aug,3712,0.003413,8.808518604169489e-05
YOLOv4 no aug,3713,0.0033033333333333335,0.00013804870316103823
YOLOv4 no aug,3714,0.0031876666666666668,0.00018327514228006425
YOLOv4 no aug,3715,0.0030446666666666664,0.00016530006385694803
YOLOv4 no aug,3716,0.0029539999999999996,0.00013776429145464367
YOLOv4 no aug,3717,0.002944,0.0001663620549684734
YOLOv4 no aug,3718,0.002849666666666667,0.00012253208196676943
YOLOv4 no aug,3719,0.003174666666666667,0.00016165223303265708
YOLOv4 no aug,3720,0.0030173333333333332,8.400859744362148e-05
YOLOv4 no aug,3721,0.003091,7.864689016949965e-05
YOLOv4 no aug,3722,0.003254,1.734935157289752e-05
YOLOv4 no aug,3723,0.003336,9.715451610707549e-05
YOLOv4 no aug,3724,0.0032563333333333333,0.00013519656471638295
YOLOv4 no aug,3725,0.003527,0.0001300820254044859
YOLOv4 no aug,3726,0.0035069999999999997,7.78866698051299e-05
YOLOv4 no aug,3727,0.0033803333333333337,7.510289238401172e-05
YOLOv4 no aug,3728,0.003217333333333333,0.0001059643545936295
YOLOv4 no aug,3729,0.003198,0.00010253292154230273
YOLOv4 no aug,3730,0.0034113333333333335,0.0001653706275142126
YOLOv4 no aug,3731,0.0034913333333333337,0.00033060970611550086
YOLOv4 no aug,3732,0.0032916666666666667,0.0002680325436293967
YOLOv4 no aug,3733,0.0031713333333333333,0.0002119279227578199
YOLOv4 no aug,3734,0.0030103333333333336,0.0001721165625705764
YOLOv4 no aug,3735,0.0029483333333333336,0.00010640540921922685
YOLOv4 no aug,3736,0.0029516666666666667,6.274905931123151e-05
YOLOv4 no aug,3737,0.002957,6.465549731719129e-05
YOLOv4 no aug,3738,0.002891666666666667,4.763868642652152e-05
YOLOv4 no aug,3739,0.0028229999999999996,7.53193202306022e-05
YOLOv4 no aug,3740,0.0027630000000000003,3.685557397916e-05
YOLOv4 no aug,3741,0.0026456666666666664,1.51694136706437e-05
YOLOv4 no aug,3742,0.002813666666666667,0.00023308534440796095
YOLOv4 no aug,3743,0.002836,0.00022236081789140218
YOLOv4 no aug,3744,0.002743,0.0001736557898065404
YOLOv4 no aug,3745,0.002704,0.00015629139451678081
YOLOv4 no aug,3746,0.0026340000000000005,0.00014901789601699973
YOLOv4 no aug,3747,0.0025523333333333335,0.0001665896488714443
YOLOv4 no aug,3748,0.002553,0.00015907650151211314
YOLOv4 no aug,3749,0.0026636666666666666,0.00017048981722606721
YOLOv4 no aug,3750,0.002681666666666667,0.00018200213673959375
YOLOv4 no aug,3751,0.0025213333333333333,0.0001819123720671883
YOLOv4 no aug,3752,0.0024573333333333335,0.00015170402470307464
YOLOv4 no aug,3753,0.0025333333333333336,0.00026936984076008047
YOLOv4 no aug,3754,0.0024639999999999996,0.0002238243358827037
YOLOv4 no aug,3755,0.0026463333333333334,0.00019806508470141267
YOLOv4 no aug,3756,0.002829333333333333,0.0001897211403906036
YOLOv4 no aug,3757,0.002735666666666666,0.00016961557842499155
YOLOv4 no aug,3758,0.0027903333333333335,0.00025543709814964457
YOLOv4 no aug,3759,0.002872,9.87471518576612e-05
YOLOv4 no aug,3760,0.002851666666666667,0.00016670266277950626
YOLOv4 no aug,3761,0.002805,0.00015089068891088012
YOLOv4 no aug,3762,0.0026793333333333335,0.0001382200339233708
YOLOv4 no aug,3763,0.0026583333333333333,0.00019730714916371147
YOLOv4 no aug,3764,0.0026736666666666666,0.0001410157595605699
YOLOv4 no aug,3765,0.0027779999999999997,0.00019088565512718163
YOLOv4 no aug,3766,0.002728666666666666,0.0002572789234361113
YOLOv4 no aug,3767,0.0029259999999999998,0.0003519180775881418
YOLOv4 no aug,3768,0.0031406666666666666,0.00022308767583869597
YOLOv4 no aug,3769,0.003057666666666667,0.0001885385312814804
YOLOv4 no aug,3770,0.003038333333333334,0.00030905249464200166
YOLOv4 no aug,3771,0.002954,0.00023788722818456092
YOLOv4 no aug,3772,0.0027569999999999995,0.00019110555547480386
YOLOv4 no aug,3773,0.0026893333333333335,0.00016953498491789563
YOLOv4 no aug,3774,0.002624333333333333,0.0001479688405637409
YOLOv4 no aug,3775,0.0028450000000000003,0.0002572858332672049
YOLOv4 no aug,3776,0.002907,0.00019344335949660657
YOLOv4 no aug,3777,0.003032,0.0003343117307743379
YOLOv4 no aug,3778,0.0031126666666666664,0.0002812029713767461
YOLOv4 no aug,3779,0.002943666666666667,0.00024027507384477304
YOLOv4 no aug,3780,0.0029126666666666663,0.00024914342143521356
YOLOv4 no aug,3781,0.002820666666666667,0.00019858611342297948
YOLOv4 no aug,3782,0.002865666666666667,0.000303415190420285
YOLOv4 no aug,3783,0.002884666666666667,0.0004097260602456774
YOLOv4 no aug,3784,0.0028233333333333335,0.0004553300390315189
YOLOv4 no aug,3785,0.002832666666666667,0.0005394424075942779
YOLOv4 no aug,3786,0.003050666666666667,0.0002967110453698083
YOLOv4 no aug,3787,0.00301,0.00023958784053731383
YOLOv4 no aug,3788,0.0028906666666666664,0.00027632368298388356
YOLOv4 no aug,3789,0.0027930000000000003,0.00025531222715203703
YOLOv4 no aug,3790,0.0027886666666666663,0.0001406085978088743
YOLOv4 no aug,3791,0.002715,0.0001433736377441823
YOLOv4 no aug,3792,0.0026386666666666663,0.00015061245337325569
YOLOv4 no aug,3793,0.0025596666666666667,0.00016185418677864888
YOLOv4 no aug,3794,0.002475,0.00017852824239691974
YOLOv4 no aug,3795,0.0024226666666666667,9.450984663574018e-05
YOLOv4 no aug,3796,0.00243,0.00022271581293956957
YOLOv4 no aug,3797,0.0024103333333333333,0.00015161171165550222
YOLOv4 no aug,3798,0.002631333333333334,0.0002938402816346171
YOLOv4 no aug,3799,0.0024826666666666664,0.000249315284551732
YOLOv4 no aug,3800,0.0024,0.0002402755362772776
YOLOv4 no aug,3801,0.002645,0.00032416713796024017
YOLOv4 no aug,3802,0.0026256666666666668,0.000375318679406063
YOLOv4 no aug,3803,0.0028996666666666667,0.0005314186464340312
YOLOv4 no aug,3804,0.002745666666666667,0.00045911593791159606
YOLOv4 no aug,3805,0.0026270000000000004,0.0004026863957639162
YOLOv4 no aug,3806,0.002493,0.0003510930550912868
YOLOv4 no aug,3807,0.002563,0.0001345597760600595
YOLOv4 no aug,3808,0.002439,0.0001400154753351691
YOLOv4 no aug,3809,0.0026636666666666666,0.0004022935633478507
YOLOv4 no aug,3810,0.0025426666666666666,0.00034324934247731805
YOLOv4 no aug,3811,0.0024223333333333336,0.00034331731354211924
YOLOv4 no aug,3812,0.0024546666666666666,0.00024190241374938323
YOLOv4 no aug,3813,0.002361333333333333,0.00022411405826299944
YOLOv4 no aug,3814,0.002419333333333333,0.00017593306808114407
YOLOv4 no aug,3815,0.002307333333333333,0.00015189287160510343
YOLOv4 no aug,3816,0.002376333333333333,0.00012722202814153077
YOLOv4 no aug,3817,0.0024013333333333334,0.00016137361756013414
YOLOv4 no aug,3818,0.0023933333333333337,0.00014128143701295107
YOLOv4 no aug,3819,0.0024973333333333336,0.0002752903517702315
YOLOv4 no aug,3820,0.0026096666666666664,0.000166459537959763
YOLOv4 no aug,3821,0.002616333333333333,9.919901433202067e-05
YOLOv4 no aug,3822,0.0026336666666666665,0.0001246599819954709
YOLOv4 no aug,3823,0.0025756666666666666,0.00016663466359407667
YOLOv4 no aug,3824,0.0026060000000000002,4.0951190458886436e-05
YOLOv4 no aug,3825,0.0026709999999999998,0.00015100993344810133
YOLOv4 no aug,3826,0.002618333333333333,0.0001878388789480082
YOLOv4 no aug,3827,0.0026873333333333332,0.000387335054499905
YOLOv4 no aug,3828,0.0027816666666666667,0.0003945331981525058
YOLOv4 no aug,3829,0.002715,0.0004567727370731897
YOLOv4 no aug,3830,0.0028083333333333333,0.00033213467817203967
YOLOv4 no aug,3831,0.002768666666666667,0.00034243555760334103
YOLOv4 no aug,3832,0.0027493333333333332,0.0002746933643982768
YOLOv4 no aug,3833,0.0028116666666666667,0.0004270637475183822
YOLOv4 no aug,3834,0.003113333333333333,0.0002790079648405121
YOLOv4 no aug,3835,0.0033620000000000004,0.0006036359278019603
YOLOv4 no aug,3836,0.0031336666666666665,0.0005551072969355665
YOLOv4 no aug,3837,0.003152,0.0006258484907174686
YOLOv4 no aug,3838,0.002984333333333333,0.000581894702196578
YOLOv4 no aug,3839,0.002792333333333333,0.0005136718580745666
YOLOv4 no aug,3840,0.0026636666666666666,0.0004590095617498374
YOLOv4 no aug,3841,0.002559,0.0004645183885847075
YOLOv4 no aug,3842,0.002532666666666667,0.00039464090569078683
YOLOv4 no aug,3843,0.0031526666666666665,0.0006805640634388833
YOLOv4 no aug,3844,0.002983666666666667,0.0006323375505042997
YOLOv4 no aug,3845,0.002820666666666667,0.0005561325781182437
YOLOv4 no aug,3846,0.0027493333333333332,0.0005549553535595855
YOLOv4 no aug,3847,0.0026343333333333336,0.0005171957506055559
YOLOv4 no aug,3848,0.002903666666666667,0.0001580298846561765
YOLOv4 no aug,3849,0.002878666666666667,0.00020552723528633485
YOLOv4 no aug,3850,0.0028826666666666666,0.00025517140208974144
YOLOv4 no aug,3851,0.002728666666666667,0.0002391403585995287
YOLOv4 no aug,3852,0.002725333333333333,0.00014489574796307098
YOLOv4 no aug,3853,0.0026566666666666666,0.0001199504527340815
YOLOv4 no aug,3854,0.0026420000000000003,7.997708005005766e-05
YOLOv4 no aug,3855,0.002499,7.642207360006232e-05
YOLOv4 no aug,3856,0.003342333333333334,0.0006241800844129664
YOLOv4 no aug,3857,0.0032073333333333333,0.0005626320092011988
YOLOv4 no aug,3858,0.003209,0.0005961193951997647
YOLOv4 no aug,3859,0.0030453333333333335,0.0005072094680153797
YOLOv4 no aug,3860,0.002905333333333334,0.00044096913472234974
YOLOv4 no aug,3861,0.0029186666666666666,0.00044650395046155837
YOLOv4 no aug,3862,0.002996,0.0005710788036689857
YOLOv4 no aug,3863,0.002933,0.00044493932170578044
YOLOv4 no aug,3864,0.002781,0.0004042392031128764
YOLOv4 no aug,3865,0.0027273333333333333,0.0003772083126219664
YOLOv4 no aug,3866,0.0028789999999999996,0.0002685076038650179
YOLOv4 no aug,3867,0.0027389999999999997,0.0002885174749184759
YOLOv4 no aug,3868,0.0026413333333333336,0.00019968002181267684
YOLOv4 no aug,3869,0.002648666666666667,0.00026975565074917546
YOLOv4 no aug,3870,0.0025906666666666665,0.00028031668599005037
YOLOv4 no aug,3871,0.0026706666666666667,0.000354577839753762
YOLOv4 no aug,3872,0.0025283333333333334,0.0003177783993777914
YOLOv4 no aug,3873,0.002551333333333334,0.00017834828597749716
YOLOv4 no aug,3874,0.0025573333333333333,0.00012123989075840972
YOLOv4 no aug,3875,0.0025336666666666667,9.853820466082068e-05
YOLOv4 no aug,3876,0.002423,9.100000000000003e-05
YOLOv4 no aug,3877,0.0023393333333333335,9.159754970036654e-05
YOLOv4 no aug,3878,0.002263,0.00010328601066940293
YOLOv4 no aug,3879,0.0022286666666666666,6.981483446310753e-05
YOLOv4 no aug,3880,0.002333,0.00010779146533933008
YOLOv4 no aug,3881,0.002508,0.0002538562585401432
YOLOv4 no aug,3882,0.0023786666666666665,0.00022638413764612084
YOLOv4 no aug,3883,0.0023096666666666665,0.00015765186681771683
YOLOv4 no aug,3884,0.002284,0.00015109930509436505
YOLOv4 no aug,3885,0.0023276666666666667,0.0001031315233626998
YOLOv4 no aug,3886,0.002395666666666667,9.3542028581334e-05
YOLOv4 no aug,3887,0.0023233333333333335,0.00011346414019905626
YOLOv4 no aug,3888,0.0024240000000000004,0.0002790382291610477
YOLOv4 no aug,3889,0.002406,0.0002117947119264313
YOLOv4 no aug,3890,0.0026219999999999998,0.0003029394879069636
YOLOv4 no aug,3891,0.0025833333333333333,0.0003040023757217113
YOLOv4 no aug,3892,0.002491,0.0003150539636316293
YOLOv4 no aug,3893,0.002571,0.0003568155452517915
YOLOv4 no aug,3894,0.0024443333333333335,0.00034653250609109924
YOLOv4 no aug,3895,0.002403666666666667,0.0002528882054277036
YOLOv4 no aug,3896,0.002553,9.165151389911691e-05
YOLOv4 no aug,3897,0.002525,0.0001274532594064716
YOLOv4 no aug,3898,0.0024760000000000003,0.00013682957769917047
YOLOv4 no aug,3899,0.0025759999999999997,0.0002959211606717798
YOLOv4 no aug,3900,0.002487333333333333,0.00031423416604677327
YOLOv4 no aug,3901,0.002399,0.00031636898288759806
YOLOv4 no aug,3902,0.0025749999999999996,0.00019912056649176144
YOLOv4 no aug,3903,0.0025053333333333334,0.00022183802900114103
YOLOv4 no aug,3904,0.002491,0.0002396337483188321
YOLOv4 no aug,3905,0.0024813333333333332,0.00023102693445666556
YOLOv4 no aug,3906,0.0025096666666666666,0.00026928134811836564
YOLOv4 no aug,3907,0.002361,0.0002511194934687469
YOLOv4 no aug,3908,0.0022990000000000003,0.00018759264377901397
YOLOv4 no aug,3909,0.0022856666666666667,0.00016659164978406865
YOLOv4 no aug,3910,0.0024606666666666666,0.00030392012839633437
YOLOv4 no aug,3911,0.0025956666666666667,0.0003508049473868792
YOLOv4 no aug,3912,0.0027306666666666664,0.0003952388869756843
YOLOv4 no aug,3913,0.00267,0.00040896739886369103
YOLOv4 no aug,3914,0.0025570000000000002,0.0003744440323110162
YOLOv4 no aug,3915,0.002523,0.00033278571684093263
YOLOv4 no aug,3916,0.0024563333333333334,0.00030241050099345275
YOLOv4 no aug,3917,0.0025090000000000004,0.00029560277400592853
YOLOv4 no aug,3918,0.0025206666666666667,0.0003868351644362808
YOLOv4 no aug,3919,0.0024403333333333334,0.0003621308848714478
YOLOv4 no aug,3920,0.002346,0.0002576295790471273
YOLOv4 no aug,3921,0.002408,0.00010450996762669733
YOLOv4 no aug,3922,0.00263,0.00026852250060904276
YOLOv4 no aug,3923,0.002657333333333333,0.000278945833053261
YOLOv4 no aug,3924,0.002584333333333333,0.0003226826786660715
YOLOv4 no aug,3925,0.002538333333333333,0.0003317229432992406
YOLOv4 no aug,3926,0.002409,0.00033304053807307004
YOLOv4 no aug,3927,0.0024259999999999998,0.0003506294340183094
YOLOv4 no aug,3928,0.002337333333333333,0.0003170332965338359
YOLOv4 no aug,3929,0.002278666666666667,0.0002919442488634507
YOLOv4 no aug,3930,0.0022463333333333333,0.0002587517042348599
YOLOv4 no aug,3931,0.0022463333333333333,0.00023651802844133838
YOLOv4 no aug,3932,0.002186,0.0001833039370371879
YOLOv4 no aug,3933,0.0021876666666666668,0.0001223387828032377
YOLOv4 no aug,3934,0.002355,0.0002243278850254689
YOLOv4 no aug,3935,0.002277,0.0002140942160202684
YOLOv4 no aug,3936,0.002196,0.00018144512485413698
YOLOv4 no aug,3937,0.002152333333333333,0.0001701904162336346
YOLOv4 no aug,3938,0.002088333333333333,0.0001325510383881537
YOLOv4 no aug,3939,0.002072,0.00010514751542475934
YOLOv4 no aug,3940,0.002062666666666667,6.468985838427672e-05
YOLOv4 no aug,3941,0.0019623333333333333,5.117399513207646e-05
YOLOv4 no aug,3942,0.002219,0.0001847196073332048
YOLOv4 no aug,3943,0.0022666666666666664,0.0001187172176972565
YOLOv4 no aug,3944,0.0023250000000000002,0.0002093235135701035
YOLOv4 no aug,3945,0.002285,0.0002454879494666354
YOLOv4 no aug,3946,0.0022173333333333333,0.0002728353186651448
YOLOv4 no aug,3947,0.002412333333333333,0.0003683224734447308
YOLOv4 no aug,3948,0.002454,0.00042117731816104884
YOLOv4 no aug,3949,0.002492,0.00033468243654744315
YOLOv4 no aug,3950,0.002371,0.0002806207405021945
YOLOv4 no aug,3951,0.0022703333333333334,0.000244230310249249
YOLOv4 no aug,3952,0.0023313333333333333,0.00019607339895502852
YOLOv4 no aug,3953,0.002343333333333333,8.573667696953136e-05
YOLOv4 no aug,3954,0.0024523333333333337,0.00014312853586122428
YOLOv4 no aug,3955,0.002522,5.411099703387475e-05
YOLOv4 no aug,3956,0.002383,6.916887546673959e-05
YOLOv4 no aug,3957,0.002310333333333333,4.096068575814886e-06
YOLOv4 no aug,3958,0.0022366666666666668,4.783768853576061e-05
YOLOv4 no aug,3959,0.002211,3.218695387886216e-05
YOLOv4 no aug,3960,0.0022906666666666665,0.00010384336495147114
YOLOv4 no aug,3961,0.002420666666666667,0.0002803012268574253
YOLOv4 no aug,3962,0.0023323333333333334,0.00028199665088633784
YOLOv4 no aug,3963,0.002459,0.00035400612047439703
YOLOv4 no aug,3964,0.0023723333333333335,0.0002800811390373233
YOLOv4 no aug,3965,0.0024046666666666665,0.0003217692409855929
YOLOv4 no aug,3966,0.0025223333333333335,0.00031001738302517456
YOLOv4 no aug,3967,0.002395666666666667,0.0002763731374629436
YOLOv4 no aug,3968,0.0024286666666666666,0.00010566351204544442
YOLOv4 no aug,3969,0.002401666666666667,0.0001423988920056769
YOLOv4 no aug,3970,0.002336,0.00016158279611394277
YOLOv4 no aug,3971,0.002386333333333333,8.992651320816214e-05
YOLOv4 no aug,3972,0.002431,8.477224388520891e-05
YOLOv4 no aug,3973,0.0023736666666666663,8.520824164624246e-05
YOLOv4 no aug,3974,0.0023380000000000002,9.968450230602546e-05
YOLOv4 no aug,3975,0.0022433333333333333,8.3060887974492e-05
YOLOv4 no aug,3976,0.0022033333333333336,8.967410130268629e-05
YOLOv4 no aug,3977,0.0021426666666666664,9.956125975721903e-05
YOLOv4 no aug,3978,0.0020840000000000003,0.00010850038402389799
YOLOv4 no aug,3979,0.002178666666666667,5.733624023638494e-05
YOLOv4 no aug,3980,0.0021453333333333337,5.5983132380308195e-05
YOLOv4 no aug,3981,0.0020826666666666667,5.316745035995032e-05
YOLOv4 no aug,3982,0.002337,0.00020360992117281513
YOLOv4 no aug,3983,0.0022813333333333336,0.00017015417845132237
YOLOv4 no aug,3984,0.002252,0.00015574337867145424
YOLOv4 no aug,3985,0.002345333333333333,0.00017478017940004268
YOLOv4 no aug,3986,0.0023373333333333336,0.0001906308241368932
YOLOv4 no aug,3987,0.0022823333333333337,0.00010401014907743912
YOLOv4 no aug,3988,0.002226333333333333,6.1003642878474486e-05
YOLOv4 no aug,3989,0.0023383333333333333,0.00021178159609476087
YOLOv4 no aug,3990,0.0022786666666666667,0.00020012690418276532
YOLOv4 no aug,3991,0.002291333333333333,0.00011875792371224936
YOLOv4 no aug,3992,0.0022630000000000003,8.753856293085921e-05
YOLOv4 no aug,3993,0.0023136666666666666,7.544166252439327e-05
YOLOv4 no aug,3994,0.0024243333333333335,0.00014410914073869298
YOLOv4 no aug,3995,0.002289666666666667,0.00013835260909879672
YOLOv4 no aug,3996,0.002158,0.00012306637775336265
YOLOv4 no aug,3997,0.0021783333333333333,0.00019635455459731795
YOLOv4 no aug,3998,0.0021449999999999998,0.0001330425996939828
YOLOv4 no aug,3999,0.002258,0.0002466840083994097
YOLOv4 no aug,4000,0.0022526666666666667,0.00020269626976779272
YOLOv4 no aug,4001,0.002191666666666667,0.00019893829305702928
YOLOv4 no aug,4002,0.0021973333333333333,0.00023167817717208015
YOLOv4 no aug,4003,0.002159,0.00016876907299620986
YOLOv4 no aug,4004,0.0021336666666666665,0.00012164200663330805
YOLOv4 no aug,4005,0.002175,5.4884727687521085e-05
YOLOv4 no aug,4006,0.002345,3.924708057083132e-05
YOLOv4 no aug,4007,0.0024570000000000004,0.00017846288129468266
YOLOv4 no aug,4008,0.0024120000000000005,0.00017427660007394375
YOLOv4 no aug,4009,0.002298666666666667,0.0001400480076418242
YOLOv4 no aug,4010,0.0023343333333333337,0.00019732742108260348
YOLOv4 no aug,4011,0.002244666666666667,0.0002061199758500967
YOLOv4 no aug,4012,0.0021983333333333334,0.0001370040550900268
YOLOv4 no aug,4013,0.002237,0.0001743855880895361
YOLOv4 no aug,4014,0.002159,0.00015042052164958528
YOLOv4 no aug,4015,0.0020759999999999997,0.00011375558594343109
YOLOv4 no aug,4016,0.002009,0.0001241343358355509
YOLOv4 no aug,4017,0.002023,0.00018712918888653726
YOLOv4 no aug,4018,0.0019736666666666665,0.00014470928711654194
YOLOv4 no aug,4019,0.001923,0.00012150857308574293
YOLOv4 no aug,4020,0.0018766666666666665,0.00011381319978123996
YOLOv4 no aug,4021,0.0019096666666666665,0.00016335271993790347
YOLOv4 no aug,4022,0.0020466666666666667,0.0003231956751635834
YOLOv4 no aug,4023,0.0020583333333333335,0.0003495274587846346
YOLOv4 no aug,4024,0.0020296666666666666,0.0003115345531041104
YOLOv4 no aug,4025,0.0020993333333333333,0.00022228385256493799
YOLOv4 no aug,4026,0.0020916666666666666,0.00020461047002644914
YOLOv4 no aug,4027,0.0022043333333333333,0.0001267048188156674
YOLOv4 no aug,4028,0.0025863333333333333,0.0003034975745830232
YOLOv4 no aug,4029,0.0025503333333333333,0.0002437651419798254
YOLOv4 no aug,4030,0.002587,0.0001860492766267403
YOLOv4 no aug,4031,0.0024909999999999997,0.0001418250095481518
YOLOv4 no aug,4032,0.0023643333333333333,0.00011402679996874031
YOLOv4 no aug,4033,0.0022543333333333334,0.00012793922168140805
YOLOv4 no aug,4034,0.0023873333333333333,0.00017749397485861628
YOLOv4 no aug,4035,0.0024383333333333336,0.0001253825258071387
YOLOv4 no aug,4036,0.0024236666666666664,8.798737283143412e-05
YOLOv4 no aug,4037,0.002367,8.064944719794016e-05
YOLOv4 no aug,4038,0.0023263333333333335,6.965709663136352e-05
YOLOv4 no aug,4039,0.002327,0.00010598270299125865
YOLOv4 no aug,4040,0.0022366666666666668,6.44989233329604e-05
YOLOv4 no aug,4041,0.0023743333333333333,0.0001226870454086784
YOLOv4 no aug,4042,0.002291,0.00015360447042105698
YOLOv4 no aug,4043,0.0022470000000000003,0.00012288205727444514
YOLOv4 no aug,4044,0.0023746666666666664,0.0002657720410008881
YOLOv4 no aug,4045,0.0022756666666666667,0.00021549039679556744
YOLOv4 no aug,4046,0.002381666666666667,0.000248290376597868
YOLOv4 no aug,4047,0.002526,4.5210618221829235e-05
YOLOv4 no aug,4048,0.0024013333333333334,5.447119524217473e-05
YOLOv4 no aug,4049,0.0026236666666666665,0.000153644973161434
YOLOv4 no aug,4050,0.0026093333333333333,0.00023490589132198832
YOLOv4 no aug,4051,0.0027366666666666663,0.0004415428757336157
YOLOv4 no aug,4052,0.002684666666666667,0.0004913007678036382
YOLOv4 no aug,4053,0.002776666666666667,0.00034702849706872454
YOLOv4 no aug,4054,0.0025906666666666665,0.00032000642354663945
YOLOv4 no aug,4055,0.0025296666666666666,0.00024131399554200005
YOLOv4 no aug,4056,0.0024416666666666666,0.0002261594815856968
YOLOv4 no aug,4057,0.0023056666666666664,0.00019893577969898834
YOLOv4 no aug,4058,0.002452666666666667,0.00018195451202002226
YOLOv4 no aug,4059,0.002397,0.00017339357927366662
YOLOv4 no aug,4060,0.002332,0.00016865052623694958
YOLOv4 no aug,4061,0.0022489999999999997,0.00018255684046345673
YOLOv4 no aug,4062,0.0021806666666666667,0.00012013372178997493
YOLOv4 no aug,4063,0.0021293333333333333,8.608974645359602e-05
YOLOv4 no aug,4064,0.0022073333333333333,0.00020681822399821968
YOLOv4 no aug,4065,0.002195,0.0002458461578575784
YOLOv4 no aug,4066,0.0021496666666666665,0.0002627751468038364
YOLOv4 no aug,4067,0.0022036666666666667,0.0003127220988531368
YOLOv4 no aug,4068,0.0024500000000000004,0.0004896297921218983
YOLOv4 no aug,4069,0.0024363333333333333,0.0005763810468007351
YOLOv4 no aug,4070,0.002448,0.0006312165502688703
YOLOv4 no aug,4071,0.002421666666666667,0.0006731281040369987
YOLOv4 no aug,4072,0.0023653333333333334,0.0006057946113255805
YOLOv4 no aug,4073,0.0023833333333333332,0.0005006563469864112
YOLOv4 no aug,4074,0.0029029999999999998,0.0008536796823164997
YOLOv4 no aug,4075,0.002813666666666667,0.0007724235309149451
YOLOv4 no aug,4076,0.0028643333333333333,0.0006426033855428331
YOLOv4 no aug,4077,0.002706,0.000571980186137014
YOLOv4 no aug,4078,0.0025763333333333333,0.0005131732434351755
YOLOv4 no aug,4079,0.002585333333333333,0.0006242153296561833
YOLOv4 no aug,4080,0.0024546666666666666,0.0005472684695629539
YOLOv4 no aug,4081,0.0023606666666666667,0.00048652383748840555
YOLOv4 no aug,4082,0.0022356666666666666,0.0004369265130176673
YOLOv4 no aug,4083,0.0021836666666666667,0.0004080083060156715
YOLOv4 no aug,4084,0.0021493333333333334,0.00036906292748587534
YOLOv4 no aug,4085,0.002068,0.00034433559211908367
YOLOv4 no aug,4086,0.0021353333333333333,0.0002633991478936694
YOLOv4 no aug,4087,0.0021433333333333335,0.00022379330741656341
YOLOv4 no aug,4088,0.0023206666666666666,0.00024345932811137971
YOLOv4 no aug,4089,0.0022050000000000004,0.00023067076104266022
YOLOv4 no aug,4090,0.0021533333333333335,0.0001850714576709343
YOLOv4 no aug,4091,0.0021833333333333336,0.00014061926531516855
YOLOv4 no aug,4092,0.0023206666666666666,0.0003287807442320456
YOLOv4 no aug,4093,0.0022546666666666665,0.00032952406757490594
YOLOv4 no aug,4094,0.0022233333333333337,0.00032378044687376935
YOLOv4 no aug,4095,0.0023653333333333334,0.000345684023993653
YOLOv4 no aug,4096,0.0023346666666666667,0.00036955934721112264
YOLOv4 no aug,4097,0.0023870000000000002,0.00022086723010291342
YOLOv4 no aug,4098,0.002309,0.00018861689567303705
YOLOv4 no aug,4099,0.0021896666666666666,0.0001606334682160325
YOLOv4 no aug,4100,0.0022006666666666667,0.00020517418074515238
YOLOv4 no aug,4101,0.002096,0.00018582518666746984
YOLOv4 no aug,4102,0.0020986666666666666,0.00020884310964081258
YOLOv4 no aug,4103,0.0020566666666666667,0.00021494211106972753
YOLOv4 no aug,4104,0.0020046666666666667,0.00016241647426019047
YOLOv4 no aug,4105,0.0021746666666666668,0.0003224103665275738
YOLOv4 no aug,4106,0.0021426666666666664,0.00025089329294432025
YOLOv4 no aug,4107,0.0021566666666666665,0.0002277208329902598
YOLOv4 no aug,4108,0.0022760000000000002,0.00015751296242955156
YOLOv4 no aug,4109,0.0021993333333333335,0.00011467393387824067
YOLOv4 no aug,4110,0.002211666666666667,0.00014395523995711692
YOLOv4 no aug,4111,0.0023136666666666666,8.87512128242639e-05
YOLOv4 no aug,4112,0.0023933333333333333,1.9055474570608566e-05
YOLOv4 no aug,4113,0.0023393333333333335,1.3195116941926345e-05
YOLOv4 no aug,4114,0.002409666666666667,0.00019578928582648353
YOLOv4 no aug,4115,0.002355333333333333,0.00021476369442818878
YOLOv4 no aug,4116,0.002287666666666667,0.00018873114328177122
YOLOv4 no aug,4117,0.002347333333333333,0.00019107095831421138
YOLOv4 no aug,4118,0.002258,0.00020208166665979373
YOLOv4 no aug,4119,0.0022496666666666667,9.235860063421868e-05
YOLOv4 no aug,4120,0.00231,5.8847259919217924e-05
YOLOv4 no aug,4121,0.0022536666666666664,4.844355248924021e-05
YOLOv4 no aug,4122,0.002213333333333333,5.958001156241729e-05
YOLOv4 no aug,4123,0.002244,0.00015459732641068976
YOLOv4 no aug,4124,0.002215,0.0002359597423290677
YOLOv4 no aug,4125,0.0022153333333333335,0.00025022278961846065
YOLOv4 no aug,4126,0.0021313333333333336,0.00020310041304186905
YOLOv4 no aug,4127,0.0021306666666666666,0.00025068594784001053
YOLOv4 no aug,4128,0.0023003333333333335,0.0002058675410171416
YOLOv4 no aug,4129,0.0021956666666666665,0.00020569745852694546
YOLOv4 no aug,4130,0.002140666666666667,0.00021013831423876786
YOLOv4 no aug,4131,0.0021363333333333334,0.0001565038160699107
YOLOv4 no aug,4132,0.0020906666666666665,0.00015591058691157285
YOLOv4 no aug,4133,0.002164,0.00010997423940784198
YOLOv4 no aug,4134,0.0021106666666666665,0.00011883648897165845
YOLOv4 no aug,4135,0.0021873333333333332,0.00015347240070376754
YOLOv4 no aug,4136,0.0021516666666666667,0.00017257301192377813
YOLOv4 no aug,4137,0.0021130000000000003,0.00012425377257854186
YOLOv4 no aug,4138,0.0020729999999999998,0.00011132984026456397
YOLOv4 no aug,4139,0.0019990000000000003,8.4870489570875e-05
YOLOv4 no aug,4140,0.0022166666666666667,0.00032618263459465645
YOLOv4 no aug,4141,0.002224666666666667,0.00021146341947906217
YOLOv4 no aug,4142,0.0021616666666666663,0.00021206314573206196
YOLOv4 no aug,4143,0.0021493333333333334,0.0001532278622763425
YOLOv4 no aug,4144,0.002154,0.0001560331161431231
YOLOv4 no aug,4145,0.0020666666666666667,0.0001388348339254638
YOLOv4 no aug,4146,0.0021616666666666668,0.0001405054368264011
YOLOv4 no aug,4147,0.002100333333333333,0.00014583590473923462
YOLOv4 no aug,4148,0.0020713333333333334,0.00022435190611576672
YOLOv4 no aug,4149,0.0021003333333333334,0.000280620938475929
YOLOv4 no aug,4150,0.002129,0.0002486020917047964
YOLOv4 no aug,4151,0.002217666666666667,0.0003110585868360565
YOLOv4 no aug,4152,0.002131,0.000313315070389749
YOLOv4 no aug,4153,0.002107666666666667,0.00026974143998363404
YOLOv4 no aug,4154,0.002082333333333333,0.00019630956279418596
YOLOv4 no aug,4155,0.0020246666666666664,0.00019631720363851065
YOLOv4 no aug,4156,0.002016,0.00019320196686369422
YOLOv4 no aug,4157,0.0020813333333333335,0.0003539342374572492
YOLOv4 no aug,4158,0.0022716666666666666,0.00018120737046574872
YOLOv4 no aug,4159,0.0022136666666666667,0.00018840057796561504
YOLOv4 no aug,4160,0.0021499999999999996,0.0001823924340536087
YOLOv4 no aug,4161,0.0020463333333333336,0.00017762257113829245
YOLOv4 no aug,4162,0.002096,0.00024951352668743226
YOLOv4 no aug,4163,0.002013333333333333,0.00022343480281977353
YOLOv4 no aug,4164,0.001996666666666667,0.00018963327181108745
YOLOv4 no aug,4165,0.0019033333333333333,0.0001498914421988275
YOLOv4 no aug,4166,0.0018496666666666668,0.00012130448374968572
YOLOv4 no aug,4167,0.0019420000000000001,0.0001944247926577267
YOLOv4 no aug,4168,0.001922,8.414867794564572e-05
YOLOv4 no aug,4169,0.0019363333333333333,8.545239090342128e-05
YOLOv4 no aug,4170,0.002176,0.00031152260485129053
YOLOv4 no aug,4171,0.0023106666666666666,0.00024794174943141607
YOLOv4 no aug,4172,0.002423,0.0003747857165545845
YOLOv4 no aug,4173,0.0023200000000000004,0.0003193749103065757
YOLOv4 no aug,4174,0.002193,0.0002882088363207023
YOLOv4 no aug,4175,0.0021156666666666667,0.00028000972205343956
YOLOv4 no aug,4176,0.0020463333333333336,0.000244631923055389
YOLOv4 no aug,4177,0.0019690000000000003,0.0001826143477386156
YOLOv4 no aug,4178,0.001970333333333333,0.00021341847259420733
YOLOv4 no aug,4179,0.001958,0.00014785240388080713
YOLOv4 no aug,4180,0.0026339999999999996,0.000503806510477981
YOLOv4 no aug,4181,0.0024956666666666664,0.0004711674625627048
YOLOv4 no aug,4182,0.002407,0.0004636661873949117
YOLOv4 no aug,4183,0.0023573333333333332,0.000419846929778514
YOLOv4 no aug,4184,0.002264333333333333,0.00036946192105697593
YOLOv4 no aug,4185,0.002213,0.00034942428841357507
YOLOv4 no aug,4186,0.002171666666666667,0.00031981105532972304
YOLOv4 no aug,4187,0.002096,0.00026082369524259107
YOLOv4 no aug,4188,0.002037666666666667,0.0002616290843499204
YOLOv4 no aug,4189,0.0020983333333333336,0.00026885518613393186
YOLOv4 no aug,4190,0.0020803333333333333,0.00023467163820491339
YOLOv4 no aug,4191,0.0019656666666666663,0.0001979935464717081
YOLOv4 no aug,4192,0.0018516666666666666,0.00016760303630238262
YOLOv4 no aug,4193,0.0018653333333333334,0.00014768133862400417
YOLOv4 no aug,4194,0.0019456666666666667,4.986760248676264e-05
YOLOv4 no aug,4195,0.0019240000000000001,4.7899199714956985e-05
YOLOv4 no aug,4196,0.0018846666666666667,8.26323853650076e-05
YOLOv4 no aug,4197,0.0018529999999999998,9.59652714961685e-05
YOLOv4 no aug,4198,0.001769,9.834802150187535e-05
YOLOv4 no aug,4199,0.0017319999999999998,0.0001146051191410459
YOLOv4 no aug,4200,0.0017586666666666668,0.000142615255534291
YOLOv4 no aug,4201,0.0018206666666666666,0.00018358679448999353
YOLOv4 no aug,4202,0.0018389999999999997,0.00013050031928441138
YOLOv4 no aug,4203,0.0017736666666666667,0.00012051878599528704
YOLOv4 no aug,4204,0.00177,0.00010610058121110046
YOLOv4 no aug,4205,0.001902,0.00016523115121953644
YOLOv4 no aug,4206,0.002008,0.00023755209954870956
YOLOv4 no aug,4207,0.0019499999999999997,0.00020556993943667934
YOLOv4 no aug,4208,0.0019,0.00020564613619840602
YOLOv4 no aug,4209,0.0018796666666666666,0.00017918457274863575
YOLOv4 no aug,4210,0.0017896666666666668,0.00015209792167474804
YOLOv4 no aug,4211,0.001736,0.00013860856154413164
YOLOv4 no aug,4212,0.001848,0.00025957722036675966
YOLOv4 no aug,4213,0.0018499999999999999,0.00023721720005092379
YOLOv4 no aug,4214,0.0018589999999999998,0.0002487012933889435
YOLOv4 no aug,4215,0.0018726666666666666,0.0003000635117956049
YOLOv4 no aug,4216,0.0018193333333333334,0.00022405530071341274
YOLOv4 no aug,4217,0.0017689999999999997,0.00019714546237063968
YOLOv4 no aug,4218,0.001718,0.00019935479260186687
YOLOv4 no aug,4219,0.0018366666666666668,0.00013043687276908237
YOLOv4 no aug,4220,0.0017783333333333332,0.00014299689196311613
YOLOv4 no aug,4221,0.0018476666666666667,3.526250763125681e-05
YOLOv4 no aug,4222,0.001887,4.041451884327379e-05
YOLOv4 no aug,4223,0.0019649999999999997,0.00014815869869838904
YOLOv4 no aug,4224,0.0019266666666666666,0.00018188488422931447
YOLOv4 no aug,4225,0.0021233333333333334,0.00036038698336340874
YOLOv4 no aug,4226,0.0020333333333333336,0.00028903421558316896
YOLOv4 no aug,4227,0.0020323333333333335,0.00024192583803949325
YOLOv4 no aug,4228,0.0020243333333333333,0.0002974202040510661
YOLOv4 no aug,4229,0.002094,0.0002062385350348797
YOLOv4 no aug,4230,0.0019993333333333334,0.0001549734744328131
YOLOv4 no aug,4231,0.0019003333333333335,0.00012442177372862755
YOLOv4 no aug,4232,0.002041666666666667,0.0002482084697274539
YOLOv4 no aug,4233,0.0019833333333333335,0.00017867039797098765
YOLOv4 no aug,4234,0.001986,0.0001587860195357262
YOLOv4 no aug,4235,0.0020776666666666665,0.00010915483396431767
YOLOv4 no aug,4236,0.0020076666666666667,9.033517833294205e-05
YOLOv4 no aug,4237,0.0018993333333333334,6.404252059721301e-05
YOLOv4 no aug,4238,0.0018269999999999998,6.5774868554284e-05
YOLOv4 no aug,4239,0.0018093333333333336,7.870691061004607e-05
YOLOv4 no aug,4240,0.0018403333333333334,6.794687467262768e-05
YOLOv4 no aug,4241,0.0018196666666666667,0.00012067771588454554
YOLOv4 no aug,4242,0.001772,7.615116545398371e-05
YOLOv4 no aug,4243,0.0018649999999999997,0.00020649535910846368
YOLOv4 no aug,4244,0.0022873333333333335,0.0004639110307423661
YOLOv4 no aug,4245,0.002402,0.0006278426023561426
YOLOv4 no aug,4246,0.002247,0.0005605232674326138
YOLOv4 no aug,4247,0.002203333333333333,0.0005058261668904754
YOLOv4 no aug,4248,0.0022819999999999997,0.0006085121198464334
YOLOv4 no aug,4249,0.0021493333333333334,0.0005590385595923694
YOLOv4 no aug,4250,0.0023273333333333336,0.0007489197405448582
YOLOv4 no aug,4251,0.0023650000000000003,0.0006824824784075657
YOLOv4 no aug,4252,0.0023306666666666667,0.0005797621159674986
YOLOv4 no aug,4253,0.002304,0.0005072169161216925
YOLOv4 no aug,4254,0.002302,0.0005358267754912339
YOLOv4 no aug,4255,0.0023716666666666665,0.00048553487115871616
YOLOv4 no aug,4256,0.0022949999999999997,0.000422659831700782
YOLOv4 no aug,4257,0.002218333333333333,0.0003577230461932496
YOLOv4 no aug,4258,0.0020979999999999996,0.0003547003430127088
YOLOv4 no aug,4259,0.002044666666666667,0.00028892348083493975
YOLOv4 no aug,4260,0.0020840000000000003,0.00017700376643826917
YOLOv4 no aug,4261,0.002043,0.00012700131232917767
YOLOv4 no aug,4262,0.0019603333333333335,0.00014820068975697937
YOLOv4 no aug,4263,0.0019373333333333332,0.00018319509940073302
YOLOv4 no aug,4264,0.0019063333333333334,0.00016420447957078127
YOLOv4 no aug,4265,0.001837,0.00014558273707185662
YOLOv4 no aug,4266,0.0017963333333333332,0.0001352988461805118
YOLOv4 no aug,4267,0.0017576666666666667,0.00011521332870423937
YOLOv4 no aug,4268,0.0017343333333333334,0.00010698494182723928
YOLOv4 no aug,4269,0.001693,7.000238091188992e-05
YOLOv4 no aug,4270,0.001795,0.0002130664997913405
YOLOv4 no aug,4271,0.0017646666666666668,0.0002135933311484961
YOLOv4 no aug,4272,0.0018146666666666667,0.00015664219667055804
YOLOv4 no aug,4273,0.001752666666666667,0.00013364671505295013
YOLOv4 no aug,4274,0.0017003333333333334,0.00011975576998393206
YOLOv4 no aug,4275,0.0017503333333333336,0.00016526477073001506
YOLOv4 no aug,4276,0.0018313333333333335,0.0001072339084017323
YOLOv4 no aug,4277,0.0017583333333333333,0.00011685508594456263
YOLOv4 no aug,4278,0.0017716666666666668,0.00012060449595452251
YOLOv4 no aug,4279,0.002010333333333333,9.207484877955361e-06
YOLOv4 no aug,4280,0.001949,7.202083032012329e-05
YOLOv4 no aug,4281,0.0021046666666666666,0.0001114216216798956
YOLOv4 no aug,4282,0.0021126666666666668,7.62678030218373e-05
YOLOv4 no aug,4283,0.002169,9.671780256671129e-05
YOLOv4 no aug,4284,0.0021683333333333333,2.034152840318974e-05
YOLOv4 no aug,4285,0.0020743333333333334,2.269605937406565e-05
YOLOv4 no aug,4286,0.0020546666666666664,4.73650128728415e-05
YOLOv4 no aug,4287,0.0019726666666666664,6.317260306317753e-05
YOLOv4 no aug,4288,0.0018919999999999998,4.0451617190581245e-05
YOLOv4 no aug,4289,0.0017976666666666668,3.7671091185564496e-05
YOLOv4 no aug,4290,0.0017436666666666668,6.122181891377546e-05
YOLOv4 no aug,4291,0.001822,3.811823710509182e-05
YOLOv4 no aug,4292,0.001836,2.2869193252058518e-05
YOLOv4 no aug,4293,0.0018066666666666665,3.4260440420078954e-05
YOLOv4 no aug,4294,0.0017936666666666667,5.433333333333337e-05
YOLOv4 no aug,4295,0.0018736666666666667,2.8339215075776376e-05
YOLOv4 no aug,4296,0.0018223333333333331,3.937145045729344e-05
YOLOv4 no aug,4297,0.0017330000000000002,2.8988503468329145e-05
YOLOv4 no aug,4298,0.0017013333333333333,2.57055981797308e-05
YOLOv4 no aug,4299,0.001694,2.3065125189341607e-05
YOLOv4 no aug,4300,0.001919,5.810622456616277e-05
YOLOv4 no aug,4301,0.001902,0.00012530097099916398
YOLOv4 no aug,4302,0.0018326666666666665,8.469815687355755e-05
YOLOv4 no aug,4303,0.0019043333333333332,9.880170938692201e-05
YOLOv4 no aug,4304,0.0021223333333333333,0.00021972508075117665
YOLOv4 no aug,4305,0.0020566666666666667,0.00021366666666666672
YOLOv4 no aug,4306,0.002007,0.00018871230307887548
YOLOv4 no aug,4307,0.0019266666666666668,0.00016856287979399393
YOLOv4 no aug,4308,0.001851,0.00015121618079204794
YOLOv4 no aug,4309,0.001877666666666667,8.422654635630689e-05
YOLOv4 no aug,4310,0.002056,0.00012623126923759156
YOLOv4 no aug,4311,0.002015666666666667,0.0001647526765926564
YOLOv4 no aug,4312,0.0019113333333333332,0.00014496244724448849
YOLOv4 no aug,4313,0.0019349999999999999,0.00018558376365763617
YOLOv4 no aug,4314,0.0019506666666666665,0.00019405697903221908
YOLOv4 no aug,4315,0.0020320000000000004,0.00021576916678092204
YOLOv4 no aug,4316,0.0022903333333333335,0.0003752800435822709
YOLOv4 no aug,4317,0.0023126666666666664,0.00043930260388231
YOLOv4 no aug,4318,0.002245,0.0004208685463815672
YOLOv4 no aug,4319,0.0023320000000000003,0.0002735452430586209
YOLOv4 no aug,4320,0.0023646666666666664,0.0002465835445532497
YOLOv4 no aug,4321,0.0023046666666666667,0.0002490129403152464
YOLOv4 no aug,4322,0.0022056666666666665,0.0002205578785212121
YOLOv4 no aug,4323,0.002107666666666667,0.00020308810348658484
YOLOv4 no aug,4324,0.002112,0.00024759913839376204
YOLOv4 no aug,4325,0.0032376666666666665,0.0012587139380247515
YOLOv4 no aug,4326,0.0031450000000000002,0.0010705168533625864
YOLOv4 no aug,4327,0.002996,0.0009443394516803798
YOLOv4 no aug,4328,0.0030083333333333333,0.0007670646068690115
YOLOv4 no aug,4329,0.002987,0.0006152806947510489
YOLOv4 no aug,4330,0.002818666666666666,0.0005792527753733925
YOLOv4 no aug,4331,0.002905,0.0005702677733603166
YOLOv4 no aug,4332,0.002814333333333333,0.00045217634219897493
YOLOv4 no aug,4333,0.003174666666666667,0.0004060120414196824
YOLOv4 no aug,4334,0.0030086666666666664,0.0003642162056312767
YOLOv4 no aug,4335,0.0028493333333333335,0.0003299986531959049
YOLOv4 no aug,4336,0.0026636666666666666,0.00031705379844927125
YOLOv4 no aug,4337,0.002536,0.00030569974375738905
YOLOv4 no aug,4338,0.0024313333333333335,0.0002990793280125601
YOLOv4 no aug,4339,0.0023983333333333335,0.00023284067036876907
YOLOv4 no aug,4340,0.0023046666666666667,0.00017649016340232052
YOLOv4 no aug,4341,0.002606666666666667,0.00032540965634787853
YOLOv4 no aug,4342,0.0025210000000000002,0.00028301472282079844
YOLOv4 no aug,4343,0.002396,0.0002668276597356428
YOLOv4 no aug,4344,0.002295,0.00021610259908972252
YOLOv4 no aug,4345,0.0021699999999999996,0.00020086147797259012
YOLOv4 no aug,4346,0.0023046666666666667,9.427324352351751e-05
YOLOv4 no aug,4347,0.002203333333333333,9.71636649050342e-05
YOLOv4 no aug,4348,0.0020916666666666666,0.00011483369617746262
YOLOv4 no aug,4349,0.002172666666666667,0.00025592012642836656
YOLOv4 no aug,4350,0.002108333333333333,0.00020153108389967482
YOLOv4 no aug,4351,0.0020003333333333336,0.00018337787337747286
YOLOv4 no aug,4352,0.0019606666666666665,0.00013866666666666666
YOLOv4 no aug,4353,0.002408333333333333,0.00019207666293551766
YOLOv4 no aug,4354,0.002317333333333333,0.0001836167506277985
YOLOv4 no aug,4355,0.002251,0.00018276487627550322
YOLOv4 no aug,4356,0.002427,0.00019359838153593464
YOLOv4 no aug,4357,0.002706,0.00038431410764286724
YOLOv4 no aug,4358,0.0025696666666666667,0.00033535271647094857
YOLOv4 no aug,4359,0.002553,0.00021504030629938503
YOLOv4 no aug,4360,0.0027190000000000005,0.00022881433521525698
YOLOv4 no aug,4361,0.0025406666666666668,0.00020719904547184678
YOLOv4 no aug,4362,0.002379666666666667,0.00019138210760442345
YOLOv4 no aug,4363,0.002401666666666667,0.00023638269348194205
YOLOv4 no aug,4364,0.002362666666666667,0.00023539069178235954
YOLOv4 no aug,4365,0.0024159999999999997,0.0003163020708120641
YOLOv4 no aug,4366,0.0024906666666666666,0.00020984147455744884
YOLOv4 no aug,4367,0.0024156666666666667,0.00020448743509348232
YOLOv4 no aug,4368,0.0023176666666666667,0.00018471268981252418
YOLOv4 no aug,4369,0.0022736666666666665,8.738103023222172e-05
YOLOv4 no aug,4370,0.002369333333333333,0.00011557152667408082
YOLOv4 no aug,4371,0.002321,5.011985634456666e-05
YOLOv4 no aug,4372,0.0022233333333333337,7.38248678367331e-05
YOLOv4 no aug,4373,0.0022543333333333334,0.00020984941691074043
YOLOv4 no aug,4374,0.0020933333333333333,0.00017561542579676135
YOLOv4 no aug,4375,0.0020486666666666665,0.00018011323598719157
YOLOv4 no aug,4376,0.0019379999999999998,0.00017434544253674467
YOLOv4 no aug,4377,0.0020113333333333333,0.0002001668748264252
YOLOv4 no aug,4378,0.002274,0.00027840797402373384
YOLOv4 no aug,4379,0.002271,0.0003274940203016437
YOLOv4 no aug,4380,0.0022299999999999998,0.0002638863391689688
YOLOv4 no aug,4381,0.002133,0.0002116435682934873
YOLOv4 no aug,4382,0.0021163333333333333,0.00018352141867125784
YOLOv4 no aug,4383,0.002029,0.0001876619300764009
YOLOv4 no aug,4384,0.0021500000000000004,0.0002842539944017205
YOLOv4 no aug,4385,0.0021723333333333334,0.00027547312835273874
YOLOv4 no aug,4386,0.0022106666666666663,0.00032138104763314496
YOLOv4 no aug,4387,0.002107666666666667,0.0002871244406950485
YOLOv4 no aug,4388,0.0022563333333333337,0.00018462063204793166
YOLOv4 no aug,4389,0.0023276666666666667,0.00016129303904522494
YOLOv4 no aug,4390,0.0022866666666666664,0.00021125050953258733
YOLOv4 no aug,4391,0.0021683333333333333,0.00021420888040518874
YOLOv4 no aug,4392,0.0021133333333333334,0.00023335404669966864
YOLOv4 no aug,4393,0.0021133333333333334,0.00022020470274522098
YOLOv4 no aug,4394,0.0020320000000000004,0.00021101263785217535
YOLOv4 no aug,4395,0.002009666666666667,0.00017742729340336697
YOLOv4 no aug,4396,0.001976,9.059801322324894e-05
YOLOv4 no aug,4397,0.0019696666666666664,0.00013737094954093375
YOLOv4 no aug,4398,0.0020719999999999996,2.2368132093076776e-05
YOLOv4 no aug,4399,0.0020989999999999997,0.00010543402360402141
YOLOv4 no aug,4400,0.0020896666666666668,0.00011503815792065594
YOLOv4 no aug,4401,0.0020436666666666663,0.0001028791092064425
YOLOv4 no aug,4402,0.002009,0.00014138717527885383
YOLOv4 no aug,4403,0.001989666666666667,0.00010217849306211384
YOLOv4 no aug,4404,0.0019553333333333332,0.00015520130297276647
YOLOv4 no aug,4405,0.001929666666666667,0.00010345745233884534
YOLOv4 no aug,4406,0.002012,7.973915809270462e-05
YOLOv4 no aug,4407,0.001973,0.00016107244746800534
YOLOv4 no aug,4408,0.0019416666666666668,9.603702989530192e-05
YOLOv4 no aug,4409,0.0018913333333333334,0.00011962487663989928
YOLOv4 no aug,4410,0.001799,0.00012015406776301829
YOLOv4 no aug,4411,0.0018346666666666667,0.0001325522957594893
YOLOv4 no aug,4412,0.001882,0.00013203156188326088
YOLOv4 no aug,4413,0.0018266666666666665,0.00011705601697952614
YOLOv4 no aug,4414,0.0018526666666666665,0.00010733333333333333
YOLOv4 no aug,4415,0.0018896666666666669,0.0001224640536828846
YOLOv4 no aug,4416,0.0018453333333333334,0.00012429043048888008
YOLOv4 no aug,4417,0.00197,0.00022289235069871744
YOLOv4 no aug,4418,0.0018936666666666668,0.0002157199831056713
YOLOv4 no aug,4419,0.0018856666666666666,0.00022730327269482453
YOLOv4 no aug,4420,0.0019373333333333334,0.00018553466282910885
YOLOv4 no aug,4421,0.0019053333333333333,0.00017281621580292873
YOLOv4 no aug,4422,0.0018086666666666668,0.0001466450741681349
YOLOv4 no aug,4423,0.0017733333333333334,8.806310868411989e-05
YOLOv4 no aug,4424,0.002033,0.0002650213827851129
YOLOv4 no aug,4425,0.0019876666666666667,0.0002734113709738089
YOLOv4 no aug,4426,0.00219,0.0002951412091412064
YOLOv4 no aug,4427,0.002185,0.00017032420066841154
YOLOv4 no aug,4428,0.002094666666666667,0.0001534409042957944
YOLOv4 no aug,4429,0.002036666666666667,0.0001462991607783327
YOLOv4 no aug,4430,0.001990333333333333,0.0001498914421988275
YOLOv4 no aug,4431,0.0022663333333333333,0.0003176750610993008
YOLOv4 no aug,4432,0.002207666666666667,0.0002725144236753554
YOLOv4 no aug,4433,0.002140333333333333,0.00023797362132060867
YOLOv4 no aug,4434,0.0020956666666666667,0.00025644319275642917
YOLOv4 no aug,4435,0.0020353333333333334,0.00023160118978777093
YOLOv4 no aug,4436,0.0019643333333333336,0.00023469436389577923
YOLOv4 no aug,4437,0.001896666666666667,0.0002033857855843859
YOLOv4 no aug,4438,0.0019436666666666667,0.0002345274208085509
YOLOv4 no aug,4439,0.002094,0.00018172598419965527
YOLOv4 no aug,4440,0.0019676666666666666,0.00017556132198687094
YOLOv4 no aug,4441,0.001994,0.000205646136198406
YOLOv4 no aug,4442,0.0019660000000000003,0.00020416414964434868
YOLOv4 no aug,4443,0.0019243333333333335,0.00016293591105435024
YOLOv4 no aug,4444,0.001963,4.724757489367397e-05
YOLOv4 no aug,4445,0.0020626666666666666,0.00017469051999973497
YOLOv4 no aug,4446,0.001979,0.00016836072384417134
YOLOv4 no aug,4447,0.0020066666666666666,0.00017398211913233438
YOLOv4 no aug,4448,0.0019933333333333335,0.0001519137182014112
YOLOv4 no aug,4449,0.0019023333333333334,0.0001387675914774212
YOLOv4 no aug,4450,0.0018463333333333335,0.0001401812319027686
YOLOv4 no aug,4451,0.0017506666666666666,0.0001384994985951614
YOLOv4 no aug,4452,0.001725,0.00013996547193266396
YOLOv4 no aug,4453,0.001664,0.0001191091935998225
YOLOv4 no aug,4454,0.001652,0.00012073248665265423
YOLOv4 no aug,4455,0.0015869999999999999,0.00010291906205039636
YOLOv4 no aug,4456,0.0015633333333333332,0.00010425822642735576
YOLOv4 no aug,4457,0.001564,0.00012908266085471487
YOLOv4 no aug,4458,0.0015893333333333332,0.0001833915059222876
YOLOv4 no aug,4459,0.0022036666666666667,0.0005733336240309341
YOLOv4 no aug,4460,0.0021249999999999997,0.0005173480453234553
YOLOv4 no aug,4461,0.00213,0.00047896172428841676
YOLOv4 no aug,4462,0.002019333333333333,0.0004231998477210397
YOLOv4 no aug,4463,0.0020183333333333334,0.0003556319883125126
YOLOv4 no aug,4464,0.0020076666666666667,0.0003596499841667049
YOLOv4 no aug,4465,0.0019443333333333335,0.00027886994180880174
YOLOv4 no aug,4466,0.0018990000000000003,0.00025036573247950685
YOLOv4 no aug,4467,0.0018453333333333334,0.00023957207219911465
YOLOv4 no aug,4468,0.0018006666666666668,0.00019890896857049407
YOLOv4 no aug,4469,0.001938333333333333,0.0002036830326212219
YOLOv4 no aug,4470,0.001863666666666667,0.0001549433588265223
YOLOv4 no aug,4471,0.0020543333333333334,0.00015056596929954364
YOLOv4 no aug,4472,0.002024,0.00019018937930389285
YOLOv4 no aug,4473,0.0019466666666666666,0.00018359042579732868
YOLOv4 no aug,4474,0.0018953333333333333,0.00017444228590313506
YOLOv4 no aug,4475,0.0018880000000000001,0.00015505267922010679
YOLOv4 no aug,4476,0.0018596666666666666,0.00015892800606284315
YOLOv4 no aug,4477,0.0017980000000000001,0.00013003204733193016
YOLOv4 no aug,4478,0.0017419999999999998,0.00013786345902135682
YOLOv4 no aug,4479,0.0017063333333333334,0.00012775149488144724
YOLOv4 no aug,4480,0.0016876666666666665,7.441400704467166e-05
YOLOv4 no aug,4481,0.0019746666666666667,0.0003282632750975622
YOLOv4 no aug,4482,0.0020366666666666667,0.00024585655257577417
YOLOv4 no aug,4483,0.002015,0.00019942918542680758
YOLOv4 no aug,4484,0.0019853333333333333,0.00017340735598904433
YOLOv4 no aug,4485,0.0019943333333333336,0.00018705287428365748
YOLOv4 no aug,4486,0.0021243333333333335,8.985605773185864e-05
YOLOv4 no aug,4487,0.0021366666666666665,4.217555900966548e-05
YOLOv4 no aug,4488,0.002322333333333333,0.0001697079190190541
YOLOv4 no aug,4489,0.002255,0.00014978985279383912
YOLOv4 no aug,4490,0.0022186666666666665,0.00013885764092927852
YOLOv4 no aug,4491,0.002127,9.750042734949082e-05
YOLOv4 no aug,4492,0.0020873333333333334,0.00015685910167337368
YOLOv4 no aug,4493,0.0020123333333333334,0.00010669947412137415
YOLOv4 no aug,4494,0.002147666666666666,1.6746475582774055e-05
YOLOv4 no aug,4495,0.002096,3.9513710700633224e-05
YOLOv4 no aug,4496,0.002019,8.962886439832441e-06
YOLOv4 no aug,4497,0.0019803333333333335,7.049428660852201e-05
YOLOv4 no aug,4498,0.0020770000000000003,8.827419403955684e-05
YOLOv4 no aug,4499,0.0021106666666666665,0.00012503910499430884
YOLOv4 no aug,4500,0.0021176666666666666,2.321158714473831e-05
YOLOv4 no aug,4501,0.0020233333333333336,4.7799349135503725e-05
YOLOv4 no aug,4502,0.0019123333333333334,6.609168715588296e-05
YOLOv4 no aug,4503,0.001882,4.622769732530484e-05
YOLOv4 no aug,4504,0.0018756666666666668,8.652038937601815e-05
YOLOv4 no aug,4505,0.001904,0.00014300466192867053
YOLOv4 no aug,4506,0.001941,0.00011029656990737895
YOLOv4 no aug,4507,0.0021756666666666665,0.00030915440227246394
YOLOv4 no aug,4508,0.002075,0.00029166133328457054
YOLOv4 no aug,4509,0.001972666666666667,0.0002590072929046165
YOLOv4 no aug,4510,0.0018893333333333331,0.00022498320925003375
YOLOv4 no aug,4511,0.001896666666666667,0.00022819314431224948
YOLOv4 no aug,4512,0.0020023333333333334,0.0001428009492654412
YOLOv4 no aug,4513,0.001947,0.0001476245237079531
YOLOv4 no aug,4514,0.0020636666666666668,0.0002913442026957881
YOLOv4 no aug,4515,0.0020543333333333334,0.0002507650516142772
YOLOv4 no aug,4516,0.001984333333333333,0.00027381400824485065
YOLOv4 no aug,4517,0.0019240000000000001,0.00022332935319836493
YOLOv4 no aug,4518,0.0018743333333333335,0.0001987513801489467
YOLOv4 no aug,4519,0.0018203333333333335,0.00017051327742371794
YOLOv4 no aug,4520,0.0017633333333333331,0.00015314299780851153
YOLOv4 no aug,4521,0.0016959999999999998,0.00014327014110879249
YOLOv4 no aug,4522,0.0016636666666666666,0.00013221993462073382
YOLOv4 no aug,4523,0.0016043333333333333,0.00012645991899060794
YOLOv4 no aug,4524,0.001891,0.00022330770997288334
YOLOv4 no aug,4525,0.001847,0.00020967355579567019
YOLOv4 no aug,4526,0.0017746666666666668,0.0002092082959901713
YOLOv4 no aug,4527,0.001778666666666667,0.00017506316320434494
YOLOv4 no aug,4528,0.002074333333333333,1.4847371634213377e-05
YOLOv4 no aug,4529,0.0020296666666666666,6.778479016547718e-05
YOLOv4 no aug,4530,0.0021746666666666668,0.0002482554687771808
YOLOv4 no aug,4531,0.0020753333333333335,0.0002178335246109847
YOLOv4 no aug,4532,0.0019916666666666668,0.00019460158729511377
YOLOv4 no aug,4533,0.001877,0.00017579912779457503
YOLOv4 no aug,4534,0.0018776666666666666,0.00024001550875817271
YOLOv4 no aug,4535,0.0017776666666666668,0.0002175142396360396
YOLOv4 no aug,4536,0.0017679999999999998,0.00017955593371797368
YOLOv4 no aug,4537,0.0017493333333333334,0.00020919236229949807
YOLOv4 no aug,4538,0.0016993333333333333,0.00019049613586048873
YOLOv4 no aug,4539,0.0016773333333333334,0.00018667023806107332
YOLOv4 no aug,4540,0.001727,0.00012574179893734623
YOLOv4 no aug,4541,0.0016443333333333334,0.00010413666234542202
YOLOv4 no aug,4542,0.0015983333333333336,8.422654635630688e-05
YOLOv4 no aug,4543,0.001568,7.731106001084188e-05
YOLOv4 no aug,4544,0.0015386666666666667,0.00010324135691561685
YOLOv4 no aug,4545,0.001586,5.016306742348733e-05
YOLOv4 no aug,4546,0.0015876666666666667,9.134793070696492e-06
YOLOv4 no aug,4547,0.0015520000000000002,1.501110699893026e-05
YOLOv4 no aug,4548,0.0015366666666666669,4.2254519810837304e-05
YOLOv4 no aug,4549,0.0015683333333333333,5.3545411671880094e-05
YOLOv4 no aug,4550,0.0018763333333333334,0.0003427381572635945
YOLOv4 no aug,4551,0.0018126666666666666,0.00031892022687673966
YOLOv4 no aug,4552,0.0017913333333333331,0.0003282465198258434
YOLOv4 no aug,4553,0.0017186666666666667,0.00028072663650684167
YOLOv4 no aug,4554,0.0016920000000000001,0.00025320150078544164
YOLOv4 no aug,4555,0.001845,0.00022150470273412556
YOLOv4 no aug,4556,0.0017613333333333333,0.0002029329391148164
YOLOv4 no aug,4557,0.0016960000000000002,0.00019315365213563352
YOLOv4 no aug,4558,0.0015979999999999998,0.00018033949465753014
YOLOv4 no aug,4559,0.0015426666666666668,0.00016338128547800223
YOLOv4 no aug,4560,0.0015539999999999998,0.0001681021514833565
YOLOv4 no aug,4561,0.0015283333333333336,0.00019780995368731523
YOLOv4 no aug,4562,0.0015583333333333334,0.00020484492779769886
YOLOv4 no aug,4563,0.001542,0.00021648402558464527
YOLOv4 no aug,4564,0.0015273333333333335,0.000217439902297419
YOLOv4 no aug,4565,0.0014736666666666667,0.00018028249437418426
YOLOv4 no aug,4566,0.001451,0.00018919830866051627
YOLOv4 no aug,4567,0.0015773333333333334,0.00031953838232327863
YOLOv4 no aug,4568,0.0016796666666666668,0.00044065115958595244
YOLOv4 no aug,4569,0.001646,0.00036245597433803373
YOLOv4 no aug,4570,0.0016070000000000001,0.00037581954889725117
YOLOv4 no aug,4571,0.0016046666666666668,0.00034030003101838115
YOLOv4 no aug,4572,0.0021290000000000002,0.0004257714566916544
YOLOv4 no aug,4573,0.002021,0.0003884962462281113
YOLOv4 no aug,4574,0.0019846666666666663,0.0003365914107308412
YOLOv4 no aug,4575,0.002085333333333333,0.0001321228384664984
YOLOv4 no aug,4576,0.0020783333333333335,0.0001834396661333397
YOLOv4 no aug,4577,0.002028666666666667,0.00014674732630538044
YOLOv4 no aug,4578,0.0019853333333333333,0.00015081371879831681
YOLOv4 no aug,4579,0.0020033333333333335,0.00018685496455213003
YOLOv4 no aug,4580,0.001935,0.00018987364219396008
YOLOv4 no aug,4581,0.0018473333333333334,0.0001739514619401375
YOLOv4 no aug,4582,0.0019126666666666667,0.00016839668774784283
YOLOv4 no aug,4583,0.0018603333333333334,0.00016621505480685086
YOLOv4 no aug,4584,0.0017443333333333332,0.00014780317242122295
YOLOv4 no aug,4585,0.001671,0.00012834458825105696
YOLOv4 no aug,4586,0.001601,0.00011704272724095248
YOLOv4 no aug,4587,0.0015650000000000002,0.00013781509351301117
YOLOv4 no aug,4588,0.0015643333333333334,0.00012440971737681018
YOLOv4 no aug,4589,0.001524,0.00013591296234477906
YOLOv4 no aug,4590,0.0015496666666666669,9.06593134273093e-05
YOLOv4 no aug,4591,0.0015183333333333333,6.422443287237175e-05
YOLOv4 no aug,4592,0.0014633333333333332,6.183939772597335e-05
YOLOv4 no aug,4593,0.0016319999999999998,0.0002388242031285774
YOLOv4 no aug,4594,0.0016226666666666666,0.00018541155423663447
YOLOv4 no aug,4595,0.0018353333333333336,0.00032407063701881067
YOLOv4 no aug,4596,0.0018626666666666668,0.00022130095144646606
YOLOv4 no aug,4597,0.0017733333333333334,0.000192990788496354
YOLOv4 no aug,4598,0.0017540000000000001,0.00015328731193415846
YOLOv4 no aug,4599,0.0016960000000000002,0.0001209504030584438
YOLOv4 no aug,4600,0.0019109999999999997,0.00028321546567940104
YOLOv4 no aug,4601,0.0020113333333333333,0.00044112898088629113
YOLOv4 no aug,4602,0.0020250000000000003,0.00036430939232105086
YOLOv4 no aug,4603,0.001922666666666667,0.0003377979343401088
YOLOv4 no aug,4604,0.001882,0.0003545010578263484
YOLOv4 no aug,4605,0.0018696666666666668,0.000298831241859199
YOLOv4 no aug,4606,0.0018886666666666663,0.00027142606932848416
YOLOv4 no aug,4607,0.001897,0.00030601361625478917
YOLOv4 no aug,4608,0.0018980000000000002,0.00031292650894419277
YOLOv4 no aug,4609,0.002209,0.0001843619628159056
YOLOv4 no aug,4610,0.0021426666666666664,0.00020508724430782572
YOLOv4 no aug,4611,0.0024623333333333333,0.00018954448319882892
YOLOv4 no aug,4612,0.0023596666666666666,0.00016026263167410893
YOLOv4 no aug,4613,0.0023009999999999997,0.0001509646757799099
YOLOv4 no aug,4614,0.0022140000000000003,0.00015889933920567448
YOLOv4 no aug,4615,0.0022196666666666667,0.00011682513047761226
YOLOv4 no aug,4616,0.002186333333333333,0.00010538395408114942
YOLOv4 no aug,4617,0.0021206666666666665,5.25874932321788e-05
YOLOv4 no aug,4618,0.0021953333333333334,0.00013865104078625276
YOLOv4 no aug,4619,0.0022726666666666663,0.0002768539526738081
YOLOv4 no aug,4620,0.0021206666666666665,0.00023676312588276444
YOLOv4 no aug,4621,0.0020876666666666665,0.0002185271404450969
YOLOv4 no aug,4622,0.0020856666666666667,0.0002831985954139682
YOLOv4 no aug,4623,0.002252,0.00039096589791608855
YOLOv4 no aug,4624,0.0021646666666666667,0.0003963215585579187
YOLOv4 no aug,4625,0.0021123333333333333,0.0003534894309279667
YOLOv4 no aug,4626,0.0020956666666666667,0.0003522406058994967
YOLOv4 no aug,4627,0.0020180000000000003,0.0003237318849500823
YOLOv4 no aug,4628,0.0019316666666666666,0.0002724789492378774
YOLOv4 no aug,4629,0.001900333333333333,0.00028992546934993106
YOLOv4 no aug,4630,0.0018626666666666663,0.0002856351596782939
YOLOv4 no aug,4631,0.0019529999999999999,0.00033017318687824016
YOLOv4 no aug,4632,0.0019173333333333334,0.00034518127282793186
YOLOv4 no aug,4633,0.0019089999999999999,0.0003535213336325453
YOLOv4 no aug,4634,0.001855666666666667,0.0003592150392793215
YOLOv4 no aug,4635,0.0018260000000000001,0.0003398975335793617
YOLOv4 no aug,4636,0.0017606666666666667,0.00027309908661713085
YOLOv4 no aug,4637,0.001721,0.00019924189653115963
YOLOv4 no aug,4638,0.002144,0.0005923430875205124
YOLOv4 no aug,4639,0.0020573333333333333,0.0005317281051230769
YOLOv4 no aug,4640,0.001974333333333333,0.00048534947317485687
YOLOv4 no aug,4641,0.001922,0.0004890930381839432
YOLOv4 no aug,4642,0.0018693333333333333,0.00047015470267183817
YOLOv4 no aug,4643,0.001895,0.0004588758001899861
YOLOv4 no aug,4644,0.001869333333333333,0.0004314724144652175
YOLOv4 no aug,4645,0.001863666666666667,0.0004137186376163288
YOLOv4 no aug,4646,0.0018226666666666669,0.00041656625456755914
YOLOv4 no aug,4647,0.001783,0.00037241419593422235
YOLOv4 no aug,4648,0.0016843333333333335,0.0003249622200263354
YOLOv4 no aug,4649,0.0016443333333333334,0.00026764798606461514
YOLOv4 no aug,4650,0.00162,0.00021376700712068123
YOLOv4 no aug,4651,0.0016753333333333334,0.00022540432806650166
YOLOv4 no aug,4652,0.0016083333333333334,0.0001966734462108306
YOLOv4 no aug,4653,0.0015553333333333333,0.00018089622562243927
YOLOv4 no aug,4654,0.0015076666666666667,0.00017589990840753092
YOLOv4 no aug,4655,0.0014546666666666666,0.00016571595510927057
YOLOv4 no aug,4656,0.0014263333333333333,0.00015003369991808878
YOLOv4 no aug,4657,0.0014073333333333334,0.0001497067503859165
YOLOv4 no aug,4658,0.0013656666666666667,0.00014398649628041902
YOLOv4 no aug,4659,0.0015773333333333334,0.00033218284790826344
YOLOv4 no aug,4660,0.00156,0.00029714698944013093
YOLOv4 no aug,4661,0.0016366666666666665,0.00024345385143344475
YOLOv4 no aug,4662,0.0019396666666666666,0.00011645075258570798
YOLOv4 no aug,4663,0.001988,3.9887341350358284e-05
YOLOv4 no aug,4664,0.002288333333333333,0.00025932883457965963
YOLOv4 no aug,4665,0.002173333333333333,0.00023039193658729566
YOLOv4 no aug,4666,0.0020916666666666666,0.00019025801194985482
YOLOv4 no aug,4667,0.002073,0.0002011442268622194
YOLOv4 no aug,4668,0.0020893333333333332,0.00018847841019891675
YOLOv4 no aug,4669,0.0019803333333333335,0.00015779980284454657
YOLOv4 no aug,4670,0.0019529999999999999,0.00013435773144854747
YOLOv4 no aug,4671,0.0019056666666666666,9.337796551887618e-05
YOLOv4 no aug,4672,0.0018156666666666666,7.738288642271692e-05
YOLOv4 no aug,4673,0.0020106666666666667,0.00029174551315220675
YOLOv4 no aug,4674,0.002107333333333333,0.0002990169077345144
YOLOv4 no aug,4675,0.0020933333333333333,0.000225864511992871
YOLOv4 no aug,4676,0.0020653333333333335,0.00024337716500206927
YOLOv4 no aug,4677,0.002073666666666667,0.0002751419835486964
YOLOv4 no aug,4678,0.002048666666666667,0.00028974950867564523
YOLOv4 no aug,4679,0.0020816666666666666,0.00022252066071366144
YOLOv4 no aug,4680,0.002054,0.0001258345474555114
YOLOv4 no aug,4681,0.002009,7.43796567169635e-05
YOLOv4 no aug,4682,0.002357,0.0005190388553213848
YOLOv4 no aug,4683,0.002292666666666667,0.0004618990991307277
YOLOv4 no aug,4684,0.00248,0.0007050335689407515
YOLOv4 no aug,4685,0.002381,0.0006145830564971129
YOLOv4 no aug,4686,0.0022923333333333333,0.0005958770380241586
YOLOv4 no aug,4687,0.0022343333333333334,0.000517436737947527
YOLOv4 no aug,4688,0.002127,0.0004751136706094658
YOLOv4 no aug,4689,0.002107333333333333,0.0004898640400945733
YOLOv4 no aug,4690,0.00205,0.00042356856981288566
YOLOv4 no aug,4691,0.0023326666666666665,0.00045809763636635856
YOLOv4 no aug,4692,0.0022010000000000003,0.00039193154164130937
YOLOv4 no aug,4693,0.002111,0.000386101454715381
YOLOv4 no aug,4694,0.0021119999999999997,0.00036852317882778195
YOLOv4 no aug,4695,0.002045,0.00031493861835813874
YOLOv4 no aug,4696,0.0020096666666666665,0.00031556316500997247
YOLOv4 no aug,4697,0.0020013333333333337,0.0002537021438178594
YOLOv4 no aug,4698,0.0018846666666666664,0.00021688886042804916
YOLOv4 no aug,4699,0.0018613333333333331,0.0001663994524563641
YOLOv4 no aug,4700,0.001793,0.00012500533321956034
YOLOv4 no aug,4701,0.0017993333333333333,0.00017717819028060733
YOLOv4 no aug,4702,0.0018186666666666666,9.909815560566426e-05
YOLOv4 no aug,4703,0.0018336666666666666,9.381246067435698e-05
YOLOv4 no aug,4704,0.001991,4.0583247775406076e-05
YOLOv4 no aug,4705,0.0019173333333333334,6.0200590620949174e-05
YOLOv4 no aug,4706,0.0018990000000000003,6.892266197219413e-05
YOLOv4 no aug,4707,0.0018333333333333333,0.00010118025718708396
YOLOv4 no aug,4708,0.0017126666666666668,8.553037147378962e-05
YOLOv4 no aug,4709,0.0016356666666666666,7.165736373728649e-05
YOLOv4 no aug,4710,0.0016110000000000002,6.010823570859492e-05
YOLOv4 no aug,4711,0.001599,7.386699759251988e-05
YOLOv4 no aug,4712,0.0017016666666666666,0.00010488777070967064
YOLOv4 no aug,4713,0.0016823333333333334,0.0001082902478424432
YOLOv4 no aug,4714,0.0016556666666666666,0.0001018828303057542
YOLOv4 no aug,4715,0.00161,8.980163324424196e-05
YOLOv4 no aug,4716,0.0015946666666666668,0.00011857533938855548
YOLOv4 no aug,4717,0.0015716666666666667,0.00010985040332702975
YOLOv4 no aug,4718,0.0016063333333333335,0.00012879613520771675
YOLOv4 no aug,4719,0.0017026666666666666,0.00016026887131040485
YOLOv4 no aug,4720,0.0017016666666666666,0.0001487383982403707
YOLOv4 no aug,4721,0.0018110000000000001,0.00019830532015051948
YOLOv4 no aug,4722,0.0017453333333333331,0.00019994193601587888
YOLOv4 no aug,4723,0.001778,0.00013056416047292608
YOLOv4 no aug,4724,0.0017553333333333334,0.00015695894721586
YOLOv4 no aug,4725,0.0016903333333333334,0.0001359047869322899
YOLOv4 no aug,4726,0.0017803333333333334,0.00010766047453814138
YOLOv4 no aug,4727,0.0017253333333333333,0.00012009625768986768
YOLOv4 no aug,4728,0.002315666666666667,0.0005515388572993848
YOLOv4 no aug,4729,0.0022296666666666667,0.0004974415655241438
YOLOv4 no aug,4730,0.002126666666666667,0.0004413480611842666
YOLOv4 no aug,4731,0.002065,0.00041586095432648323
YOLOv4 no aug,4732,0.001976666666666667,0.00036194213779430415
YOLOv4 no aug,4733,0.001956,0.0003817988126400255
YOLOv4 no aug,4734,0.0019156666666666669,0.0003311557203357827
YOLOv4 no aug,4735,0.0019336666666666669,0.00025990853091894557
YOLOv4 no aug,4736,0.001862,0.0002735367129533682
YOLOv4 no aug,4737,0.0017800000000000001,0.00021622287883878833
YOLOv4 no aug,4738,0.0017020000000000002,0.0002080969325418646
YOLOv4 no aug,4739,0.0018406666666666667,9.819085723449225e-05
YOLOv4 no aug,4740,0.0017653333333333334,8.483382449104707e-05
YOLOv4 no aug,4741,0.0018883333333333332,0.0001423157678466366
YOLOv4 no aug,4742,0.0022350000000000004,0.000433024633633392
YOLOv4 no aug,4743,0.0021256666666666668,0.00038187796189067754
YOLOv4 no aug,4744,0.0020840000000000003,0.00036502237374349167
YOLOv4 no aug,4745,0.0021119999999999997,0.00031131334696732804
YOLOv4 no aug,4746,0.002075,0.0003178694700659376
YOLOv4 no aug,4747,0.0021496666666666665,0.0004890911071682977
YOLOv4 no aug,4748,0.0020413333333333334,0.00042498797368605354
YOLOv4 no aug,4749,0.002465666666666667,0.0007339946260778148
YOLOv4 no aug,4750,0.002394666666666667,0.0006461667311495112
YOLOv4 no aug,4751,0.002772,0.00046404453809234015
YOLOv4 no aug,4752,0.0026186666666666667,0.00040557544852276806
YOLOv4 no aug,4753,0.002488666666666667,0.00032141475455312317
YOLOv4 no aug,4754,0.002369666666666666,0.00026566917606510375
YOLOv4 no aug,4755,0.002256666666666667,0.0002233475119877343
YOLOv4 no aug,4756,0.002143666666666667,0.00019559680751768708
YOLOv4 no aug,4757,0.0021086666666666667,0.00024560560073237566
YOLOv4 no aug,4758,0.002042,0.0002443194629987549
YOLOv4 no aug,4759,0.002163,0.00013360763451240353
YOLOv4 no aug,4760,0.0020943333333333335,9.972684916532989e-05
YOLOv4 no aug,4761,0.0020563333333333336,6.821615970167518e-05
YOLOv4 no aug,4762,0.0019356666666666665,6.175579145131061e-05
YOLOv4 no aug,4763,0.0019176666666666667,5.7240234489775214e-05
YOLOv4 no aug,4764,0.0018253333333333333,5.6628418464387505e-05
YOLOv4 no aug,4765,0.0017343333333333334,4.2997415943028205e-05
YOLOv4 no aug,4766,0.0016713333333333335,6.141208712008122e-05
YOLOv4 no aug,4767,0.001681,7.601973427998812e-05
YOLOv4 no aug,4768,0.0016429999999999997,6.94190175672344e-05
YOLOv4 no aug,4769,0.0015903333333333334,7.396019950697212e-05
YOLOv4 no aug,4770,0.001562,7.338483040338333e-05
YOLOv4 no aug,4771,0.0015513333333333334,7.625906139236468e-05
YOLOv4 no aug,4772,0.001516,6.898067362191626e-05
YOLOv4 no aug,4773,0.0014423333333333334,6.926358671368704e-05
YOLOv4 no aug,4774,0.001537,0.00010312290401910402
YOLOv4 no aug,4775,0.0015059999999999997,9.991996797437436e-05
YOLOv4 no aug,4776,0.001547,0.00016662232743543104
YOLOv4 no aug,4777,0.001608,0.0002023338824814075
YOLOv4 no aug,4778,0.0017166666666666667,0.0002353694495421566
YOLOv4 no aug,4779,0.0019056666666666666,0.00031513877013856047
YOLOv4 no aug,4780,0.0019296666666666666,0.00022593976581774573
YOLOv4 no aug,4781,0.0018566666666666668,0.00020919236229949802
YOLOv4 no aug,4782,0.0018126666666666666,0.00016615688704086607
YOLOv4 no aug,4783,0.0017446666666666667,0.00017928592929854944
YOLOv4 no aug,4784,0.0016606666666666668,0.000170942810449707
YOLOv4 no aug,4785,0.0016653333333333336,0.00019670734042678175
YOLOv4 no aug,4786,0.001593333333333333,0.00018082158179942034
YOLOv4 no aug,4787,0.0016576666666666667,8.60471447005135e-05
YOLOv4 no aug,4788,0.0016166666666666666,6.95373600623754e-05
YOLOv4 no aug,4789,0.0016013333333333333,3.920175733022406e-05
YOLOv4 no aug,4790,0.0015573333333333333,4.932995483927028e-05
YOLOv4 no aug,4791,0.001536,9.969453345093697e-05
YOLOv4 no aug,4792,0.001701,7.731106001084192e-05
YOLOv4 no aug,4793,0.0017003333333333332,7.886134104306816e-05
YOLOv4 no aug,4794,0.0016330000000000001,6.584831053261734e-05
YOLOv4 no aug,4795,0.0015633333333333332,5.1388498497015636e-05
YOLOv4 no aug,4796,0.001691,0.00014707481089567992
YOLOv4 no aug,4797,0.0017150000000000002,0.0001736212352603601
YOLOv4 no aug,4798,0.0017366666666666667,7.5785516059762e-05
YOLOv4 no aug,4799,0.0017273333333333333,3.219903380192918e-05
YOLOv4 no aug,4800,0.0016936666666666669,3.4338187359135804e-05
YOLOv4 no aug,4801,0.001645,5.950070027599115e-05
YOLOv4 no aug,4802,0.0016239999999999998,4.0079088479322136e-05
YOLOv4 no aug,4803,0.0015376666666666666,3.543225147297932e-05
YOLOv4 no aug,4804,0.0015473333333333335,5.783117190965838e-06
YOLOv4 no aug,4805,0.0014916666666666665,1.993600873907418e-05
YOLOv4 no aug,4806,0.0014736666666666665,5.521271995151522e-05
YOLOv4 no aug,4807,0.0015946666666666668,8.371645265086451e-05
YOLOv4 no aug,4808,0.0015756666666666668,6.51161355664716e-05
YOLOv4 no aug,4809,0.0015966666666666666,3.2415702642049565e-05
YOLOv4 no aug,4810,0.0015703333333333333,4.4487201655207685e-05
YOLOv4 no aug,4811,0.0015473333333333335,6.160717851390736e-05
YOLOv4 no aug,4812,0.0015516666666666667,6.149616067510051e-05
YOLOv4 no aug,4813,0.0014793333333333334,5.569360625581518e-05
YOLOv4 no aug,4814,0.0014296666666666665,6.430742137921911e-05
YOLOv4 no aug,4815,0.0014526666666666666,6.416212105111378e-05
YOLOv4 no aug,4816,0.0014860000000000001,9.792343948207705e-05
YOLOv4 no aug,4817,0.00202,0.0006903267342353186
YOLOv4 no aug,4818,0.0019216666666666668,0.0006013879317416043
YOLOv4 no aug,4819,0.002023333333333333,0.0005310983378287344
YOLOv4 no aug,4820,0.002009,0.0004872087163971242
YOLOv4 no aug,4821,0.0018846666666666664,0.00044569284390834807
YOLOv4 no aug,4822,0.0017853333333333332,0.0004252627945687754
YOLOv4 no aug,4823,0.0021286666666666667,0.00021549039679556755
YOLOv4 no aug,4824,0.0020196666666666666,0.00021362063986838387
YOLOv4 no aug,4825,0.0020826666666666667,0.00018714907901931494
YOLOv4 no aug,4826,0.0020616666666666665,0.00015902445653979698
YOLOv4 no aug,4827,0.0020456666666666666,0.00022117439072169074
YOLOv4 no aug,4828,0.0019926666666666665,0.00023441368939927074
YOLOv4 no aug,4829,0.0019693333333333334,0.00017744514019205426
YOLOv4 no aug,4830,0.0018980000000000002,0.00015586639577963346
YOLOv4 no aug,4831,0.0018333333333333333,9.786782469796251e-05
YOLOv4 no aug,4832,0.001758,8.936628745412516e-05
YOLOv4 no aug,4833,0.0018373333333333334,0.00019603089325693316
YOLOv4 no aug,4834,0.0017980000000000001,0.00019215705382143368
YOLOv4 no aug,4835,0.0017723333333333334,0.00023902742752895766
YOLOv4 no aug,4836,0.0016876666666666665,0.0002267747291427724
YOLOv4 no aug,4837,0.0016093333333333333,0.0001968894218703596
YOLOv4 no aug,4838,0.0015686666666666668,0.00017383165547288693
YOLOv4 no aug,4839,0.0014936666666666668,0.00015214174677290621
YOLOv4 no aug,4840,0.0014736666666666665,0.00011855987704297114
YOLOv4 no aug,4841,0.0016013333333333333,0.00010513853295110748
YOLOv4 no aug,4842,0.00156,0.00011528370801346273
YOLOv4 no aug,4843,0.0015146666666666668,6.125991983163038e-05
YOLOv4 no aug,4844,0.0014803333333333335,5.438852003052772e-05
YOLOv4 no aug,4845,0.0014033333333333335,5.83361904062231e-05
YOLOv4 no aug,4846,0.001347,5.814063409813595e-05
YOLOv4 no aug,4847,0.0013066666666666667,6.471046626662832e-05
YOLOv4 no aug,4848,0.0012473333333333334,6.229321347020429e-05
YOLOv4 no aug,4849,0.001194,5.530220007679023e-05
YOLOv4 no aug,4850,0.0011683333333333335,5.889067083257849e-05
YOLOv4 no aug,4851,0.0013356666666666666,0.00013379129684367035
YOLOv4 no aug,4852,0.0014343333333333333,0.00025851133652339336
YOLOv4 no aug,4853,0.00137,0.0002494921508451385
YOLOv4 no aug,4854,0.001289,0.00022339501635742308
YOLOv4 no aug,4855,0.001261,0.00023003115730990299
YOLOv4 no aug,4856,0.001288666666666667,0.000240732447150589
YOLOv4 no aug,4857,0.0012576666666666667,0.0002069237648131419
YOLOv4 no aug,4858,0.0012216666666666667,0.00019330660734813093
YOLOv4 no aug,4859,0.0011903333333333334,0.00014936123251291743
YOLOv4 no aug,4860,0.001181,0.000146185954637692
YOLOv4 no aug,4861,0.0011343333333333333,0.00011757314508187848
YOLOv4 no aug,4862,0.0010976666666666667,0.00010593289280378299
YOLOv4 no aug,4863,0.0010953333333333334,0.00011844173438634056
YOLOv4 no aug,4864,0.0010843333333333332,0.00010683684341607582
YOLOv4 no aug,4865,0.0010583333333333332,0.00010460295300696714
YOLOv4 no aug,4866,0.0010420000000000002,8.901685233707153e-05
YOLOv4 no aug,4867,0.0011513333333333334,0.0001645046436359101
YOLOv4 no aug,4868,0.0011920000000000001,0.0002302346628985306
YOLOv4 no aug,4869,0.0011346666666666666,0.00019507121206825416
YOLOv4 no aug,4870,0.00109,0.00016101656229510473
YOLOv4 no aug,4871,0.0016180000000000003,0.0006670249870382169
YOLOv4 no aug,4872,0.001566,0.0006065006183014161
YOLOv4 no aug,4873,0.0014836666666666668,0.0005562062966601909
YOLOv4 no aug,4874,0.0014813333333333334,0.0005863515252057515
YOLOv4 no aug,4875,0.0014083333333333335,0.000524425187970389
YOLOv4 no aug,4876,0.0013986666666666668,0.00048652863339284676
YOLOv4 no aug,4877,0.0014056666666666668,0.00039790506963903406
YOLOv4 no aug,4878,0.0013546666666666666,0.00033463529069388033
YOLOv4 no aug,4879,0.001393,0.00041763780160964043
YOLOv4 no aug,4880,0.0013103333333333335,0.00036798792250712674
YOLOv4 no aug,4881,0.0013076666666666668,0.00030495591666847706
YOLOv4 no aug,4882,0.001252,0.00029081666618908437
YOLOv4 no aug,4883,0.0012243333333333333,0.00025627155735881245
YOLOv4 no aug,4884,0.001213,0.00022168220496918554
YOLOv4 no aug,4885,0.0015736666666666666,0.00041432287463335213
YOLOv4 no aug,4886,0.0015176666666666665,0.00032722078852732517
YOLOv4 no aug,4887,0.0014573333333333333,0.00027160899183282654
YOLOv4 no aug,4888,0.0014130000000000002,0.00025511370014172114
YOLOv4 no aug,4889,0.0013473333333333334,0.0002289172582203253
YOLOv4 no aug,4890,0.0013113333333333334,0.00020721513243754936
YOLOv4 no aug,4891,0.0012640000000000001,0.00018931191193371857
YOLOv4 no aug,4892,0.0012670000000000001,0.00021322601467300688
YOLOv4 no aug,4893,0.0013363333333333335,0.00021351840930259648
YOLOv4 no aug,4894,0.0014543333333333333,0.00031933072371933006
YOLOv4 no aug,4895,0.0013713333333333336,0.00028255166685837204
YOLOv4 no aug,4896,0.00137,0.00028893655589650363
YOLOv4 no aug,4897,0.0013246666666666667,0.00028485220339287843
YOLOv4 no aug,4898,0.0012713333333333333,0.0002528934777947251
YOLOv4 no aug,4899,0.00123,0.00023975265031555616
YOLOv4 no aug,4900,0.0011963333333333333,0.00021444527921541618
YOLOv4 no aug,4901,0.0011823333333333332,0.00017207104475897285
YOLOv4 no aug,4902,0.0011523333333333333,0.0001538184355371979
YOLOv4 no aug,4903,0.0011253333333333334,0.00014120945829196823
YOLOv4 no aug,4904,0.001093,0.00013794684966802733
YOLOv4 no aug,4905,0.0010990000000000002,0.00012425377257854184
YOLOv4 no aug,4906,0.0010593333333333334,0.00010933943072428677
YOLOv4 no aug,4907,0.001067,5.602677931132575e-05
YOLOv4 no aug,4908,0.0010103333333333334,5.2717275262584594e-05
YOLOv4 no aug,4909,0.0010273333333333334,3.658931234360355e-05
YOLOv4 no aug,4910,0.0010226666666666667,5.359208067533032e-05
YOLOv4 no aug,4911,0.0009886666666666668,3.4930088907861534e-05
YOLOv4 no aug,4912,0.0009803333333333333,3.3228167435341824e-05
YOLOv4 no aug,4913,0.0009436666666666665,2.2258581366395393e-05
YOLOv4 no aug,4914,0.0009513333333333334,5.617037574301166e-05
YOLOv4 no aug,4915,0.0009343333333333333,4.738612079970724e-05
YOLOv4 no aug,4916,0.000932,7.245918391296808e-05
YOLOv4 no aug,4917,0.000918,6.197849089267451e-05
YOLOv4 no aug,4918,0.0009276666666666666,4.442346727175227e-05
YOLOv4 no aug,4919,0.001334,0.0004160556853755677
YOLOv4 no aug,4920,0.001293,0.0003589781794668491
YOLOv4 no aug,4921,0.001282,0.00031763658479463605
YOLOv4 no aug,4922,0.0012656666666666667,0.0002820250185907469
YOLOv4 no aug,4923,0.0012276666666666668,0.00023612167296638498
YOLOv4 no aug,4924,0.0011936666666666667,0.0002444819920657643
YOLOv4 no aug,4925,0.0012183333333333332,0.00027692678535028793
YOLOv4 no aug,4926,0.0011536666666666666,0.0002557637799046439
YOLOv4 no aug,4927,0.0011416666666666667,0.00021791231671885317
YOLOv4 no aug,4928,0.0011113333333333333,0.00019113200790146176
YOLOv4 no aug,4929,0.0010743333333333334,0.0001828353843701426
YOLOv4 no aug,4930,0.0010379999999999999,0.00017605964898295123
YOLOv4 no aug,4931,0.0010096666666666667,0.00016079420940375244
YOLOv4 no aug,4932,0.001029,0.00013494196283340973
YOLOv4 no aug,4933,0.000995,0.00011735842534730943
YOLOv4 no aug,4934,0.0009673333333333334,0.00010854543339593382
YOLOv4 no aug,4935,0.0009346666666666667,0.00010338493335319436
YOLOv4 no aug,4936,0.0009123333333333332,9.857371747975106e-05
YOLOv4 no aug,4937,0.0009386666666666666,0.00010306362651833629
YOLOv4 no aug,4938,0.000896,9.525229656024048e-05
YOLOv4 no aug,4939,0.000954,1.2220201853215539e-05
YOLOv4 no aug,4940,0.0009083333333333334,1.9238272040677424e-05
YOLOv4 no aug,4941,0.0008913333333333334,1.9011692308798957e-05
YOLOv4 no aug,4942,0.0008806666666666666,1.878237944930773e-05
YOLOv4 no aug,4943,0.0009376666666666668,6.973840007086805e-05
YOLOv4 no aug,4944,0.0010303333333333334,9.006910926863016e-05
YOLOv4 no aug,4945,0.001003,8.943712875534409e-05
YOLOv4 no aug,4946,0.000992,8.043216603656356e-05
YOLOv4 no aug,4947,0.00097,6.789207121110192e-05
YOLOv4 no aug,4948,0.0009233333333333333,5.881137456120012e-05
YOLOv4 no aug,4949,0.000898,5.052062285179523e-05
YOLOv4 no aug,4950,0.0011563333333333332,0.0002980080162978469
YOLOv4 no aug,4951,0.0011769999999999999,0.00023455773987087557
YOLOv4 no aug,4952,0.0011456666666666666,0.00021771719678927018
YOLOv4 no aug,4953,0.001091,0.00019168289786345916
YOLOv4 no aug,4954,0.0010596666666666664,0.00017331794803513893
YOLOv4 no aug,4955,0.0010576666666666666,0.00014673937591677444
YOLOv4 no aug,4956,0.0011216666666666666,0.00019867421685876717
YOLOv4 no aug,4957,0.0011013333333333333,0.00020056115720093403
YOLOv4 no aug,4958,0.0010603333333333335,0.00018245577850841313
YOLOv4 no aug,4959,0.001034,0.00017873257490825034
YOLOv4 no aug,4960,0.000994,0.00015759864635628482
YOLOv4 no aug,4961,0.0009606666666666666,0.00015540306017292936
YOLOv4 no aug,4962,0.0010116666666666666,0.00010562564924192313
YOLOv4 no aug,4963,0.0009753333333333333,8.756013806394886e-05
YOLOv4 no aug,4964,0.0009716666666666667,7.703101828340179e-05
YOLOv4 no aug,4965,0.0010026666666666667,0.00014119765500098712
YOLOv4 no aug,4966,0.0010323333333333332,0.00019637577356803573
YOLOv4 no aug,4967,0.0009776666666666668,0.00018502732530929352
YOLOv4 no aug,4968,0.0009373333333333333,0.00016387630836836806
YOLOv4 no aug,4969,0.0009206666666666667,0.00014989144219882753
YOLOv4 no aug,4970,0.0008986666666666666,0.00012934750781432857
YOLOv4 no aug,4971,0.0010299999999999999,0.00016002603954773527
YOLOv4 no aug,4972,0.0010576666666666666,9.658214695848872e-05
YOLOv4 no aug,4973,0.0010463333333333334,0.00010016708263918067
YOLOv4 no aug,4974,0.0010023333333333334,9.895172784971691e-05
YOLOv4 no aug,4975,0.0009983333333333335,9.726310251637621e-05
YOLOv4 no aug,4976,0.0010196666666666668,0.00011520175538786048
YOLOv4 no aug,4977,0.0009729999999999999,0.0001152692500192484
YOLOv4 no aug,4978,0.0009406666666666666,0.00012027376180105859
YOLOv4 no aug,4979,0.0009793333333333331,0.00014291528182030702
YOLOv4 no aug,4980,0.0009599999999999999,0.00013231779925618471
YOLOv4 no aug,4981,0.0009246666666666666,0.00012599118134924277
YOLOv4 no aug,4982,0.0008936666666666667,0.00010024026691460431
YOLOv4 no aug,4983,0.0008786666666666666,0.00010586521829403857
YOLOv4 no aug,4984,0.0008423333333333333,8.325129294958597e-05
YOLOv4 no aug,4985,0.000918,8.800189391901365e-05
YOLOv4 no aug,4986,0.0008769999999999998,6.765599258996454e-05
YOLOv4 no aug,4987,0.00087,6.666583332812493e-05
YOLOv4 no aug,4988,0.001135,0.0003201687055288197
YOLOv4 no aug,4989,0.001064,0.0002865245771889967
YOLOv4 no aug,4990,0.0010506666666666665,0.00028945830634326443
YOLOv4 no aug,4991,0.001018,0.0002640877379458072
YOLOv4 no aug,4992,0.001056,0.00022490961147388379
YOLOv4 no aug,4993,0.001001,0.00019598554368456192
YOLOv4 no aug,4994,0.0009643333333333334,0.00018910872827849887
YOLOv4 no aug,4995,0.0009269999999999999,0.0001870329739199303
YOLOv4 no aug,4996,0.0009413333333333334,0.00015954553512329255
YOLOv4 no aug,4997,0.0009306666666666668,0.0001746466273491832
YOLOv4 no aug,4998,0.0009099999999999999,0.0001442370733665008
YOLOv4 no aug,4999,0.0008983333333333334,0.00011391419772988988
YOLOv4 no aug,5000,0.000866,8.708807802066438e-05
YOLOv4 no aug,5001,0.000867,7.651361534611558e-05
YOLOv4 no aug,5002,0.000885,5.518453889753305e-05
YOLOv4 no aug,5003,0.0008576666666666666,4.20647648804132e-05
YOLOv4 no aug,5004,0.0008150000000000001,2.9866369046136154e-05
YOLOv4 no aug,5005,0.0008066666666666666,4.37962453997042e-05
YOLOv4 no aug,5006,0.0007783333333333332,3.972544664457672e-05
YOLOv4 no aug,5007,0.0008073333333333334,7.682302895472022e-05
YOLOv4 no aug,5008,0.0008593333333333334,0.00013308184616159254
YOLOv4 no aug,5009,0.0008456666666666668,0.00011617850250560318
YOLOv4 no aug,5010,0.0008646666666666667,0.00011596311674167977
YOLOv4 no aug,5011,0.0009016666666666666,9.054342113655256e-05
YOLOv4 no aug,5012,0.0008686666666666666,6.507773129966277e-05
YOLOv4 no aug,5013,0.000896,0.00010976793703081056
YOLOv4 no aug,5014,0.0008816666666666666,9.853143886315904e-05
YOLOv4 no aug,5015,0.0008823333333333334,8.896128995867314e-05
YOLOv4 no aug,5016,0.0008839999999999999,6.941901756723439e-05
YOLOv4 no aug,5017,0.0008579999999999999,5.245950819441599e-05
YOLOv4 no aug,5018,0.0008283333333333334,5.340515996709601e-05
YOLOv4 no aug,5019,0.0008226666666666668,3.8670976771274406e-05
YOLOv4 no aug,5020,0.0008963333333333333,4.33371793165073e-05
YOLOv4 no aug,5021,0.0009729999999999999,4.315476026272577e-05
YOLOv4 no aug,5022,0.0009399999999999999,4.8072861366887664e-05
YOLOv4 no aug,5023,0.0009516666666666666,8.34053022561782e-05
YOLOv4 no aug,5024,0.001008,8.154140052758478e-05
YOLOv4 no aug,5025,0.000991,6.971609092120223e-05
YOLOv4 no aug,5026,0.0009893333333333334,6.094350753863052e-05
YOLOv4 no aug,5027,0.000955,5.6956123463592555e-05
YOLOv4 no aug,5028,0.0009356666666666667,3.403103159046331e-05
YOLOv4 no aug,5029,0.0009523333333333334,2.053722906766581e-05
YOLOv4 no aug,5030,0.0009366666666666667,1.587800715175275e-05
YOLOv4 no aug,5031,0.0009323333333333333,3.159289652930087e-05
YOLOv4 no aug,5032,0.0009616666666666667,7.967503442805101e-05
YOLOv4 no aug,5033,0.000989,8.748142660016468e-05
YOLOv4 no aug,5034,0.0009673333333333334,8.061706463963512e-05
YOLOv4 no aug,5035,0.0009390000000000001,6.274551776820393e-05
YOLOv4 no aug,5036,0.0010073333333333334,7.565785558097132e-05
YOLOv4 no aug,5037,0.0010833333333333333,0.00014897576238360986
YOLOv4 no aug,5038,0.0010626666666666666,0.00011584664192131095
YOLOv4 no aug,5039,0.0011560000000000001,0.0001442440062301839
YOLOv4 no aug,5040,0.0010983333333333333,0.0001254755398916901
YOLOv4 no aug,5041,0.0010526666666666666,9.489350756388857e-05
YOLOv4 no aug,5042,0.001016,8.054191455385204e-05
YOLOv4 no aug,5043,0.0011833333333333333,0.00021897437698913038
YOLOv4 no aug,5044,0.0011323333333333333,0.0001970459619254125
YOLOv4 no aug,5045,0.0011079999999999998,0.00019447964760697538
YOLOv4 no aug,5046,0.0011026666666666665,0.00017086576927843422
YOLOv4 no aug,5047,0.001038,0.00015185190153567393
YOLOv4 no aug,5048,0.0011200000000000001,0.0002326721584834192
YOLOv4 no aug,5049,0.0010516666666666667,0.00021701484844232304
YOLOv4 no aug,5050,0.001024,0.0001752864322568445
YOLOv4 no aug,5051,0.0010166666666666668,0.00014357963334369925
YOLOv4 no aug,5052,0.0009766666666666667,0.00012941062982271245
YOLOv4 no aug,5053,0.0009750000000000001,0.00016901282002656885
YOLOv4 no aug,5054,0.0009433333333333334,0.00014398649628041905
YOLOv4 no aug,5055,0.0009176666666666668,0.00012689409407498493
YOLOv4 no aug,5056,0.0009186666666666666,9.798015672120102e-05
YOLOv4 no aug,5057,0.0008863333333333333,7.487841997383346e-05
YOLOv4 no aug,5058,0.0008849999999999999,6.144102863722254e-05
YOLOv4 no aug,5059,0.0008536666666666666,4.869063336800802e-05
YOLOv4 no aug,5060,0.000814,3.906831623366089e-05
YOLOv4 no aug,5061,0.0008283333333333334,2.6187359121869817e-05
YOLOv4 no aug,5062,0.000823,8.144527815247086e-06
YOLOv4 no aug,5063,0.0007993333333333333,1.5856999856355068e-05
YOLOv4 no aug,5064,0.0007913333333333335,2.130206041156058e-05
YOLOv4 no aug,5065,0.0007843333333333334,2.0954978194002293e-05
YOLOv4 no aug,5066,0.0007790000000000001,3.811823710509186e-05
YOLOv4 no aug,5067,0.0007633333333333333,4.575781657572595e-05
YOLOv4 no aug,5068,0.000768,1.7039170558842752e-05
YOLOv4 no aug,5069,0.0007566666666666668,1.5300689890038007e-05
YOLOv4 no aug,5070,0.0007366666666666667,1.1050389636167171e-05
YOLOv4 no aug,5071,0.0007026666666666667,6.359594676112982e-06
YOLOv4 no aug,5072,0.0006796666666666666,1.690496311080796e-05
YOLOv4 no aug,5073,0.0007009999999999999,3.8109491381194466e-05
YOLOv4 no aug,5074,0.0006996666666666667,3.516785148083086e-05
YOLOv4 no aug,5075,0.00071,3.1000000000000015e-05
YOLOv4 no aug,5076,0.0007093333333333334,2.4551533104427057e-05
YOLOv4 no aug,5077,0.0007070000000000001,3.534119409414457e-05
YOLOv4 no aug,5078,0.0007370000000000001,5.216640042530569e-05
YOLOv4 no aug,5079,0.0007116666666666665,4.967002225800902e-05
YOLOv4 no aug,5080,0.0006946666666666667,5.617334282775454e-05
YOLOv4 no aug,5081,0.0008093333333333333,0.00015169413670643674
YOLOv4 no aug,5082,0.0007803333333333334,0.0001381416342422194
YOLOv4 no aug,5083,0.0007723333333333333,0.00012484701749652566
YOLOv4 no aug,5084,0.0007760000000000001,9.749017044468295e-05
YOLOv4 no aug,5085,0.0007729999999999999,9.222978549976862e-05
YOLOv4 no aug,5086,0.0007430000000000001,8.465813605318746e-05
YOLOv4 no aug,5087,0.0008826666666666667,0.00022463105553576315
YOLOv4 no aug,5088,0.0008753333333333334,0.00020112130115375096
YOLOv4 no aug,5089,0.0008676666666666667,0.0001751954464146955
YOLOv4 no aug,5090,0.0008193333333333334,0.00015772373878962474
YOLOv4 no aug,5091,0.00077,0.00013319284265054685
YOLOv4 no aug,5092,0.0007796666666666667,0.00010338009694542005
YOLOv4 no aug,5093,0.0008083333333333333,0.00012704504887812215
YOLOv4 no aug,5094,0.000832,0.00011645313792823846
YOLOv4 no aug,5095,0.0008033333333333333,0.0001144804689795503
YOLOv4 no aug,5096,0.0007936666666666666,9.966833889344089e-05
YOLOv4 no aug,5097,0.0008066666666666668,9.824176527548988e-05
YOLOv4 no aug,5098,0.0008613333333333333,0.0001420297308469056
YOLOv4 no aug,5099,0.0008523333333333333,0.00011635625371151212
YOLOv4 no aug,5100,0.0008753333333333333,8.852181149926335e-05
YOLOv4 no aug,5101,0.0008336666666666666,8.579497524784177e-05
YOLOv4 no aug,5102,0.001166,0.00030096566803097883
YOLOv4 no aug,5103,0.0011063333333333333,0.0002732400247238883
YOLOv4 no aug,5104,0.0010466666666666667,0.00024092483844090834
YOLOv4 no aug,5105,0.0009853333333333335,0.00020709284015736626
YOLOv4 no aug,5106,0.0009403333333333333,0.00018656038641088254
YOLOv4 no aug,5107,0.000891,0.00017308668348547213
YOLOv4 no aug,5108,0.0008866666666666667,0.00014320653306016144
YOLOv4 no aug,5109,0.0008713333333333333,0.00011652944310821673
YOLOv4 no aug,5110,0.0008596666666666666,0.00013521135718241688
YOLOv4 no aug,5111,0.0008693333333333334,0.0001506921069967207
YOLOv4 no aug,5112,0.0008413333333333333,0.00014470698362937118
YOLOv4 no aug,5113,0.000839,0.0001564299630292526
YOLOv4 no aug,5114,0.0008523333333333334,0.00014262577295535026
YOLOv4 no aug,5115,0.0008396666666666666,0.0001218528256180837
YOLOv4 no aug,5116,0.000805,0.00011230464519926737
YOLOv4 no aug,5117,0.001058,0.0001971217897646021
YOLOv4 no aug,5118,0.0009983333333333335,0.00018176938991786023
YOLOv4 no aug,5119,0.0009793333333333331,0.00013638222432234745
YOLOv4 no aug,5120,0.0009359999999999999,0.00011918193375396014
YOLOv4 no aug,5121,0.000952,0.00010551303237041388
YOLOv4 no aug,5122,0.0009273333333333333,0.0001095389327032986
YOLOv4 no aug,5123,0.0009206666666666667,0.00011666523808649168
YOLOv4 no aug,5124,0.0009623333333333333,7.832907789859677e-05
YOLOv4 no aug,5125,0.0010883333333333333,0.00014495209936772597
YOLOv4 no aug,5126,0.0011503333333333333,0.0002581894222809637
YOLOv4 no aug,5127,0.0011136666666666667,0.00022251317064639372
YOLOv4 no aug,5128,0.001173,0.00014400115740275608
YOLOv4 no aug,5129,0.0011296666666666666,0.00013469760370713523
YOLOv4 no aug,5130,0.0010743333333333334,0.0001170759487588197
YOLOv4 no aug,5131,0.00108,0.0001349678974176205
YOLOv4 no aug,5132,0.0011099999999999999,0.00010661300733650345
YOLOv4 no aug,5133,0.0010489999999999998,8.795642860719923e-05
YOLOv4 no aug,5134,0.0010473333333333335,4.17306175900195e-05
YOLOv4 no aug,5135,0.0010083333333333333,1.1050389636167158e-05
YOLOv4 no aug,5136,0.0009783333333333334,2.027587510099426e-06
YOLOv4 no aug,5137,0.001004,2.993882651897588e-05
YOLOv4 no aug,5138,0.001285,0.0003333621654197328
YOLOv4 no aug,5139,0.0012196666666666666,0.0003007891472628478
YOLOv4 no aug,5140,0.0012446666666666667,0.000246941513543412
YOLOv4 no aug,5141,0.0012013333333333331,0.00022648718384148014
YOLOv4 no aug,5142,0.0011623333333333334,0.00020428438783008142
YOLOv4 no aug,5143,0.0011423333333333333,0.0001508137187983168
YOLOv4 no aug,5144,0.0014536666666666667,0.00038070212911292094
YOLOv4 no aug,5145,0.0013556666666666667,0.0003591352267755297
YOLOv4 no aug,5146,0.0013333333333333333,0.0003650955734842286
YOLOv4 no aug,5147,0.0012413333333333332,0.0003216987894150538
YOLOv4 no aug,5148,0.0011946666666666668,0.0003174063291394452
YOLOv4 no aug,5149,0.001134,0.0002838068592076896
YOLOv4 no aug,5150,0.00107,0.00025683522603672055
YOLOv4 no aug,5151,0.001048,0.0002096671966077034
YOLOv4 no aug,5152,0.0009913333333333334,0.0001933841887136703
YOLOv4 no aug,5153,0.0009493333333333333,0.0001740596960177105
YOLOv4 no aug,5154,0.0009276666666666666,0.00018237903144580823
YOLOv4 no aug,5155,0.0010836666666666666,0.000339742222542
YOLOv4 no aug,5156,0.0010483333333333332,0.00032599454664832114
YOLOv4 no aug,5157,0.001168333333333333,0.0004603901726917193
YOLOv4 no aug,5158,0.0011326666666666666,0.00040551585802667587
YOLOv4 no aug,5159,0.0010849999999999998,0.0003534237305746932
YOLOv4 no aug,5160,0.001049,0.00031230754073509017
YOLOv4 no aug,5161,0.0009996666666666667,0.0002894560031814469
YOLOv4 no aug,5162,0.0009783333333333334,0.0002586982369050431
YOLOv4 no aug,5163,0.0009329999999999999,0.00022334054714717613
YOLOv4 no aug,5164,0.0008936666666666666,0.00021700256014874826
YOLOv4 no aug,5165,0.0008496666666666666,0.00018807829338986587
YOLOv4 no aug,5166,0.0008446666666666666,0.00017632010032261718
YOLOv4 no aug,5167,0.0008749999999999999,0.00013855083303009521
YOLOv4 no aug,5168,0.0008696666666666667,0.00013585817768704413
YOLOv4 no aug,5169,0.0008403333333333332,0.0001227386564118158
YOLOv4 no aug,5170,0.000859,0.00015204933409916667
YOLOv4 no aug,5171,0.0008313333333333333,0.00013944214252194752
YOLOv4 no aug,5172,0.000813,0.00011232245248984434
YOLOv4 no aug,5173,0.0007883333333333333,0.00010053412908615223
YOLOv4 no aug,5174,0.0009100000000000001,3.121431295629192e-05
YOLOv4 no aug,5175,0.000879,1.670329308849007e-05
YOLOv4 no aug,5176,0.0008733333333333333,5.3498701957254186e-05
YOLOv4 no aug,5177,0.0009570000000000001,0.00015259860200320756
YOLOv4 no aug,5178,0.0009060000000000001,0.00013952419145080185
YOLOv4 no aug,5179,0.000868,0.0001340236297573429
YOLOv4 no aug,5180,0.0009083333333333334,0.00011314641448632439
YOLOv4 no aug,5181,0.0008626666666666666,0.00010559250815175185
YOLOv4 no aug,5182,0.0009873333333333333,0.00019830307892494038
YOLOv4 no aug,5183,0.0009703333333333335,0.00018561998216188306
YOLOv4 no aug,5184,0.0009523333333333332,0.00019098894674241695
YOLOv4 no aug,5185,0.0009213333333333334,0.00017014144442525198
YOLOv4 no aug,5186,0.0009343333333333333,0.0002059403905125084
YOLOv4 no aug,5187,0.0009199999999999999,0.00018536001007049321
YOLOv4 no aug,5188,0.0009853333333333335,0.0001089683950102557
YOLOv4 no aug,5189,0.0009353333333333333,9.535955350380184e-05
YOLOv4 no aug,5190,0.0008960000000000001,8.11911325207378e-05
YOLOv4 no aug,5191,0.000937,8.20081296783028e-05
YOLOv4 no aug,5192,0.0009463333333333334,0.00010684308327844366
YOLOv4 no aug,5193,0.0009396666666666668,9.296833391596898e-05
YOLOv4 no aug,5194,0.001091,0.00021395638184764048
YOLOv4 no aug,5195,0.0010403333333333332,0.0001975975146042525
YOLOv4 no aug,5196,0.0010006666666666668,0.00017733239348121873
YOLOv4 no aug,5197,0.0009663333333333333,0.00015196637054880853
YOLOv4 no aug,5198,0.000937,0.00013227370612987804
YOLOv4 no aug,5199,0.0008993333333333333,0.0001106139432641493
YOLOv4 no aug,5200,0.0009249999999999999,0.00010027129865187413
YOLOv4 no aug,5201,0.0009283333333333334,0.00010357659538289095
YOLOv4 no aug,5202,0.0008866666666666667,9.556905589386371e-05
YOLOv4 no aug,5203,0.0008616666666666667,9.103174049625647e-05
YOLOv4 no aug,5204,0.0008383333333333333,8.898376880707577e-05
YOLOv4 no aug,5205,0.0007906666666666666,7.792375190602099e-05
YOLOv4 no aug,5206,0.0007740000000000001,7.068474611493865e-05
YOLOv4 no aug,5207,0.0007393333333333333,6.80620631809266e-05
YOLOv4 no aug,5208,0.00077,0.00010851881557284589
YOLOv4 no aug,5209,0.0007483333333333334,9.471067052402867e-05
YOLOv4 no aug,5210,0.0007186666666666666,8.228068492125668e-05
YOLOv4 no aug,5211,0.000752,5.071488933242387e-05
YOLOv4 no aug,5212,0.0007383333333333334,4.807055000494354e-05
YOLOv4 no aug,5213,0.000729,4.981298358192703e-05
YOLOv4 no aug,5214,0.0007263333333333333,2.6238224872205907e-05
YOLOv4 no aug,5215,0.000722,4.212283624512166e-05
YOLOv4 no aug,5216,0.0007216666666666668,3.551681917689764e-05
YOLOv4 no aug,5217,0.0007403333333333333,2.183524164688308e-05
YOLOv4 no aug,5218,0.0007086666666666666,3.117869643059362e-05
YOLOv4 no aug,5219,0.0006873333333333333,4.339482816086623e-05
YOLOv4 no aug,5220,0.0006786666666666667,5.742918344457902e-05
YOLOv4 no aug,5221,0.000673,5.5734489621179225e-05
YOLOv4 no aug,5222,0.00066,4.4230457078051245e-05
YOLOv4 no aug,5223,0.0006513333333333333,3.296631277194614e-05
YOLOv4 no aug,5224,0.0006476666666666667,3.7239465326153356e-05
YOLOv4 no aug,5225,0.0006253333333333333,3.672571003776208e-05
YOLOv4 no aug,5226,0.0006113333333333334,2.5048841179672265e-05
YOLOv4 no aug,5227,0.000629,4.036087214122111e-05
YOLOv4 no aug,5228,0.0006286666666666667,4.267057273786911e-05
YOLOv4 no aug,5229,0.0006779999999999999,1.5275252316519483e-06
YOLOv4 no aug,5230,0.000666,5.000000000000013e-06
YOLOv4 no aug,5231,0.00066,6.506407098647707e-06
YOLOv4 no aug,5232,0.000642,4.6188021535169936e-06
YOLOv4 no aug,5233,0.0006323333333333334,1.02686145338329e-05
YOLOv4 no aug,5234,0.000636,1.6522711641858332e-05
YOLOv4 no aug,5235,0.0006306666666666666,1.809542606418662e-05
YOLOv4 no aug,5236,0.0009146666666666666,0.00026872869424590873
YOLOv4 no aug,5237,0.000935,0.0002226776444399692
YOLOv4 no aug,5238,0.000891,0.0001950999743721152
YOLOv4 no aug,5239,0.0008863333333333333,0.00020682869992124186
YOLOv4 no aug,5240,0.0008796666666666666,0.0001523989647092278
YOLOv4 no aug,5241,0.0008343333333333333,0.0001332220368824584
YOLOv4 no aug,5242,0.0008406666666666666,9.98370895231048e-05
YOLOv4 no aug,5243,0.0008006666666666665,9.523013061934642e-05
YOLOv4 no aug,5244,0.0008150000000000001,7.203702751594719e-05
YOLOv4 no aug,5245,0.0007920000000000001,6.8631868205181e-05
YOLOv4 no aug,5246,0.0008426666666666666,4.339482816086623e-05
YOLOv4 no aug,5247,0.0008076666666666667,3.3864107514856765e-05
YOLOv4 no aug,5248,0.0007936666666666668,1.0651030205780313e-05
YOLOv4 no aug,5249,0.000787,1.692138686199606e-05
YOLOv4 no aug,5250,0.0008526666666666668,4.039939493496297e-05
YOLOv4 no aug,5251,0.0008136666666666666,4.033333333333334e-05
YOLOv4 no aug,5252,0.0007753333333333333,4.7421279799028834e-05
YOLOv4 no aug,5253,0.0007886666666666667,7.62481329461763e-05
YOLOv4 no aug,5254,0.0007633333333333333,5.905458868237457e-05
YOLOv4 no aug,5255,0.0007516666666666667,5.9989813950184737e-05
YOLOv4 no aug,5256,0.000723,5.904518044119551e-05
YOLOv4 no aug,5257,0.0008063333333333334,0.00013190189957355087
YOLOv4 no aug,5258,0.0007880000000000001,0.0001079552376373344
YOLOv4 no aug,5259,0.000834,6.974238309665077e-05
YOLOv4 no aug,5260,0.0008413333333333334,2.687212516923645e-05
YOLOv4 no aug,5261,0.0008416666666666668,3.274819757550703e-05
YOLOv4 no aug,5262,0.0008166666666666666,4.656298004972523e-05
YOLOv4 no aug,5263,0.0007803333333333334,3.8842988785336525e-05
YOLOv4 no aug,5264,0.000762,3.7363083384538845e-05
YOLOv4 no aug,5265,0.0007806666666666666,5.118702092436237e-05
YOLOv4 no aug,5266,0.0007683333333333332,4.139779919002673e-05
YOLOv4 no aug,5267,0.0007369999999999999,3.973663297261105e-05
YOLOv4 no aug,5268,0.000952,0.0002865036358117177
YOLOv4 no aug,5269,0.0009323333333333333,0.0002631262899150225
YOLOv4 no aug,5270,0.0010083333333333333,0.0003469084093020007
YOLOv4 no aug,5271,0.0009896666666666667,0.0003301678024547182
YOLOv4 no aug,5272,0.0009903333333333333,0.0002809296076323114
YOLOv4 no aug,5273,0.0009703333333333334,0.0002400904921991799
YOLOv4 no aug,5274,0.0009146666666666666,0.0002158404760722861
YOLOv4 no aug,5275,0.0009023333333333334,0.00019809201004695887
YOLOv4 no aug,5276,0.0009816666666666667,0.00016000451382521824
YOLOv4 no aug,5277,0.0009706666666666667,0.00012793531351602827
YOLOv4 no aug,5278,0.0009486666666666667,0.00012006155828481398
YOLOv4 no aug,5279,0.001197,0.0003226613291569557
YOLOv4 no aug,5280,0.0013156666666666666,0.00017639948349634638
YOLOv4 no aug,5281,0.0012416666666666667,0.0001573502815730277
YOLOv4 no aug,5282,0.0016766666666666666,0.0004776548032953412
YOLOv4 no aug,5283,0.001577,0.0004425543281150161
YOLOv4 no aug,5284,0.0018433333333333333,0.0006669196186781266
YOLOv4 no aug,5285,0.0017486666666666666,0.0006079959795188707
YOLOv4 no aug,5286,0.0016213333333333334,0.0005423825013565407
YOLOv4 no aug,5287,0.0015013333333333335,0.0004905542217170743
YOLOv4 no aug,5288,0.0013933333333333332,0.000452609225614228
YOLOv4 no aug,5289,0.0013023333333333333,0.00041160714819405705
YOLOv4 no aug,5290,0.0012220000000000002,0.00036278965439126483
YOLOv4 no aug,5291,0.0012580000000000002,0.00031624199594614254
YOLOv4 no aug,5292,0.001192,0.00029179844642035594
YOLOv4 no aug,5293,0.0012473333333333331,0.00029467175712043474
YOLOv4 no aug,5294,0.001179,0.00027813485937580715
YOLOv4 no aug,5295,0.001134,0.00024054382830023584
YOLOv4 no aug,5296,0.0011356666666666666,0.0001890734719038548
YOLOv4 no aug,5297,0.0011206666666666667,0.00018785662381484212
YOLOv4 no aug,5298,0.0014523333333333333,0.0004971372491017388
YOLOv4 no aug,5299,0.0013926666666666668,0.00042508678852415274
YOLOv4 no aug,5300,0.0013040000000000003,0.00036920048754030655
YOLOv4 no aug,5301,0.001235,0.00032638831678436864
YOLOv4 no aug,5302,0.0011786666666666666,0.000294992278618347
YOLOv4 no aug,5303,0.0011330000000000001,0.0002793874251524813
YOLOv4 no aug,5304,0.0010933333333333333,0.00022938637952396192
YOLOv4 no aug,5305,0.0010320000000000001,0.00020906458332295313
YOLOv4 no aug,5306,0.0009803333333333333,0.00018423203967943372
YOLOv4 no aug,5307,0.0009453333333333333,0.00015488095787123443
YOLOv4 no aug,5308,0.0008816666666666668,0.00014182187576126766
YOLOv4 no aug,5309,0.0008486666666666667,0.00013105511987116124
YOLOv4 no aug,5310,0.0009606666666666666,8.489274278628166e-05
YOLOv4 no aug,5311,0.0009226666666666667,6.796404278080516e-05
YOLOv4 no aug,5312,0.0008733333333333333,6.036647340296693e-05
YOLOv4 no aug,5313,0.0008479999999999999,5.424327915358117e-05
YOLOv4 no aug,5314,0.000821,4.1581245772583594e-05
YOLOv4 no aug,5315,0.0008266666666666666,7.542398675340477e-05
YOLOv4 no aug,5316,0.0008403333333333332,7.27193998263951e-05
YOLOv4 no aug,5317,0.0008446666666666667,9.086497919685255e-05
YOLOv4 no aug,5318,0.0008236666666666667,9.920741459745393e-05
YOLOv4 no aug,5319,0.0007876666666666667,0.00010256759288932888
YOLOv4 no aug,5320,0.000817,0.0001276597039006436
YOLOv4 no aug,5321,0.0007746666666666667,0.000119060675474501
YOLOv4 no aug,5322,0.0007636666666666667,0.00011132884222478518
YOLOv4 no aug,5323,0.0007403333333333333,0.00010365541203644141
YOLOv4 no aug,5324,0.0007146666666666667,8.718052789725724e-05
YOLOv4 no aug,5325,0.000683,7.450503338701354e-05
YOLOv4 no aug,5326,0.000669,7.95131016457875e-05
YOLOv4 no aug,5327,0.0006519999999999999,7.151456728061306e-05
YOLOv4 no aug,5328,0.0007766666666666667,0.0001748764643334768
YOLOv4 no aug,5329,0.000817,0.00020561128373705565
YOLOv4 no aug,5330,0.0008413333333333334,0.00016059922512612294
YOLOv4 no aug,5331,0.0008246666666666667,0.00014119765500098712
YOLOv4 no aug,5332,0.0007846666666666667,0.0001224531656502917
YOLOv4 no aug,5333,0.000814,0.00017031735084835017
YOLOv4 no aug,5334,0.0007906666666666666,0.00015153144154853734
YOLOv4 no aug,5335,0.0007766666666666667,0.00013938475924975122
YOLOv4 no aug,5336,0.000833,0.00010117311895953388
YOLOv4 no aug,5337,0.0008173333333333334,7.91335018251506e-05
YOLOv4 no aug,5338,0.0007743333333333334,6.90515105635721e-05
YOLOv4 no aug,5339,0.000797,0.00010536761045659782
YOLOv4 no aug,5340,0.0007803333333333334,0.00010841330381666469
YOLOv4 no aug,5341,0.0007896666666666667,8.710976472882423e-05
YOLOv4 no aug,5342,0.0007783333333333335,7.115788392331833e-05
YOLOv4 no aug,5343,0.0008786666666666668,0.00018525867800936555
YOLOv4 no aug,5344,0.000853,0.00015823716377640236
YOLOv4 no aug,5345,0.000842,0.0001630654265420274
YOLOv4 no aug,5346,0.000813,0.00014901006677402707
YOLOv4 no aug,5347,0.0007986666666666666,0.00013421914087706634
YOLOv4 no aug,5348,0.0007603333333333333,0.00013000299141857386
YOLOv4 no aug,5349,0.0007623333333333333,0.00010317353235097547
YOLOv4 no aug,5350,0.0007643333333333333,9.73761321428979e-05
YOLOv4 no aug,5351,0.0007639999999999999,8.979049689879958e-05
YOLOv4 no aug,5352,0.0007263333333333333,8.162788194674118e-05
YOLOv4 no aug,5353,0.0007026666666666667,8.371645265086457e-05
YOLOv4 no aug,5354,0.0006856666666666668,7.568648785909174e-05
YOLOv4 no aug,5355,0.0006673333333333335,6.40685396881947e-05
YOLOv4 no aug,5356,0.000656,6.600252520421723e-05
YOLOv4 no aug,5357,0.0006566666666666666,5.074226815759993e-05
YOLOv4 no aug,5358,0.0006536666666666667,4.904533050601702e-05
YOLOv4 no aug,5359,0.0006556666666666667,7.071382074562543e-05
YOLOv4 no aug,5360,0.0006583333333333334,7.73527274531703e-05
YOLOv4 no aug,5361,0.0006456666666666667,7.97795573927167e-05
YOLOv4 no aug,5362,0.0006563333333333334,9.484255959805764e-05
YOLOv4 no aug,5363,0.0006536666666666667,7.85839961089053e-05
YOLOv4 no aug,5364,0.0006426666666666667,7.151767458312512e-05
YOLOv4 no aug,5365,0.0007093333333333334,5.894159067340405e-05
YOLOv4 no aug,5366,0.0006733333333333334,5.918426968188233e-05
YOLOv4 no aug,5367,0.0006883333333333333,4.088330275851554e-05
YOLOv4 no aug,5368,0.0007243333333333334,8.727415297657022e-05
YOLOv4 no aug,5369,0.000749,6.036831398451784e-05
YOLOv4 no aug,5370,0.0007246666666666668,4.953562130202647e-05
YOLOv4 no aug,5371,0.000708,3.7872593432894634e-05
YOLOv4 no aug,5372,0.0007126666666666667,1.8478215402046943e-05
YOLOv4 no aug,5373,0.0006723333333333333,1.3968217893171317e-05
YOLOv4 no aug,5374,0.0006650000000000001,5.567764362830015e-06
YOLOv4 no aug,5375,0.0006993333333333334,5.2871962744392673e-05
YOLOv4 no aug,5376,0.0007610000000000001,8.124243554530683e-05
YOLOv4 no aug,5377,0.0007399999999999999,7.369531871157083e-05
YOLOv4 no aug,5378,0.0007093333333333332,6.941741696273188e-05
YOLOv4 no aug,5379,0.000764,2.7622454633866287e-05
YOLOv4 no aug,5380,0.0007553333333333334,1.7854348987789454e-05
YOLOv4 no aug,5381,0.0007543333333333333,2.7119078974855402e-05
YOLOv4 no aug,5382,0.0007313333333333333,2.7339430214334105e-05
YOLOv4 no aug,5383,0.0007936666666666666,2.1987370112053965e-05
YOLOv4 no aug,5384,0.0008693333333333334,5.1394984623447916e-05
YOLOv4 no aug,5385,0.0008740000000000001,4.5530209751328854e-05
YOLOv4 no aug,5386,0.000834,3.572580766523458e-05
YOLOv4 no aug,5387,0.0008123333333333333,3.4338187359135777e-05
YOLOv4 no aug,5388,0.0007826666666666666,3.755144619200586e-05
YOLOv4 no aug,5389,0.0007693333333333333,2.6847304851284003e-05
YOLOv4 no aug,5390,0.0007663333333333333,2.861429324267469e-05
YOLOv4 no aug,5391,0.0007486666666666667,3.5271959275196354e-05
YOLOv4 no aug,5392,0.0007143333333333333,3.464743056049678e-05
YOLOv4 no aug,5393,0.0007243333333333333,8.412952976082656e-06
YOLOv4 no aug,5394,0.0006953333333333334,3.1797973380565004e-06
YOLOv4 no aug,5395,0.0006793333333333333,2.1403530342238195e-05
YOLOv4 no aug,5396,0.0006676666666666668,1.5169413670643679e-05
YOLOv4 no aug,5397,0.0006476666666666666,6.064468466220075e-06
YOLOv4 no aug,5398,0.0006563333333333333,1.1020183503211034e-05
YOLOv4 no aug,5399,0.000656,1.1532562594670803e-05
YOLOv4 no aug,5400,0.0006286666666666666,1.50148075060736e-05
YOLOv4 no aug,5401,0.0006153333333333333,1.841496975591084e-05
YOLOv4 no aug,5402,0.0006140000000000001,9.291573243177576e-06
YOLOv4 no aug,5403,0.0006336666666666666,2.602776295505328e-05
YOLOv4 no aug,5404,0.0006259999999999999,3.0237945256470945e-05
YOLOv4 no aug,5405,0.0006399999999999999,1.6862186493255655e-05
YOLOv4 no aug,5406,0.0006343333333333333,1.5059142664102023e-05
YOLOv4 no aug,5407,0.0006123333333333333,1.7188497445805005e-05
YOLOv4 no aug,5408,0.0006716666666666668,4.58342424152268e-05
YOLOv4 no aug,5409,0.0006886666666666667,5.011431376806874e-05
YOLOv4 no aug,5410,0.000686,2.8711205710198448e-05
YOLOv4 no aug,5411,0.000672,9.45163125250522e-06
YOLOv4 no aug,5412,0.0006613333333333332,1.6666666666666678e-05
YOLOv4 no aug,5413,0.000684,6.027713773341726e-06
YOLOv4 no aug,5414,0.0006726666666666666,1.633333333333332e-05
YOLOv4 no aug,5415,0.0006516666666666666,2.121582218795941e-05
YOLOv4 no aug,5416,0.0006283333333333333,1.6251495657665194e-05
YOLOv4 no aug,5417,0.0006213333333333334,1.1695203195232581e-05
YOLOv4 no aug,5418,0.000644,4.357751713900186e-05
YOLOv4 no aug,5419,0.0007243333333333333,7.217186278445205e-05
YOLOv4 no aug,5420,0.0007246666666666665,0.00010521459552320253
YOLOv4 no aug,5421,0.0007493333333333333,6.245620687952303e-05
YOLOv4 no aug,5422,0.0007966666666666666,0.00011392151294251281
YOLOv4 no aug,5423,0.0007793333333333333,9.610468828892328e-05
YOLOv4 no aug,5424,0.000771,0.00012324907031427594
YOLOv4 no aug,5425,0.0007889999999999999,0.00010165136496870071
YOLOv4 no aug,5426,0.000746,9.027919657004784e-05
YOLOv4 no aug,5427,0.0007263333333333333,6.745451142148396e-05
YOLOv4 no aug,5428,0.0007343333333333334,7.262307561038097e-05
YOLOv4 no aug,5429,0.0007066666666666666,6.1202759560152e-05
YOLOv4 no aug,5430,0.00069,5.7297469403107154e-05
YOLOv4 no aug,5431,0.0006823333333333334,4.802892646913712e-05
YOLOv4 no aug,5432,0.0006963333333333334,2.9225179402547917e-05
YOLOv4 no aug,5433,0.0006900000000000001,1.8903262505010454e-05
YOLOv4 no aug,5434,0.0006680000000000001,2.4576411454889006e-05
YOLOv4 no aug,5435,0.0006749999999999999,3.3501243758005944e-05
YOLOv4 no aug,5436,0.000657,1.852025917745211e-05
YOLOv4 no aug,5437,0.0006523333333333333,2.6666666666666596e-06
YOLOv4 no aug,5438,0.0006393333333333332,1.1623730516108465e-05
YOLOv4 no aug,5439,0.000624,7.505553499465155e-06
YOLOv4 no aug,5440,0.0006190000000000001,5.567764362830015e-06
YOLOv4 no aug,5441,0.000611,2.5106440076867393e-05
YOLOv4 no aug,5442,0.0006023333333333333,2.5982900359873455e-05
YOLOv4 no aug,5443,0.0006550000000000001,6.482540654198273e-05
YOLOv4 no aug,5444,0.0006493333333333334,6.092983213865312e-05
YOLOv4 no aug,5445,0.0006216666666666666,5.1721476304443506e-05
YOLOv4 no aug,5446,0.0006043333333333333,4.5513123870422745e-05
YOLOv4 no aug,5447,0.0006016666666666666,3.389362444144591e-05
YOLOv4 no aug,5448,0.0005803333333333333,3.5633941373047374e-05
YOLOv4 no aug,5449,0.0005656666666666667,4.573960112540457e-05
YOLOv4 no aug,5450,0.0005776666666666666,2.6872125169236446e-05
YOLOv4 no aug,5451,0.0006073333333333333,4.6365696131706886e-05
YOLOv4 no aug,5452,0.0005926666666666667,4.223084707230536e-05
YOLOv4 no aug,5453,0.0005843333333333333,3.110376897490791e-05
YOLOv4 no aug,5454,0.00059,3.508560958569767e-05
YOLOv4 no aug,5455,0.0005936666666666667,4.983416944672045e-05
YOLOv4 no aug,5456,0.0006036666666666666,5.903765276875806e-05
YOLOv4 no aug,5457,0.0005986666666666666,5.777638887219514e-05
YOLOv4 no aug,5458,0.0005973333333333333,5.281834698073936e-05
YOLOv4 no aug,5459,0.000573,5.18298498293535e-05
YOLOv4 no aug,5460,0.0005963333333333334,7.823966030373885e-05
YOLOv4 no aug,5461,0.0005703333333333333,7.246225070875027e-05
YOLOv4 no aug,5462,0.0005796666666666667,6.382354145959346e-05
YOLOv4 no aug,5463,0.0005683333333333333,5.266350201462532e-05
YOLOv4 no aug,5464,0.0005713333333333333,2.645961282995486e-05
YOLOv4 no aug,5465,0.0006243333333333334,6.584915421712807e-05
YOLOv4 no aug,5466,0.0006266666666666668,6.786588080749986e-05
YOLOv4 no aug,5467,0.0006116666666666667,6.830405876991824e-05
YOLOv4 no aug,5468,0.0005866666666666668,6.284725751994099e-05
YOLOv4 no aug,5469,0.0005943333333333333,7.535103036971545e-05
YOLOv4 no aug,5470,0.0005756666666666667,6.570726325486737e-05
YOLOv4 no aug,5471,0.0005806666666666666,8.013599551872916e-05
YOLOv4 no aug,5472,0.0006059999999999999,5.5054518434003245e-05
YOLOv4 no aug,5473,0.00064,4.623130252689549e-05
YOLOv4 no aug,5474,0.0008176666666666667,0.0002093803025862536
YOLOv4 no aug,5475,0.0007786666666666667,0.00019172926513996534
YOLOv4 no aug,5476,0.0007373333333333333,0.00016785145549297787
YOLOv4 no aug,5477,0.000758,0.00012108399288648079
YOLOv4 no aug,5478,0.0007423333333333335,9.987547802694668e-05
YOLOv4 no aug,5479,0.0007293333333333335,8.325129294958594e-05
YOLOv4 no aug,5480,0.0008476666666666667,0.00015894058987908378
YOLOv4 no aug,5481,0.0008306666666666667,0.00013827790054009995
YOLOv4 no aug,5482,0.000806,0.0001221924711264978
YOLOv4 no aug,5483,0.0008053333333333332,8.026899221437324e-05
YOLOv4 no aug,5484,0.0007623333333333333,7.382938288904886e-05
YOLOv4 no aug,5485,0.0007723333333333332,0.00011349351425424175
YOLOv4 no aug,5486,0.0007526666666666667,0.00012438426124089996
YOLOv4 no aug,5487,0.000732,0.00012287120628256783
YOLOv4 no aug,5488,0.0007863333333333333,0.00012916956985984654
YOLOv4 no aug,5489,0.000832,0.0001460719001040241
YOLOv4 no aug,5490,0.0008346666666666667,0.00014096965788581759
YOLOv4 no aug,5491,0.0008573333333333333,0.00011577324580594796
YOLOv4 no aug,5492,0.0008166666666666666,0.00010301186555171424
YOLOv4 no aug,5493,0.000804,0.00010976793703081059
YOLOv4 no aug,5494,0.000764,9.128161552762604e-05
YOLOv4 no aug,5495,0.0007253333333333334,7.494294125829627e-05
YOLOv4 no aug,5496,0.000697,6.798774399355616e-05
YOLOv4 no aug,5497,0.0006666666666666666,5.177300884094379e-05
YOLOv4 no aug,5498,0.0006696666666666666,5.499797976087649e-05
YOLOv4 no aug,5499,0.000729,5.1520222566807034e-05
YOLOv4 no aug,5500,0.0007043333333333334,3.9481359877514084e-05
YOLOv4 no aug,5501,0.0006946666666666667,3.3388288033048035e-05
YOLOv4 no aug,5502,0.000686,2.112660250332109e-05
YOLOv4 no aug,5503,0.00078,0.00010102639919017867
YOLOv4 no aug,5504,0.0008240000000000001,7.657893531078463e-05
YOLOv4 no aug,5505,0.0007803333333333334,6.822593185715954e-05
YOLOv4 no aug,5506,0.0007633333333333333,5.7009745755538265e-05
YOLOv4 no aug,5507,0.000726,4.923751956926073e-05
YOLOv4 no aug,5508,0.0006993333333333334,4.5957710029015936e-05
YOLOv4 no aug,5509,0.0006856666666666666,4.755815153869816e-05
YOLOv4 no aug,5510,0.0007143333333333333,5.4112023720344366e-05
YOLOv4 no aug,5511,0.0007643333333333333,0.00011585095789178631
YOLOv4 no aug,5512,0.0007233333333333333,0.00011195882179523766
YOLOv4 no aug,5513,0.0007403333333333333,0.00010997626006451474
YOLOv4 no aug,5514,0.000734,8.057915363169312e-05
YOLOv4 no aug,5515,0.000703,7.739078325830108e-05
YOLOv4 no aug,5516,0.0007399999999999999,9.47751725576553e-05
YOLOv4 no aug,5517,0.0007226666666666666,8.291829981641233e-05
YOLOv4 no aug,5518,0.0006833333333333332,7.923032528296502e-05
YOLOv4 no aug,5519,0.0006846666666666666,8.750682513064022e-05
YOLOv4 no aug,5520,0.0012713333333333333,0.0005980697655327883
YOLOv4 no aug,5521,0.0013206666666666668,0.0005057457639741314
YOLOv4 no aug,5522,0.0012493333333333334,0.0004591304583424822
YOLOv4 no aug,5523,0.00132,0.00040457755745962977
YOLOv4 no aug,5524,0.0013336666666666664,0.00027814884105057454
YOLOv4 no aug,5525,0.001248,0.0002519411306899557
YOLOv4 no aug,5526,0.0012059999999999998,0.00021569500071474382
YOLOv4 no aug,5527,0.001157,0.00020458005767913937
YOLOv4 no aug,5528,0.0011436666666666667,0.00010709082334376015
YOLOv4 no aug,5529,0.0010723333333333333,9.799376397392733e-05
YOLOv4 no aug,5530,0.0010286666666666667,9.123656674333554e-05
YOLOv4 no aug,5531,0.0009533333333333334,8.319121214273645e-05
YOLOv4 no aug,5532,0.0009146666666666666,6.819661118983683e-05
YOLOv4 no aug,5533,0.0008740000000000001,6.604039168064747e-05
YOLOv4 no aug,5534,0.0008396666666666666,6.848925300934287e-05
YOLOv4 no aug,5535,0.0007996666666666667,5.933333333333333e-05
YOLOv4 no aug,5536,0.0009253333333333335,0.00013637733601217536
YOLOv4 no aug,5537,0.0008883333333333333,0.00012191025843263196
YOLOv4 no aug,5538,0.0009133333333333333,0.00016634235112495486
YOLOv4 no aug,5539,0.0008659999999999999,0.00015406924849993046
YOLOv4 no aug,5540,0.0009103333333333333,0.00021339660520053061
YOLOv4 no aug,5541,0.0011949999999999999,4.7511402140258254e-05
YOLOv4 no aug,5542,0.0011323333333333333,3.74892577206384e-05
YOLOv4 no aug,5543,0.0010643333333333331,3.18136937671675e-05
YOLOv4 no aug,5544,0.0010153333333333334,3.809782729296312e-05
YOLOv4 no aug,5545,0.000966,3.0088757590391364e-05
YOLOv4 no aug,5546,0.0009133333333333333,2.8689913055133344e-05
YOLOv4 no aug,5547,0.0008643333333333333,3.216796197737396e-05
YOLOv4 no aug,5548,0.0008386666666666667,4.618922433256964e-05
YOLOv4 no aug,5549,0.0008153333333333334,3.849819620594075e-05
YOLOv4 no aug,5550,0.0008046666666666666,5.184699712723114e-05
YOLOv4 no aug,5551,0.0007706666666666666,6.066666666666668e-05
YOLOv4 no aug,5552,0.0007366666666666666,4.9804060521652685e-05
YOLOv4 no aug,5553,0.0007176666666666667,4.7875997233594115e-05
YOLOv4 no aug,5554,0.000693,3.6460023770334164e-05
YOLOv4 no aug,5555,0.000686,2.1361959960016135e-05
YOLOv4 no aug,5556,0.0007346666666666668,7.806905774875076e-05
YOLOv4 no aug,5557,0.0007206666666666667,6.066941385721289e-05
YOLOv4 no aug,5558,0.0006873333333333332,5.134307266916455e-05
YOLOv4 no aug,5559,0.0006726666666666666,4.7315724424104285e-05
YOLOv4 no aug,5560,0.0007366666666666666,6.54225581211184e-05
YOLOv4 no aug,5561,0.0011729999999999998,0.0005212162059388919
YOLOv4 no aug,5562,0.0011866666666666666,0.0004596412852552642
YOLOv4 no aug,5563,0.0011486666666666665,0.00045929849892102967
YOLOv4 no aug,5564,0.0010886666666666668,0.0004050503398070144
YOLOv4 no aug,5565,0.0010456666666666667,0.0003731207728217649
YOLOv4 no aug,5566,0.000977,0.00033360005995203306
YOLOv4 no aug,5567,0.000945,0.0002985922526344803
YOLOv4 no aug,5568,0.0009170000000000002,0.0002643879724949681
YOLOv4 no aug,5569,0.0008640000000000001,0.00023829043903046834
YOLOv4 no aug,5570,0.0008553333333333333,0.00020237945657710526
YOLOv4 no aug,5571,0.0008203333333333332,0.00017785512206412398
YOLOv4 no aug,5572,0.00079,0.00015133516885817825
YOLOv4 no aug,5573,0.0007660000000000001,0.00014055722440818664
YOLOv4 no aug,5574,0.0007506666666666667,0.00012121789380193745
YOLOv4 no aug,5575,0.00071,0.00011225417586887358
YOLOv4 no aug,5576,0.0006979999999999999,9.204527871288856e-05
YOLOv4 no aug,5577,0.0006956666666666666,7.737857871817271e-05
YOLOv4 no aug,5578,0.0006593333333333334,7.131230219565515e-05
YOLOv4 no aug,5579,0.0006586666666666667,6.48519681873864e-05
YOLOv4 no aug,5580,0.0006476666666666666,5.196259338323205e-05
YOLOv4 no aug,5581,0.0006373333333333334,4.285764549969794e-05
YOLOv4 no aug,5582,0.0006156666666666667,4.261976588913229e-05
YOLOv4 no aug,5583,0.0005986666666666666,4.418270149177291e-05
YOLOv4 no aug,5584,0.0006036666666666667,3.9439123271751943e-05
YOLOv4 no aug,5585,0.0006483333333333333,2.3974523515135367e-05
YOLOv4 no aug,5586,0.0006626666666666665,1.3860415257527855e-05
YOLOv4 no aug,5587,0.0011113333333333333,0.0002719720165343814
YOLOv4 no aug,5588,0.001189,0.00028909744608580224
YOLOv4 no aug,5589,0.0011213333333333333,0.00024394011104731788
YOLOv4 no aug,5590,0.0010523333333333333,0.00021966970154706767
YOLOv4 no aug,5591,0.0009926666666666667,0.00020269626976779267
YOLOv4 no aug,5592,0.0009493333333333333,0.00018486962372920486
YOLOv4 no aug,5593,0.0009206666666666665,0.00015100588656664278
YOLOv4 no aug,5594,0.000882,0.0001250853042260894
YOLOv4 no aug,5595,0.0008506666666666667,0.00012168447358275053
YOLOv4 no aug,5596,0.0008973333333333333,7.414475331703818e-05
YOLOv4 no aug,5597,0.000876,6.192199393861066e-05
YOLOv4 no aug,5598,0.0009260000000000001,3.858756276314947e-05
YOLOv4 no aug,5599,0.000903,4.7791212581394115e-05
YOLOv4 no aug,5600,0.000849,4.196824196143237e-05
YOLOv4 no aug,5601,0.0009606666666666666,0.00013225522463949934
YOLOv4 no aug,5602,0.0009903333333333333,0.00014795307063765562
YOLOv4 no aug,5603,0.0009559999999999999,0.00013971876514388946
YOLOv4 no aug,5604,0.0009216666666666667,0.00013545766046177597
YOLOv4 no aug,5605,0.0009676666666666667,7.879368276990515e-05
YOLOv4 no aug,5606,0.0009209999999999999,7.867867140040768e-05
YOLOv4 no aug,5607,0.000891,6.153318887668127e-05
YOLOv4 no aug,5608,0.0008473333333333333,5.002110665620176e-05
YOLOv4 no aug,5609,0.0008106666666666667,4.3175353051377723e-05
YOLOv4 no aug,5610,0.0007796666666666667,3.822012268135434e-05
YOLOv4 no aug,5611,0.0007943333333333332,2.0827332469084417e-05
YOLOv4 no aug,5612,0.0008393333333333333,7.190348469379704e-05
YOLOv4 no aug,5613,0.000801,6.976388750635961e-05
YOLOv4 no aug,5614,0.0008106666666666667,6.221021709583652e-05
YOLOv4 no aug,5615,0.0012303333333333333,0.00028471174506468437
YOLOv4 no aug,5616,0.0011796666666666668,0.00025324055318565745
YOLOv4 no aug,5617,0.0012476666666666667,0.00027179179122589005
YOLOv4 no aug,5618,0.0014803333333333333,4.741776507222211e-05
YOLOv4 no aug,5619,0.0014373333333333332,8.169523309906834e-05
YOLOv4 no aug,5620,0.0013353333333333333,7.284992183325327e-05
YOLOv4 no aug,5621,0.0012616666666666668,5.527004412679417e-05
YOLOv4 no aug,5622,0.0011866666666666666,5.336145092146998e-05
YOLOv4 no aug,5623,0.0011216666666666666,5.808136055951555e-05
YOLOv4 no aug,5624,0.0010706666666666666,4.6203655459041133e-05
YOLOv4 no aug,5625,0.0013003333333333332,0.0002580531814267061
YOLOv4 no aug,5626,0.0012336666666666668,0.0002288160347916592
YOLOv4 no aug,5627,0.0011933333333333334,0.00019070250245983782
YOLOv4 no aug,5628,0.00123,0.00015692036196746426
YOLOv4 no aug,5629,0.0011643333333333334,0.0001368872204083022
YOLOv4 no aug,5630,0.0010866666666666666,0.00013090242337116776
YOLOv4 no aug,5631,0.0010973333333333332,4.534803683120634e-05
YOLOv4 no aug,5632,0.0011553333333333335,0.00010504337728344
YOLOv4 no aug,5633,0.0011036666666666666,8.406412895984692e-05
YOLOv4 no aug,5634,0.0011303333333333332,0.00010916399487824628
YOLOv4 no aug,5635,0.0010713333333333334,0.00010994594631504666
YOLOv4 no aug,5636,0.0010123333333333334,0.00010842099017769164
YOLOv4 no aug,5637,0.0009643333333333334,8.964064058475067e-05
YOLOv4 no aug,5638,0.0009456666666666667,0.00010190900080191369
YOLOv4 no aug,5639,0.000922,8.655826554023209e-05
YOLOv4 no aug,5640,0.0008763333333333332,8.334733215753086e-05
YOLOv4 no aug,5641,0.000857,5.158811232574163e-05
YOLOv4 no aug,5642,0.0008276666666666667,5.0074389107051954e-05
YOLOv4 no aug,5643,0.0008723333333333334,9.861428789875116e-05
YOLOv4 no aug,5644,0.0008806666666666668,9.839433136336892e-05
YOLOv4 no aug,5645,0.0008506666666666667,8.53821474964826e-05
YOLOv4 no aug,5646,0.0008106666666666667,8.167891064677859e-05
YOLOv4 no aug,5647,0.0007876666666666665,7.673620035188374e-05
YOLOv4 no aug,5648,0.000754,6.789207121110192e-05
YOLOv4 no aug,5649,0.000728,6.337454799312841e-05
YOLOv4 no aug,5650,0.0007313333333333334,5.741467098612033e-05
YOLOv4 no aug,5651,0.0009343333333333333,0.00018920388767441098
YOLOv4 no aug,5652,0.0008836666666666666,0.00016797453510709423
YOLOv4 no aug,5653,0.0008633333333333335,0.00014690624372178487
YOLOv4 no aug,5654,0.0009099999999999999,0.00021397273969675046
YOLOv4 no aug,5655,0.0008726666666666666,0.00018493993018755511
YOLOv4 no aug,5656,0.0008553333333333334,0.00015803199394777987
YOLOv4 no aug,5657,0.0008946666666666665,0.0001902019394690227
YOLOv4 no aug,5658,0.0008766666666666667,0.00017992066152736446
YOLOv4 no aug,5659,0.000855,0.00017233784649151607
YOLOv4 no aug,5660,0.000819,0.00014758500375489827
YOLOv4 no aug,5661,0.0008203333333333334,0.0001322678259357799
YOLOv4 no aug,5662,0.0007760000000000001,0.00011893835938557977
YOLOv4 no aug,5663,0.0008216666666666667,0.00013556589213777596
YOLOv4 no aug,5664,0.0008110000000000001,0.00011888229472886201
YOLOv4 no aug,5665,0.0007726666666666666,0.00011435956939019623
YOLOv4 no aug,5666,0.0007753333333333333,0.00011489463772421141
YOLOv4 no aug,5667,0.000746,9.701546268507922e-05
YOLOv4 no aug,5668,0.000732,9.263008870412102e-05
YOLOv4 no aug,5669,0.0007396666666666667,6.598063689026083e-05
YOLOv4 no aug,5670,0.0007096666666666667,6.662415311114863e-05
YOLOv4 no aug,5671,0.0006973333333333333,6.744462749380247e-05
YOLOv4 no aug,5672,0.0006893333333333334,8.405223243779892e-05
YOLOv4 no aug,5673,0.0006659999999999999,6.23858958419289e-05
YOLOv4 no aug,5674,0.0006753333333333333,7.798789079793807e-05
YOLOv4 no aug,5675,0.0006533333333333333,6.53562884843107e-05
YOLOv4 no aug,5676,0.000638,6.122091146005587e-05
YOLOv4 no aug,5677,0.0006293333333333333,6.049885214705409e-05
YOLOv4 no aug,5678,0.0006196666666666667,5.312040829829695e-05
YOLOv4 no aug,5679,0.0006153333333333333,5.6345166410063785e-05
YOLOv4 no aug,5680,0.0006193333333333333,7.642934282358081e-05
YOLOv4 no aug,5681,0.0005963333333333333,6.788797962657143e-05
YOLOv4 no aug,5682,0.0005803333333333333,6.211369503669147e-05
YOLOv4 no aug,5683,0.0005676666666666667,5.673721099165092e-05
YOLOv4 no aug,5684,0.0005593333333333333,4.94177206183279e-05
YOLOv4 no aug,5685,0.000561,5.276678248039514e-05
YOLOv4 no aug,5686,0.000575,5.716642371182582e-05
YOLOv4 no aug,5687,0.0005823333333333334,5.1524535687163434e-05
YOLOv4 no aug,5688,0.0005786666666666667,5.233333333333336e-05
YOLOv4 no aug,5689,0.0006333333333333333,6.112918924521881e-05
YOLOv4 no aug,5690,0.0006216666666666666,4.7757489232347386e-05
YOLOv4 no aug,5691,0.0006023333333333333,5.269513998252379e-05
YOLOv4 no aug,5692,0.0006346666666666666,8.091422069766914e-05
YOLOv4 no aug,5693,0.0006140000000000001,6.73003219407852e-05
YOLOv4 no aug,5694,0.0006306666666666666,0.00010010050504923096
YOLOv4 no aug,5695,0.0006643333333333333,6.408674676648137e-05
YOLOv4 no aug,5696,0.0006503333333333334,6.2783578886344e-05
YOLOv4 no aug,5697,0.0006393333333333333,6.931169534148701e-05
YOLOv4 no aug,5698,0.000638,6.250599971202765e-05
YOLOv4 no aug,5699,0.0007163333333333333,5.3895990368280465e-05
YOLOv4 no aug,5700,0.0007693333333333332,8.888631940730691e-05
YOLOv4 no aug,5701,0.0007406666666666667,8.273720109143437e-05
YOLOv4 no aug,5702,0.0007273333333333333,6.933573713781693e-05
YOLOv4 no aug,5703,0.0008646666666666667,0.00020829973062339225
YOLOv4 no aug,5704,0.000989,0.00015565346125287417
YOLOv4 no aug,5705,0.000985,0.0001665022522370193
YOLOv4 no aug,5706,0.000942,0.0001406567927024263
YOLOv4 no aug,5707,0.0009166666666666666,0.0001131228437486336
YOLOv4 no aug,5708,0.0010203333333333334,0.00019414799624112642
YOLOv4 no aug,5709,0.0010523333333333333,0.00019553885661025136
YOLOv4 no aug,5710,0.0010076666666666665,0.00017887643158833916
YOLOv4 no aug,5711,0.0009526666666666667,0.0001612630700990707
YOLOv4 no aug,5712,0.000917,0.00013322537295875738
YOLOv4 no aug,5713,0.000879,0.00012341393762456496
YOLOv4 no aug,5714,0.0008476666666666667,9.416356927059308e-05
YOLOv4 no aug,5715,0.0009469999999999999,5.434151267677412e-05
YOLOv4 no aug,5716,0.000937,3.308070938376827e-05
YOLOv4 no aug,5717,0.0008846666666666667,3.038822871515291e-05
YOLOv4 no aug,5718,0.000832,2.761038451983841e-05
YOLOv4 no aug,5719,0.0008043333333333334,1.5452435981999008e-05
YOLOv4 no aug,5720,0.0007456666666666666,1.0744507640857473e-05
YOLOv4 no aug,5721,0.0007456666666666666,4.724875071834644e-05
YOLOv4 no aug,5722,0.00071,3.8e-05
YOLOv4 no aug,5723,0.0006953333333333334,5.205872752105176e-05
YOLOv4 no aug,5724,0.0006873333333333333,6.768144337835725e-05
YOLOv4 no aug,5725,0.0006749999999999999,4.927473997901968e-05
YOLOv4 no aug,5726,0.000651,4.596012764705221e-05
YOLOv4 no aug,5727,0.0006476666666666667,4.7698124817555566e-05
YOLOv4 no aug,5728,0.0006226666666666667,4.5670316155877216e-05
YOLOv4 no aug,5729,0.000594,3.8587562763149505e-05
YOLOv4 no aug,5730,0.0006303333333333333,5.869222927933287e-05
YOLOv4 no aug,5731,0.0006856666666666666,5.532429645081603e-05
YOLOv4 no aug,5732,0.0011400000000000002,0.00041123351030770836
YOLOv4 no aug,5733,0.0010696666666666667,0.0003718285148350573
YOLOv4 no aug,5734,0.0010043333333333334,0.00033300467130524026
YOLOv4 no aug,5735,0.0012176666666666666,0.00029238920028695396
YOLOv4 no aug,5736,0.0012053333333333332,0.0003154416656759922
YOLOv4 no aug,5737,0.0012653333333333334,0.0003362114083595486
YOLOv4 no aug,5738,0.0011963333333333333,0.0003188972317917552
YOLOv4 no aug,5739,0.001157,0.0003073613508559591
YOLOv4 no aug,5740,0.0010836666666666668,0.00026762183103111085
YOLOv4 no aug,5741,0.0010336666666666669,0.0002458355367132895
YOLOv4 no aug,5742,0.0009776666666666666,0.00023090570465981224
YOLOv4 no aug,5743,0.0009383333333333332,0.0002049718137804426
YOLOv4 no aug,5744,0.000889,0.00018475479245024564
YOLOv4 no aug,5745,0.000855,0.00017018911050162213
YOLOv4 no aug,5746,0.0008136666666666666,0.00016139943549398734
YOLOv4 no aug,5747,0.0007986666666666666,0.00015712662975376828
YOLOv4 no aug,5748,0.0007610000000000001,0.00014982100431292446
YOLOv4 no aug,5749,0.0007433333333333334,0.00011992405003908838
YOLOv4 no aug,5750,0.0007166666666666667,0.0001093394307242868
YOLOv4 no aug,5751,0.0006903333333333333,9.219062377005111e-05
YOLOv4 no aug,5752,0.0007369999999999999,2.4131583730317694e-05
YOLOv4 no aug,5753,0.0007223333333333334,3.390837326941206e-05
YOLOv4 no aug,5754,0.0007103333333333333,2.3729962307410233e-05
YOLOv4 no aug,5755,0.000716,5.879058881601146e-05
YOLOv4 no aug,5756,0.0008143333333333333,8.3955014409173e-05
YOLOv4 no aug,5757,0.0007806666666666668,8.227663364798321e-05
YOLOv4 no aug,5758,0.0007916666666666666,7.621315138769979e-05
YOLOv4 no aug,5759,0.000782,5.370288632839021e-05
YOLOv4 no aug,5760,0.0007666666666666667,4.4095855184409836e-05
YOLOv4 no aug,5761,0.0007406666666666667,5.308588429244737e-05
YOLOv4 no aug,5762,0.000783,9.565737469392173e-05
YOLOv4 no aug,5763,0.0007493333333333333,9.49075573621218e-05
YOLOv4 no aug,5764,0.000741,8.229216244576393e-05
YOLOv4 no aug,5765,0.0007203333333333334,8.434123810120674e-05
YOLOv4 no aug,5766,0.0006936666666666667,8.217934317360081e-05
YOLOv4 no aug,5767,0.0006846666666666668,7.914192595865003e-05
YOLOv4 no aug,5768,0.000672,9.312536353396606e-05
YOLOv4 no aug,5769,0.0006603333333333334,8.034370610764173e-05
YOLOv4 no aug,5770,0.000627,8.235492294534272e-05
YOLOv4 no aug,5771,0.0006326666666666667,9.76803175898013e-05
YOLOv4 no aug,5772,0.0006326666666666667,7.421215833301471e-05
YOLOv4 no aug,5773,0.0006576666666666666,9.12219515491992e-05
YOLOv4 no aug,5774,0.0006736666666666667,6.501623728816603e-05
YOLOv4 no aug,5775,0.00067,5.3407240457950405e-05
YOLOv4 no aug,5776,0.000676,3.955165398985652e-05
YOLOv4 no aug,5777,0.0007373333333333333,5.039951498884795e-05
YOLOv4 no aug,5778,0.0008653333333333334,7.247604968386301e-05
YOLOv4 no aug,5779,0.0008900000000000001,8.993886812718959e-05
YOLOv4 no aug,5780,0.0008616666666666667,8.706766206679593e-05
YOLOv4 no aug,5781,0.0008383333333333333,5.414281526153257e-05
YOLOv4 no aug,5782,0.0008026666666666667,4.3529045220149026e-05
YOLOv4 no aug,5783,0.000771,5.084617324178226e-05
YOLOv4 no aug,5784,0.0007653333333333335,4.59359457409022e-05
YOLOv4 no aug,5785,0.0008923333333333334,0.00017906268300359085
YOLOv4 no aug,5786,0.000852,0.00016218918993981485
YOLOv4 no aug,5787,0.0008376666666666667,0.00015307115266364785
YOLOv4 no aug,5788,0.0008510000000000001,0.00015844662613427065
YOLOv4 no aug,5789,0.0008276666666666667,0.00015191262108345195
YOLOv4 no aug,5790,0.000804,0.00014342942515397597
YOLOv4 no aug,5791,0.0007843333333333334,0.0001281305757594355
YOLOv4 no aug,5792,0.0007966666666666666,9.930480574697501e-05
YOLOv4 no aug,5793,0.0007769999999999999,8.24378553820998e-05
YOLOv4 no aug,5794,0.0007606666666666665,8.987645841808511e-05
YOLOv4 no aug,5795,0.0009456666666666667,0.00018223824455305143
YOLOv4 no aug,5796,0.0009093333333333333,0.00017882424642959107
YOLOv4 no aug,5797,0.0016200000000000001,0.0006503078758044788
YOLOv4 no aug,5798,0.0014926666666666667,0.0005912634306672826
YOLOv4 no aug,5799,0.001411,0.0005313934512204681
YOLOv4 no aug,5800,0.0013286666666666666,0.00046524342493413546
YOLOv4 no aug,5801,0.0012480000000000002,0.0004255678559289929
YOLOv4 no aug,5802,0.0011696666666666667,0.000391095185913154
YOLOv4 no aug,5803,0.0010940000000000001,0.00034989331707440963
YOLOv4 no aug,5804,0.0010666666666666667,0.0003310515233481204
YOLOv4 no aug,5805,0.0010763333333333334,0.0002964963930828015
YOLOv4 no aug,5806,0.0010296666666666666,0.0002465538030081422
YOLOv4 no aug,5807,0.0009706666666666667,0.00021532481923312462
YOLOv4 no aug,5808,0.0009166666666666666,0.0002006799552632112
YOLOv4 no aug,5809,0.000938,0.00020127675805550258
YOLOv4 no aug,5810,0.0008886666666666666,0.00018496516188491039
YOLOv4 no aug,5811,0.0008556666666666666,0.0001807874749840572
YOLOv4 no aug,5812,0.0008353333333333333,0.0001475130879315836
YOLOv4 no aug,5813,0.000797,0.0001383485935357976
YOLOv4 no aug,5814,0.0007646666666666666,0.00012649286321545752
YOLOv4 no aug,5815,0.0008770000000000001,6.223343153000644e-05
YOLOv4 no aug,5816,0.0009236666666666667,2.1651276585406667e-05
YOLOv4 no aug,5817,0.0009199999999999999,1.900876990584433e-05
YOLOv4 no aug,5818,0.0008676666666666668,2.0899229119222968e-05
YOLOv4 no aug,5819,0.000961,0.00012500133332622233
YOLOv4 no aug,5820,0.0009303333333333334,0.00010887964813397302
YOLOv4 no aug,5821,0.0008876666666666667,9.782524100546737e-05
YOLOv4 no aug,5822,0.0009006666666666668,8.217123043444776e-05
YOLOv4 no aug,5823,0.0008586666666666668,9.381246067435698e-05
YOLOv4 no aug,5824,0.0008500000000000001,6.67258071014007e-05
YOLOv4 no aug,5825,0.0008186666666666667,6.548367056840287e-05
YOLOv4 no aug,5826,0.000781,4.8438965031607894e-05
YOLOv4 no aug,5827,0.000756,3.874274125562103e-05
YOLOv4 no aug,5828,0.0007393333333333333,2.8368605495825452e-05
YOLOv4 no aug,5829,0.000754,1.7097758137642887e-05
YOLOv4 no aug,5830,0.0007173333333333333,2.2258581366395376e-05
YOLOv4 no aug,5831,0.0007086666666666666,1.2032363765186702e-05
YOLOv4 no aug,5832,0.000709,5.424942396007538e-05
YOLOv4 no aug,5833,0.0006846666666666666,4.836091167231837e-05
YOLOv4 no aug,5834,0.0006966666666666666,8.722830835100368e-05
YOLOv4 no aug,5835,0.0006906666666666667,6.212174426970893e-05
YOLOv4 no aug,5836,0.0006793333333333333,6.801062008572222e-05
YOLOv4 no aug,5837,0.000657,6.649310741222231e-05
YOLOv4 no aug,5838,0.0011193333333333333,0.0005393938985359194
YOLOv4 no aug,5839,0.00109,0.0005030053014962501
YOLOv4 no aug,5840,0.0010949999999999998,0.0005175097422593447
YOLOv4 no aug,5841,0.0010263333333333333,0.00046594289111196645
YOLOv4 no aug,5842,0.0009663333333333333,0.0004273894918897489
YOLOv4 no aug,5843,0.0009413333333333334,0.00039033504127152673
YOLOv4 no aug,5844,0.000909,0.00035050297193224106
YOLOv4 no aug,5845,0.0009289999999999998,0.000376593060654778
YOLOv4 no aug,5846,0.0010793333333333332,0.00024798140611299424
YOLOv4 no aug,5847,0.0011733333333333333,0.00026370711868367233
YOLOv4 no aug,5848,0.0011790000000000001,0.0002810770949994563
YOLOv4 no aug,5849,0.0011070000000000001,0.0002444183571938355
YOLOv4 no aug,5850,0.0010383333333333334,0.0002157547475980798
YOLOv4 no aug,5851,0.000989,0.0002075724773021061
YOLOv4 no aug,5852,0.0009483333333333335,0.00018748896263810067
YOLOv4 no aug,5853,0.0009413333333333334,0.0001907226025176647
YOLOv4 no aug,5854,0.0009083333333333335,0.0001549089338217063
YOLOv4 no aug,5855,0.000886,0.00012861700250485288
YOLOv4 no aug,5856,0.0008626666666666666,8.613619706281702e-05
YOLOv4 no aug,5857,0.000834,6.296295206971583e-05
YOLOv4 no aug,5858,0.0007989999999999999,5.718682832028137e-05
YOLOv4 no aug,5859,0.001086,0.00018322208746036415
YOLOv4 no aug,5860,0.0010343333333333333,0.0001648133624571881
YOLOv4 no aug,5861,0.0009806666666666668,0.00015909151803635262
YOLOv4 no aug,5862,0.0009696666666666667,0.00013617431639058978
YOLOv4 no aug,5863,0.000919,0.00012646079761464952
YOLOv4 no aug,5864,0.0008846666666666667,0.0001067104076981768
YOLOv4 no aug,5865,0.000852,7.748548251124204e-05
YOLOv4 no aug,5866,0.0008073333333333332,6.20250845312694e-05
YOLOv4 no aug,5867,0.000781,4.5544849690534e-05
YOLOv4 no aug,5868,0.0008049999999999998,6.025777958073131e-05
YOLOv4 no aug,5869,0.0008646666666666667,3.7302070243412015e-05
YOLOv4 no aug,5870,0.0008379999999999999,1.153256259467079e-05
YOLOv4 no aug,5871,0.000904,0.00010028127109950955
YOLOv4 no aug,5872,0.0008793333333333332,8.630243977496296e-05
YOLOv4 no aug,5873,0.0009703333333333334,0.00012899913867068174
YOLOv4 no aug,5874,0.0009343333333333333,0.00011947291650318821
YOLOv4 no aug,5875,0.0008856666666666665,0.00011842343987197428
YOLOv4 no aug,5876,0.0008449999999999999,0.00011520850663036995
YOLOv4 no aug,5877,0.0008139999999999999,0.00010343597053249897
YOLOv4 no aug,5878,0.0007873333333333334,9.582159348381647e-05
YOLOv4 no aug,5879,0.000817,0.00010346658075597807
YOLOv4 no aug,5880,0.0008066666666666668,9.750441585441713e-05
YOLOv4 no aug,5881,0.0007833333333333334,9.423434146377378e-05
YOLOv4 no aug,5882,0.000767,7.715136637372881e-05
YOLOv4 no aug,5883,0.0007293333333333335,7.299391146603332e-05
YOLOv4 no aug,5884,0.0007036666666666667,6.842108187133878e-05
YOLOv4 no aug,5885,0.000754,0.00010514751542475933
YOLOv4 no aug,5886,0.0007123333333333334,9.022441157715824e-05
YOLOv4 no aug,5887,0.0007183333333333334,7.569749739001358e-05
YOLOv4 no aug,5888,0.0006810000000000001,6.406507108661735e-05
YOLOv4 no aug,5889,0.0006733333333333334,6.466666666666669e-05
YOLOv4 no aug,5890,0.0006450000000000001,5.351946686331372e-05
YOLOv4 no aug,5891,0.000628,5.002999100539594e-05
YOLOv4 no aug,5892,0.000604,4.650806381693395e-05
YOLOv4 no aug,5893,0.0007266666666666667,8.347920566091761e-05
YOLOv4 no aug,5894,0.0007406666666666667,6.848925300934285e-05
YOLOv4 no aug,5895,0.0007256666666666667,6.951338799908342e-05
YOLOv4 no aug,5896,0.0007063333333333332,6.375038126247646e-05
YOLOv4 no aug,5897,0.0007153333333333333,7.840138887658672e-05
YOLOv4 no aug,5898,0.0006779999999999999,6.993568473962346e-05
YOLOv4 no aug,5899,0.0006733333333333334,7.866878528220564e-05
YOLOv4 no aug,5900,0.0006963333333333334,4.761769045685065e-05
YOLOv4 no aug,5901,0.0006923333333333333,3.491099794875217e-05
YOLOv4 no aug,5902,0.0006973333333333333,2.9168095203111547e-05
YOLOv4 no aug,5903,0.0006896666666666666,1.5898986690282436e-05
YOLOv4 no aug,5904,0.0006749999999999999,1.7349351572897493e-05
YOLOv4 no aug,5905,0.0006900000000000001,4.3554563480765117e-05
YOLOv4 no aug,5906,0.0006866666666666667,3.0333333333333347e-05
YOLOv4 no aug,5907,0.000699,2.3501772982763105e-05
YOLOv4 no aug,5908,0.0007933333333333334,0.00012372325749205134
YOLOv4 no aug,5909,0.000757,0.00012178806728630411
YOLOv4 no aug,5910,0.000758,0.00010245486811274516
YOLOv4 no aug,5911,0.0007500000000000001,8.49136816616341e-05
YOLOv4 no aug,5912,0.0007693333333333333,7.0513198134187e-05
YOLOv4 no aug,5913,0.0007646666666666666,6.097084913665253e-05
YOLOv4 no aug,5914,0.0007423333333333332,5.600694401391473e-05
YOLOv4 no aug,5915,0.0007256666666666667,5.837331962844363e-05
YOLOv4 no aug,5916,0.0007076666666666667,5.537849562580928e-05
YOLOv4 no aug,5917,0.000702,4.233595792388939e-05
YOLOv4 no aug,5918,0.00067,2.973774257292126e-05
YOLOv4 no aug,5919,0.0006616666666666666,1.058825344951239e-05
YOLOv4 no aug,5920,0.000664,7.371114795832008e-06
YOLOv4 no aug,5921,0.0006416666666666667,5.840471822645076e-06
YOLOv4 no aug,5922,0.0006619999999999999,2.450170062124942e-05
YOLOv4 no aug,5923,0.0006396666666666667,2.671038083675415e-05
YOLOv4 no aug,5924,0.0006326666666666667,2.053722906766582e-05
YOLOv4 no aug,5925,0.0006156666666666666,2.292257499593894e-05
YOLOv4 no aug,5926,0.0008486666666666667,0.0002638284375203789
YOLOv4 no aug,5927,0.00083,0.00024517408780973027
YOLOv4 no aug,5928,0.0007966666666666668,0.00023311394448018578
YOLOv4 no aug,5929,0.0008896666666666666,0.0001966734462108305
YOLOv4 no aug,5930,0.0008486666666666667,0.0001748240385200057
YOLOv4 no aug,5931,0.0008196666666666666,0.00015189287160510348
YOLOv4 no aug,5932,0.000832,0.00015034294130420624
YOLOv4 no aug,5933,0.000793,0.00013235180391668263
YOLOv4 no aug,5934,0.0008176666666666666,0.00013341206009119934
YOLOv4 no aug,5935,0.0007896666666666667,0.0001179891708778583
YOLOv4 no aug,5936,0.000756,0.00010341340983321909
YOLOv4 no aug,5937,0.0007273333333333333,8.817091987220683e-05
YOLOv4 no aug,5938,0.0008763333333333335,0.00016449349868949572
YOLOv4 no aug,5939,0.000882,0.00015475895235279066
YOLOv4 no aug,5940,0.0008663333333333332,0.00011318470646592578
YOLOv4 no aug,5941,0.0008203333333333334,0.00010379681005588648
YOLOv4 no aug,5942,0.0007973333333333334,8.38656332739725e-05
YOLOv4 no aug,5943,0.0008143333333333333,8.974841378975887e-05
YOLOv4 no aug,5944,0.0008836666666666667,9.976026819887323e-05
YOLOv4 no aug,5945,0.0008513333333333333,8.747634600914184e-05
YOLOv4 no aug,5946,0.0008203333333333334,8.175641327205539e-05
YOLOv4 no aug,5947,0.0007913333333333332,7.368024007681963e-05
YOLOv4 no aug,5948,0.000762,6.321655901212383e-05
YOLOv4 no aug,5949,0.0008093333333333333,9.399349859313553e-05
YOLOv4 no aug,5950,0.000804,9.850042301093601e-05
YOLOv4 no aug,5951,0.0008213333333333333,0.00013437427002385705
YOLOv4 no aug,5952,0.0008163333333333334,0.00013053266938884602
YOLOv4 no aug,5953,0.0008553333333333333,9.206036666835038e-05
YOLOv4 no aug,5954,0.0008269999999999999,7.847929663293369e-05
YOLOv4 no aug,5955,0.0008023333333333334,8.048671387944167e-05
YOLOv4 no aug,5956,0.0007629999999999999,8.13469933884058e-05
YOLOv4 no aug,5957,0.0007703333333333334,8.218948297143079e-05
YOLOv4 no aug,5958,0.0007366666666666667,7.331287593443446e-05
YOLOv4 no aug,5959,0.0007370000000000001,7.669637105713237e-05
YOLOv4 no aug,5960,0.0007306666666666667,9.268285230349309e-05
YOLOv4 no aug,5961,0.0006976666666666667,7.563582337608136e-05
YOLOv4 no aug,5962,0.0007846666666666667,0.00013491025823775515
YOLOv4 no aug,5963,0.0008380000000000001,0.00016461166422826782
YOLOv4 no aug,5964,0.000808,0.00015610680104765883
YOLOv4 no aug,5965,0.0008356666666666665,0.00016501750748868367
YOLOv4 no aug,5966,0.0007959999999999999,0.00012977030990690176
YOLOv4 no aug,5967,0.000783,9.318261640456335e-05
YOLOv4 no aug,5968,0.0007716666666666667,0.0001021996955855436
YOLOv4 no aug,5969,0.0007443333333333333,9.494618358721838e-05
YOLOv4 no aug,5970,0.0007606666666666668,0.00010538237255084193
YOLOv4 no aug,5971,0.0007153333333333333,8.804796672521433e-05
YOLOv4 no aug,5972,0.0006933333333333335,7.996735445028664e-05
YOLOv4 no aug,5973,0.0006536666666666667,7.717152612488912e-05
YOLOv4 no aug,5974,0.0006233333333333334,7.142439670339854e-05
YOLOv4 no aug,5975,0.0006113333333333334,5.997869992292637e-05
YOLOv4 no aug,5976,0.0006526666666666667,5.45476346365674e-05
YOLOv4 no aug,5977,0.0006529999999999999,6.115826463637876e-05
YOLOv4 no aug,5978,0.000669,6.94190175672344e-05
YOLOv4 no aug,5979,0.0006636666666666666,4.424301577022573e-05
YOLOv4 no aug,5980,0.0006810000000000001,5.993607705992557e-05
YOLOv4 no aug,5981,0.0006583333333333334,6.34306270223182e-05
YOLOv4 no aug,5982,0.0007046666666666667,4.272522023868858e-05
YOLOv4 no aug,5983,0.0006810000000000001,2.9905406423142505e-05
YOLOv4 no aug,5984,0.0006726666666666668,1.883554559278221e-05
YOLOv4 no aug,5985,0.000706,4.5763886781318436e-05
YOLOv4 no aug,5986,0.000677,4.293017586733136e-05
YOLOv4 no aug,5987,0.0006659999999999999,2.9569128044860147e-05
YOLOv4 no aug,5988,0.000656,4.202776859807492e-05
YOLOv4 no aug,5989,0.000646,4.6057934531775685e-05
YOLOv4 no aug,5990,0.0007663333333333334,0.00010198420356985575
YOLOv4 no aug,5991,0.0007469999999999999,0.00010277321311184803
YOLOv4 no aug,5992,0.0007563333333333334,7.60971601163787e-05
YOLOv4 no aug,5993,0.0009359999999999999,0.00017585505395068977
YOLOv4 no aug,5994,0.0009550000000000001,0.00015199451744498331
YOLOv4 no aug,5995,0.000905,0.0001306636904422954
YOLOv4 no aug,5996,0.0009196666666666667,8.537433910595016e-05
YOLOv4 no aug,5997,0.0008763333333333335,8.298661203939934e-05
YOLOv4 no aug,5998,0.0008686666666666668,6.973840007086804e-05
YOLOv4 no aug,5999,0.0008953333333333334,7.755499840614904e-05
YOLOv4 no aug,6000,0.0008533333333333332,6.300352723811934e-05
