epoch,train/box_loss_mean,train/box_loss_sem,val/box_loss_mean,val/box_loss_sem,train/cls_loss_mean,train/cls_loss_sem,val/cls_loss_mean,val/cls_loss_sem,metrics/mAP50(B)_mean,metrics/mAP50(B)_sem,metrics/mAP50-95(B)_mean,metrics/mAP50-95(B)_sem
1,2.3595099999999998,0.015344896002688693,1.9558133333333334,0.08038777152721122,18.2273,0.4978405869352152,4.253256666666667,0.035605770287662396,2e-05,0.0,3.3333333333333337e-06,3.3333333333333337e-06
2,2.2790166666666667,0.005362512885247384,1.9257166666666665,0.06852073587202964,7.413436666666667,0.2139812196068722,3.7968933333333332,0.21626525258991036,0.09989333333333333,0.017373633599349462,0.04085666666666667,0.00903446241406267
3,2.3470466666666665,0.010571317062903932,2.244593333333333,0.07964666750369688,5.476296666666667,0.11626276049439813,2.8540733333333335,0.16581401029801776,0.12736999999999998,0.006259105367382786,0.04447333333333334,0.005006080746896163
4,2.353736666666667,0.02336901390968637,2.319663333333333,0.09971060163181138,5.031676666666667,0.05524004626275328,6.187670000000001,1.2222727065730192,0.08483666666666667,0.007235828294750443,0.02760333333333333,0.002682115665746808
5,2.3800433333333335,0.02228555760526932,2.5008133333333333,0.2451408024199788,4.55234,0.04096069131903581,3.0424433333333334,0.20045653912451394,0.09130666666666666,0.0195969915491582,0.033076666666666664,0.009714186075586113
6,2.2423766666666665,0.011817503026349485,2.16695,0.0714690844584799,4.05675,0.041607474088197226,3.528443333333333,0.34832761189878586,0.10590666666666666,0.009208409803604045,0.03943666666666667,0.005328822050363892
7,2.339893333333334,0.014736193915360686,2.257016666666667,0.07164165509286093,3.6431733333333334,0.03525511609839219,2.99348,0.2948675640011969,0.11603666666666668,0.013526099873125952,0.040253333333333335,0.00464250411356247
8,2.2853,0.05340277739344024,2.2514800000000004,0.09148525618918062,3.39855,0.02459556125265962,3.22481,0.21117445544699134,0.15322666666666668,0.016323457898918897,0.06094666666666667,0.011358512715629243
9,2.30519,0.037231068119694545,2.2139466666666667,0.05381886916108307,3.3501600000000002,0.06134919396373513,3.2714399999999997,0.2271582200435047,0.14742000000000002,0.0068305514662678115,0.055246666666666666,0.00041029799468733164
10,2.3301533333333335,0.030929891870342986,2.2224166666666663,0.01823140361513003,3.22615,0.062127033568326766,2.5468566666666668,0.03614832053882695,0.16805333333333336,0.026193574487733524,0.06730000000000001,0.011615132371178559
11,2.3694,0.024090164659738893,2.23411,0.06472349496125816,3.1892899999999997,0.02033551163195403,2.55554,0.09029246166393592,0.14215,0.004226610146835561,0.05399333333333334,0.006104220761990109
12,2.2919466666666666,0.022113803632824187,2.2027900000000002,0.07196444145085362,3.028163333333333,0.005897661495127683,2.8644366666666663,0.1366611894837416,0.18173333333333333,0.011462449321346836,0.07044333333333333,0.0035185334697538074
13,2.184293333333333,0.041232911746699484,2.30005,0.0423285093051953,3.0019733333333334,0.022038331253623655,2.6814366666666665,0.08918639476462266,0.17204666666666668,0.014387409233230434,0.06609,0.010553809738667833
14,2.311616666666666,0.03800273425835441,2.1086,0.09216171077694542,2.9651866666666664,0.02828099263541593,2.7153300000000002,0.173465981679406,0.19208,0.013090076393971124,0.07787666666666666,0.004493010621447988
15,2.24067,0.021100730635059385,2.146516666666667,0.05606563722796496,2.849016666666666,0.03673921171960252,2.7081466666666665,0.10283869980594748,0.18358,0.0031422974609882663,0.06715333333333333,0.000485020045404769
16,2.256956666666667,0.035075192721415564,2.1679333333333335,0.03426037766542825,2.9313266666666666,0.04842332817053278,2.4776,0.00830106218103053,0.18957000000000002,0.00460690785668652,0.07586,0.0031015211321758457
17,2.14248,0.020385549620585,2.2041833333333334,0.07924496478921822,2.6366066666666668,0.011519861592532711,2.7795166666666664,0.17569503667181705,0.18225666666666665,0.03704097025967028,0.06702333333333334,0.014293608517251493
18,2.249083333333333,0.01020624373171202,2.2171999999999996,0.08292877928278783,2.8147033333333336,0.025150876282503128,2.4337,0.01656859378462754,0.23539666666666667,0.010499952909947317,0.08981,0.001150840272728294
19,2.3119366666666665,0.027132860970499315,2.1116466666666667,0.07282836199662258,2.757923333333333,0.009634082439155539,2.6327,0.08364841839508987,0.19938999999999998,0.03404768176151401,0.07684333333333333,0.013759875645432912
20,2.28539,0.04143622730574461,2.2361400000000002,0.10921861623978465,2.72167,0.011342139715826628,2.4240066666666666,0.07212213537542483,0.20692333333333335,0.008582801278008121,0.07815,0.001940730103165644
21,2.2392766666666666,0.031207002597351624,2.1238266666666665,0.05001174039940795,2.71026,0.04839320234633518,2.83159,0.21690265835162084,0.22896333333333332,0.021439872771181367,0.09078333333333333,0.01151049424559075
22,2.2144633333333332,0.0018828731001082702,2.1701566666666667,0.05229178467450164,2.5105233333333334,0.00970600558646266,2.381936666666667,0.11230662259091301,0.22773,0.016480864661782762,0.09425666666666667,0.011289201821996882
23,2.18114,0.008975869502913594,2.1531233333333333,0.05447950817611252,2.3848066666666665,0.01676431958389938,2.2655266666666667,0.11471635343073115,0.27466999999999997,0.030610359902054945,0.10722,0.014762076412212482
24,2.16917,0.028859704318189728,2.1906866666666667,0.06775982347805948,2.4008966666666667,0.037342547821188905,2.2100933333333335,0.022283324358013577,0.29706,0.025409435911356488,0.11094,0.011104167385866144
25,2.2210199999999998,0.01233532461402349,2.02661,0.05487192937498489,2.484993333333333,0.015215446464402926,2.2774900000000002,0.05029152446817789,0.28601000000000004,0.011760379812460694,0.12344333333333334,0.007908397084393554
26,2.19172,0.008146363196748191,2.036566666666667,0.03142603078836252,2.40528,0.017229965176981603,2.2664900000000006,0.008693229166042538,0.30789,0.007696196030074431,0.12798666666666667,0.0015898881861453134
27,2.1816099999999996,0.016445517119669156,2.136573333333333,0.03396564555220136,2.34986,0.035890234047718274,2.22008,0.0767253784611063,0.28996,0.027672703758999287,0.12320333333333333,0.014242607829248747
28,2.2460033333333334,0.01843911271666242,2.096553333333333,0.11018066759241887,2.5202366666666665,0.026678368474186042,2.3717633333333334,0.15737732008703725,0.28366,0.022873865727798034,0.12124,0.009409936237828612
29,2.09328,0.015410179536051354,2.20501,0.03177855304027128,2.3375566666666665,0.013999786109477157,2.1370366666666665,0.0906775533292434,0.29982333333333333,0.005359466184031563,0.11845,0.005119736321335305
30,2.1826733333333332,0.03191702280045,2.083013333333333,0.025163363800926614,2.3779333333333335,0.05968433137022741,2.4919166666666666,0.10072341077315536,0.30861333333333335,0.005555478777247233,0.13324,0.007367070878804774
31,2.1593500000000003,0.023133750956845184,2.1582333333333334,0.09604888032200631,2.215833333333333,0.03881865201735427,2.12056,0.043539693384313086,0.32310333333333335,0.008203113907399907,0.12994,0.004479765618868914
32,2.1535100000000003,0.04100430505853421,2.2250233333333336,0.08421409152339719,2.278846666666667,0.03776984349686636,2.1011666666666664,0.02883593957392592,0.33824000000000004,0.0047523713379042124,0.13565333333333332,0.00605323421357909
33,2.1460433333333335,0.008522414238022222,2.1296266666666663,0.04466802448184953,2.3103766666666665,0.01631879216663336,2.23209,0.01401452579766206,0.3213633333333334,0.04312204939986555,0.13047,0.01131066753114068
34,2.146293333333333,0.021281041902229507,2.0926933333333335,0.02455761004477247,2.2390966666666667,0.013566208427969594,2.2394933333333333,0.12128852327313487,0.33141333333333334,0.010271459379162136,0.13631666666666667,0.007413106261510383
35,2.149076666666667,0.016927892498608446,2.05696,0.05413267312815801,2.26941,0.020493420895497143,2.1417266666666666,0.10721533788492103,0.34991,0.025833169246790712,0.15455333333333335,0.010530480098794691
36,2.16168,0.018732977161501446,2.0565,0.020808177078574915,2.2501700000000002,0.027754877048907927,1.9392899999999997,0.0741629289694881,0.38010666666666665,0.03749840900328678,0.15397,0.02081117568359206
37,2.1148233333333333,0.0071556512243431715,2.1338166666666667,0.02249395647230105,2.157713333333333,0.03799013219830177,1.9910133333333333,0.042334206158981105,0.32986333333333334,0.026453101477478556,0.13831000000000002,0.007615438267099273
38,2.16642,0.01863330709598621,2.188216666666667,0.07738890733030011,2.09465,0.017829027829170414,2.0482666666666667,0.04302930564678493,0.3568933333333333,0.02678761986025965,0.13238,0.00974808870155239
39,2.1333299999999995,0.03007739405821813,2.1052866666666663,0.028795911939795346,2.22051,0.012847665157529557,2.1853166666666666,0.05213928599860607,0.32778999999999997,0.026755007630971307,0.13613666666666666,0.005080739228804316
40,2.1073366666666664,0.022219163150557813,2.0964666666666667,0.03814639578139856,2.1411233333333333,0.037043720265533715,2.05982,0.09939830196403425,0.33175666666666664,0.022999807487117035,0.1385566666666667,0.013058190703326571
41,2.0094833333333333,0.018975094495446196,1.9789433333333335,0.02172884513983915,1.9918466666666668,0.03499211022184543,1.9076933333333332,0.027603088192768865,0.3911633333333333,0.01849177324589986,0.17832333333333336,0.004818036714033813
42,2.142046666666667,0.025929283531259503,2.0126500000000003,0.04631963550518648,2.10172,0.060420523279208195,2.08631,0.062406711444630114,0.35664999999999997,0.026534363254718075,0.14071333333333333,0.015526460568261452
43,2.0576833333333333,0.006985275783945608,2.047406666666667,0.09068613865660202,2.249636666666667,0.05686119864293323,2.05268,0.09088234537026436,0.35582,0.032808450639024905,0.1468533333333333,0.017060158589858165
44,2.0540266666666667,0.01486892322186706,2.0896733333333333,0.033666418645951136,2.091163333333333,0.03153246598525256,2.0801200000000004,0.019075866952775675,0.3519666666666667,0.013947167374695755,0.14680666666666667,0.010540146003627173
45,2.0612966666666668,0.018847399761711847,1.96176,0.04745393134398875,2.0915766666666666,0.021181854918249664,1.8739133333333333,0.0526426634120189,0.37509333333333333,0.018220052445344682,0.16168000000000002,0.005431638795059922
46,2.0884433333333337,0.0166616409089194,2.1623466666666666,0.07895371478136905,1.98621,0.03435236818619644,1.9218966666666668,0.05351728703055785,0.4072266666666667,0.010722556183630423,0.16152333333333332,0.0047117453713506705
47,2.123133333333333,0.006617603628034673,1.9943533333333334,0.07621174151300075,2.0134000000000003,0.04962863320033438,1.8735799999999998,0.0762101347153601,0.45937333333333336,0.01651091995552573,0.20132666666666665,0.008869017858690875
48,2.0629600000000003,0.016135056037502035,2.18083,0.1251316055199484,2.1171166666666665,0.011857479121259788,1.9166366666666665,0.04430031314160702,0.38448333333333334,0.04328134368421472,0.15131666666666665,0.017137679085700155
49,2.0289633333333335,0.014104221984135794,2.09067,0.09248378398400446,1.9459799999999998,0.020778909981036094,1.86989,0.03163828745892126,0.3921566666666667,0.027907690895362717,0.17977333333333334,0.006121966822662285
50,2.0918566666666667,0.023059411913094827,2.0686933333333335,0.02397688423831956,1.8693,0.02648858685044056,1.785046666666667,0.04909529316656646,0.40203666666666665,0.04444205415794571,0.17072999999999997,0.021633458653977023
51,2.087353333333333,0.041510065579862095,2.19009,0.06836710027491291,1.9438300000000002,0.02073236439322185,2.0390633333333334,0.03917134170680286,0.35076666666666667,0.02485809079108405,0.14561333333333332,0.010233126490852036
52,2.0818366666666663,0.026606114794243223,2.13188,0.05596807869967778,1.9314066666666667,0.02925341708435289,1.92071,0.08273669016826818,0.3911766666666667,0.015276066611242277,0.16216,0.007821949884779368
53,2.02531,0.017887870191836706,2.0247266666666666,0.10640074331402846,1.8885566666666669,0.03388363682434996,1.8532366666666666,0.006296004906111285,0.4148066666666666,0.007784099890874414,0.16880333333333333,0.0028834373776989073
54,1.9775800000000003,0.040919667642834084,2.0353033333333332,0.04168171075077309,1.83675,0.014348973250143492,1.9430699999999999,0.041292550175546165,0.39707,0.012441966618398134,0.17113,0.0054749368337299814
55,1.99308,0.012289069669154485,2.13791,0.03654338563041653,1.8069499999999998,0.01186278354069284,1.8233066666666666,0.08478501151605619,0.4290766666666666,0.012016530743567845,0.17998666666666666,0.006074933012890851
56,1.9964066666666664,0.04099337927573731,2.12288,0.06379260955105488,1.7775800000000002,0.003598096719100281,1.8799966666666663,0.07811990363821787,0.4180466666666667,0.028616913607942503,0.17878000000000002,0.019284753044827928
57,2.009036666666667,0.022918465141550052,2.0552266666666665,0.012866942570444283,1.8494433333333333,0.027425852969618126,1.7979033333333332,0.04035513777010858,0.4078733333333333,0.025988238579104282,0.17614333333333332,0.018024337559101704
58,2.1046133333333334,0.009243349561231046,2.0980966666666667,0.04402861960639282,1.855146666666667,0.011300267450128952,1.9011933333333335,0.08455598566104656,0.43333333333333335,0.008202288975916702,0.18585666666666667,0.004021120628768936
59,1.9581266666666668,0.02860425861844894,2.0450033333333333,0.04265692180382658,1.8513799999999998,0.01775001502346779,1.8137666666666667,0.10029825062172217,0.47421,0.01469309134706967,0.21375666666666668,0.005777085001201826
60,1.953776666666667,0.009201496858905341,1.9896066666666663,0.03261231072940266,1.7610766666666668,0.014507544397465882,1.7914633333333334,0.10618839709581163,0.4525566666666667,0.016231452320862868,0.21298333333333333,0.006133689301264327
61,2.0880766666666664,0.007247906211068386,2.07146,0.029804659590965444,1.7842033333333334,0.007786932073102446,1.7958766666666666,0.08242215728256035,0.4854866666666667,0.007784677970931819,0.20593000000000003,0.00964070018204072
62,2.078533333333333,0.009318484020721671,2.057233333333333,0.11182095306535553,1.8663633333333332,0.004968273789199293,1.6873433333333334,0.049830959698208194,0.5165366666666666,0.015914746131950857,0.2339266666666667,0.009186470728437791
63,1.9441733333333333,0.014506130121817893,2.0633966666666663,0.03645739812133846,1.75187,0.008013220326435592,1.7489833333333333,0.008801593290106319,0.48274333333333336,0.023671689373126224,0.21953999999999999,0.012344508900721807
64,2.018076666666667,0.028421314966842196,1.9974033333333334,0.035512402684758484,1.8020800000000001,0.025531752779627152,1.6997,0.0801183726328321,0.49459000000000003,0.030696855430700613,0.22827333333333333,0.021529723897698055
65,2.0204299999999997,0.0174287205497133,2.188226666666667,0.09142644226067449,1.7787566666666665,0.019806350272352377,1.8621800000000002,0.11775514695049785,0.44524,0.005255818997390726,0.19425,0.00279343874105018
66,1.95836,0.009146890181914289,2.147256666666667,0.1010371847940703,1.8025200000000001,0.013214291505790204,1.8180800000000001,0.08472478818700778,0.50375,0.015476990448188984,0.2040833333333333,0.011488087066367685
67,1.9866433333333333,0.019784868235879462,2.0464233333333333,0.03941390377913756,1.66442,0.018541491310032233,1.7975,0.056239964734460246,0.4965033333333333,0.014899871736957256,0.23163666666666669,0.013291145339828489
68,2.041506666666667,0.012381736998947701,2.0058333333333334,0.028274247607633748,1.7145466666666669,0.058095765862161725,1.7086433333333335,0.07682580953762295,0.5166466666666668,0.008410184962954816,0.22647333333333333,0.002555232105134702
69,1.9393833333333335,0.010457887507097745,2.02903,0.07668494180737181,1.6246599999999998,0.04055823138813299,1.8185233333333335,0.05951615924361309,0.46188999999999997,0.011661556499884554,0.19754000000000002,0.010548110415298717
70,2.038066666666667,0.034889975796940816,2.0384766666666665,0.02020361711289451,1.78738,0.03747724687504855,1.8572300000000002,0.06190697241291432,0.44514000000000004,0.03171153260250914,0.19108333333333336,0.01103518363135738
71,1.8870233333333333,0.009205553275665189,2.2182833333333334,0.058101199452143565,1.63945,0.012571622806941055,1.7683366666666667,0.056453050207918576,0.48355333333333334,0.010839945161812919,0.20179999999999998,0.008130684678016566
72,2.0099233333333335,0.006505413984606332,2.22859,0.007581978633575797,1.7156233333333333,0.04731900827832772,1.8897033333333333,0.17502906238044522,0.4512,0.007687921262170514,0.18109666666666668,0.004410008818333336
73,1.9925633333333332,0.009453819921656552,2.01043,0.042143258456523426,1.6568633333333336,0.023957623931526402,1.7785900000000001,0.08787929467931187,0.4203666666666666,0.0120959005911553,0.19742666666666667,0.006382876397918978
74,1.9188433333333332,0.013312979047197164,1.9490533333333333,0.035216545511701974,1.6864966666666668,0.03395659206169613,1.8272866666666667,0.06577353604942074,0.45466333333333336,0.013823672128313487,0.20532000000000003,0.011381003177810529
75,2.0003333333333333,0.005133148265062234,2.0825,0.06930665937219403,1.6373600000000001,0.012577958233884103,1.6563466666666669,0.05244000900499966,0.48810333333333333,0.014319476635377136,0.21206,0.010858993200722315
76,1.9271966666666664,0.016554013947613373,2.0370966666666668,0.04714448017648636,1.6242900000000002,0.046189229263974556,1.71287,0.045458614511809894,0.4732133333333333,0.02015845342392229,0.20024333333333333,0.011510146731374795
77,1.9294333333333336,0.022153504864417663,2.0465166666666668,0.016291761039794968,1.6166033333333332,0.01586322406630432,1.7180900000000001,0.024885719465857006,0.4956366666666667,0.02560467817498289,0.22121999999999997,0.019168481943023032
78,1.9115166666666665,0.02153582467528104,2.0504433333333334,0.0686039805291534,1.6185,0.019625252439990006,1.8493266666666666,0.07519911354382962,0.46407,0.012855972671615834,0.19844666666666666,0.006757105724922302
79,1.96778,0.022562914262124836,2.0645533333333335,0.03200754199316853,1.64626,0.029047783621703925,1.7646966666666668,0.0983327948572827,0.5110133333333334,0.011766605759993463,0.24096666666666666,0.013210468491986866
80,1.8408166666666668,0.016715826166972526,2.0188733333333335,0.05860086982668814,1.6189566666666666,0.022811121069435534,1.7318566666666666,0.06894690090529411,0.49806666666666666,0.007956658287944209,0.22683333333333333,0.005320934546153006
81,1.82153,0.005373056237685657,2.059836666666667,0.08887739126334536,1.5202666666666664,0.017221388187690097,1.7294166666666666,0.10202162537640953,0.5167466666666666,0.002984740822546851,0.23122666666666666,0.005089421490809255
82,1.9319600000000001,0.01069360712450826,2.07943,0.027820370833857213,1.5530033333333335,0.05215585819871478,1.7564799999999998,0.04978108710477638,0.46795666666666663,0.022872004236135016,0.21684,0.016792907232916317
83,2.0305466666666665,0.010597769157285452,2.066133333333333,0.040492247131738435,1.7057900000000001,0.025106351785952524,1.6440966666666668,0.05291334467262909,0.48211333333333334,0.016649336656789394,0.22746666666666668,0.006531549926659405
84,1.92201,0.009642599926022717,2.0153233333333334,0.04532848785378915,1.5368033333333333,0.05116368058604772,1.6282566666666665,0.05674359415632552,0.4978133333333333,0.0205796747085835,0.23385,0.007582706201174713
85,1.98249,0.01203086585966835,2.1022,0.032409205996650536,1.5017933333333333,0.03499796248037554,1.6831099999999999,0.11023670773990545,0.5202133333333333,0.043128347341910095,0.2368766666666667,0.02005385443693501
86,1.86851,0.009852316140549548,2.0671433333333336,0.04729431690077697,1.5008566666666667,0.02431502027782645,1.62779,0.06473364606858888,0.52871,0.007280515091667625,0.24346333333333334,0.0033529704906412575
87,1.8565433333333334,0.030748608821285616,1.9339566666666668,0.04633829457850652,1.5613766666666666,0.022929890487697013,1.6941766666666667,0.05927889515764539,0.52691,0.017809343053577252,0.24376333333333333,0.010969177017645604
88,1.8782800000000002,0.00805193144531179,2.0526733333333333,0.06962880494290984,1.5673300000000001,0.019952333196897057,1.61961,0.09733065104751606,0.5061833333333333,0.014061510508397644,0.22324999999999998,0.00753255821971084
89,1.8820466666666666,0.04446336369541908,2.01592,0.0550081215215838,1.4690433333333335,0.027128230273605686,1.6842433333333335,0.036620319647855545,0.5078466666666667,0.00908585225012551,0.22536,0.007042331526798018
90,1.8654033333333333,0.020914468144750373,2.0147733333333337,0.07382954610301885,1.4550666666666665,0.03253761378944549,1.7425766666666667,0.0626587797341903,0.4999033333333333,0.013888717643388754,0.2342,0.011755000354459087
91,1.8407166666666666,0.023080754127868364,1.9451366666666665,0.0852289927847978,1.4432200000000002,0.011065199199893957,1.5831333333333335,0.06491909486258858,0.5297433333333333,0.011939961380916513,0.24795,0.00123887045327589
92,1.9327566666666665,0.012025440162884326,1.9274533333333332,0.060472419700591216,1.4880333333333333,0.009421090406340643,1.6535233333333335,0.015062795594148859,0.51024,0.013961547192199018,0.23999666666666664,0.003844521354400888
93,1.8236433333333333,0.015328792443561164,1.97957,0.04571044665427516,1.4516366666666667,0.03051132540185325,1.5559033333333332,0.04546964420846553,0.54151,0.010661568052277,0.25727666666666665,0.0013972512698548882
94,1.7390866666666664,0.021329111821899893,1.96868,0.06225588834265674,1.3943200000000002,0.01874345752522731,1.6222333333333332,0.021631001158316975,0.5346,0.00699177612151114,0.25242666666666663,0.011282405673338379
95,1.8687666666666667,0.024538014272643308,1.9485533333333336,0.12135416135336179,1.412826666666667,0.025496552272371624,1.6829066666666668,0.06334549111376783,0.55899,0.009987647370627403,0.25606333333333336,0.01468635685858742
96,1.90596,0.015562573694604665,2.025916666666667,0.0120737874937588,1.5062833333333332,0.012969783258704733,1.6698933333333332,0.043067907747855357,0.56521,0.025929630412586554,0.2588266666666667,0.0068072518520896404
97,1.9466566666666667,0.018831827963435833,2.02108,0.020966712506574135,1.5799766666666664,0.023004296941610245,1.6617300000000002,0.04903285939041289,0.5217066666666667,0.027528447306579253,0.24298333333333333,0.01430042112822011
98,1.9320133333333331,0.006695969766293061,1.9711866666666664,0.032005337749263785,1.5274266666666667,0.017659626584701955,1.6623233333333332,0.08302623688395801,0.5578433333333334,0.04045948439831848,0.26662,0.01611848111123792
99,1.88661,0.005427789605355042,1.9638,0.023196760549697416,1.4413999999999998,0.022696311007151207,1.6103766666666666,0.06401397251989428,0.5829666666666666,0.012479531686369907,0.28262333333333334,0.00829086311014185
100,1.8637666666666668,0.016029972274184068,1.9632133333333333,0.054481301481435915,1.4140366666666668,0.010727420213846626,1.67444,0.06268434360614561,0.49479000000000006,0.012026125726933012,0.2425366666666667,0.010965297280258508
101,1.8308499999999999,0.010090218035305276,1.9753100000000001,0.03383200013793649,1.4574966666666667,0.039467368096244314,1.6899866666666667,0.10361444981811711,0.54444,0.013278493890498275,0.26575,0.005477344246986861
102,1.81041,0.024407417588375377,2.0197966666666667,0.026698807921786426,1.27027,0.005749524618029996,1.55652,0.10642725888292591,0.5055000000000001,0.016519280654233498,0.24084000000000003,0.016768983272697248
103,1.8996199999999999,0.010366215960191721,2.0144699999999998,0.030669213118913505,1.3761266666666667,0.02098814136072506,1.5348666666666668,0.06518859034456191,0.57601,0.012433287310013138,0.2752566666666667,0.017497128653327976
104,1.7909199999999998,0.004949467984878126,2.01992,0.016624242338625025,1.4220966666666666,0.015692415719420375,1.5906533333333333,0.10939792599090313,0.5119266666666666,0.029515339702903258,0.24533333333333332,0.02500423719647888
105,1.8499733333333335,0.014337701272441744,2.0104366666666666,0.023885572586349695,1.3179999999999998,0.014626637800032281,1.73454,0.03194510969355613,0.5821466666666666,0.02128369981412483,0.26996,0.007281073638779741
106,1.8883766666666666,0.03467877849316174,2.082073333333333,0.08530986663009414,1.39247,0.007555457188902138,1.6052600000000001,0.0989824415405749,0.5654,0.01519711814785947,0.2531233333333333,0.011580848174656485
107,1.8583766666666666,0.013988219249703586,2.028723333333333,0.02966404126959856,1.47302,0.03278367632425219,1.7248133333333335,0.02096101646178239,0.5123866666666667,0.02564079583614968,0.24094333333333331,0.00905355608464309
108,1.8157866666666667,0.016853500460669205,2.00548,0.10597910989121083,1.3904800000000002,0.02139493943280358,1.69339,0.12246170176834874,0.5488833333333333,0.014431332039851516,0.2524433333333333,0.012137729514937209
109,1.85401,0.02824086105863868,1.9250033333333334,0.0387958762126996,1.3639599999999998,0.05597592905288245,1.53081,0.04438084384055805,0.57669,0.02060364126394492,0.2720666666666667,0.007500847359539526
110,1.8809266666666666,0.007111920353259757,2.0227233333333334,0.07228027677804721,1.3893933333333335,0.03254163811351712,1.5456233333333333,0.042229916068009285,0.5206933333333333,0.011277909577773923,0.2331633333333333,0.013201366511758461
111,1.8782166666666666,0.012592794677027749,2.05422,0.041057097234623634,1.4230766666666668,0.024615809508886293,1.6069033333333334,0.04943799899312719,0.5617166666666666,0.02019932864670948,0.25265333333333334,0.009561670588576278
112,1.7660133333333334,0.0010207241438203846,2.10014,0.09792158546510575,1.28028,0.036031137922635785,1.5032466666666666,0.07570782815828524,0.56106,0.03547865132724187,0.2546333333333333,0.00983174676466214
113,1.8266366666666667,0.02302155825404628,2.006536666666667,0.04879300097805462,1.29214,0.017007543424414132,1.5663433333333332,0.11113608509890524,0.5610633333333334,0.023062577431366554,0.27201666666666663,0.017179416301040158
114,1.8653066666666664,0.0031054378828829564,2.01804,0.019768167171827885,1.2605533333333334,0.018294684413178008,1.6101166666666666,0.025988166751641235,0.49791,0.014976990129306127,0.22389,0.010688785400284425
115,1.7938333333333334,0.014968172158876915,2.0256966666666667,0.06780189533568448,1.1906766666666666,0.032899638464747784,1.6083366666666665,0.014835121989537056,0.5153133333333333,0.008516911281549047,0.24649999999999997,0.00480482049612678
116,1.8650633333333335,0.02883332639691631,1.9786333333333335,0.06725651624770485,1.3143033333333334,0.013642583251634463,1.5567900000000001,0.11530997528401442,0.5636333333333333,0.01959715653977494,0.2615233333333334,0.012598636610540226
117,1.90702,0.018333538483700673,1.9290533333333333,0.06371875504468397,1.39733,0.03146888463228401,1.6408533333333335,0.017325973116810618,0.57282,0.02827962045949933,0.27007333333333333,0.006797963747410779
118,1.8281033333333332,0.0208542036796208,1.9257566666666666,0.04555592253239718,1.2781133333333332,0.024071865551118163,1.5985666666666667,0.06939359848798098,0.6009233333333334,0.011887928517805112,0.28969333333333336,0.00319833463609493
119,1.7575566666666667,0.01690631571665195,1.9115966666666668,0.059488760096154045,1.32868,0.00981032789122429,1.5989399999999998,0.04978151564586999,0.5845266666666666,0.021190548469646662,0.28775666666666666,0.0040210460220085845
120,1.9052033333333334,0.014417635420245257,1.9662600000000001,0.10722256727635901,1.32879,0.028857200718942464,1.5454266666666667,0.01312126687650415,0.57356,0.02006747617414807,0.26273,0.017564060844045534
121,1.8494966666666668,0.010627192061457767,1.9242666666666668,0.02811073717362183,1.2588566666666667,0.02464046153067034,1.5128766666666664,0.0589623875402315,0.5919133333333333,0.003009099163832575,0.28785,0.01097896625370532
122,1.7474633333333334,0.022479046045397702,1.9895166666666666,0.06525830147277135,1.2229966666666667,0.024168450738744317,1.4714733333333332,0.05262214246662495,0.5968399999999999,0.010224413593616666,0.27233,0.0064000182291407085
123,1.8026233333333332,0.006281839787125361,2.014186666666667,0.025840023434801837,1.2239233333333333,0.02845084669702778,1.454,0.043271296490860985,0.5646233333333334,0.023996395794183573,0.26794,0.012307527506909473
124,1.8380566666666667,0.011697353451861554,1.9702633333333335,0.08371828082590113,1.24799,0.008629733483717787,1.4471666666666667,0.11525958041645723,0.6309533333333334,0.014192420903817322,0.3069966666666667,0.017667063832013625
125,1.7909266666666666,0.006413143621587743,2.01603,0.023680425108796734,1.23313,0.016945870686787788,1.4384733333333335,0.07138518084619831,0.57633,0.043888939760870674,0.2893233333333333,0.024882092846954106
126,1.7782733333333332,0.01524431077848755,1.9708100000000002,0.05387593371193984,1.3261866666666666,0.024536246203887415,1.4507666666666665,0.10148655351545068,0.5833266666666667,0.013873875129577547,0.29217,0.009079374060657118
127,1.7616533333333333,0.019948998582496436,2.03516,0.04441098625340358,1.1062999999999998,0.019417838019031183,1.4474833333333332,0.08578284994358983,0.5300633333333334,0.024651848702368025,0.25587333333333334,0.020196007306175923
128,1.7721266666666668,0.021681108776485023,1.85764,0.04309473556402606,1.23343,0.012462785937876497,1.5280699999999998,0.03975626030367207,0.5428466666666667,0.014985884840223607,0.27367,0.006094672537005856
129,1.7736933333333333,0.015275868042256868,1.9786466666666669,0.0506271700220785,1.2269233333333334,0.017437112082503127,1.54919,0.08292564882672511,0.5835533333333333,0.011848018587276276,0.2799666666666667,0.009038660176031499
130,1.75638,0.020537990002269794,1.8934733333333333,0.02496074006203434,1.1775833333333332,0.02618939310314598,1.50483,0.04894843000546598,0.6086966666666668,0.016735796299482672,0.2990266666666667,0.01127953357979743
131,1.7661966666666666,0.0046712608338410865,1.962246666666667,0.04863744008248977,1.23594,0.04136830469493921,1.5464566666666666,0.05014233385518111,0.60253,0.026788522417881395,0.3004666666666667,0.01964106695449896
132,1.7349833333333333,0.01003873553347791,1.9457333333333333,0.006976095692513926,1.1742299999999999,0.03418664115313657,1.4536300000000002,0.04513790018746253,0.5742133333333334,0.014817546280601859,0.28181999999999996,0.00879091766161721
133,1.7200133333333332,0.017001735532324626,1.9371600000000002,0.03827537894434666,1.1435133333333336,0.022103190066393396,1.3878566666666667,0.02699087520708516,0.5789433333333335,0.00431833815772277,0.28376999999999997,0.0006564297372910503
134,1.7289699999999997,0.023930978528537716,1.8626699999999998,0.06280352405186616,1.1283033333333334,0.03504197498873475,1.4112833333333332,0.11939668397591471,0.6125366666666666,0.00951867696222069,0.29774666666666666,0.014708680354735356
135,1.81147,0.004714406996996925,2.02582,0.08170854688056399,1.2172333333333334,0.012621849221797005,1.5092433333333333,0.07545543173143854,0.60483,0.006443060866803425,0.28551,0.008912375291320131
136,1.7352266666666667,0.012698819280197273,1.8998533333333334,0.047370590149491645,1.1293533333333334,0.01786250480133672,1.4423266666666665,0.04521541379269288,0.6209633333333334,0.019032950667490094,0.31308,0.013139049940286142
137,1.7597266666666667,0.025565677729678472,1.915676666666667,0.026237642382229705,1.1208833333333335,0.03852007456436762,1.3870966666666664,0.02218691005475478,0.6225033333333334,0.007353043209749573,0.33105,0.007235373752152217
138,1.808253333333333,0.025432441443514198,1.9118366666666666,0.04961507040316592,1.2966199999999999,0.02333536157851427,1.43414,0.04083930133258078,0.5972566666666667,0.0071040653462960575,0.31244333333333335,0.0025012419137522735
139,1.6671633333333336,0.011107548984562027,2.004703333333333,0.022102948772605963,1.1926266666666665,0.03221436032441297,1.5992766666666665,0.01707605568560195,0.5693199999999999,0.02613291857664071,0.27919333333333335,0.016862354850705485
140,1.68836,0.010599867923705503,1.9205933333333334,0.009338719279311155,1.1382166666666667,0.009599535289678222,1.46297,0.09371928367915185,0.58919,0.01277052204623343,0.29948,0.007380056458681969
141,1.746616666666667,0.016865465042835617,1.8442866666666664,0.008559805942764032,1.14669,0.01324401877578458,1.41782,0.04159564199929286,0.5962866666666667,0.0349381330990144,0.30191999999999997,0.018548269461057556
142,1.6728866666666666,0.010301013434501382,1.9741666666666668,0.005637849274718579,1.1351,0.01817203070655562,1.3570200000000001,0.01977701275049731,0.6137499999999999,0.011842197149740975,0.3093866666666667,0.012744730065577869
143,1.8129433333333334,0.015936108196308287,1.9950999999999999,0.014844205378979765,1.1977566666666666,0.01885326349586312,1.40894,0.03469065724370176,0.5663566666666666,0.009048757434648759,0.2791333333333333,0.006860336078583274
144,1.6949466666666666,0.010128139568109797,1.9854033333333332,0.06993597198708097,1.0594966666666668,0.022510371189989543,1.4051933333333333,0.04870272762153865,0.6260833333333333,0.024218253675917893,0.31257666666666667,0.008954035092875423
145,1.7514966666666665,0.018349104731415218,1.91545,0.059917002873419244,1.1147866666666666,0.017466881360003694,1.353,0.07010232972828596,0.6344633333333333,0.026499434165866868,0.3123033333333333,0.02760546825862185
146,1.7138733333333331,0.013450007847994392,1.9103999999999999,0.05847523777919448,1.0725266666666666,0.02096840665806005,1.3779166666666665,0.07493305375096122,0.6110433333333334,0.018565435925695654,0.31283333333333335,0.020534705852396445
147,1.6716600000000001,0.018108893763378667,1.9321033333333333,0.05263418703128647,1.1361933333333334,0.017872288916395484,1.37389,0.06915708592279848,0.6087966666666667,0.023985352706275654,0.31658000000000003,0.010899285909330638
148,1.7450266666666667,0.015000383698796232,1.9048066666666665,0.03720477627641081,1.17704,0.03010253643798149,1.37969,0.053995006250578424,0.6204200000000001,0.013590604597784921,0.3276,0.0031650329118878538
149,1.70732,0.00820022154172272,1.8991466666666668,0.0302680812811854,1.0715066666666668,0.01546273405463743,1.3551233333333332,0.04770147877977979,0.5801833333333334,0.014912819243113563,0.29934,0.009138956906197409
150,1.6810633333333334,0.014138552888389205,1.9595399999999998,0.09473478822481217,1.0387333333333333,0.024375716285771867,1.4170166666666664,0.05195371829276943,0.6055,0.01332816691572149,0.3122333333333333,0.012629037088304778
151,1.6669633333333334,0.033683403595506485,1.9202233333333334,0.031148212540119322,1.0850033333333335,0.014816837644307827,1.3425366666666667,0.07872046627854223,0.6295666666666667,0.005301048114393156,0.3267533333333333,0.005198770153710507
152,1.6817499999999999,0.014942748520045906,1.9825366666666666,0.0359932518366677,1.11853,0.008565105564634528,1.4751166666666666,0.09171454489035233,0.6290366666666666,0.0035027433692908705,0.32501,0.00401710094471125
153,1.7629133333333333,0.019325584366613854,1.9687066666666666,0.042495107692271855,1.1201066666666666,0.026287534012235624,1.4198133333333331,0.09541678160109525,0.6236766666666667,0.011578981436685655,0.3111266666666667,0.010323168656527463
154,1.6897766666666667,0.011000858047342346,1.9010533333333335,0.015435582629467206,1.0502033333333334,0.018950168278349878,1.3538333333333332,0.08509008095999077,0.6400266666666666,0.003783121873679358,0.33070333333333335,0.0049987776283585365
155,1.7199333333333333,0.011870177383304417,1.9014199999999999,0.016645592009097588,1.0354966666666667,0.019283341112069904,1.3867466666666666,0.08132233648334952,0.5629466666666666,0.019106460803729314,0.29589333333333334,0.00800234410101885
156,1.6860499999999998,0.018551432110037545,1.92535,0.047477475010085896,1.0412333333333335,0.02539926923708195,1.4072666666666667,0.09544179488626094,0.6131,0.02593528548779312,0.31753666666666663,0.009936421779382027
157,1.69006,0.010462523596150228,1.8846933333333336,0.026210580772742204,0.9910933333333333,0.01709988921341629,1.3036033333333332,0.03740594619991738,0.6250466666666666,0.024893368818042917,0.3297933333333334,0.013715170837839073
158,1.6496733333333333,0.00915216610668996,1.96089,0.034225349279931906,1.0561466666666666,0.028545040627829622,1.28539,0.07329165868864845,0.6080666666666666,0.008669743043738047,0.30458666666666667,0.006148024976454721
159,1.65207,0.012000688869116316,1.8886733333333334,0.02893481313420071,1.09718,0.008651163698216181,1.2616233333333335,0.03278874874777083,0.6423066666666667,0.011138416005479016,0.32822666666666667,0.009740869799173183
160,1.63717,0.015780406627629476,1.899733333333333,0.024727198475452985,1.0655333333333334,0.028026726133777713,1.3811099999999998,0.018662950820632112,0.6016933333333334,0.022139847434985725,0.30490333333333336,0.016185903675043228
161,1.5627133333333332,0.013627795533801943,1.9408466666666666,0.038511412305676083,0.94172,0.0024663941290880512,1.3397566666666665,0.047919045042423156,0.6497766666666667,0.01968737864160128,0.32380666666666663,0.009686971204205733
162,1.6129233333333335,0.0019256716000167473,1.928766666666667,0.027232764783946876,1.0068633333333334,0.00943431031454399,1.2676266666666667,0.04183971093484173,0.6449199999999999,0.007368421359649126,0.3302833333333333,0.0033265814952356714
163,1.64861,0.015092959727413759,1.8863200000000002,0.035142258037866594,1.0190333333333332,0.013607809440823944,1.3501033333333332,0.08452340530553915,0.6298233333333333,0.007806113700882859,0.32029,0.0122230656274657
164,1.71978,0.004969788727903854,1.9472699999999998,0.0404221428592465,1.03357,0.03453555462611443,1.3970533333333333,0.06943933475423791,0.6192566666666667,0.012745825896260242,0.31175,0.007169525786270671
165,1.6637533333333334,0.004078322095066937,1.9786399999999997,0.02042411401587187,1.0602099999999999,0.02249933850879475,1.37876,0.12059926658151783,0.6311033333333333,0.016170117844688442,0.31354,0.012760103186625614
166,1.61107,0.021380655587079914,1.8964966666666667,0.009994599097067902,0.9991966666666666,0.02318823935628673,1.4447633333333334,0.13963023757211207,0.64699,0.01539566930449381,0.32848333333333335,0.009755315360242229
167,1.6692,0.009790435809162645,1.9837566666666666,0.0769087078583722,1.05523,0.03366225829223779,1.5163200000000001,0.16504782064601767,0.6318266666666666,0.013930295920921583,0.31734999999999997,0.011649250333533626
168,1.70123,0.006584048906258201,1.9074666666666669,0.051574990817040124,1.1091,0.021391901115453305,1.4087500000000002,0.07219365438411698,0.6523166666666667,0.008379658571670928,0.3331366666666667,0.008857345978213667
169,1.6639466666666667,0.016558019540727456,1.8895033333333335,0.02756407343707466,1.00761,0.01589438999563477,1.3822533333333336,0.0680457065344888,0.6356866666666666,0.018951892019297454,0.3256133333333333,0.016013795441569875
170,1.6527133333333335,0.019023951861914593,1.9116799999999998,0.08179895618730923,0.9884466666666666,0.017661023312493678,1.39234,0.05884077356164968,0.6529166666666666,0.013075328336646496,0.36302666666666666,0.011213988783855837
171,1.6379766666666666,0.022106195461403536,1.8983166666666664,0.0394299959139965,1.0212700000000001,0.006217976626952948,1.4305733333333335,0.06427456140997338,0.61426,0.024680634783840825,0.3236466666666667,0.021073579298364217
172,1.6319800000000002,0.01680472552587519,1.8909566666666666,0.01404042773960651,0.98626,0.02628161588132154,1.46594,0.071609049940167,0.6248366666666666,0.01176257672073221,0.33360666666666666,0.004377458674213215
173,1.5780066666666668,0.020181899756409934,1.9467066666666666,0.019981670211582515,0.9579866666666667,0.02905155321913864,1.5470366666666664,0.18769181231772233,0.6210066666666667,0.012240290483118081,0.3283666666666667,0.01445556563327004
174,1.5987599999999997,0.028616427100530886,1.97853,0.059191534023034106,0.9711033333333333,0.00735125915140471,1.3285633333333333,0.08987730939700209,0.6390866666666667,0.014595352380504936,0.32433666666666666,0.006270237457846223
175,1.62054,0.013083708699498554,1.8454166666666667,0.03582288018075102,0.9372133333333333,0.009901458366209391,1.33343,0.09918905399958876,0.6298666666666667,0.015221169833856752,0.34456,0.013224639881675423
176,1.6360599999999998,0.004266348946503693,1.8394700000000002,0.05074046938424333,0.9978266666666666,0.006467179532927052,1.33392,0.05234293171002175,0.6078033333333334,0.019464545831959307,0.31299,0.0039047449767345105
177,1.6483666666666668,0.013864343154694023,1.7821733333333334,0.022082924272940917,1.0018900000000002,0.021063735028084004,1.340143333333333,0.07381551334991246,0.6502066666666667,0.009762776813545988,0.3592933333333333,0.004510367070551024
178,1.6631233333333333,0.014684227744231025,1.87801,0.028041818771256655,0.9594066666666666,0.0030579204989302253,1.3383866666666666,0.08240170838304532,0.64696,0.014218847820176338,0.34443333333333337,0.006536324995319966
179,1.6485633333333334,0.008141728590689097,1.89614,0.030691716037610787,0.9670033333333334,0.01941024328658565,1.33701,0.02854764497000292,0.6237966666666667,0.006050268129962863,0.33529000000000003,0.005991329846814758
180,1.6484033333333332,0.010746277391626284,1.8575266666666668,0.031358382363324215,1.0646933333333333,0.016884629433633138,1.3318433333333333,0.08172105284305738,0.6215099999999999,0.018740134293364425,0.3299366666666667,0.018194748631893163
181,1.5462866666666668,0.013661030138479453,1.8019166666666668,0.09134439671436398,0.9364233333333334,0.00886023388203972,1.2409799999999997,0.06359996540879562,0.65025,0.010023843241658018,0.35819666666666666,0.006930272561579216
182,1.5958100000000002,0.005603046790214541,1.85456,0.054289974212556026,0.97398,0.021987365311317605,1.2577733333333334,0.051896467552661474,0.6501933333333333,0.010888701075477769,0.35023999999999994,0.002141868343292839
183,1.5629333333333335,0.004474182731081852,1.8778333333333332,0.027245768682698457,0.94534,0.00830128303336297,1.30196,0.07773274878282214,0.66596,0.014406290292785272,0.3544833333333333,0.00764236510803066
184,1.5307533333333332,0.025254764786955455,1.8411333333333335,0.021714287411236356,0.8830499999999999,0.006775049815315008,1.31928,0.1303730863074635,0.6783366666666667,0.02416086459085803,0.36743,0.011968095086520674
185,1.6272399999999998,0.010598155499897158,1.9294,0.06615488064635393,0.9690600000000001,0.004413856967928756,1.4450399999999999,0.0674904736487553,0.6456000000000001,0.012393778008877407,0.34481,0.01579966560827582
186,1.5773533333333332,0.022916148842634532,1.8111166666666667,0.04952745007681204,0.9235133333333333,0.018980306753170362,1.3261666666666667,0.019138899596836224,0.6273733333333333,0.012810353017947813,0.3300433333333333,0.0027100819995794327
187,1.5340999999999998,0.012573704041901636,1.8594966666666666,0.05204949898360643,0.8907033333333333,0.00815959421649003,1.3485800000000001,0.01288430181784539,0.6564833333333334,0.0008735432317737678,0.35552999999999996,0.011323432930579538
188,1.5309233333333332,0.010486183502325509,1.879133333333333,0.06003283444175451,0.9366466666666667,0.014653066042451483,1.3404399999999999,0.010477991219694767,0.6669533333333333,0.008188276850337784,0.36232333333333333,0.0131924806023903
189,1.5496999999999999,0.017172268341718856,1.7851666666666668,0.0810457575145739,0.8726633333333332,0.019939876573784945,1.4068733333333334,0.12437284193549297,0.6724766666666667,0.013917195997917263,0.37501333333333337,0.01424222633969532
190,1.58366,0.011712217268021182,1.8299733333333332,0.06899816237488585,0.9555633333333332,0.008627678972032054,1.3948633333333333,0.10111760106155826,0.6683233333333334,0.02032666666666668,0.3441533333333333,0.00558339900458891
191,1.573076666666667,0.023966684051917653,1.8415566666666667,0.07866140886384153,0.88136,0.027498634511553488,1.2577833333333335,0.054988591645095904,0.6714966666666666,0.009323106301609516,0.3542433333333333,0.005215049802681126
192,1.5671266666666668,0.006763887770933079,1.87176,0.06643188717275259,0.8578199999999999,0.02176274798824818,1.2354999999999998,0.06093909090231,0.6608066666666667,0.019233088097801068,0.3600366666666666,0.014828613481299525
193,1.5610966666666666,0.014063812111625747,1.8735133333333334,0.08962704824871658,0.9270666666666667,0.024644821858646995,1.2724333333333335,0.0556774132341333,0.6584066666666667,0.01959402488288484,0.3689,0.022688191495430683
194,1.50913,0.02087541137319215,1.9091533333333333,0.03510573805582847,0.8260766666666667,0.016124850731436588,1.3223066666666667,0.06490942056264082,0.6452333333333334,0.015505720808068784,0.34186,0.007215000577500561
195,1.5736133333333333,0.020298197237959642,1.8194333333333335,0.012813873124252634,0.9131833333333333,0.032199425115641084,1.3331366666666666,0.051242049898279615,0.6309466666666667,0.014800721078530069,0.3423766666666667,0.015683082534303575
196,1.52673,0.017937676363825178,1.8427533333333332,0.02358350365073954,0.81821,0.013184320232761348,1.3100800000000001,0.028167030964113566,0.65442,0.025710885502707476,0.35927,0.0052417649699314115
197,1.5324033333333336,0.013118824049603114,1.8133766666666666,0.022917839000316884,0.89813,0.02709043065979818,1.3110566666666668,0.08163487864332934,0.6631966666666668,0.01164637902716737,0.38025,0.009599770830597985
198,1.5792166666666667,0.010814675728430815,1.8150833333333332,0.042037651509622236,0.9097433333333332,0.02081236357979983,1.3258566666666667,0.037569026397345495,0.6846200000000001,0.004577557572913023,0.38359666666666664,0.0042284525669695275
199,1.5724433333333332,0.013579882588266754,1.83765,0.056587999905751515,0.90388,0.023963881154771244,1.2332466666666668,0.0793129195724827,0.6815666666666665,0.022314461927438696,0.38430666666666663,0.02189729156260605
200,1.55225,0.004362709402806198,1.8366733333333334,0.0535131065980828,0.9464466666666667,0.015183785576872591,1.2878766666666666,0.11547016213916235,0.6723,0.0185690091281145,0.37304999999999994,0.014781306888544524
201,1.5206633333333333,0.00610864232961069,1.8166866666666668,0.015908623796894252,0.8659966666666667,0.024471011648706138,1.2438966666666667,0.07017017655512756,0.6444066666666667,0.02612419717001419,0.3586500000000001,0.008813230584373331
202,1.5348199999999999,0.011094198183435018,1.8144866666666666,0.011088891338231717,0.85674,0.008721444834429682,1.22772,0.060313343741939356,0.6621933333333333,0.015779100453166252,0.37346666666666667,0.007110314885979217
203,1.5415566666666667,0.01859068075975463,1.8440066666666663,0.02713432901531031,0.9048533333333334,0.031037476987954046,1.232713333333333,0.08584892085000903,0.6524533333333333,0.022475083487670928,0.36230333333333337,0.017506419140164316
204,1.47635,0.0025396128313846067,1.8251833333333334,0.026657983377925958,0.85803,0.01709636608561404,1.3060166666666666,0.03594782577260795,0.66583,0.006060539029932359,0.3578433333333333,0.006599349294522245
205,1.4669366666666666,0.004815327380124622,1.7762266666666668,0.01425761356063646,0.8171133333333334,0.007894636013001322,1.3135466666666666,0.04376740276100976,0.6665766666666667,0.007486700059290345,0.3822733333333333,0.003067824056957045
206,1.4610533333333333,0.012805525283164967,1.7626133333333334,0.02384594747773955,0.9058533333333333,0.012068141714632162,1.2572166666666666,0.07604759744908302,0.6526199999999999,0.0013197095640076668,0.3664533333333333,0.014504383628560167
207,1.4885433333333333,0.018172173171576843,1.8160933333333336,0.035534828142416985,0.85507,0.02129443119691154,1.2951266666666668,0.05908427606206054,0.6466166666666667,0.0107864750704039,0.3446033333333333,0.015783333333333333
208,1.51433,0.019281499768776605,1.8468733333333331,0.06549295034157834,0.8138666666666667,0.01718759371691622,1.3268966666666666,0.09507747303003895,0.6492933333333334,0.018088159417450688,0.35250333333333334,0.01813690926750691
209,1.4905366666666666,0.015488331450195427,1.7941599999999998,0.10479281893336016,0.8714333333333334,0.011675805944107004,1.2944733333333334,0.08099421714610933,0.6720766666666668,0.018071484290020146,0.37626333333333334,0.022840083430476138
210,1.5319466666666666,0.020640879610886575,1.7837000000000003,0.009135929071528517,0.8284099999999999,0.006129241388622275,1.3303299999999998,0.04348759631588454,0.6798033333333334,0.002959303596756801,0.3752566666666666,0.004352448863698597
211,1.4732166666666666,0.005858538877380417,1.7415500000000002,0.05185397220400122,0.8061866666666666,0.03040630709427093,1.29229,0.04803807274790836,0.6475233333333333,0.029201569782766435,0.36868666666666666,0.013512229440193963
212,1.4271766666666668,0.008260089453376255,1.7008933333333331,0.025966964482673847,0.7621899999999999,0.01775413191344484,1.32982,0.1054027461691582,0.6679566666666666,0.019188929389393025,0.3910633333333333,0.009243046635774983
213,1.5487900000000001,0.009390113595337002,1.75943,0.04959496883085352,0.8473133333333333,0.026367842999465187,1.3084066666666667,0.0769431461823888,0.6895533333333334,0.005297119762453744,0.39131,0.006943790991478157
214,1.4570766666666668,0.016088000013812918,1.7734466666666666,0.052364880512716865,0.81774,0.01541599602144908,1.31742,0.06403482099607997,0.6740966666666667,0.015263360631845739,0.38144,0.011341394682019208
215,1.4651633333333336,0.010632939909127255,1.7441266666666666,0.015752957746968548,0.77727,0.016055732102066643,1.2604366666666666,0.05967218345073166,0.6804433333333333,0.01657720556802153,0.38926,0.015156524447686996
216,1.5391199999999998,0.013373455050958225,1.7500666666666664,0.03141916311920338,0.8560666666666666,0.014591534455902111,1.19965,0.022849945295339336,0.70769,0.0024830827614077044,0.3991733333333333,0.01035550792788285
217,1.5011933333333334,0.015583864875070153,1.7514200000000002,0.06234111430936513,0.8564299999999999,0.015118301271417134,1.1411433333333332,0.07197733817745078,0.7117866666666667,0.01405103713056245,0.40030000000000004,0.015788489478097655
218,1.4300300000000001,0.022940686563396484,1.8304900000000002,0.020516204164838407,0.7769866666666667,0.005072193257797297,1.1564633333333332,0.06910781970547505,0.7128433333333334,0.012734584580756636,0.3962766666666666,0.016348376405964937
219,1.4638533333333335,0.021829620040465857,1.7670699999999997,0.03764855419977421,0.8096233333333333,0.009024134923144224,1.2193033333333332,0.08815461688293917,0.7012533333333333,0.004858883044944018,0.4066,0.02146751576995656
220,1.5082799999999998,0.013836127830189155,1.8170966666666668,0.04172147342130242,0.8802233333333334,0.009769889684353878,1.2440266666666666,0.060603971908705055,0.7024400000000001,0.004548637158534424,0.3994433333333333,0.007852168136536844
221,1.4672599999999998,0.00779358924586954,1.78995,0.043853714779936284,0.7950066666666666,0.005537948878219985,1.20884,0.06246396908084964,0.7068,0.023762513194806108,0.39789,0.01613686875863262
222,1.4767366666666668,0.02164394475238845,1.6967066666666666,0.020965077576240387,0.8086966666666666,0.006805530430792636,1.2664633333333333,0.045905485995079515,0.6768466666666667,0.02039356952026245,0.4012833333333334,0.019939201198755287
223,1.43531,0.004598304035185114,1.7219633333333333,0.010504926357560932,0.7910833333333332,0.011592328401912077,1.2254466666666666,0.0616152876953259,0.6891033333333333,0.006333972774737117,0.40106,0.007942382094392922
224,1.4924799999999998,0.014786980760114624,1.79374,0.032848242469473626,0.8376066666666667,0.010885841466990256,1.21631,0.047201973475692736,0.6986333333333333,0.009412934953798654,0.39285,0.021382082062636778
225,1.4721133333333334,0.011161961197647076,1.7564366666666666,0.01665668267626475,0.77859,0.013357583364266665,1.1805100000000002,0.09510057623379577,0.6938,0.026049044128336064,0.3919066666666667,0.02669682274062674
226,1.4269866666666668,0.01319004970085824,1.7862966666666666,0.04275521735544228,0.79001,0.019331534686447764,1.2446766666666667,0.08574413902872766,0.6708066666666666,0.016276512047869632,0.37435,0.0195391973564252
227,1.50567,0.010492994488387655,1.8140933333333333,0.03822739215681751,0.8535066666666666,0.006421215703518375,1.2381333333333333,0.11027010056120284,0.6706799999999999,0.007305130617130213,0.35844000000000004,0.008646785529894924
228,1.4577366666666667,0.014332162355268584,1.7583333333333335,0.06680366964305011,0.7341566666666667,0.009243234162227934,1.14992,0.051517465323260375,0.6768333333333333,0.006207947415298473,0.37646666666666667,0.008612596072678157
229,1.3837133333333334,0.021132018623669434,1.7982033333333334,0.09839820481650624,0.7890166666666666,0.011411551652212406,1.16901,0.0716365558449967,0.68859,0.024749647135531704,0.39708000000000004,0.023560221419446234
230,1.419146666666667,0.010159424743119611,1.7986199999999999,0.05718217292128726,0.7317866666666667,0.03142429120565454,1.2449333333333332,0.030712163894963684,0.6921033333333333,0.006917900291594598,0.39406,0.0017978134868037164
231,1.3977433333333333,0.011789501450207514,1.8081166666666666,0.043094083636207474,0.8242466666666667,0.012547874100597453,1.18204,0.013128910845915599,0.6964600000000001,0.0030646424478776224,0.39381,0.00638098216055595
232,1.3894900000000001,0.012719262295169974,1.8228499999999999,0.029059825074031945,0.7840000000000001,0.004472258937047365,1.3028866666666667,0.06202564666687838,0.6814166666666667,0.012248815362220854,0.38015,0.009295753510788329
233,1.4138933333333332,0.006733363036238147,1.7777433333333335,0.03556699328184927,0.80958,0.012881806291562253,1.2584133333333334,0.05855394730028408,0.68364,0.01574136059345992,0.38108666666666674,0.014219935927344333
234,1.4549833333333335,0.02675961467917237,1.8282766666666666,0.05926316937562861,0.7206433333333333,0.014461104537497986,1.2135333333333334,0.07451666152240347,0.6828233333333333,0.011310777063393018,0.38341000000000003,0.004896951432609213
235,1.3797466666666667,0.01971385074284349,1.84339,0.03567025791888816,0.7716066666666667,0.004338288192875682,1.21873,0.09530473038277444,0.6818566666666667,0.013524218194697174,0.3768933333333333,0.013007331693232777
236,1.3882533333333333,0.017254743631180892,1.8509633333333333,0.02905166049949257,0.7734800000000001,0.010724655394619122,1.2497333333333334,0.04773141011023153,0.6712466666666667,0.010790184325477382,0.37355333333333335,0.004448491629505193
237,1.409716666666667,0.01847544346182552,1.8583699999999999,0.03944436208129115,0.7508666666666667,0.015475384037596962,1.23447,0.0696174635657845,0.6789966666666668,0.01743876174248363,0.37535999999999997,0.013931551720226054
238,1.4284766666666666,0.018115350151490656,1.7664766666666667,0.06278820439470385,0.8162799999999999,0.01518619219334898,1.2027566666666667,0.053629228763592954,0.6955833333333333,0.009989401605924377,0.38036333333333333,0.011167832277473455
239,1.52318,0.020060055666257102,1.8487733333333332,0.040954798389335446,0.7991033333333334,0.0075968531496783355,1.2329066666666666,0.05143719482155991,0.6903766666666667,0.0110493383411758,0.3769833333333333,0.0071436459723153815
240,1.3794366666666666,0.008798669091276098,1.7686866666666667,0.0451077440998525,0.6730700000000001,0.011786488026549729,1.1903899999999998,0.046529056513108076,0.7045166666666667,0.003800931172459942,0.4052466666666667,0.011773765092120891
241,1.382953333333333,0.018011104290902795,1.7669899999999998,0.049202597831144425,0.7365400000000001,0.02337231339284441,1.2700766666666665,0.09056775094431306,0.6786733333333332,0.006866324425128133,0.38935666666666674,0.012071483384866634
242,1.3893266666666666,0.016408929818174545,1.7674666666666665,0.05739828926989997,0.7194566666666667,0.004925790404707786,1.2043866666666665,0.06812957980528316,0.6675466666666666,0.020778330325392155,0.39343,0.015246672861097703
243,1.3752933333333335,0.012643053868077606,1.7430933333333334,0.052609541698990125,0.67712,0.005745667933321589,1.25899,0.031417328551825205,0.6839666666666666,0.007375740264166314,0.39199333333333336,0.0011631040843841525
244,1.3818233333333332,0.013260690446244176,1.8212466666666665,0.05523711745234758,0.7165500000000001,0.02829639376316354,1.20453,0.04762800156770521,0.69725,0.00887291571769582,0.3938833333333333,0.003644911216720891
245,1.372836666666667,0.0054469695958191304,1.7918466666666666,0.03117468114423055,0.70484,0.011133518461534691,1.2423666666666666,0.0828983784186666,0.6743566666666666,0.025860185829013494,0.38192333333333334,0.009817001126164295
246,1.33012,0.008200073170405232,1.7712233333333334,0.028134847510595223,0.6941,0.0030887915652133935,1.2131366666666668,0.02402034299875376,0.6789366666666666,0.014193882876475718,0.38581,0.015913712116704053
247,1.3422833333333333,0.016578050079681987,1.7687466666666667,0.04583891263011277,0.7463000000000001,0.03849484510944291,1.2089933333333334,0.02501039272871268,0.6724899999999999,0.014974853366004392,0.39674666666666664,0.016516436594428537
248,1.4253,0.014304065855553149,1.82585,0.02945186411757328,0.80342,0.008586351572893664,1.2168866666666667,0.02538811357921485,0.6705566666666667,0.013783165254920375,0.37848,0.004763234195376079
249,1.3783766666666668,0.017350564191915434,1.788236666666667,0.03775800856919111,0.7320266666666667,0.005707239067866148,1.2471500000000002,0.017473271969878305,0.6897033333333334,0.02013014433905309,0.3849266666666667,0.011088943943305764
250,1.3947233333333333,0.005372278639253334,1.7400200000000001,0.009475728643926746,0.7896933333333335,0.017588405587520204,1.2333533333333333,0.01864875807601622,0.6818266666666667,0.029671892610871848,0.39762666666666663,0.01776254611378799
251,1.4513733333333334,0.012787783666887346,1.7226433333333333,0.028372161434131953,0.7513966666666666,0.012927168204126442,1.1964966666666668,0.04666991405367893,0.6688366666666666,0.02657252486644386,0.39166999999999996,0.013813331724581638
252,1.4000233333333334,0.015101689015176788,1.76074,0.03949581285824274,0.6887766666666667,0.001708043064770655,1.2130833333333333,0.03321389786085205,0.6858166666666667,0.01650280009910777,0.40190666666666663,0.011530912559049452
253,1.4080899999999998,0.022861052760827377,1.8375833333333336,0.05597275120786701,0.7112700000000002,0.012441729515358116,1.3302100000000001,0.01602303342067289,0.6917066666666667,0.0206644334814945,0.39955333333333337,0.0013041514908595198
254,1.3229733333333333,0.021611713901904632,1.80387,0.05042207882796318,0.69317,0.011085492020354071,1.2607666666666664,0.06745662367609115,0.7093533333333334,0.014659809381813636,0.4099166666666667,0.004295522216344722
255,1.3771466666666667,0.012365740755993738,1.76804,0.03334527302832195,0.6978300000000001,0.006310089803904014,1.2820166666666666,0.05029833341617239,0.7044666666666667,0.0074589126404441585,0.41287999999999997,0.00662620052015734
256,1.3487533333333335,0.01022493738095468,1.70616,0.02943481668591353,0.7023033333333334,0.015326274099655727,1.2561466666666667,0.08091661249569075,0.6977466666666666,0.006562454655927989,0.40653999999999996,0.004892371613031855
257,1.40942,0.029701482005673248,1.7422033333333333,0.01680375487139044,0.7305299999999999,0.002027814915946079,1.1167233333333333,0.040181463526246894,0.7197766666666666,0.020570929596020818,0.40352000000000005,0.009970436299380287
258,1.3832000000000002,0.004374665701513676,1.7787233333333334,0.054180467677732186,0.7190433333333334,0.016642548215676328,1.1711566666666666,0.0064598666996911035,0.7120466666666667,0.0014746336644890757,0.41225,0.011530643231551887
259,1.29163,0.017783420180981287,1.8219999999999998,0.03443649420793779,0.6527766666666667,0.012566641467702415,1.2418933333333333,0.09411452957847571,0.7029066666666667,0.01035711886149381,0.4134933333333333,0.0068230402151663976
260,1.31985,0.0030456033884930056,1.7564066666666667,0.009012085096012937,0.6598866666666666,0.022012935843372765,1.2011033333333332,0.05433955475628335,0.69528,0.006845677468300731,0.41582,0.00714775722400623
261,1.3019666666666667,0.005928890658836983,1.7329733333333335,0.017478043686611808,0.6597366666666667,0.022443058565573857,1.2316466666666666,0.04846238140156868,0.7004766666666667,0.021696996207872753,0.41218,0.010343356966349625
262,1.3526,0.022450345951306242,1.75262,0.02819762105804911,0.6844333333333333,0.00622833935420278,1.2572066666666666,0.07304678782199199,0.6909300000000002,0.005062334770966171,0.4047966666666667,0.013829713582637116
263,1.3679833333333333,0.029523677691717935,1.7129433333333335,0.02707921117347729,0.7019800000000002,0.016200669739242283,1.1725266666666667,0.0688156916052663,0.7294233333333334,0.018804418216058813,0.42962666666666666,0.015340802166481088
264,1.2496733333333334,0.013644359436941115,1.72929,0.05159952551461426,0.6358666666666667,0.010910790275889487,1.2657766666666666,0.0692158253420255,0.7220333333333334,0.019624135932853476,0.4238766666666667,0.011423887740656015
265,1.3503999999999998,0.016161303577785245,1.7513366666666668,0.03598773695456709,0.70993,0.02276809243949375,1.1522499999999998,0.05185503382829223,0.7187433333333333,0.009732677489319717,0.42001333333333335,0.0130648412840638
266,1.3678566666666665,0.026474421198163664,1.7755633333333334,0.029938817797486764,0.73053,0.017798826740359434,1.1770133333333332,0.05725965459592335,0.6914333333333333,0.005895219343765856,0.40202333333333334,0.010668989851173562
267,1.3591,0.011354110856131975,1.7238300000000002,0.049392702902351905,0.7349,0.008376898789727213,1.2475699999999998,0.0770139372667917,0.6844166666666668,0.009526692908757886,0.40704,0.005769959560805729
268,1.3543833333333335,0.013594437996638379,1.7160400000000002,0.013164711669206184,0.6847933333333334,0.017588653855382025,1.19294,0.04671714282073908,0.6892033333333334,0.009467816244754873,0.40980333333333335,0.0062123032050207475
269,1.32006,0.014304855818916887,1.7080399999999998,0.009034430437683066,0.624,0.007420154984904316,1.2245733333333335,0.06770777314640058,0.6895433333333334,0.010259311759459199,0.4193766666666667,0.00545204039277447
270,1.3214733333333333,0.015664109011083616,1.723836666666667,0.007373168322445369,0.6773333333333333,0.01335223368745636,1.25248,0.08344490337941554,0.6879200000000001,0.01181851231472613,0.4016633333333333,0.006733014018831223
271,1.3307266666666668,0.002785978782722111,1.7739866666666666,0.05756310228301147,0.6927666666666666,0.013728625001960128,1.1185033333333334,0.06932379325391186,0.72155,0.008508484001277787,0.40369000000000005,0.0064474982228251276
272,1.3399400000000001,0.020661242298887335,1.74484,0.03494731463217171,0.6683233333333334,0.008187071786936072,1.1979233333333335,0.056193706745308894,0.69392,0.01171719391890967,0.3936733333333333,0.010841190484034079
273,1.3489766666666665,0.01599268825988233,1.7403466666666667,0.03427997293529339,0.68642,0.00914709972249856,1.1724066666666666,0.040409675546554176,0.7236699999999999,0.014783302517818304,0.42025,0.010481397807544562
274,1.2828499999999998,0.01174002271434488,1.6962633333333335,0.033679127232027754,0.69026,0.012823783892959727,1.1655066666666667,0.05894788244241213,0.7173433333333333,0.009390366221707112,0.42036,0.0093535037998246
275,1.3298066666666666,0.024301115429360656,1.7301333333333335,0.012968457031496775,0.6899833333333333,0.004332983319197573,1.2145633333333332,0.030558789970226978,0.7013033333333333,0.011015767991585707,0.42286,0.006645256453541377
276,1.3259,0.012742532453689647,1.7802433333333332,0.03170583560026626,0.6295233333333333,0.015848887798342346,1.1928733333333332,0.035101242776352605,0.7060933333333334,0.015077773192499089,0.42090000000000005,0.012609113106532658
277,1.3446366666666665,0.0024446563039504216,1.7182899999999999,0.006676406218917456,0.7261466666666667,0.03681083189014404,1.1508833333333335,0.020499606771296353,0.70666,0.002730073259090313,0.42269,0.004156745521839568
278,1.3070133333333334,0.009389001248505863,1.70928,0.049778572029873756,0.6659066666666666,0.025588253381407473,1.2037600000000002,0.08897537318456906,0.69827,0.016289721708283827,0.4237166666666667,0.010459216562970249
279,1.26747,0.010591960787943517,1.6955233333333333,0.06714427112155169,0.6048466666666666,0.015283261359336164,1.2040133333333334,0.06471963389197373,0.7090166666666667,0.017454788582060923,0.4270766666666667,0.01518687627891631
280,1.26031,0.010148976959937061,1.7597800000000001,0.05168363796534965,0.62988,0.011250583688561811,1.1453766666666667,0.07377859950178266,0.6996700000000001,0.012666492542662845,0.42053333333333337,0.01177028084249102
281,1.2709666666666666,0.01459198105505594,1.73924,0.02026097809419216,0.6372033333333333,0.023767099341550108,1.1101400000000001,0.04884707667813908,0.7207500000000001,0.01507533858105129,0.4339266666666666,0.005663345104951458
282,1.3152466666666667,0.02858706137009846,1.68822,0.04090373740055225,0.6685166666666668,0.00728124607772906,1.15614,0.04479625579591823,0.72303,0.017837394241686,0.43927,0.003575560562112359
283,1.3154366666666666,0.007127510863626335,1.691576666666667,0.02983792962731238,0.6491833333333333,0.0044561617764369565,1.102566666666667,0.032919705007453816,0.7040866666666666,0.0044868338255141145,0.42278333333333334,0.011084249084975396
284,1.2407933333333334,0.011119763686537784,1.6429733333333332,0.018787436700566124,0.6345566666666667,0.004729032083253883,1.04375,0.0511646469742536,0.7212066666666667,0.0054107588295091375,0.4432833333333333,0.010666571353740821
285,1.3085166666666666,0.00838034274027287,1.6960933333333335,0.0189230374000699,0.67102,0.003193514260706112,1.1735433333333334,0.007294638061236775,0.7092466666666667,0.002594008052758824,0.4252666666666667,0.008440176406792564
286,1.2496,0.015954472727106976,1.742346666666667,0.048996415628538056,0.6014566666666666,0.004203460214844186,1.0762433333333334,0.015151220339556034,0.7172566666666667,0.0009648200753393321,0.42763666666666666,0.002281887620175693
287,1.2284666666666668,0.01898836690655037,1.6755233333333333,0.04579333369728734,0.6395533333333333,0.010650042775083657,1.14083,0.041572348181613886,0.7353866666666667,0.020374767347001627,0.44148666666666664,0.01340404458031647
288,1.2254633333333331,0.006176067609013893,1.67279,0.014174685181689177,0.5889966666666667,0.006078202402392029,1.1757933333333332,0.01925814315498194,0.70871,0.021708280294241017,0.43710000000000004,0.016565216569667904
289,1.1963133333333333,0.02221924416156207,1.69594,0.023613653536319463,0.5642833333333334,0.0017128371525370254,1.1528800000000001,0.0493533656400453,0.7304466666666666,0.0083946338680003,0.44197,0.008955346633901634
290,1.2251566666666667,0.009817467992195196,1.6426433333333332,0.010662567441495718,0.6304666666666666,0.011668416535436356,1.0733766666666666,0.04542907194493168,0.7318700000000001,0.001204491593993082,0.44682333333333335,0.004074331574353978
291,1.25962,0.016137261229836962,1.6766866666666667,0.021939791349154743,0.58826,0.0172260045667396,1.0795833333333333,0.03152947633212094,0.73171,0.00312116965255013,0.4494233333333333,0.006813529025239254
292,1.29253,0.007716812813590882,1.6613566666666666,0.014181756277383687,0.6088866666666667,0.01311752305548236,1.10454,0.046608627241459685,0.735,0.006114662705333795,0.43913,0.008945943214664395
293,1.2381766666666667,0.006865154364210913,1.6587366666666667,0.023208645180430296,0.5892433333333333,0.008005011624670596,1.09056,0.03962362468696339,0.7501866666666667,0.005900498095735449,0.4464666666666666,0.006869122538173588
294,1.2857966666666667,0.014435997059819322,1.706076666666667,0.04107829489050289,0.6334233333333333,0.010792303327423236,1.0713533333333334,0.07056313870885032,0.7340766666666667,0.002997111572460689,0.4441833333333333,0.014947789505847043
295,1.2868766666666664,0.0030233553839695763,1.66756,0.016754343715387175,0.6406466666666667,0.008088694442107313,1.0873266666666666,0.05078155515976693,0.7307933333333333,0.00877080067294001,0.45485,0.010116605161811936
296,1.3124833333333332,0.005986669450630398,1.6621266666666668,0.017853341735123755,0.6805233333333334,0.013455459032592577,1.1066666666666667,0.02104292860902316,0.7307866666666666,0.007655249469771974,0.45952,0.008150002044989524
297,1.1983633333333332,0.01671550311670112,1.62666,0.0320675833202317,0.56164,0.026728424944242418,1.12066,0.014425044194039754,0.7296033333333334,0.021634352569723708,0.4425566666666667,0.0033883148876362977
298,1.2259766666666667,0.009093994966154584,1.60085,0.02341550839365511,0.5889233333333332,0.015736549106388522,1.07143,0.014644531402540704,0.7338366666666666,0.013607705333539673,0.45260999999999996,0.0029215749177455516
299,1.2328133333333333,0.021142470947781336,1.5991533333333334,0.019113703926182862,0.5758366666666667,0.00756562694765681,1.08221,0.038662618035168454,0.7264633333333332,0.010603358482627605,0.45158666666666664,0.004318951776119353
300,1.1854,0.018580259237516977,1.62834,0.012186161550436326,0.6126900000000001,0.007914747837634071,1.0984299999999998,0.0406971534631109,0.7255733333333333,0.011070769821672051,0.4543966666666667,0.0036976584182125
301,1.27095,0.01905268834924177,1.6243766666666666,0.012026334067832605,0.6810633333333334,0.013935538900395788,1.1021766666666666,0.03202817995314612,0.7144166666666667,0.013388200443342295,0.4492466666666666,0.013525820164082884
302,1.2017466666666665,0.011267832286844068,1.5915,0.032241018904494906,0.5645266666666666,0.010212360702164386,1.0977933333333334,0.031042568801208738,0.7309833333333332,0.01001763500588393,0.4539066666666667,0.015960894224461376
303,1.1849833333333333,0.024254456864209045,1.59121,0.0276287839037479,0.6104200000000001,0.019288935515816653,1.0427266666666666,0.016000535754919137,0.7486766666666668,0.005774975709424635,0.46101666666666663,0.0075624187782599
304,1.2021833333333332,0.007418819163302077,1.5724599999999997,0.03433284724574996,0.5665466666666666,0.005522769031724729,1.0222766666666665,0.028921719827454537,0.7370066666666667,0.016155319385405067,0.4530866666666667,0.014572211377977077
305,1.2520200000000001,0.010355951589947399,1.5812566666666665,0.04009892863628374,0.6308066666666667,0.018743427588831723,1.02056,0.021679923892855356,0.7399166666666667,0.017652390143484204,0.45687666666666665,0.013529624697102458
306,1.16834,0.010358939778439404,1.5842266666666667,0.0187737443728676,0.5546699999999999,0.00842746106487594,1.0320033333333332,0.025773641143186962,0.74045,0.01627464387731214,0.46036000000000005,0.007085146434619399
307,1.2149599999999998,0.018634549453456967,1.60957,0.025800430874955035,0.58885,0.02249608039933476,1.0700999999999998,0.01355199739275851,0.7368833333333334,0.010791040007545364,0.44987666666666665,0.007464865110041248
308,1.2549266666666667,0.008177704105948334,1.6118933333333334,0.024277119772420377,0.6872966666666667,0.0347869153242678,1.1056566666666665,0.02958229894905246,0.7228933333333334,0.007202074546807855,0.4471233333333333,0.007935062136562704
309,1.163776666666667,0.006306677237482348,1.62817,0.036755023239461254,0.5577066666666667,0.00942586571326179,1.08947,0.03488844555627745,0.72871,0.004550432213903772,0.45897999999999994,0.004343665886475767
310,1.1865666666666668,0.00882610207157031,1.6060233333333336,0.030718780538585472,0.5914966666666667,0.018107932270447435,1.0920266666666667,0.03260084320654569,0.7392,0.0011248259124564,0.4649466666666666,0.0022574789281654727
311,1.18398,0.009107727488237701,1.58653,0.023552560370371598,0.5212766666666667,0.0033121309018683447,1.0737533333333333,0.011342254821879349,0.7440866666666667,0.009671362078034538,0.46817333333333333,0.009349342817070673
312,1.1795266666666666,0.010565758110256207,1.5882166666666666,0.040909876693912314,0.5798033333333333,0.02657107847098252,1.0898066666666668,0.04345464506560576,0.7436466666666667,0.013849940232522465,0.46284333333333333,0.012273345554945931
313,1.2459300000000002,0.017890389412568226,1.6558333333333335,0.01546046607030686,0.6103166666666667,0.011127153474471543,1.1648266666666667,0.004348387951618142,0.7295133333333332,0.016730553221908428,0.45754333333333336,0.010346175353455223
314,1.1756866666666665,0.00877970450021583,1.6292033333333336,0.017163453744641368,0.58357,0.014235796430126426,1.0829966666666666,0.057216805612026626,0.7351800000000001,0.013911007631848016,0.46475666666666665,0.00708134717252147
315,1.1865233333333334,0.019251672077452847,1.6456499999999998,0.022400107142600843,0.5701999999999999,0.004161446062768699,1.0898633333333334,0.029760188918157782,0.7274233333333333,0.01879486306887542,0.45815,0.004605833257945852
316,1.17822,0.010342902558437495,1.63045,0.06553425897955972,0.57552,0.013274322330474491,1.114766666666667,0.0269143835977056,0.7341500000000001,0.011139672347066603,0.45952333333333334,0.0028692701356113387
317,1.1841266666666668,0.012408970321684403,1.6046833333333332,0.05564889706404294,0.5590333333333334,0.02375532665413054,1.1208066666666665,0.024821257242756883,0.7312166666666666,0.0032745703704625284,0.46460666666666667,0.003438320003205701
318,1.2263133333333334,0.014264278616335417,1.56966,0.028980177708219822,0.5983633333333332,0.00865268038111764,1.0912866666666667,0.02628617655304354,0.7268266666666667,0.006831276926347233,0.46714999999999995,0.00754815429978305
319,1.1854799999999999,0.00969101301894353,1.6077266666666665,0.02354886574291373,0.5784766666666666,0.024156790855667163,1.0761933333333333,0.03730504627765225,0.7397833333333333,0.017702627237534886,0.46683,0.004563890883884047
320,1.1591366666666667,0.005566304379428493,1.5996833333333333,0.026118503232595663,0.6284633333333334,0.004881032449982038,1.1108866666666666,0.04013864485892761,0.7420366666666668,0.006561834939845539,0.47367333333333334,0.0018966666666666576
321,1.2297633333333333,0.01965240132344585,1.6231233333333333,0.03036549430594614,0.6249466666666668,0.0030040546673528543,1.1327533333333333,0.024137655460112713,0.73579,0.01139342061601052,0.46487999999999996,0.005860583019916478
322,1.1715733333333331,0.012081515265524869,1.6391833333333334,0.06608920596015996,0.5885566666666667,0.0065129622889878195,1.1181,0.04457652558615728,0.7233166666666667,0.015632777886365704,0.4543,0.009551907313899844
323,1.1833399999999998,0.01729976107734825,1.60114,0.034255191334063996,0.6367366666666666,0.0015127495202812429,1.1437466666666667,0.0367427799407962,0.7195533333333334,0.013875165264281024,0.45013333333333333,0.0008654927947578718
324,1.1891466666666666,0.010933511685537205,1.5828433333333332,0.013838641953281113,0.6074433333333333,0.016612611006233905,1.1371533333333332,0.013883535012540754,0.7312,0.013319147870640964,0.46879,0.010216581293824934
325,1.1985833333333333,0.004593315191062393,1.6344666666666667,0.028530570933259947,0.5774266666666668,0.007004056760985827,1.19437,0.031037722747220567,0.7365433333333332,0.003447764170847196,0.4711833333333333,0.008430133121395199
326,1.1567733333333334,0.013753266682662836,1.6583500000000002,0.01598681123092824,0.56393,0.007956450213506019,1.1426633333333334,0.04918304665001733,0.7348233333333334,0.00725833390738612,0.46313333333333334,0.00230824849422915
327,1.1704033333333332,0.011628462686204242,1.6278133333333333,0.04133006223615501,0.5953933333333333,0.014787925630204,1.1336166666666667,0.05995948919432552,0.7299666666666668,0.017555912900723177,0.46544,0.006480064300092507
328,1.16395,0.0057771619329909886,1.6094433333333333,0.04573089777285279,0.5745299999999999,0.015929070908248254,1.1090466666666667,0.037485281259597235,0.7370766666666667,0.008029857477633769,0.4648666666666667,0.009223817599622786
329,1.1041699999999999,0.012225057600409638,1.6153366666666666,0.03846082523526738,0.49711,0.018816824918141725,1.1429766666666665,0.024650298398013578,0.7347266666666666,0.007920558341710793,0.45875333333333335,0.014569514214428845
330,1.1409433333333332,0.005505477070861115,1.5975099999999998,0.016114611382220746,0.5275066666666667,0.00784623122552759,1.1175333333333333,0.01787712908843147,0.7345333333333333,0.007839409699999385,0.46659333333333336,0.006503589607115281
331,1.14865,0.015837504012101555,1.5936033333333333,0.015404670648143614,0.5166166666666667,0.017403348656061683,1.1251666666666666,0.040100411607751726,0.7400066666666666,0.009677627693695259,0.47329333333333334,0.008482130890551304
332,1.1155733333333335,0.006432341028825458,1.5574066666666668,0.03370158568640023,0.5020366666666666,0.004139602772140215,1.16167,0.05373256275295265,0.7374633333333334,0.012432385576031307,0.47346,0.01027230418812321
333,1.1803733333333335,0.0091165167568418,1.6012633333333335,0.02741634630005325,0.5618833333333333,0.010224353823646306,1.164653333333333,0.04746761433979081,0.7360633333333334,0.018747312992651633,0.47095666666666663,0.016746886609489864
334,1.0920500000000002,0.008284401004297138,1.5994266666666668,0.0446072103040653,0.5231866666666667,0.00848036228261768,1.1501599999999998,0.03145825381888406,0.73524,0.012354174732993408,0.45790333333333333,0.016429983093248897
335,1.0562133333333332,0.017249512392464295,1.60376,0.031868911183157766,0.46263666666666664,0.007026526722199073,1.1828699999999999,0.0711623488932174,0.7294233333333334,0.017172356015151536,0.46081,0.01878256194807656
336,1.1309033333333334,0.0008536262518091565,1.57583,0.022315829210077194,0.5362166666666667,0.010607519869308628,1.1549466666666668,0.062367707010742165,0.7288466666666666,0.01684976887411548,0.4610066666666666,0.013928235510804823
337,1.0845433333333334,0.013647686413617684,1.5813100000000002,0.061760004317789184,0.49264,0.016444242153410418,1.1283433333333333,0.04137221544842761,0.7335600000000001,0.015672569455367973,0.46796,0.012729619004510695
338,1.1007966666666666,0.019422567915814953,1.5640433333333332,0.05683252716925797,0.49564,0.0037891995636721563,1.0815466666666664,0.027358497968841614,0.7306400000000001,0.013448904540271414,0.46491333333333335,0.012356801545887376
339,1.1049966666666666,0.010132242814127761,1.5440666666666667,0.036324934656207924,0.5208233333333333,0.00373879808375779,1.12519,0.035760664143720804,0.71663,0.025323982704148273,0.45903333333333335,0.010444785514525635
340,1.1178766666666666,0.013882432943992376,1.5794733333333335,0.022673497255116522,0.5258066666666666,0.012284501527444128,1.1421766666666666,0.0455470695483743,0.7233733333333333,0.022783248475823414,0.46652999999999994,0.01008941524569189
341,1.0666200000000001,0.012705531603728046,1.5880500000000002,0.016148041160875662,0.5042333333333334,0.013903075598985692,1.11472,0.06180008603014512,0.7340533333333333,0.019379275298914353,0.46928333333333333,0.007610454067341262
342,1.0678133333333333,0.011789057544086302,1.5909333333333333,0.013963985024976904,0.47389,0.009069090362324096,1.1238533333333331,0.05086873772542206,0.7496066666666668,0.014685141394544961,0.46729333333333334,0.010828173643068548
343,1.0872366666666666,0.011654175694192675,1.5777166666666667,0.01899243387363622,0.53198,0.023755858224867397,1.1467766666666668,0.025070221600757964,0.7433366666666666,0.022016601564375123,0.4670166666666667,0.013414927423500214
344,1.09677,0.012182209706507813,1.60863,0.02682741570359202,0.49537000000000003,0.006963478536861674,1.1548166666666668,0.02377528431889815,0.7268300000000001,0.015745571864284054,0.45697666666666664,0.0040861323739910535
345,1.1707666666666665,0.00783340992870348,1.6186166666666668,0.013919068854552635,0.5894366666666666,0.014130837830000657,1.1942199999999998,0.05471478898189528,0.7202433333333333,0.011276668144644682,0.4508233333333333,0.010412236924781241
346,1.1150499999999999,0.014397417592517558,1.6024900000000002,0.018300568297186872,0.5576166666666666,0.012133307234404155,1.1466766666666668,0.055861654807012134,0.7279399999999999,0.009270740711147809,0.45983999999999997,0.007886750492651149
347,1.11383,0.010646597265480331,1.6122733333333332,0.0318372074431439,0.5348933333333333,0.006485605428776696,1.1207766666666668,0.04791342238292365,0.7291500000000001,0.007000216663313626,0.4478766666666667,0.011701855028631627
348,1.15133,0.019823925780060134,1.5906200000000001,0.012779891757496723,0.5421866666666667,0.009446693130990912,1.1175133333333334,0.04012450678132307,0.7277266666666667,0.016368659417041798,0.46484,0.013500260491313977
349,1.0594833333333333,0.02089376727905027,1.5901766666666666,0.01544133665774363,0.5198333333333334,0.009331177727263482,1.1212533333333334,0.045877866970662165,0.7279333333333332,0.00892127482170817,0.47252,0.004520003687314127
350,1.1430533333333333,0.010958359569043334,1.5731033333333333,0.0012386058470895667,0.5476666666666666,0.009432907528670292,1.110153333333333,0.0342994413624738,0.74345,0.0030065927559282013,0.47789666666666664,0.002262199028477467
351,1.0899033333333332,0.00957532651024381,1.59337,0.012608986213543666,0.5198333333333334,0.020176422158329047,1.09195,0.058933590025836154,0.7420366666666668,0.010325827381431021,0.47885,0.009646299808734951
352,1.1519766666666666,0.013197290546842497,1.6027466666666665,0.0134419459570075,0.5337266666666667,0.017513657844982333,1.0995799999999998,0.05009470663985701,0.7348533333333332,0.005756070225808962,0.47291333333333335,0.00787604243541414
353,1.0578066666666666,0.013164403180969191,1.6243566666666667,0.01190316251160917,0.4972533333333333,0.014118197870518427,1.1048933333333333,0.033872565267156554,0.7441333333333334,0.016023131543005067,0.4653566666666667,0.006571469478823676
354,1.05474,0.013554438387480328,1.6024133333333335,0.037723407999690484,0.4752933333333333,0.013035057004520964,1.06663,0.04855147680555151,0.7477366666666666,0.012677907731342902,0.47561666666666663,0.009042656935018857
355,1.1052233333333332,0.01239161185820656,1.58711,0.05668398127631238,0.53943,0.006552701732873238,1.1086799999999999,0.033875561003964653,0.7449333333333333,0.0037851478761660854,0.46893,0.004036054178691529
356,1.1041566666666667,0.016299760052766926,1.5621833333333335,0.05666266564306496,0.4992633333333334,0.015742185715811874,1.0697466666666668,0.036658826282962784,0.74078,0.008667392918288643,0.4745266666666667,0.0027197079091533048
357,1.1208333333333333,0.012290042491563862,1.5652033333333335,0.0561017624005204,0.5237166666666666,0.013770641879657526,1.0791066666666667,0.06147565218125879,0.7310166666666666,0.003619085212837317,0.47311,0.0026435266848158128
358,1.08223,0.022045610296232122,1.5605833333333334,0.04536244604417968,0.5523666666666666,0.01322635920341564,1.1050966666666666,0.05324151805165253,0.7394033333333333,0.012059443510285973,0.47988000000000003,0.005823641472480934
359,1.1970500000000002,0.01834855943482576,1.5656566666666667,0.029619622062259873,0.5966566666666667,0.014816145847614289,1.0627766666666667,0.04039422002107621,0.74889,0.0028611011866063268,0.48380333333333336,0.002899737536015594
360,1.0761033333333334,0.02122019661653597,1.58037,0.01102871857168066,0.49488,0.017800362355862298,1.0673133333333336,0.025821838517898862,0.73348,0.0033652538289605178,0.47021,0.002758628886482064
361,1.1164500000000002,0.021960604120409163,1.5888266666666668,0.04291281251302202,0.5300733333333333,0.016715847105200635,1.0909833333333332,0.022463437948017723,0.73724,0.004390675726278718,0.46968000000000004,0.005367702798528741
362,1.0678766666666668,0.003910056833914909,1.5763533333333333,0.04581016493215358,0.56399,0.01217709872397087,1.13476,0.018522192994711292,0.74035,0.00534449249227651,0.47702,0.006235393598910456
363,1.0470133333333331,0.012732973380601682,1.5702766666666665,0.04069892272666573,0.47472333333333333,0.021066499735625535,1.11341,0.008001008269795381,0.7426400000000001,0.003928091139472184,0.4880433333333334,0.0027975723602993857
364,1.1109533333333332,0.009277687092038519,1.5422466666666665,0.044666100991442914,0.5011033333333333,0.005590540621840106,1.0660666666666667,0.04095693280074134,0.7542033333333333,0.014526442938463805,0.49996666666666667,0.009378230702595818
365,1.0523533333333333,0.0022402554417843795,1.5368199999999999,0.036906804702294856,0.5232233333333333,0.0056231673557801225,1.0938233333333336,0.0648098522174248,0.7452866666666668,0.015234951409323403,0.4918766666666667,0.01348123428243043
366,1.052253333333333,0.011910242557470325,1.5363633333333333,0.0189485200242951,0.5005799999999999,0.005750721693839827,1.1183733333333334,0.06376066952109095,0.7340533333333333,0.0035743266654170297,0.4826333333333333,0.0018320237747123
367,1.0100433333333332,0.004888525112728536,1.5310066666666666,0.03584112411431561,0.48498,0.010279644935502394,1.1609999999999998,0.026897409416769748,0.7352166666666666,0.0013955206117352062,0.4881766666666667,0.003636034164367065
368,1.0106633333333332,0.014836398185243965,1.5200766666666665,0.023670498046677813,0.43557,0.005379668515190624,1.1313666666666666,0.03746042192916559,0.7391133333333334,0.006153243950235611,0.4890366666666666,0.006341948526368771
369,1.06747,0.008088833867334246,1.5291333333333332,0.04314501992634193,0.53098,0.005801347544608332,1.1156733333333333,0.062256973995779084,0.7507266666666667,0.013938419725508501,0.49195000000000005,0.012778278444297577
370,1.02965,0.01110879081328533,1.5357500000000002,0.043779150669392114,0.5049499999999999,0.007186273953401243,1.0898833333333335,0.053475958876655766,0.7524066666666666,0.007015804380903965,0.49068666666666666,0.010927899055984062
371,1.0265433333333334,0.004597464276944158,1.55242,0.0471918343925444,0.5251566666666667,0.0060564024891936775,1.088136666666667,0.03762371119977991,0.7521233333333334,0.006788051594120697,0.4860433333333333,0.010060949811578982
372,1.0033966666666665,0.006778992878329653,1.5601833333333335,0.03851100290104696,0.44815333333333335,0.0142298352453959,1.0836066666666666,0.04929709806649656,0.7585166666666666,0.0108851034803431,0.4915233333333333,0.01061838395320955
373,1.0385433333333334,0.007375310916233399,1.5217433333333332,0.010952814453118619,0.5114,0.012038211384310101,1.0521566666666666,0.032344582407431204,0.7515966666666666,0.0068358475049631745,0.5032033333333333,0.005851798394036175
374,1.0607933333333335,0.007421267486832099,1.5349033333333335,0.005817678040058452,0.5022366666666667,0.009377199890040626,1.0865366666666667,0.022543365863252177,0.7375466666666667,0.008396091021686487,0.4906066666666667,0.0013404269634875448
375,1.0314933333333334,0.006247349660278202,1.5312999999999999,0.02913613277930571,0.46149666666666667,0.00534045045956902,1.0796366666666666,0.05130058652469559,0.7299166666666667,0.005308459705455461,0.48150000000000004,0.005253421107557757
376,0.9771966666666666,0.009212868415669697,1.53186,0.025805333428059688,0.46207666666666664,0.006827362431992152,1.10198,0.041737109387210786,0.7262166666666667,0.0032416782347694227,0.4788033333333333,0.0012628583099901327
377,1.0061200000000001,0.009631642296790994,1.5228366666666666,0.016955298418029785,0.47589,0.0006053098380168588,1.09746,0.06269158024275139,0.7295400000000001,0.0045372495339504205,0.4851633333333334,0.005515041049509776
378,1.1066833333333332,0.012225123494036556,1.5467133333333332,0.019751670252861585,0.55725,0.006478356273006286,1.0756933333333334,0.0715190252854286,0.7316633333333332,0.005358859746044645,0.48007666666666665,0.009235677801030323
379,0.9760433333333333,0.008654852845529939,1.5515099999999997,0.028429950756200736,0.4374,0.009888955118379958,1.0835966666666665,0.07706313090216646,0.7304499999999999,0.009512015208846822,0.47856000000000004,0.009165740559278348
380,1.04866,0.01716531483350465,1.53259,0.018051438539167314,0.5320900000000001,0.014002024853570265,1.07811,0.08536971906556406,0.7320566666666667,0.01658270216554321,0.47472999999999993,0.012510556875428593
381,1.04217,0.013209967196527547,1.5337800000000001,0.007237285402690733,0.4835766666666667,0.00837977790742557,1.0853133333333334,0.07364756079539302,0.73439,0.017819972876896698,0.4756833333333333,0.015729560635242723
382,1.0145799999999998,0.017033385844667893,1.5311866666666667,0.010850548885245878,0.4825633333333333,0.006174723565562364,1.0886233333333333,0.0773497348268097,0.7282133333333333,0.022267379978594515,0.4702766666666667,0.018356724774437432
383,1.0302533333333332,0.007088714818482779,1.53226,0.010423244856249604,0.4920066666666667,0.016703127784273745,1.1007833333333334,0.08519779463760266,0.7301066666666668,0.022727658871467108,0.4751833333333333,0.012597105928655898
384,1.0958466666666666,0.016552552001965707,1.4994066666666666,0.015093877713975398,0.6251733333333332,0.019745704455512433,1.0644866666666666,0.0993332232661583,0.73296,0.014611738431822527,0.48117666666666664,0.007738340333114798
385,1.01421,0.01001460932837625,1.5213,0.014030138987194678,0.47428333333333333,0.008044222219152767,1.0867366666666667,0.08238431916599447,0.74748,0.010537452253747108,0.4772833333333333,0.003559950062071724
386,0.9975766666666667,0.0223694317714549,1.5257333333333332,0.011130439244602082,0.45753000000000005,0.011192543648935818,1.1163766666666668,0.06959756277661203,0.7420300000000001,0.013686198644376526,0.4783866666666667,0.0019690973679441295
387,1.0117666666666667,0.014555093419296363,1.53285,0.0019436134732331118,0.4972533333333333,0.006603515057233618,1.0952400000000002,0.051320076318467515,0.7334433333333333,0.012672524522674148,0.47947,0.0036025407700677066
388,0.9639566666666667,0.011935289876850245,1.5133133333333335,0.015727450877720518,0.42777333333333334,0.00915403432615612,1.0749666666666666,0.04815239707890406,0.7461366666666667,0.005476715357868344,0.47497666666666666,0.005064794610292143
389,0.9758866666666667,0.01784317734535464,1.543503333333333,0.010047648702280788,0.4472133333333333,0.015564832511502046,1.0349033333333335,0.06426301277648841,0.73406,0.005894327781859411,0.4730433333333333,0.0006990549175692624
390,1.0347133333333334,0.008222571238838697,1.527243333333333,0.019903745320360676,0.49164,0.0018223702514399622,1.0354366666666668,0.05093689047351741,0.7423833333333333,0.0021707935057127055,0.4801166666666667,0.005053161826465142
391,1.0526733333333333,0.007563822519805129,1.5378766666666666,0.0272513622493344,0.5290766666666666,0.006619910204157688,1.0195633333333334,0.05175067063440929,0.7412766666666667,0.003119323288435762,0.4857033333333334,0.004999787773273757
392,1.0480066666666668,0.0031299219017590424,1.5372599999999998,0.0214383635880478,0.48494,0.0057905814330974905,1.0215766666666666,0.040243906509074265,0.7436366666666666,0.012811674797274217,0.4847333333333334,0.0039061760215216997
393,1.0244333333333333,0.007494429783364322,1.5303699999999998,0.021032834648076617,0.5182266666666667,0.0038816548590059393,1.0600500000000002,0.059770170096238945,0.7347999999999999,0.002022135834540627,0.4774766666666667,0.0011500193235091467
394,1.01927,0.0042740768983879655,1.5394500000000002,0.0179189992280075,0.5222899999999999,0.016182710938941382,1.0759933333333334,0.04140175130487976,0.7335466666666667,0.0042277509124566464,0.48085,0.007549834435270756
395,1.0173833333333333,0.006031167198625598,1.5494033333333335,0.01379960063834378,0.5294166666666666,0.007723600916095499,1.0921800000000002,0.0467706360871862,0.7299133333333333,0.002913533555286063,0.4709033333333334,0.005634194214299353
396,1.0266600000000001,0.013368661114711518,1.5316233333333333,0.015121422258210738,0.4653233333333333,0.005894464446504975,1.1240233333333334,0.04259124492714955,0.7483633333333334,0.017969218433507673,0.4772433333333333,0.005908762795863262
397,1.0047066666666666,0.006846367244345302,1.52872,0.007477194215301178,0.51183,0.009546449601815341,1.1043233333333333,0.05649923313147217,0.73236,0.013781619401700711,0.47066,0.008014988043243307
398,0.9869033333333334,0.00896590083470576,1.52384,0.017502743594457786,0.4300266666666667,0.0013153242101390102,1.10175,0.052397748361292525,0.7290433333333333,0.006416399128621754,0.47047333333333335,0.006760989408198909
399,1.0326833333333332,0.006938612573450428,1.5753733333333333,0.01544457869645888,0.4920366666666667,0.008191927598421375,1.0959633333333334,0.06394357964469753,0.72968,0.006311579305794504,0.46646666666666664,0.007107426475955355
400,1.0732733333333335,0.012406461130305375,1.570953333333333,0.012687330075490428,0.5123966666666667,0.008895971622656575,1.1088733333333334,0.06302564592643572,0.7380233333333334,0.015068759441676356,0.4730033333333334,0.012347537316314439
401,0.95419,0.006134568716163604,1.53596,0.010566191366807635,0.4736466666666666,0.015644136636807766,1.08677,0.06115425823276737,0.7406733333333334,0.017850778072055533,0.48537333333333327,0.014588490135872328
402,0.9951366666666667,0.01678034299742146,1.51238,0.012841031890000127,0.49477666666666664,0.001156090154116215,1.0633233333333332,0.06959178407765614,0.7441,0.01601572456473119,0.48296,0.011855835412712734
403,0.9828266666666666,0.006747103905462805,1.4971466666666668,0.02139559560075653,0.45997666666666664,0.006189755873843311,1.0745266666666666,0.05426938527178812,0.7456566666666667,0.011798907199868595,0.4919366666666667,0.01017089037946587
404,1.0272566666666665,0.005202538910100666,1.5175866666666666,0.011710667976014187,0.46930333333333335,0.007136657325231324,1.0764633333333333,0.05337500580275793,0.7344433333333334,0.009535481692662997,0.49021000000000003,0.007261021507565826
405,1.0066066666666666,0.008529506303284959,1.5167599999999999,0.012862491982504796,0.47795666666666664,0.007027567937139509,1.0889366666666667,0.0441209951282959,0.7370833333333332,0.006789782356191113,0.4833266666666667,0.0037059696586873333
406,0.9787666666666667,0.016894016034613518,1.51461,0.013446591885430832,0.44561999999999996,0.0030817094823057684,1.0884966666666667,0.040834512091829554,0.7415333333333333,0.011465509631547622,0.4848666666666666,0.0036508279121925747
407,1.0081033333333334,0.008189377944087755,1.5144266666666668,0.01107568859158557,0.49227,0.003963462291145625,1.1121166666666666,0.03662536886427831,0.7424066666666667,0.011343048287142414,0.4873100000000001,0.003450714901775189
408,0.9283199999999999,0.011317563047464476,1.52254,0.028384926163957765,0.41978333333333334,0.008549601030327534,1.0925533333333333,0.03498941617753066,0.7420300000000001,0.005927565548632352,0.4855966666666666,0.005347152928843955
409,1.0223766666666665,0.003347169616921827,1.51644,0.026462927527643884,0.47300666666666674,0.0069833476531277194,1.1107866666666668,0.03776166721837257,0.742,0.008390305914168644,0.4853733333333334,0.006588349144090993
410,0.9865666666666666,0.004076723902569048,1.5070966666666668,0.01718050962896941,0.5038333333333332,0.01762215871503197,1.0904366666666665,0.029469556230870626,0.74762,0.008057611308570311,0.4898933333333333,0.0046281397750908195
411,0.9395066666666666,0.004947572917883855,1.5097933333333333,0.0271419357780129,0.44882666666666665,0.011584507374554647,1.06138,0.03417395645809833,0.7472733333333333,0.00795229386892726,0.4967533333333333,0.007827784559574374
412,0.94874,0.014425825221918279,1.5214633333333332,0.028832458753595375,0.44919,0.018599753582597103,1.0761800000000001,0.030460417484554147,0.74968,0.00520193553721432,0.49451,0.007738145772728757
413,0.9922366666666665,0.012216176888772445,1.4995866666666666,0.029659966471847408,0.45307666666666674,0.006987887933973889,1.0708166666666667,0.01504484444733293,0.74462,0.0047096319742983535,0.4901933333333333,0.008689198914616789
414,0.9382233333333333,0.002757784940450918,1.4979766666666665,0.02567843215186199,0.46151666666666663,0.006068677322485068,1.06893,0.015915980438959195,0.7350733333333334,0.008805561373990358,0.48963666666666666,0.011841301073408753
415,0.9296166666666666,0.0161286384353354,1.5020033333333334,0.02272478993913423,0.44386333333333333,0.003901599387145973,1.0986633333333333,0.02000925813495126,0.7363166666666667,0.006683288445402036,0.48766,0.007071254014199558
416,0.9528066666666666,0.01483561518029425,1.5242633333333335,0.02857127306306888,0.4589366666666666,0.007321202845920285,1.0984166666666668,0.016717478212271663,0.7351766666666667,0.006908567949373516,0.4817266666666667,0.005044261866495215
417,0.9463266666666668,0.021326122739755378,1.51297,0.02236306180587381,0.42474666666666666,0.01064354629706554,1.09094,0.010145723236911168,0.7286266666666666,0.011080854860724628,0.47895,0.003142297460988281
418,0.9306966666666666,0.005720735189738384,1.5179333333333334,0.013355506147070732,0.46413666666666664,0.007332735581698769,1.0958033333333332,0.023811791430111043,0.7337633333333332,0.012644738475394072,0.4813066666666666,0.00819427713576846
419,0.9085966666666666,0.002862180598386085,1.5079433333333334,0.010390948518355375,0.42651,0.013710036469681606,1.0960333333333334,0.025133532934662826,0.7354466666666667,0.0024097325808294903,0.48336,0.005563580981106812
420,0.9158066666666667,0.010050713628615857,1.51862,0.017948343470452502,0.41835,0.004191423783552955,1.09981,0.025930264814176724,0.7347366666666666,0.003643781613165706,0.48739,0.0019417861193584947
421,0.9225266666666667,0.008583430420162895,1.5190733333333333,0.019417569649961622,0.4474766666666667,0.006305432402125786,1.0917533333333334,0.04106750310295369,0.7350266666666667,0.003004553950995789,0.4832033333333334,0.005141939755038407
422,0.9625433333333332,0.014035299941377956,1.52034,0.015266375906983704,0.44388333333333335,0.009257401243209548,1.1229333333333333,0.04157115840472945,0.7438133333333333,0.002124353496426117,0.48582333333333333,0.00724018492704279
423,0.9317966666666666,0.0037651043957785593,1.5048233333333334,0.014363395992746412,0.4318166666666667,0.008458349589475346,1.1008799999999999,0.03864877013998419,0.7439,0.004862574763778298,0.49207666666666666,0.006487506797256144
424,0.8906566666666667,0.01220344395834408,1.49085,0.012828526805522107,0.41521333333333327,0.005702409821976834,1.0753066666666666,0.04571336979241167,0.7407233333333334,0.0021290399505671737,0.49312666666666666,0.006509189230959914
425,0.9611433333333333,0.006655965578169537,1.5051333333333332,0.026879728627929138,0.4309266666666667,0.006413468467044776,1.0776533333333334,0.050493463053261765,0.7359733333333333,0.007281030909913184,0.4869133333333333,0.005728575545262354
426,0.9166533333333334,0.008228730832340506,1.5095533333333335,0.02370755317989981,0.41017,0.013093285811183275,1.0548,0.03939718644776553,0.7234066666666666,0.011713886820541027,0.47997333333333336,0.008224000108084734
427,0.9648866666666667,0.007029121171557966,1.4883533333333334,0.032227243306108426,0.4942533333333334,0.013613112959365473,1.0650199999999999,0.030799515147698884,0.7408366666666666,0.004398698039698192,0.49034,0.004702470981657779
428,0.94853,0.016301810737869987,1.4902666666666666,0.026551309655917985,0.4544033333333333,0.005908243769890036,1.0563133333333334,0.016495963479321574,0.7439566666666667,0.005102262025589991,0.4925266666666667,0.005014254126432416
429,0.98938,0.01500572002049,1.4931466666666668,0.02459055735665847,0.4673533333333333,0.004960246409649878,1.0322366666666667,0.02324513162889046,0.7484133333333333,0.007022308104256842,0.4925866666666667,0.006148561710767087
430,0.94927,0.001972164631397026,1.509533333333333,0.025567259228248238,0.4880933333333333,0.012577565123840331,1.04293,0.030527524192658216,0.7390500000000001,0.004925214039342178,0.4840166666666667,0.0031692340469653664
431,0.9412633333333332,0.00981554266343834,1.505326666666667,0.01957590383893194,0.45475,0.004055025688369107,1.0674266666666667,0.015054113871113292,0.7311399999999999,0.0012816135663035705,0.47913999999999995,0.004567727370731897
432,0.87799,0.0025674695713873595,1.4879266666666666,0.014613088121421985,0.42196666666666666,0.002761559543285474,1.0426366666666667,0.01964206398975879,0.72772,0.010163249152379062,0.48157999999999995,0.0031928879299676903
433,0.9202866666666667,0.012771449060741373,1.4914133333333333,0.02701750625880276,0.42922,0.0029524396691549787,1.0499633333333334,0.03324740708352726,0.7316933333333333,0.0068451085536396965,0.4860366666666667,0.0027828302938634956
434,0.9205133333333334,0.003917011332352501,1.4871633333333334,0.02220045144686129,0.43041666666666667,0.005306267782328541,1.0358233333333333,0.03280518370285066,0.7338800000000001,0.010034392524379997,0.49043666666666663,0.002897207467737007
435,0.9261133333333333,0.0024828903408013036,1.4928333333333335,0.019460052529334203,0.4618333333333333,0.010270605846027016,1.0247966666666666,0.033184444314233216,0.7362633333333334,0.00980750789503179,0.4922066666666667,0.001074590361228149
436,0.9087733333333333,0.010156463185796738,1.486246666666667,0.014160499441913913,0.4239066666666667,0.009635220691700728,1.05116,0.037720444058891994,0.73866,0.011326433684086071,0.49620333333333333,0.00028759539480164035
437,0.9377266666666667,0.008224135888414752,1.4848766666666666,0.019361165024633982,0.43553,0.005291502622129169,1.0419433333333334,0.03990220225055813,0.739,0.007671768592269549,0.49602666666666667,0.0006966905897008976
438,0.9550366666666666,0.012034052148429085,1.47474,0.016147935884605627,0.4689966666666667,0.007886415183367185,1.0399333333333332,0.05113178213640166,0.74051,0.00926021778001647,0.49728,0.0019042408811212263
439,0.9014733333333332,0.020293714407284936,1.4895633333333336,0.019441281107764212,0.4149066666666667,0.003242613829065134,1.06013,0.05102683836309406,0.7367133333333333,0.0126248621554631,0.49438333333333334,0.004846697615673757
440,0.9072100000000001,0.003443026769186264,1.4831866666666667,0.018171030362762693,0.4091833333333333,0.00879585003156476,1.0575133333333333,0.055352579383841215,0.7372766666666667,0.009763469897758916,0.49529333333333336,0.005880108653569071
441,0.9193833333333333,0.012008103282552356,1.5077999999999998,0.03278193760797751,0.43372666666666665,0.017578750745652485,1.06027,0.05125858269597396,0.7395766666666667,0.010249140343354531,0.49279999999999996,0.006382807637187047
442,0.919,0.006523130638990256,1.5023366666666664,0.02603433011322636,0.42458666666666667,0.010615212877961716,1.0776966666666665,0.04344060785844403,0.7413533333333332,0.010594239524907456,0.49687666666666663,0.0023958042027214395
443,0.85956,0.007364862524175193,1.5199533333333335,0.015165874338278228,0.4269966666666667,0.013734076031697377,1.0946133333333332,0.04663293125869075,0.74152,0.008093666247957933,0.49167333333333335,0.0044557241586276304
444,0.9367000000000001,0.006687114474868816,1.5058266666666666,0.022304283843642622,0.43859,0.005004691132660771,1.0849266666666668,0.04466662039798599,0.7440833333333333,0.006611561422572141,0.49702,0.0014922801345591918
445,0.8940533333333333,0.002656892503993667,1.50438,0.020625278179942197,0.43029,0.008355981889241585,1.0969200000000001,0.04286725595758763,0.7429200000000001,0.004585269893910276,0.49362666666666666,0.0018786017258707178
446,0.8887366666666666,0.0030537536100856398,1.50532,0.020989718911886376,0.39925666666666665,0.008007892634422885,1.0879,0.056405611718457024,0.7381399999999999,0.0018054454667292574,0.49167333333333335,0.003810119566511148
447,0.8503600000000001,0.005721680988427573,1.4919966666666669,0.02036075336960251,0.39747,0.0041659612736238165,1.09297,0.062264990430685306,0.7344933333333333,0.0007166899221033153,0.4887533333333333,0.0019881761603148963
448,0.9345366666666667,0.013486653072987059,1.4957633333333333,0.02368983349690565,0.45243999999999995,0.0032852143512004327,1.1021466666666666,0.0656045959602764,0.7346499999999999,0.0009629295578251435,0.48696,0.0021885840171215767
449,0.9228299999999999,0.009974489126433148,1.5008533333333334,0.021612719505986342,0.42755666666666664,0.009226812980535473,1.0940733333333332,0.056169404582130926,0.7287566666666666,0.004164778238727457,0.48469,0.0016006977645181262
450,0.9301933333333333,0.017819465324314446,1.4938333333333336,0.02577119925636192,0.4427466666666667,0.00858506519744867,1.0769,0.06193673411904546,0.7350933333333334,0.011638133202728189,0.48092666666666667,0.0010900203871691745
451,0.9128866666666666,0.003927146263863604,1.4892366666666668,0.022585730992032173,0.4179366666666667,0.005814884158586296,1.0674633333333334,0.05826953959355136,0.7412033333333333,0.00933079012969665,0.48494,0.0043724745091690866
452,0.8860866666666666,0.007262479680598859,1.4902033333333333,0.02204187630650148,0.4357933333333333,0.005011541124688529,1.0744366666666665,0.05757702126523891,0.7307266666666666,0.0039311462846237525,0.48360000000000003,0.003055994109941961
453,0.90731,0.006329489184233866,1.4869933333333334,0.028969000289581603,0.4274266666666667,0.018092816561030817,1.07509,0.05200914759283533,0.7279300000000001,0.006193684955931592,0.4781233333333333,0.0027408169909313223
454,0.8623799999999999,0.0075550336421046855,1.4886766666666666,0.01587771429114128,0.40284000000000003,0.007116672911784925,1.0537066666666666,0.053886310671429107,0.7254166666666667,0.0072918958059234665,0.48623666666666665,0.001577564930870069
455,0.8999600000000001,0.00265096837652458,1.4831533333333333,0.021477145475546303,0.3930766666666667,0.010706528122806414,1.0547866666666665,0.05627712985258263,0.7285666666666666,0.005859079374023791,0.4916833333333333,0.001483400747531762
456,0.87216,0.0039331581881909,1.4823633333333335,0.012765897714005235,0.35322666666666663,0.0071255884747234,1.0505933333333333,0.0617497450287134,0.7286333333333332,0.004248687378996518,0.49233666666666664,0.0010641167438041946
457,0.8980099999999999,0.006980171917653599,1.4799633333333333,0.02177022150655442,0.4358066666666667,0.015240181903259707,1.0693333333333335,0.05410115720676509,0.7277366666666666,0.0021928545576738808,0.4889233333333333,0.0010074775983172565
458,0.8697866666666667,0.0021443906153290333,1.4865133333333336,0.02174039736936236,0.4097,0.002142731901101947,1.0942433333333332,0.05171092416286697,0.7287933333333333,0.005639699558585649,0.4848266666666667,0.0009136252574831145
459,0.9009899999999998,0.003165443623464684,1.48443,0.016848327315592344,0.42704666666666663,0.009621575292596909,1.0930366666666667,0.06181175032125997,0.7342666666666666,0.004484061898670805,0.48423,0.004605804309057581
460,0.90406,0.006750572815201173,1.4938066666666667,0.02193214485128571,0.44788999999999995,0.016973038423727587,1.07646,0.06342250809715215,0.7348433333333334,0.008792652867277567,0.48813666666666666,0.006628057365808201
461,0.88462,0.0037750540834977976,1.4835833333333335,0.02105954758403999,0.41791333333333336,0.0005191445955715088,1.0862966666666667,0.062402115437788744,0.7371333333333334,0.010477153451412471,0.49304666666666663,0.0073880180773405624
462,0.87018,0.006571014634996133,1.4907899999999998,0.020811838778285165,0.4178933333333334,0.010350388613208892,1.0504733333333334,0.06163619724732461,0.74058,0.00579531995090293,0.49538666666666664,0.006865887496246306
463,0.8752833333333334,0.014561909596996898,1.4824433333333333,0.023470354587105068,0.39518000000000003,0.0032467573567073627,1.0510766666666667,0.05790526237839799,0.7423566666666667,0.005965065893274869,0.49444,0.008399597212565219
464,0.8640933333333334,0.00117488060859153,1.4871100000000002,0.02194822088461839,0.40495666666666663,0.005082392262617207,1.0640866666666666,0.055816921070386695,0.7365166666666667,0.008141585294714471,0.49540999999999996,0.006463195803934777
465,0.867895,0.00010500000000002174,1.502475,0.0074749999999998975,0.382125,0.009794999999999998,1.0875400000000002,0.10550000000000002,0.731745,0.009545000000000026,0.492035,0.011965000000000003
466,0.846345,0.007184999999999996,1.5113850000000002,0.007844999999999991,0.38751,0.007619999999999988,1.08549,0.10416999999999997,0.734725,0.008674999999999987,0.49411000000000005,0.01074
467,0.88483,0.014329999999999954,1.5135100000000001,0.0008299999999999972,0.383155,0.006525000000000003,1.07495,0.10449000000000001,0.736,0.009110000000000007,0.49478500000000003,0.009704999999999991
468,0.87489,0.0006200000000000094,1.50647,0.0057599999999999865,0.480215,0.009265000000000023,1.071195,0.10198499999999992,0.73802,0.0024800000000000377,0.494885,0.007194999999999978
469,0.85581,0.012259999999999993,1.489215,0.017625000000000002,0.404225,0.004315000000000013,1.070315,0.09082500000000004,0.73827,0.003479999999999983,0.500825,0.005345000000000016
470,0.8198650000000001,0.007755000000000011,1.49559,0.015679999999999916,0.37070000000000003,0.01226000000000002,1.09324,0.09508,0.73815,0.005199999999999982,0.5017400000000001,0.005620000000000013
471,0.922535,0.01737500000000003,1.49832,0.014759999999999995,0.465985,0.012014999999999996,1.09986,0.10263000000000004,0.738245,0.007294999999999995,0.501085,0.007754999999999983
472,0.8497950000000001,0.009154999999999969,1.485675,0.011674999999999991,0.408945,0.010855000000000002,1.088125,0.08169500000000006,0.7385600000000001,0.008940000000000003,0.49894000000000005,0.008830000000000032
473,0.869575,0.0004950000000000232,1.49323,0.01876,0.43037000000000003,0.0023700000000000106,1.095035,0.07784499999999993,0.733935,0.005545000000000022,0.497475,0.005735000000000018
474,0.87239,0.0,1.47854,0.0,0.42743,0.0,1.17311,0.0,0.72767,0.0,0.48677,0.0
475,0.88113,0.0,1.48605,0.0,0.41479,0.0,1.17882,0.0,0.72858,0.0,0.48776,0.0
476,0.89578,0.0,1.49581,0.0,0.42164,0.0,1.18983,0.0,0.72692,0.0,0.48825,0.0
477,0.86392,0.0,1.4932,0.0,0.34573,0.0,1.20148,0.0,0.72953,0.0,0.48192,0.0
478,0.87405,0.0,1.48733,0.0,0.4351,0.0,1.19288,0.0,0.73305,0.0,0.49495,0.0
479,0.90457,0.0,1.48553,0.0,0.4751,0.0,1.21837,0.0,0.73489,0.0,0.48956,0.0
480,0.84363,0.0,1.48243,0.0,0.41554,0.0,1.20564,0.0,0.73225,0.0,0.49164,0.0
481,0.84233,0.0,1.48916,0.0,0.39871,0.0,1.20449,0.0,0.72938,0.0,0.4863,0.0
482,0.85872,0.0,1.48938,0.0,0.47244,0.0,1.20598,0.0,0.73045,0.0,0.49136,0.0
483,0.83143,0.0,1.48394,0.0,0.35505,0.0,1.19636,0.0,0.72942,0.0,0.49542,0.0
484,0.8316,0.0,1.48845,0.0,0.37692,0.0,1.17951,0.0,0.7248,0.0,0.49117,0.0
485,0.76369,0.0,1.48513,0.0,0.36731,0.0,1.17608,0.0,0.7182,0.0,0.48882,0.0
486,0.83953,0.0,1.47952,0.0,0.39661,0.0,1.18253,0.0,0.7179,0.0,0.48912,0.0
487,0.88301,0.0,1.4823,0.0,0.38532,0.0,1.19015,0.0,0.71617,0.0,0.48659,0.0
488,0.84121,0.0,1.47752,0.0,0.40988,0.0,1.21281,0.0,0.7112,0.0,0.47995,0.0
489,0.83653,0.0,1.45952,0.0,0.41493,0.0,1.20421,0.0,0.71163,0.0,0.4805,0.0
490,0.82008,0.0,1.46916,0.0,0.37675,0.0,1.20514,0.0,0.71359,0.0,0.48419,0.0
491,0.75579,0.0,1.47459,0.0,0.30309,0.0,1.19091,0.0,0.72183,0.0,0.49438,0.0
492,0.79729,0.0,1.49708,0.0,0.28738,0.0,1.18456,0.0,0.72118,0.0,0.49278,0.0
493,0.78167,0.0,1.51768,0.0,0.3346,0.0,1.18214,0.0,0.72478,0.0,0.49723,0.0
494,0.74587,0.0,1.51198,0.0,0.29346,0.0,1.18815,0.0,0.72298,0.0,0.49558,0.0
495,0.69658,0.0,1.52232,0.0,0.28501,0.0,1.19424,0.0,0.72387,0.0,0.4985,0.0
496,0.73516,0.0,1.51376,0.0,0.31122,0.0,1.19541,0.0,0.7262,0.0,0.4984,0.0
497,0.74242,0.0,1.49376,0.0,0.27786,0.0,1.18582,0.0,0.72723,0.0,0.50413,0.0
498,0.7116,0.0,1.5055,0.0,0.30131,0.0,1.18804,0.0,0.72778,0.0,0.50132,0.0
499,0.73113,0.0,1.50743,0.0,0.30357,0.0,1.19872,0.0,0.72748,0.0,0.49891,0.0
500,0.7196,0.0,1.49772,0.0,0.27819,0.0,1.19411,0.0,0.72842,0.0,0.50354,0.0
