setting,iteration,map50_mean,map50_sem
YOLOv4 default,1000,0.22380555555555556,0.008442248713252871
YOLOv4 default,1001,0.2238,0.016879079753746452
YOLOv4 default,1002,0.2238,0.016879079753746452
YOLOv4 default,1003,0.2238,0.016879079753746452
YOLOv4 default,1004,0.2238,0.016879079753746452
YOLOv4 default,1005,0.2238,0.016879079753746452
YOLOv4 default,1006,0.2238,0.016879079753746452
YOLOv4 default,1007,0.2238,0.016879079753746452
YOLOv4 default,1008,0.2238,0.016879079753746452
YOLOv4 default,1009,0.2238,0.016879079753746452
YOLOv4 default,1010,0.2238,0.016879079753746452
YOLOv4 default,1011,0.2238,0.016879079753746452
YOLOv4 default,1012,0.2238,0.016879079753746452
YOLOv4 default,1013,0.2238,0.016879079753746452
YOLOv4 default,1014,0.2238,0.016879079753746452
YOLOv4 default,1015,0.2238,0.016879079753746452
YOLOv4 default,1016,0.2238,0.016879079753746452
YOLOv4 default,1017,0.2238,0.016879079753746452
YOLOv4 default,1018,0.2238,0.016879079753746452
YOLOv4 default,1019,0.2238,0.016879079753746452
YOLOv4 default,1020,0.2238,0.016879079753746452
YOLOv4 default,1021,0.2238,0.016879079753746452
YOLOv4 default,1022,0.2238,0.016879079753746452
YOLOv4 default,1023,0.2238,0.016879079753746452
YOLOv4 default,1024,0.2238,0.016879079753746452
YOLOv4 default,1025,0.2238,0.016879079753746452
YOLOv4 default,1026,0.2238,0.016879079753746452
YOLOv4 default,1027,0.2238,0.016879079753746452
YOLOv4 default,1028,0.2238,0.016879079753746452
YOLOv4 default,1029,0.2238,0.016879079753746452
YOLOv4 default,1030,0.2238,0.016879079753746452
YOLOv4 default,1031,0.2238,0.016879079753746452
YOLOv4 default,1032,0.2238,0.016879079753746452
YOLOv4 default,1033,0.2238,0.016879079753746452
YOLOv4 default,1034,0.2238,0.016879079753746452
YOLOv4 default,1035,0.2238,0.016879079753746452
YOLOv4 default,1036,0.2238,0.016879079753746452
YOLOv4 default,1037,0.2238,0.016879079753746452
YOLOv4 default,1038,0.2238,0.016879079753746452
YOLOv4 default,1039,0.2238,0.016879079753746452
YOLOv4 default,1040,0.2238,0.016879079753746452
YOLOv4 default,1041,0.2238,0.016879079753746452
YOLOv4 default,1042,0.2238,0.016879079753746452
YOLOv4 default,1043,0.2238,0.016879079753746452
YOLOv4 default,1044,0.2238,0.016879079753746452
YOLOv4 default,1045,0.2238,0.016879079753746452
YOLOv4 default,1046,0.2238,0.016879079753746452
YOLOv4 default,1047,0.2238,0.016879079753746452
YOLOv4 default,1048,0.2238,0.016879079753746452
YOLOv4 default,1049,0.2238,0.016879079753746452
YOLOv4 default,1050,0.2238,0.016879079753746452
YOLOv4 default,1051,0.2238,0.016879079753746452
YOLOv4 default,1052,0.2238,0.016879079753746452
YOLOv4 default,1053,0.2238,0.016879079753746452
YOLOv4 default,1054,0.2238,0.016879079753746452
YOLOv4 default,1055,0.2238,0.016879079753746452
YOLOv4 default,1056,0.2238,0.016879079753746452
YOLOv4 default,1057,0.2238,0.016879079753746452
YOLOv4 default,1058,0.2238,0.016879079753746452
YOLOv4 default,1059,0.2238,0.016879079753746452
YOLOv4 default,1060,0.2238,0.016879079753746452
YOLOv4 default,1061,0.2238,0.016879079753746452
YOLOv4 default,1062,0.2238,0.016879079753746452
YOLOv4 default,1063,0.2238,0.016879079753746452
YOLOv4 default,1064,0.2238,0.016879079753746452
YOLOv4 default,1065,0.2238,0.016879079753746452
YOLOv4 default,1066,0.2238,0.016879079753746452
YOLOv4 default,1067,0.2238,0.016879079753746452
YOLOv4 default,1068,0.2238,0.016879079753746452
YOLOv4 default,1069,0.2238,0.016879079753746452
YOLOv4 default,1070,0.2238,0.016879079753746452
YOLOv4 default,1071,0.2238,0.016879079753746452
YOLOv4 default,1072,0.2238,0.016879079753746452
YOLOv4 default,1073,0.2238,0.016879079753746452
YOLOv4 default,1074,0.2238,0.016879079753746452
YOLOv4 default,1075,0.2238,0.016879079753746452
YOLOv4 default,1076,0.2238,0.016879079753746452
YOLOv4 default,1077,0.2238,0.016879079753746452
YOLOv4 default,1078,0.2238,0.016879079753746452
YOLOv4 default,1079,0.2238,0.016879079753746452
YOLOv4 default,1080,0.2238,0.016879079753746452
YOLOv4 default,1081,0.2238,0.016879079753746452
YOLOv4 default,1082,0.2238,0.016879079753746452
YOLOv4 default,1083,0.2238,0.016879079753746452
YOLOv4 default,1084,0.2238,0.016879079753746452
YOLOv4 default,1085,0.2238,0.016879079753746452
YOLOv4 default,1086,0.2238,0.016879079753746452
YOLOv4 default,1087,0.2238,0.016879079753746452
YOLOv4 default,1088,0.2238,0.016879079753746452
YOLOv4 default,1089,0.2238,0.016879079753746452
YOLOv4 default,1090,0.2238,0.016879079753746452
YOLOv4 default,1091,0.2238,0.016879079753746452
YOLOv4 default,1092,0.2238,0.016879079753746452
YOLOv4 default,1093,0.2238,0.016879079753746452
YOLOv4 default,1094,0.2238,0.016879079753746452
YOLOv4 default,1095,0.2238,0.016879079753746452
YOLOv4 default,1096,0.2238,0.016879079753746452
YOLOv4 default,1097,0.2238,0.016879079753746452
YOLOv4 default,1098,0.2238,0.016879079753746452
YOLOv4 default,1099,0.2238,0.016879079753746452
YOLOv4 default,1100,0.26615577777777777,0.01353096996890403
YOLOv4 default,1101,0.26616666666666666,0.027061924872000105
YOLOv4 default,1102,0.26616666666666666,0.027061924872000105
YOLOv4 default,1103,0.26616666666666666,0.027061924872000105
YOLOv4 default,1104,0.26616666666666666,0.027061924872000105
YOLOv4 default,1105,0.26616666666666666,0.027061924872000105
YOLOv4 default,1106,0.26616666666666666,0.027061924872000105
YOLOv4 default,1107,0.26616666666666666,0.027061924872000105
YOLOv4 default,1108,0.26616666666666666,0.027061924872000105
YOLOv4 default,1109,0.26616666666666666,0.027061924872000105
YOLOv4 default,1110,0.26616666666666666,0.027061924872000105
YOLOv4 default,1111,0.26616666666666666,0.027061924872000105
YOLOv4 default,1112,0.26616666666666666,0.027061924872000105
YOLOv4 default,1113,0.26616666666666666,0.027061924872000105
YOLOv4 default,1114,0.26616666666666666,0.027061924872000105
YOLOv4 default,1115,0.26616666666666666,0.027061924872000105
YOLOv4 default,1116,0.26616666666666666,0.027061924872000105
YOLOv4 default,1117,0.26616666666666666,0.027061924872000105
YOLOv4 default,1118,0.26616666666666666,0.027061924872000105
YOLOv4 default,1119,0.26616666666666666,0.027061924872000105
YOLOv4 default,1120,0.26616666666666666,0.027061924872000105
YOLOv4 default,1121,0.26616666666666666,0.027061924872000105
YOLOv4 default,1122,0.26616666666666666,0.027061924872000105
YOLOv4 default,1123,0.26616666666666666,0.027061924872000105
YOLOv4 default,1124,0.26616666666666666,0.027061924872000105
YOLOv4 default,1125,0.26616666666666666,0.027061924872000105
YOLOv4 default,1126,0.26616666666666666,0.027061924872000105
YOLOv4 default,1127,0.26616666666666666,0.027061924872000105
YOLOv4 default,1128,0.26616666666666666,0.027061924872000105
YOLOv4 default,1129,0.26616666666666666,0.027061924872000105
YOLOv4 default,1130,0.26616666666666666,0.027061924872000105
YOLOv4 default,1131,0.26616666666666666,0.027061924872000105
YOLOv4 default,1132,0.26616666666666666,0.027061924872000105
YOLOv4 default,1133,0.26616666666666666,0.027061924872000105
YOLOv4 default,1134,0.26616666666666666,0.027061924872000105
YOLOv4 default,1135,0.26616666666666666,0.027061924872000105
YOLOv4 default,1136,0.26616666666666666,0.027061924872000105
YOLOv4 default,1137,0.26616666666666666,0.027061924872000105
YOLOv4 default,1138,0.26616666666666666,0.027061924872000105
YOLOv4 default,1139,0.26616666666666666,0.027061924872000105
YOLOv4 default,1140,0.26616666666666666,0.027061924872000105
YOLOv4 default,1141,0.26616666666666666,0.027061924872000105
YOLOv4 default,1142,0.26616666666666666,0.027061924872000105
YOLOv4 default,1143,0.26616666666666666,0.027061924872000105
YOLOv4 default,1144,0.26616666666666666,0.027061924872000105
YOLOv4 default,1145,0.26616666666666666,0.027061924872000105
YOLOv4 default,1146,0.26616666666666666,0.027061924872000105
YOLOv4 default,1147,0.26616666666666666,0.027061924872000105
YOLOv4 default,1148,0.26616666666666666,0.027061924872000105
YOLOv4 default,1149,0.26616666666666666,0.027061924872000105
YOLOv4 default,1150,0.26616666666666666,0.027061924872000105
YOLOv4 default,1151,0.26616666666666666,0.027061924872000105
YOLOv4 default,1152,0.26616666666666666,0.027061924872000105
YOLOv4 default,1153,0.26616666666666666,0.027061924872000105
YOLOv4 default,1154,0.26616666666666666,0.027061924872000105
YOLOv4 default,1155,0.26616666666666666,0.027061924872000105
YOLOv4 default,1156,0.26616666666666666,0.027061924872000105
YOLOv4 default,1157,0.26616666666666666,0.027061924872000105
YOLOv4 default,1158,0.26616666666666666,0.027061924872000105
YOLOv4 default,1159,0.26616666666666666,0.027061924872000105
YOLOv4 default,1160,0.26616666666666666,0.027061924872000105
YOLOv4 default,1161,0.26616666666666666,0.027061924872000105
YOLOv4 default,1162,0.26616666666666666,0.027061924872000105
YOLOv4 default,1163,0.26616666666666666,0.027061924872000105
YOLOv4 default,1164,0.26616666666666666,0.027061924872000105
YOLOv4 default,1165,0.26616666666666666,0.027061924872000105
YOLOv4 default,1166,0.26616666666666666,0.027061924872000105
YOLOv4 default,1167,0.26616666666666666,0.027061924872000105
YOLOv4 default,1168,0.26616666666666666,0.027061924872000105
YOLOv4 default,1169,0.26616666666666666,0.027061924872000105
YOLOv4 default,1170,0.26616666666666666,0.027061924872000105
YOLOv4 default,1171,0.26616666666666666,0.027061924872000105
YOLOv4 default,1172,0.26616666666666666,0.027061924872000105
YOLOv4 default,1173,0.26616666666666666,0.027061924872000105
YOLOv4 default,1174,0.26616666666666666,0.027061924872000105
YOLOv4 default,1175,0.26616666666666666,0.027061924872000105
YOLOv4 default,1176,0.26616666666666666,0.027061924872000105
YOLOv4 default,1177,0.26616666666666666,0.027061924872000105
YOLOv4 default,1178,0.26616666666666666,0.027061924872000105
YOLOv4 default,1179,0.26616666666666666,0.027061924872000105
YOLOv4 default,1180,0.26616666666666666,0.027061924872000105
YOLOv4 default,1181,0.26616666666666666,0.027061924872000105
YOLOv4 default,1182,0.26616666666666666,0.027061924872000105
YOLOv4 default,1183,0.26616666666666666,0.027061924872000105
YOLOv4 default,1184,0.26616666666666666,0.027061924872000105
YOLOv4 default,1185,0.26616666666666666,0.027061924872000105
YOLOv4 default,1186,0.26616666666666666,0.027061924872000105
YOLOv4 default,1187,0.26616666666666666,0.027061924872000105
YOLOv4 default,1188,0.26616666666666666,0.027061924872000105
YOLOv4 default,1189,0.26616666666666666,0.027061924872000105
YOLOv4 default,1190,0.26616666666666666,0.027061924872000105
YOLOv4 default,1191,0.26616666666666666,0.027061924872000105
YOLOv4 default,1192,0.26616666666666666,0.027061924872000105
YOLOv4 default,1193,0.26616666666666666,0.027061924872000105
YOLOv4 default,1194,0.26616666666666666,0.027061924872000105
YOLOv4 default,1195,0.26616666666666666,0.027061924872000105
YOLOv4 default,1196,0.26616666666666666,0.027061924872000105
YOLOv4 default,1197,0.26616666666666666,0.027061924872000105
YOLOv4 default,1198,0.26616666666666666,0.027061924872000105
YOLOv4 default,1199,0.26616666666666666,0.027061924872000105
YOLOv4 default,1200,0.31664288888888886,0.0075348419570619544
YOLOv4 default,1201,0.3166333333333333,0.01506876829000225
YOLOv4 default,1202,0.3166333333333333,0.01506876829000225
YOLOv4 default,1203,0.3166333333333333,0.01506876829000225
YOLOv4 default,1204,0.3166333333333333,0.01506876829000225
YOLOv4 default,1205,0.3166333333333333,0.01506876829000225
YOLOv4 default,1206,0.3166333333333333,0.01506876829000225
YOLOv4 default,1207,0.3166333333333333,0.01506876829000225
YOLOv4 default,1208,0.3166333333333333,0.01506876829000225
YOLOv4 default,1209,0.3166333333333333,0.01506876829000225
YOLOv4 default,1210,0.3166333333333333,0.01506876829000225
YOLOv4 default,1211,0.3166333333333333,0.01506876829000225
YOLOv4 default,1212,0.3166333333333333,0.01506876829000225
YOLOv4 default,1213,0.3166333333333333,0.01506876829000225
YOLOv4 default,1214,0.3166333333333333,0.01506876829000225
YOLOv4 default,1215,0.3166333333333333,0.01506876829000225
YOLOv4 default,1216,0.3166333333333333,0.01506876829000225
YOLOv4 default,1217,0.3166333333333333,0.01506876829000225
YOLOv4 default,1218,0.3166333333333333,0.01506876829000225
YOLOv4 default,1219,0.3166333333333333,0.01506876829000225
YOLOv4 default,1220,0.3166333333333333,0.01506876829000225
YOLOv4 default,1221,0.3166333333333333,0.01506876829000225
YOLOv4 default,1222,0.3166333333333333,0.01506876829000225
YOLOv4 default,1223,0.3166333333333333,0.01506876829000225
YOLOv4 default,1224,0.3166333333333333,0.01506876829000225
YOLOv4 default,1225,0.3166333333333333,0.01506876829000225
YOLOv4 default,1226,0.3166333333333333,0.01506876829000225
YOLOv4 default,1227,0.3166333333333333,0.01506876829000225
YOLOv4 default,1228,0.3166333333333333,0.01506876829000225
YOLOv4 default,1229,0.3166333333333333,0.01506876829000225
YOLOv4 default,1230,0.3166333333333333,0.01506876829000225
YOLOv4 default,1231,0.3166333333333333,0.01506876829000225
YOLOv4 default,1232,0.3166333333333333,0.01506876829000225
YOLOv4 default,1233,0.3166333333333333,0.01506876829000225
YOLOv4 default,1234,0.3166333333333333,0.01506876829000225
YOLOv4 default,1235,0.3166333333333333,0.01506876829000225
YOLOv4 default,1236,0.3166333333333333,0.01506876829000225
YOLOv4 default,1237,0.3166333333333333,0.01506876829000225
YOLOv4 default,1238,0.3166333333333333,0.01506876829000225
YOLOv4 default,1239,0.3166333333333333,0.01506876829000225
YOLOv4 default,1240,0.3166333333333333,0.01506876829000225
YOLOv4 default,1241,0.3166333333333333,0.01506876829000225
YOLOv4 default,1242,0.3166333333333333,0.01506876829000225
YOLOv4 default,1243,0.3166333333333333,0.01506876829000225
YOLOv4 default,1244,0.3166333333333333,0.01506876829000225
YOLOv4 default,1245,0.3166333333333333,0.01506876829000225
YOLOv4 default,1246,0.3166333333333333,0.01506876829000225
YOLOv4 default,1247,0.3166333333333333,0.01506876829000225
YOLOv4 default,1248,0.3166333333333333,0.01506876829000225
YOLOv4 default,1249,0.3166333333333333,0.01506876829000225
YOLOv4 default,1250,0.3166333333333333,0.01506876829000225
YOLOv4 default,1251,0.3166333333333333,0.01506876829000225
YOLOv4 default,1252,0.3166333333333333,0.01506876829000225
YOLOv4 default,1253,0.3166333333333333,0.01506876829000225
YOLOv4 default,1254,0.3166333333333333,0.01506876829000225
YOLOv4 default,1255,0.3166333333333333,0.01506876829000225
YOLOv4 default,1256,0.3166333333333333,0.01506876829000225
YOLOv4 default,1257,0.3166333333333333,0.01506876829000225
YOLOv4 default,1258,0.3166333333333333,0.01506876829000225
YOLOv4 default,1259,0.3166333333333333,0.01506876829000225
YOLOv4 default,1260,0.3166333333333333,0.01506876829000225
YOLOv4 default,1261,0.3166333333333333,0.01506876829000225
YOLOv4 default,1262,0.3166333333333333,0.01506876829000225
YOLOv4 default,1263,0.3166333333333333,0.01506876829000225
YOLOv4 default,1264,0.3166333333333333,0.01506876829000225
YOLOv4 default,1265,0.3166333333333333,0.01506876829000225
YOLOv4 default,1266,0.3166333333333333,0.01506876829000225
YOLOv4 default,1267,0.3166333333333333,0.01506876829000225
YOLOv4 default,1268,0.3166333333333333,0.01506876829000225
YOLOv4 default,1269,0.3166333333333333,0.01506876829000225
YOLOv4 default,1270,0.3166333333333333,0.01506876829000225
YOLOv4 default,1271,0.3166333333333333,0.01506876829000225
YOLOv4 default,1272,0.3166333333333333,0.01506876829000225
YOLOv4 default,1273,0.3166333333333333,0.01506876829000225
YOLOv4 default,1274,0.3166333333333333,0.01506876829000225
YOLOv4 default,1275,0.3166333333333333,0.01506876829000225
YOLOv4 default,1276,0.3166333333333333,0.01506876829000225
YOLOv4 default,1277,0.3166333333333333,0.01506876829000225
YOLOv4 default,1278,0.3166333333333333,0.01506876829000225
YOLOv4 default,1279,0.3166333333333333,0.01506876829000225
YOLOv4 default,1280,0.3166333333333333,0.01506876829000225
YOLOv4 default,1281,0.3166333333333333,0.01506876829000225
YOLOv4 default,1282,0.3166333333333333,0.01506876829000225
YOLOv4 default,1283,0.3166333333333333,0.01506876829000225
YOLOv4 default,1284,0.3166333333333333,0.01506876829000225
YOLOv4 default,1285,0.3166333333333333,0.01506876829000225
YOLOv4 default,1286,0.3166333333333333,0.01506876829000225
YOLOv4 default,1287,0.3166333333333333,0.01506876829000225
YOLOv4 default,1288,0.3166333333333333,0.01506876829000225
YOLOv4 default,1289,0.3166333333333333,0.01506876829000225
YOLOv4 default,1290,0.3166333333333333,0.01506876829000225
YOLOv4 default,1291,0.3166333333333333,0.01506876829000225
YOLOv4 default,1292,0.3166333333333333,0.01506876829000225
YOLOv4 default,1293,0.3166333333333333,0.01506876829000225
YOLOv4 default,1294,0.3166333333333333,0.01506876829000225
YOLOv4 default,1295,0.3166333333333333,0.01506876829000225
YOLOv4 default,1296,0.3166333333333333,0.01506876829000225
YOLOv4 default,1297,0.3166333333333333,0.01506876829000225
YOLOv4 default,1298,0.3166333333333333,0.01506876829000225
YOLOv4 default,1299,0.3166333333333333,0.01506876829000225
YOLOv4 default,1300,0.30583133333333334,0.0039360974009798105
YOLOv4 default,1301,0.30583333333333335,0.007880848798053276
YOLOv4 default,1302,0.30583333333333335,0.007880848798053276
YOLOv4 default,1303,0.30583333333333335,0.007880848798053276
YOLOv4 default,1304,0.30583333333333335,0.007880848798053276
YOLOv4 default,1305,0.30583333333333335,0.007880848798053276
YOLOv4 default,1306,0.30583333333333335,0.007880848798053276
YOLOv4 default,1307,0.30583333333333335,0.007880848798053276
YOLOv4 default,1308,0.30583333333333335,0.007880848798053276
YOLOv4 default,1309,0.30583333333333335,0.007880848798053276
YOLOv4 default,1310,0.30583333333333335,0.007880848798053276
YOLOv4 default,1311,0.30583333333333335,0.007880848798053276
YOLOv4 default,1312,0.30583333333333335,0.007880848798053276
YOLOv4 default,1313,0.30583333333333335,0.007880848798053276
YOLOv4 default,1314,0.30583333333333335,0.007880848798053276
YOLOv4 default,1315,0.30583333333333335,0.007880848798053276
YOLOv4 default,1316,0.30583333333333335,0.007880848798053276
YOLOv4 default,1317,0.30583333333333335,0.007880848798053276
YOLOv4 default,1318,0.30583333333333335,0.007880848798053276
YOLOv4 default,1319,0.30583333333333335,0.007880848798053276
YOLOv4 default,1320,0.30583333333333335,0.007880848798053276
YOLOv4 default,1321,0.30583333333333335,0.007880848798053276
YOLOv4 default,1322,0.30583333333333335,0.007880848798053276
YOLOv4 default,1323,0.30583333333333335,0.007880848798053276
YOLOv4 default,1324,0.30583333333333335,0.007880848798053276
YOLOv4 default,1325,0.30583333333333335,0.007880848798053276
YOLOv4 default,1326,0.30583333333333335,0.007880848798053276
YOLOv4 default,1327,0.30583333333333335,0.007880848798053276
YOLOv4 default,1328,0.30583333333333335,0.007880848798053276
YOLOv4 default,1329,0.30583333333333335,0.007880848798053276
YOLOv4 default,1330,0.30583333333333335,0.007880848798053276
YOLOv4 default,1331,0.30583333333333335,0.007880848798053276
YOLOv4 default,1332,0.30583333333333335,0.007880848798053276
YOLOv4 default,1333,0.30583333333333335,0.007880848798053276
YOLOv4 default,1334,0.30583333333333335,0.007880848798053276
YOLOv4 default,1335,0.30583333333333335,0.007880848798053276
YOLOv4 default,1336,0.30583333333333335,0.007880848798053276
YOLOv4 default,1337,0.30583333333333335,0.007880848798053276
YOLOv4 default,1338,0.30583333333333335,0.007880848798053276
YOLOv4 default,1339,0.30583333333333335,0.007880848798053276
YOLOv4 default,1340,0.30583333333333335,0.007880848798053276
YOLOv4 default,1341,0.30583333333333335,0.007880848798053276
YOLOv4 default,1342,0.30583333333333335,0.007880848798053276
YOLOv4 default,1343,0.30583333333333335,0.007880848798053276
YOLOv4 default,1344,0.30583333333333335,0.007880848798053276
YOLOv4 default,1345,0.30583333333333335,0.007880848798053276
YOLOv4 default,1346,0.30583333333333335,0.007880848798053276
YOLOv4 default,1347,0.30583333333333335,0.007880848798053276
YOLOv4 default,1348,0.30583333333333335,0.007880848798053276
YOLOv4 default,1349,0.30583333333333335,0.007880848798053276
YOLOv4 default,1350,0.30583333333333335,0.007880848798053276
YOLOv4 default,1351,0.30583333333333335,0.007880848798053276
YOLOv4 default,1352,0.30583333333333335,0.007880848798053276
YOLOv4 default,1353,0.30583333333333335,0.007880848798053276
YOLOv4 default,1354,0.30583333333333335,0.007880848798053276
YOLOv4 default,1355,0.30583333333333335,0.007880848798053276
YOLOv4 default,1356,0.30583333333333335,0.007880848798053276
YOLOv4 default,1357,0.30583333333333335,0.007880848798053276
YOLOv4 default,1358,0.30583333333333335,0.007880848798053276
YOLOv4 default,1359,0.30583333333333335,0.007880848798053276
YOLOv4 default,1360,0.30583333333333335,0.007880848798053276
YOLOv4 default,1361,0.30583333333333335,0.007880848798053276
YOLOv4 default,1362,0.30583333333333335,0.007880848798053276
YOLOv4 default,1363,0.30583333333333335,0.007880848798053276
YOLOv4 default,1364,0.30583333333333335,0.007880848798053276
YOLOv4 default,1365,0.30583333333333335,0.007880848798053276
YOLOv4 default,1366,0.30583333333333335,0.007880848798053276
YOLOv4 default,1367,0.30583333333333335,0.007880848798053276
YOLOv4 default,1368,0.30583333333333335,0.007880848798053276
YOLOv4 default,1369,0.30583333333333335,0.007880848798053276
YOLOv4 default,1370,0.30583333333333335,0.007880848798053276
YOLOv4 default,1371,0.30583333333333335,0.007880848798053276
YOLOv4 default,1372,0.30583333333333335,0.007880848798053276
YOLOv4 default,1373,0.30583333333333335,0.007880848798053276
YOLOv4 default,1374,0.30583333333333335,0.007880848798053276
YOLOv4 default,1375,0.30583333333333335,0.007880848798053276
YOLOv4 default,1376,0.30583333333333335,0.007880848798053276
YOLOv4 default,1377,0.30583333333333335,0.007880848798053276
YOLOv4 default,1378,0.30583333333333335,0.007880848798053276
YOLOv4 default,1379,0.30583333333333335,0.007880848798053276
YOLOv4 default,1380,0.30583333333333335,0.007880848798053276
YOLOv4 default,1381,0.30583333333333335,0.007880848798053276
YOLOv4 default,1382,0.30583333333333335,0.007880848798053276
YOLOv4 default,1383,0.30583333333333335,0.007880848798053276
YOLOv4 default,1384,0.30583333333333335,0.007880848798053276
YOLOv4 default,1385,0.30583333333333335,0.007880848798053276
YOLOv4 default,1386,0.30583333333333335,0.007880848798053276
YOLOv4 default,1387,0.30583333333333335,0.007880848798053276
YOLOv4 default,1388,0.30583333333333335,0.007880848798053276
YOLOv4 default,1389,0.30583333333333335,0.007880848798053276
YOLOv4 default,1390,0.30583333333333335,0.007880848798053276
YOLOv4 default,1391,0.30583333333333335,0.007880848798053276
YOLOv4 default,1392,0.30583333333333335,0.007880848798053276
YOLOv4 default,1393,0.30583333333333335,0.007880848798053276
YOLOv4 default,1394,0.30583333333333335,0.007880848798053276
YOLOv4 default,1395,0.30583333333333335,0.007880848798053276
YOLOv4 default,1396,0.30583333333333335,0.007880848798053276
YOLOv4 default,1397,0.30583333333333335,0.007880848798053276
YOLOv4 default,1398,0.30583333333333335,0.007880848798053276
YOLOv4 default,1399,0.30583333333333335,0.007880848798053276
YOLOv4 default,1400,0.33033599999999996,0.005784419225624793
YOLOv4 default,1401,0.33033333333333337,0.011577324580594787
YOLOv4 default,1402,0.33033333333333337,0.011577324580594787
YOLOv4 default,1403,0.33033333333333337,0.011577324580594787
YOLOv4 default,1404,0.33033333333333337,0.011577324580594787
YOLOv4 default,1405,0.33033333333333337,0.011577324580594787
YOLOv4 default,1406,0.33033333333333337,0.011577324580594787
YOLOv4 default,1407,0.33033333333333337,0.011577324580594787
YOLOv4 default,1408,0.33033333333333337,0.011577324580594787
YOLOv4 default,1409,0.33033333333333337,0.011577324580594787
YOLOv4 default,1410,0.33033333333333337,0.011577324580594787
YOLOv4 default,1411,0.33033333333333337,0.011577324580594787
YOLOv4 default,1412,0.33033333333333337,0.011577324580594787
YOLOv4 default,1413,0.33033333333333337,0.011577324580594787
YOLOv4 default,1414,0.33033333333333337,0.011577324580594787
YOLOv4 default,1415,0.33033333333333337,0.011577324580594787
YOLOv4 default,1416,0.33033333333333337,0.011577324580594787
YOLOv4 default,1417,0.33033333333333337,0.011577324580594787
YOLOv4 default,1418,0.33033333333333337,0.011577324580594787
YOLOv4 default,1419,0.33033333333333337,0.011577324580594787
YOLOv4 default,1420,0.33033333333333337,0.011577324580594787
YOLOv4 default,1421,0.33033333333333337,0.011577324580594787
YOLOv4 default,1422,0.33033333333333337,0.011577324580594787
YOLOv4 default,1423,0.33033333333333337,0.011577324580594787
YOLOv4 default,1424,0.33033333333333337,0.011577324580594787
YOLOv4 default,1425,0.33033333333333337,0.011577324580594787
YOLOv4 default,1426,0.33033333333333337,0.011577324580594787
YOLOv4 default,1427,0.33033333333333337,0.011577324580594787
YOLOv4 default,1428,0.33033333333333337,0.011577324580594787
YOLOv4 default,1429,0.33033333333333337,0.011577324580594787
YOLOv4 default,1430,0.33033333333333337,0.011577324580594787
YOLOv4 default,1431,0.33033333333333337,0.011577324580594787
YOLOv4 default,1432,0.33033333333333337,0.011577324580594787
YOLOv4 default,1433,0.33033333333333337,0.011577324580594787
YOLOv4 default,1434,0.33033333333333337,0.011577324580594787
YOLOv4 default,1435,0.33033333333333337,0.011577324580594787
YOLOv4 default,1436,0.33033333333333337,0.011577324580594787
YOLOv4 default,1437,0.33033333333333337,0.011577324580594787
YOLOv4 default,1438,0.33033333333333337,0.011577324580594787
YOLOv4 default,1439,0.33033333333333337,0.011577324580594787
YOLOv4 default,1440,0.33033333333333337,0.011577324580594787
YOLOv4 default,1441,0.33033333333333337,0.011577324580594787
YOLOv4 default,1442,0.33033333333333337,0.011577324580594787
YOLOv4 default,1443,0.33033333333333337,0.011577324580594787
YOLOv4 default,1444,0.33033333333333337,0.011577324580594787
YOLOv4 default,1445,0.33033333333333337,0.011577324580594787
YOLOv4 default,1446,0.33033333333333337,0.011577324580594787
YOLOv4 default,1447,0.33033333333333337,0.011577324580594787
YOLOv4 default,1448,0.33033333333333337,0.011577324580594787
YOLOv4 default,1449,0.33033333333333337,0.011577324580594787
YOLOv4 default,1450,0.33033333333333337,0.011577324580594787
YOLOv4 default,1451,0.33033333333333337,0.011577324580594787
YOLOv4 default,1452,0.33033333333333337,0.011577324580594787
YOLOv4 default,1453,0.33033333333333337,0.011577324580594787
YOLOv4 default,1454,0.33033333333333337,0.011577324580594787
YOLOv4 default,1455,0.33033333333333337,0.011577324580594787
YOLOv4 default,1456,0.33033333333333337,0.011577324580594787
YOLOv4 default,1457,0.33033333333333337,0.011577324580594787
YOLOv4 default,1458,0.33033333333333337,0.011577324580594787
YOLOv4 default,1459,0.33033333333333337,0.011577324580594787
YOLOv4 default,1460,0.33033333333333337,0.011577324580594787
YOLOv4 default,1461,0.33033333333333337,0.011577324580594787
YOLOv4 default,1462,0.33033333333333337,0.011577324580594787
YOLOv4 default,1463,0.33033333333333337,0.011577324580594787
YOLOv4 default,1464,0.33033333333333337,0.011577324580594787
YOLOv4 default,1465,0.33033333333333337,0.011577324580594787
YOLOv4 default,1466,0.33033333333333337,0.011577324580594787
YOLOv4 default,1467,0.33033333333333337,0.011577324580594787
YOLOv4 default,1468,0.33033333333333337,0.011577324580594787
YOLOv4 default,1469,0.33033333333333337,0.011577324580594787
YOLOv4 default,1470,0.33033333333333337,0.011577324580594787
YOLOv4 default,1471,0.33033333333333337,0.011577324580594787
YOLOv4 default,1472,0.33033333333333337,0.011577324580594787
YOLOv4 default,1473,0.33033333333333337,0.011577324580594787
YOLOv4 default,1474,0.33033333333333337,0.011577324580594787
YOLOv4 default,1475,0.33033333333333337,0.011577324580594787
YOLOv4 default,1476,0.33033333333333337,0.011577324580594787
YOLOv4 default,1477,0.33033333333333337,0.011577324580594787
YOLOv4 default,1478,0.33033333333333337,0.011577324580594787
YOLOv4 default,1479,0.33033333333333337,0.011577324580594787
YOLOv4 default,1480,0.33033333333333337,0.011577324580594787
YOLOv4 default,1481,0.33033333333333337,0.011577324580594787
YOLOv4 default,1482,0.33033333333333337,0.011577324580594787
YOLOv4 default,1483,0.33033333333333337,0.011577324580594787
YOLOv4 default,1484,0.33033333333333337,0.011577324580594787
YOLOv4 default,1485,0.33033333333333337,0.011577324580594787
YOLOv4 default,1486,0.33033333333333337,0.011577324580594787
YOLOv4 default,1487,0.33033333333333337,0.011577324580594787
YOLOv4 default,1488,0.33033333333333337,0.011577324580594787
YOLOv4 default,1489,0.33033333333333337,0.011577324580594787
YOLOv4 default,1490,0.33033333333333337,0.011577324580594787
YOLOv4 default,1491,0.33033333333333337,0.011577324580594787
YOLOv4 default,1492,0.33033333333333337,0.011577324580594787
YOLOv4 default,1493,0.33033333333333337,0.011577324580594787
YOLOv4 default,1494,0.33033333333333337,0.011577324580594787
YOLOv4 default,1495,0.33033333333333337,0.011577324580594787
YOLOv4 default,1496,0.33033333333333337,0.011577324580594787
YOLOv4 default,1497,0.33033333333333337,0.011577324580594787
YOLOv4 default,1498,0.33033333333333337,0.011577324580594787
YOLOv4 default,1499,0.33033333333333337,0.011577324580594787
YOLOv4 default,1500,0.39609022222222223,0.007128899221123711
YOLOv4 default,1501,0.39606666666666673,0.014260941218743045
YOLOv4 default,1502,0.39606666666666673,0.014260941218743045
YOLOv4 default,1503,0.39606666666666673,0.014260941218743045
YOLOv4 default,1504,0.39606666666666673,0.014260941218743045
YOLOv4 default,1505,0.39606666666666673,0.014260941218743045
YOLOv4 default,1506,0.39606666666666673,0.014260941218743045
YOLOv4 default,1507,0.39606666666666673,0.014260941218743045
YOLOv4 default,1508,0.39606666666666673,0.014260941218743045
YOLOv4 default,1509,0.39606666666666673,0.014260941218743045
YOLOv4 default,1510,0.39606666666666673,0.014260941218743045
YOLOv4 default,1511,0.39606666666666673,0.014260941218743045
YOLOv4 default,1512,0.39606666666666673,0.014260941218743045
YOLOv4 default,1513,0.39606666666666673,0.014260941218743045
YOLOv4 default,1514,0.39606666666666673,0.014260941218743045
YOLOv4 default,1515,0.39606666666666673,0.014260941218743045
YOLOv4 default,1516,0.39606666666666673,0.014260941218743045
YOLOv4 default,1517,0.39606666666666673,0.014260941218743045
YOLOv4 default,1518,0.39606666666666673,0.014260941218743045
YOLOv4 default,1519,0.39606666666666673,0.014260941218743045
YOLOv4 default,1520,0.39606666666666673,0.014260941218743045
YOLOv4 default,1521,0.39606666666666673,0.014260941218743045
YOLOv4 default,1522,0.39606666666666673,0.014260941218743045
YOLOv4 default,1523,0.39606666666666673,0.014260941218743045
YOLOv4 default,1524,0.39606666666666673,0.014260941218743045
YOLOv4 default,1525,0.39606666666666673,0.014260941218743045
YOLOv4 default,1526,0.39606666666666673,0.014260941218743045
YOLOv4 default,1527,0.39606666666666673,0.014260941218743045
YOLOv4 default,1528,0.39606666666666673,0.014260941218743045
YOLOv4 default,1529,0.39606666666666673,0.014260941218743045
YOLOv4 default,1530,0.39606666666666673,0.014260941218743045
YOLOv4 default,1531,0.39606666666666673,0.014260941218743045
YOLOv4 default,1532,0.39606666666666673,0.014260941218743045
YOLOv4 default,1533,0.39606666666666673,0.014260941218743045
YOLOv4 default,1534,0.39606666666666673,0.014260941218743045
YOLOv4 default,1535,0.39606666666666673,0.014260941218743045
YOLOv4 default,1536,0.39606666666666673,0.014260941218743045
YOLOv4 default,1537,0.39606666666666673,0.014260941218743045
YOLOv4 default,1538,0.39606666666666673,0.014260941218743045
YOLOv4 default,1539,0.39606666666666673,0.014260941218743045
YOLOv4 default,1540,0.39606666666666673,0.014260941218743045
YOLOv4 default,1541,0.39606666666666673,0.014260941218743045
YOLOv4 default,1542,0.39606666666666673,0.014260941218743045
YOLOv4 default,1543,0.39606666666666673,0.014260941218743045
YOLOv4 default,1544,0.39606666666666673,0.014260941218743045
YOLOv4 default,1545,0.39606666666666673,0.014260941218743045
YOLOv4 default,1546,0.39606666666666673,0.014260941218743045
YOLOv4 default,1547,0.39606666666666673,0.014260941218743045
YOLOv4 default,1548,0.39606666666666673,0.014260941218743045
YOLOv4 default,1549,0.39606666666666673,0.014260941218743045
YOLOv4 default,1550,0.39606666666666673,0.014260941218743045
YOLOv4 default,1551,0.39606666666666673,0.014260941218743045
YOLOv4 default,1552,0.39606666666666673,0.014260941218743045
YOLOv4 default,1553,0.39606666666666673,0.014260941218743045
YOLOv4 default,1554,0.39606666666666673,0.014260941218743045
YOLOv4 default,1555,0.39606666666666673,0.014260941218743045
YOLOv4 default,1556,0.39606666666666673,0.014260941218743045
YOLOv4 default,1557,0.39606666666666673,0.014260941218743045
YOLOv4 default,1558,0.39606666666666673,0.014260941218743045
YOLOv4 default,1559,0.39606666666666673,0.014260941218743045
YOLOv4 default,1560,0.39606666666666673,0.014260941218743045
YOLOv4 default,1561,0.39606666666666673,0.014260941218743045
YOLOv4 default,1562,0.39606666666666673,0.014260941218743045
YOLOv4 default,1563,0.39606666666666673,0.014260941218743045
YOLOv4 default,1564,0.39606666666666673,0.014260941218743045
YOLOv4 default,1565,0.39606666666666673,0.014260941218743045
YOLOv4 default,1566,0.39606666666666673,0.014260941218743045
YOLOv4 default,1567,0.39606666666666673,0.014260941218743045
YOLOv4 default,1568,0.39606666666666673,0.014260941218743045
YOLOv4 default,1569,0.39606666666666673,0.014260941218743045
YOLOv4 default,1570,0.39606666666666673,0.014260941218743045
YOLOv4 default,1571,0.39606666666666673,0.014260941218743045
YOLOv4 default,1572,0.39606666666666673,0.014260941218743045
YOLOv4 default,1573,0.39606666666666673,0.014260941218743045
YOLOv4 default,1574,0.39606666666666673,0.014260941218743045
YOLOv4 default,1575,0.39606666666666673,0.014260941218743045
YOLOv4 default,1576,0.39606666666666673,0.014260941218743045
YOLOv4 default,1577,0.39606666666666673,0.014260941218743045
YOLOv4 default,1578,0.39606666666666673,0.014260941218743045
YOLOv4 default,1579,0.39606666666666673,0.014260941218743045
YOLOv4 default,1580,0.39606666666666673,0.014260941218743045
YOLOv4 default,1581,0.39606666666666673,0.014260941218743045
YOLOv4 default,1582,0.39606666666666673,0.014260941218743045
YOLOv4 default,1583,0.39606666666666673,0.014260941218743045
YOLOv4 default,1584,0.39606666666666673,0.014260941218743045
YOLOv4 default,1585,0.39606666666666673,0.014260941218743045
YOLOv4 default,1586,0.39606666666666673,0.014260941218743045
YOLOv4 default,1587,0.39606666666666673,0.014260941218743045
YOLOv4 default,1588,0.39606666666666673,0.014260941218743045
YOLOv4 default,1589,0.39606666666666673,0.014260941218743045
YOLOv4 default,1590,0.39606666666666673,0.014260941218743045
YOLOv4 default,1591,0.39606666666666673,0.014260941218743045
YOLOv4 default,1592,0.39606666666666673,0.014260941218743045
YOLOv4 default,1593,0.39606666666666673,0.014260941218743045
YOLOv4 default,1594,0.39606666666666673,0.014260941218743045
YOLOv4 default,1595,0.39606666666666673,0.014260941218743045
YOLOv4 default,1596,0.39606666666666673,0.014260941218743045
YOLOv4 default,1597,0.39606666666666673,0.014260941218743045
YOLOv4 default,1598,0.39606666666666673,0.014260941218743045
YOLOv4 default,1599,0.39606666666666673,0.014260941218743045
YOLOv4 default,1600,0.3806757777777778,0.009801294952394157
YOLOv4 default,1601,0.38066666666666665,0.01960835989515129
YOLOv4 default,1602,0.38066666666666665,0.01960835989515129
YOLOv4 default,1603,0.38066666666666665,0.01960835989515129
YOLOv4 default,1604,0.38066666666666665,0.01960835989515129
YOLOv4 default,1605,0.38066666666666665,0.01960835989515129
YOLOv4 default,1606,0.38066666666666665,0.01960835989515129
YOLOv4 default,1607,0.38066666666666665,0.01960835989515129
YOLOv4 default,1608,0.38066666666666665,0.01960835989515129
YOLOv4 default,1609,0.38066666666666665,0.01960835989515129
YOLOv4 default,1610,0.38066666666666665,0.01960835989515129
YOLOv4 default,1611,0.38066666666666665,0.01960835989515129
YOLOv4 default,1612,0.38066666666666665,0.01960835989515129
YOLOv4 default,1613,0.38066666666666665,0.01960835989515129
YOLOv4 default,1614,0.38066666666666665,0.01960835989515129
YOLOv4 default,1615,0.38066666666666665,0.01960835989515129
YOLOv4 default,1616,0.38066666666666665,0.01960835989515129
YOLOv4 default,1617,0.38066666666666665,0.01960835989515129
YOLOv4 default,1618,0.38066666666666665,0.01960835989515129
YOLOv4 default,1619,0.38066666666666665,0.01960835989515129
YOLOv4 default,1620,0.38066666666666665,0.01960835989515129
YOLOv4 default,1621,0.38066666666666665,0.01960835989515129
YOLOv4 default,1622,0.38066666666666665,0.01960835989515129
YOLOv4 default,1623,0.38066666666666665,0.01960835989515129
YOLOv4 default,1624,0.38066666666666665,0.01960835989515129
YOLOv4 default,1625,0.38066666666666665,0.01960835989515129
YOLOv4 default,1626,0.38066666666666665,0.01960835989515129
YOLOv4 default,1627,0.38066666666666665,0.01960835989515129
YOLOv4 default,1628,0.38066666666666665,0.01960835989515129
YOLOv4 default,1629,0.38066666666666665,0.01960835989515129
YOLOv4 default,1630,0.38066666666666665,0.01960835989515129
YOLOv4 default,1631,0.38066666666666665,0.01960835989515129
YOLOv4 default,1632,0.38066666666666665,0.01960835989515129
YOLOv4 default,1633,0.38066666666666665,0.01960835989515129
YOLOv4 default,1634,0.38066666666666665,0.01960835989515129
YOLOv4 default,1635,0.38066666666666665,0.01960835989515129
YOLOv4 default,1636,0.38066666666666665,0.01960835989515129
YOLOv4 default,1637,0.38066666666666665,0.01960835989515129
YOLOv4 default,1638,0.38066666666666665,0.01960835989515129
YOLOv4 default,1639,0.38066666666666665,0.01960835989515129
YOLOv4 default,1640,0.38066666666666665,0.01960835989515129
YOLOv4 default,1641,0.38066666666666665,0.01960835989515129
YOLOv4 default,1642,0.38066666666666665,0.01960835989515129
YOLOv4 default,1643,0.38066666666666665,0.01960835989515129
YOLOv4 default,1644,0.38066666666666665,0.01960835989515129
YOLOv4 default,1645,0.38066666666666665,0.01960835989515129
YOLOv4 default,1646,0.38066666666666665,0.01960835989515129
YOLOv4 default,1647,0.38066666666666665,0.01960835989515129
YOLOv4 default,1648,0.38066666666666665,0.01960835989515129
YOLOv4 default,1649,0.38066666666666665,0.01960835989515129
YOLOv4 default,1650,0.38066666666666665,0.01960835989515129
YOLOv4 default,1651,0.38066666666666665,0.01960835989515129
YOLOv4 default,1652,0.38066666666666665,0.01960835989515129
YOLOv4 default,1653,0.38066666666666665,0.01960835989515129
YOLOv4 default,1654,0.38066666666666665,0.01960835989515129
YOLOv4 default,1655,0.38066666666666665,0.01960835989515129
YOLOv4 default,1656,0.38066666666666665,0.01960835989515129
YOLOv4 default,1657,0.38066666666666665,0.01960835989515129
YOLOv4 default,1658,0.38066666666666665,0.01960835989515129
YOLOv4 default,1659,0.38066666666666665,0.01960835989515129
YOLOv4 default,1660,0.38066666666666665,0.01960835989515129
YOLOv4 default,1661,0.38066666666666665,0.01960835989515129
YOLOv4 default,1662,0.38066666666666665,0.01960835989515129
YOLOv4 default,1663,0.38066666666666665,0.01960835989515129
YOLOv4 default,1664,0.38066666666666665,0.01960835989515129
YOLOv4 default,1665,0.38066666666666665,0.01960835989515129
YOLOv4 default,1666,0.38066666666666665,0.01960835989515129
YOLOv4 default,1667,0.38066666666666665,0.01960835989515129
YOLOv4 default,1668,0.38066666666666665,0.01960835989515129
YOLOv4 default,1669,0.38066666666666665,0.01960835989515129
YOLOv4 default,1670,0.38066666666666665,0.01960835989515129
YOLOv4 default,1671,0.38066666666666665,0.01960835989515129
YOLOv4 default,1672,0.38066666666666665,0.01960835989515129
YOLOv4 default,1673,0.38066666666666665,0.01960835989515129
YOLOv4 default,1674,0.38066666666666665,0.01960835989515129
YOLOv4 default,1675,0.38066666666666665,0.01960835989515129
YOLOv4 default,1676,0.38066666666666665,0.01960835989515129
YOLOv4 default,1677,0.38066666666666665,0.01960835989515129
YOLOv4 default,1678,0.38066666666666665,0.01960835989515129
YOLOv4 default,1679,0.38066666666666665,0.01960835989515129
YOLOv4 default,1680,0.38066666666666665,0.01960835989515129
YOLOv4 default,1681,0.38066666666666665,0.01960835989515129
YOLOv4 default,1682,0.38066666666666665,0.01960835989515129
YOLOv4 default,1683,0.38066666666666665,0.01960835989515129
YOLOv4 default,1684,0.38066666666666665,0.01960835989515129
YOLOv4 default,1685,0.38066666666666665,0.01960835989515129
YOLOv4 default,1686,0.38066666666666665,0.01960835989515129
YOLOv4 default,1687,0.38066666666666665,0.01960835989515129
YOLOv4 default,1688,0.38066666666666665,0.01960835989515129
YOLOv4 default,1689,0.38066666666666665,0.01960835989515129
YOLOv4 default,1690,0.38066666666666665,0.01960835989515129
YOLOv4 default,1691,0.38066666666666665,0.01960835989515129
YOLOv4 default,1692,0.38066666666666665,0.01960835989515129
YOLOv4 default,1693,0.38066666666666665,0.01960835989515129
YOLOv4 default,1694,0.38066666666666665,0.01960835989515129
YOLOv4 default,1695,0.38066666666666665,0.01960835989515129
YOLOv4 default,1696,0.38066666666666665,0.01960835989515129
YOLOv4 default,1697,0.38066666666666665,0.01960835989515129
YOLOv4 default,1698,0.38066666666666665,0.01960835989515129
YOLOv4 default,1699,0.38066666666666665,0.01960835989515129
YOLOv4 default,1700,0.38468088888888885,0.008811415185309404
YOLOv4 default,1701,0.38470000000000004,0.017613725708473305
YOLOv4 default,1702,0.38470000000000004,0.017613725708473305
YOLOv4 default,1703,0.38470000000000004,0.017613725708473305
YOLOv4 default,1704,0.38470000000000004,0.017613725708473305
YOLOv4 default,1705,0.38470000000000004,0.017613725708473305
YOLOv4 default,1706,0.38470000000000004,0.017613725708473305
YOLOv4 default,1707,0.38470000000000004,0.017613725708473305
YOLOv4 default,1708,0.38470000000000004,0.017613725708473305
YOLOv4 default,1709,0.38470000000000004,0.017613725708473305
YOLOv4 default,1710,0.38470000000000004,0.017613725708473305
YOLOv4 default,1711,0.38470000000000004,0.017613725708473305
YOLOv4 default,1712,0.38470000000000004,0.017613725708473305
YOLOv4 default,1713,0.38470000000000004,0.017613725708473305
YOLOv4 default,1714,0.38470000000000004,0.017613725708473305
YOLOv4 default,1715,0.38470000000000004,0.017613725708473305
YOLOv4 default,1716,0.38470000000000004,0.017613725708473305
YOLOv4 default,1717,0.38470000000000004,0.017613725708473305
YOLOv4 default,1718,0.38470000000000004,0.017613725708473305
YOLOv4 default,1719,0.38470000000000004,0.017613725708473305
YOLOv4 default,1720,0.38470000000000004,0.017613725708473305
YOLOv4 default,1721,0.38470000000000004,0.017613725708473305
YOLOv4 default,1722,0.38470000000000004,0.017613725708473305
YOLOv4 default,1723,0.38470000000000004,0.017613725708473305
YOLOv4 default,1724,0.38470000000000004,0.017613725708473305
YOLOv4 default,1725,0.38470000000000004,0.017613725708473305
YOLOv4 default,1726,0.38470000000000004,0.017613725708473305
YOLOv4 default,1727,0.38470000000000004,0.017613725708473305
YOLOv4 default,1728,0.38470000000000004,0.017613725708473305
YOLOv4 default,1729,0.38470000000000004,0.017613725708473305
YOLOv4 default,1730,0.38470000000000004,0.017613725708473305
YOLOv4 default,1731,0.38470000000000004,0.017613725708473305
YOLOv4 default,1732,0.38470000000000004,0.017613725708473305
YOLOv4 default,1733,0.38470000000000004,0.017613725708473305
YOLOv4 default,1734,0.38470000000000004,0.017613725708473305
YOLOv4 default,1735,0.38470000000000004,0.017613725708473305
YOLOv4 default,1736,0.38470000000000004,0.017613725708473305
YOLOv4 default,1737,0.38470000000000004,0.017613725708473305
YOLOv4 default,1738,0.38470000000000004,0.017613725708473305
YOLOv4 default,1739,0.38470000000000004,0.017613725708473305
YOLOv4 default,1740,0.38470000000000004,0.017613725708473305
YOLOv4 default,1741,0.38470000000000004,0.017613725708473305
YOLOv4 default,1742,0.38470000000000004,0.017613725708473305
YOLOv4 default,1743,0.38470000000000004,0.017613725708473305
YOLOv4 default,1744,0.38470000000000004,0.017613725708473305
YOLOv4 default,1745,0.38470000000000004,0.017613725708473305
YOLOv4 default,1746,0.38470000000000004,0.017613725708473305
YOLOv4 default,1747,0.38470000000000004,0.017613725708473305
YOLOv4 default,1748,0.38470000000000004,0.017613725708473305
YOLOv4 default,1749,0.38470000000000004,0.017613725708473305
YOLOv4 default,1750,0.38470000000000004,0.017613725708473305
YOLOv4 default,1751,0.38470000000000004,0.017613725708473305
YOLOv4 default,1752,0.38470000000000004,0.017613725708473305
YOLOv4 default,1753,0.38470000000000004,0.017613725708473305
YOLOv4 default,1754,0.38470000000000004,0.017613725708473305
YOLOv4 default,1755,0.38470000000000004,0.017613725708473305
YOLOv4 default,1756,0.38470000000000004,0.017613725708473305
YOLOv4 default,1757,0.38470000000000004,0.017613725708473305
YOLOv4 default,1758,0.38470000000000004,0.017613725708473305
YOLOv4 default,1759,0.38470000000000004,0.017613725708473305
YOLOv4 default,1760,0.38470000000000004,0.017613725708473305
YOLOv4 default,1761,0.38470000000000004,0.017613725708473305
YOLOv4 default,1762,0.38470000000000004,0.017613725708473305
YOLOv4 default,1763,0.38470000000000004,0.017613725708473305
YOLOv4 default,1764,0.38470000000000004,0.017613725708473305
YOLOv4 default,1765,0.38470000000000004,0.017613725708473305
YOLOv4 default,1766,0.38470000000000004,0.017613725708473305
YOLOv4 default,1767,0.38470000000000004,0.017613725708473305
YOLOv4 default,1768,0.38470000000000004,0.017613725708473305
YOLOv4 default,1769,0.38470000000000004,0.017613725708473305
YOLOv4 default,1770,0.38470000000000004,0.017613725708473305
YOLOv4 default,1771,0.38470000000000004,0.017613725708473305
YOLOv4 default,1772,0.38470000000000004,0.017613725708473305
YOLOv4 default,1773,0.38470000000000004,0.017613725708473305
YOLOv4 default,1774,0.38470000000000004,0.017613725708473305
YOLOv4 default,1775,0.38470000000000004,0.017613725708473305
YOLOv4 default,1776,0.38470000000000004,0.017613725708473305
YOLOv4 default,1777,0.38470000000000004,0.017613725708473305
YOLOv4 default,1778,0.38470000000000004,0.017613725708473305
YOLOv4 default,1779,0.38470000000000004,0.017613725708473305
YOLOv4 default,1780,0.38470000000000004,0.017613725708473305
YOLOv4 default,1781,0.38470000000000004,0.017613725708473305
YOLOv4 default,1782,0.38470000000000004,0.017613725708473305
YOLOv4 default,1783,0.38470000000000004,0.017613725708473305
YOLOv4 default,1784,0.38470000000000004,0.017613725708473305
YOLOv4 default,1785,0.38470000000000004,0.017613725708473305
YOLOv4 default,1786,0.38470000000000004,0.017613725708473305
YOLOv4 default,1787,0.38470000000000004,0.017613725708473305
YOLOv4 default,1788,0.38470000000000004,0.017613725708473305
YOLOv4 default,1789,0.38470000000000004,0.017613725708473305
YOLOv4 default,1790,0.38470000000000004,0.017613725708473305
YOLOv4 default,1791,0.38470000000000004,0.017613725708473305
YOLOv4 default,1792,0.38470000000000004,0.017613725708473305
YOLOv4 default,1793,0.38470000000000004,0.017613725708473305
YOLOv4 default,1794,0.38470000000000004,0.017613725708473305
YOLOv4 default,1795,0.38470000000000004,0.017613725708473305
YOLOv4 default,1796,0.38470000000000004,0.017613725708473305
YOLOv4 default,1797,0.38470000000000004,0.017613725708473305
YOLOv4 default,1798,0.38470000000000004,0.017613725708473305
YOLOv4 default,1799,0.38470000000000004,0.017613725708473305
YOLOv4 default,1800,0.42370844444444444,0.019336677504673678
YOLOv4 default,1801,0.4237333333333333,0.038673088547176805
YOLOv4 default,1802,0.4237333333333333,0.038673088547176805
YOLOv4 default,1803,0.4237333333333333,0.038673088547176805
YOLOv4 default,1804,0.4237333333333333,0.038673088547176805
YOLOv4 default,1805,0.4237333333333333,0.038673088547176805
YOLOv4 default,1806,0.4237333333333333,0.038673088547176805
YOLOv4 default,1807,0.4237333333333333,0.038673088547176805
YOLOv4 default,1808,0.4237333333333333,0.038673088547176805
YOLOv4 default,1809,0.4237333333333333,0.038673088547176805
YOLOv4 default,1810,0.4237333333333333,0.038673088547176805
YOLOv4 default,1811,0.4237333333333333,0.038673088547176805
YOLOv4 default,1812,0.4237333333333333,0.038673088547176805
YOLOv4 default,1813,0.4237333333333333,0.038673088547176805
YOLOv4 default,1814,0.4237333333333333,0.038673088547176805
YOLOv4 default,1815,0.4237333333333333,0.038673088547176805
YOLOv4 default,1816,0.4237333333333333,0.038673088547176805
YOLOv4 default,1817,0.4237333333333333,0.038673088547176805
YOLOv4 default,1818,0.4237333333333333,0.038673088547176805
YOLOv4 default,1819,0.4237333333333333,0.038673088547176805
YOLOv4 default,1820,0.4237333333333333,0.038673088547176805
YOLOv4 default,1821,0.4237333333333333,0.038673088547176805
YOLOv4 default,1822,0.4237333333333333,0.038673088547176805
YOLOv4 default,1823,0.4237333333333333,0.038673088547176805
YOLOv4 default,1824,0.4237333333333333,0.038673088547176805
YOLOv4 default,1825,0.4237333333333333,0.038673088547176805
YOLOv4 default,1826,0.4237333333333333,0.038673088547176805
YOLOv4 default,1827,0.4237333333333333,0.038673088547176805
YOLOv4 default,1828,0.4237333333333333,0.038673088547176805
YOLOv4 default,1829,0.4237333333333333,0.038673088547176805
YOLOv4 default,1830,0.4237333333333333,0.038673088547176805
YOLOv4 default,1831,0.4237333333333333,0.038673088547176805
YOLOv4 default,1832,0.4237333333333333,0.038673088547176805
YOLOv4 default,1833,0.4237333333333333,0.038673088547176805
YOLOv4 default,1834,0.4237333333333333,0.038673088547176805
YOLOv4 default,1835,0.4237333333333333,0.038673088547176805
YOLOv4 default,1836,0.4237333333333333,0.038673088547176805
YOLOv4 default,1837,0.4237333333333333,0.038673088547176805
YOLOv4 default,1838,0.4237333333333333,0.038673088547176805
YOLOv4 default,1839,0.4237333333333333,0.038673088547176805
YOLOv4 default,1840,0.4237333333333333,0.038673088547176805
YOLOv4 default,1841,0.4237333333333333,0.038673088547176805
YOLOv4 default,1842,0.4237333333333333,0.038673088547176805
YOLOv4 default,1843,0.4237333333333333,0.038673088547176805
YOLOv4 default,1844,0.4237333333333333,0.038673088547176805
YOLOv4 default,1845,0.4237333333333333,0.038673088547176805
YOLOv4 default,1846,0.4237333333333333,0.038673088547176805
YOLOv4 default,1847,0.4237333333333333,0.038673088547176805
YOLOv4 default,1848,0.4237333333333333,0.038673088547176805
YOLOv4 default,1849,0.4237333333333333,0.038673088547176805
YOLOv4 default,1850,0.4237333333333333,0.038673088547176805
YOLOv4 default,1851,0.4237333333333333,0.038673088547176805
YOLOv4 default,1852,0.4237333333333333,0.038673088547176805
YOLOv4 default,1853,0.4237333333333333,0.038673088547176805
YOLOv4 default,1854,0.4237333333333333,0.038673088547176805
YOLOv4 default,1855,0.4237333333333333,0.038673088547176805
YOLOv4 default,1856,0.4237333333333333,0.038673088547176805
YOLOv4 default,1857,0.4237333333333333,0.038673088547176805
YOLOv4 default,1858,0.4237333333333333,0.038673088547176805
YOLOv4 default,1859,0.4237333333333333,0.038673088547176805
YOLOv4 default,1860,0.4237333333333333,0.038673088547176805
YOLOv4 default,1861,0.4237333333333333,0.038673088547176805
YOLOv4 default,1862,0.4237333333333333,0.038673088547176805
YOLOv4 default,1863,0.4237333333333333,0.038673088547176805
YOLOv4 default,1864,0.4237333333333333,0.038673088547176805
YOLOv4 default,1865,0.4237333333333333,0.038673088547176805
YOLOv4 default,1866,0.4237333333333333,0.038673088547176805
YOLOv4 default,1867,0.4237333333333333,0.038673088547176805
YOLOv4 default,1868,0.4237333333333333,0.038673088547176805
YOLOv4 default,1869,0.4237333333333333,0.038673088547176805
YOLOv4 default,1870,0.4237333333333333,0.038673088547176805
YOLOv4 default,1871,0.4237333333333333,0.038673088547176805
YOLOv4 default,1872,0.4237333333333333,0.038673088547176805
YOLOv4 default,1873,0.4237333333333333,0.038673088547176805
YOLOv4 default,1874,0.4237333333333333,0.038673088547176805
YOLOv4 default,1875,0.4237333333333333,0.038673088547176805
YOLOv4 default,1876,0.4237333333333333,0.038673088547176805
YOLOv4 default,1877,0.4237333333333333,0.038673088547176805
YOLOv4 default,1878,0.4237333333333333,0.038673088547176805
YOLOv4 default,1879,0.4237333333333333,0.038673088547176805
YOLOv4 default,1880,0.4237333333333333,0.038673088547176805
YOLOv4 default,1881,0.4237333333333333,0.038673088547176805
YOLOv4 default,1882,0.4237333333333333,0.038673088547176805
YOLOv4 default,1883,0.4237333333333333,0.038673088547176805
YOLOv4 default,1884,0.4237333333333333,0.038673088547176805
YOLOv4 default,1885,0.4237333333333333,0.038673088547176805
YOLOv4 default,1886,0.4237333333333333,0.038673088547176805
YOLOv4 default,1887,0.4237333333333333,0.038673088547176805
YOLOv4 default,1888,0.4237333333333333,0.038673088547176805
YOLOv4 default,1889,0.4237333333333333,0.038673088547176805
YOLOv4 default,1890,0.4237333333333333,0.038673088547176805
YOLOv4 default,1891,0.4237333333333333,0.038673088547176805
YOLOv4 default,1892,0.4237333333333333,0.038673088547176805
YOLOv4 default,1893,0.4237333333333333,0.038673088547176805
YOLOv4 default,1894,0.4237333333333333,0.038673088547176805
YOLOv4 default,1895,0.4237333333333333,0.038673088547176805
YOLOv4 default,1896,0.4237333333333333,0.038673088547176805
YOLOv4 default,1897,0.4237333333333333,0.038673088547176805
YOLOv4 default,1898,0.4237333333333333,0.038673088547176805
YOLOv4 default,1899,0.4237333333333333,0.038673088547176805
YOLOv4 default,1900,0.4062766666666666,0.006378518203487561
YOLOv4 default,1901,0.4062666666666666,0.012762749616668725
YOLOv4 default,1902,0.4062666666666666,0.012762749616668725
YOLOv4 default,1903,0.4062666666666666,0.012762749616668725
YOLOv4 default,1904,0.4062666666666666,0.012762749616668725
YOLOv4 default,1905,0.4062666666666666,0.012762749616668725
YOLOv4 default,1906,0.4062666666666666,0.012762749616668725
YOLOv4 default,1907,0.4062666666666666,0.012762749616668725
YOLOv4 default,1908,0.4062666666666666,0.012762749616668725
YOLOv4 default,1909,0.4062666666666666,0.012762749616668725
YOLOv4 default,1910,0.4062666666666666,0.012762749616668725
YOLOv4 default,1911,0.4062666666666666,0.012762749616668725
YOLOv4 default,1912,0.4062666666666666,0.012762749616668725
YOLOv4 default,1913,0.4062666666666666,0.012762749616668725
YOLOv4 default,1914,0.4062666666666666,0.012762749616668725
YOLOv4 default,1915,0.4062666666666666,0.012762749616668725
YOLOv4 default,1916,0.4062666666666666,0.012762749616668725
YOLOv4 default,1917,0.4062666666666666,0.012762749616668725
YOLOv4 default,1918,0.4062666666666666,0.012762749616668725
YOLOv4 default,1919,0.4062666666666666,0.012762749616668725
YOLOv4 default,1920,0.4062666666666666,0.012762749616668725
YOLOv4 default,1921,0.4062666666666666,0.012762749616668725
YOLOv4 default,1922,0.4062666666666666,0.012762749616668725
YOLOv4 default,1923,0.4062666666666666,0.012762749616668725
YOLOv4 default,1924,0.4062666666666666,0.012762749616668725
YOLOv4 default,1925,0.4062666666666666,0.012762749616668725
YOLOv4 default,1926,0.4062666666666666,0.012762749616668725
YOLOv4 default,1927,0.4062666666666666,0.012762749616668725
YOLOv4 default,1928,0.4062666666666666,0.012762749616668725
YOLOv4 default,1929,0.4062666666666666,0.012762749616668725
YOLOv4 default,1930,0.4062666666666666,0.012762749616668725
YOLOv4 default,1931,0.4062666666666666,0.012762749616668725
YOLOv4 default,1932,0.4062666666666666,0.012762749616668725
YOLOv4 default,1933,0.4062666666666666,0.012762749616668725
YOLOv4 default,1934,0.4062666666666666,0.012762749616668725
YOLOv4 default,1935,0.4062666666666666,0.012762749616668725
YOLOv4 default,1936,0.4062666666666666,0.012762749616668725
YOLOv4 default,1937,0.4062666666666666,0.012762749616668725
YOLOv4 default,1938,0.4062666666666666,0.012762749616668725
YOLOv4 default,1939,0.4062666666666666,0.012762749616668725
YOLOv4 default,1940,0.4062666666666666,0.012762749616668725
YOLOv4 default,1941,0.4062666666666666,0.012762749616668725
YOLOv4 default,1942,0.4062666666666666,0.012762749616668725
YOLOv4 default,1943,0.4062666666666666,0.012762749616668725
YOLOv4 default,1944,0.4062666666666666,0.012762749616668725
YOLOv4 default,1945,0.4062666666666666,0.012762749616668725
YOLOv4 default,1946,0.4062666666666666,0.012762749616668725
YOLOv4 default,1947,0.4062666666666666,0.012762749616668725
YOLOv4 default,1948,0.4062666666666666,0.012762749616668725
YOLOv4 default,1949,0.4062666666666666,0.012762749616668725
YOLOv4 default,1950,0.4062666666666666,0.012762749616668725
YOLOv4 default,1951,0.4062666666666666,0.012762749616668725
YOLOv4 default,1952,0.4062666666666666,0.012762749616668725
YOLOv4 default,1953,0.4062666666666666,0.012762749616668725
YOLOv4 default,1954,0.4062666666666666,0.012762749616668725
YOLOv4 default,1955,0.4062666666666666,0.012762749616668725
YOLOv4 default,1956,0.4062666666666666,0.012762749616668725
YOLOv4 default,1957,0.4062666666666666,0.012762749616668725
YOLOv4 default,1958,0.4062666666666666,0.012762749616668725
YOLOv4 default,1959,0.4062666666666666,0.012762749616668725
YOLOv4 default,1960,0.4062666666666666,0.012762749616668725
YOLOv4 default,1961,0.4062666666666666,0.012762749616668725
YOLOv4 default,1962,0.4062666666666666,0.012762749616668725
YOLOv4 default,1963,0.4062666666666666,0.012762749616668725
YOLOv4 default,1964,0.4062666666666666,0.012762749616668725
YOLOv4 default,1965,0.4062666666666666,0.012762749616668725
YOLOv4 default,1966,0.4062666666666666,0.012762749616668725
YOLOv4 default,1967,0.4062666666666666,0.012762749616668725
YOLOv4 default,1968,0.4062666666666666,0.012762749616668725
YOLOv4 default,1969,0.4062666666666666,0.012762749616668725
YOLOv4 default,1970,0.4062666666666666,0.012762749616668725
YOLOv4 default,1971,0.4062666666666666,0.012762749616668725
YOLOv4 default,1972,0.4062666666666666,0.012762749616668725
YOLOv4 default,1973,0.4062666666666666,0.012762749616668725
YOLOv4 default,1974,0.4062666666666666,0.012762749616668725
YOLOv4 default,1975,0.4062666666666666,0.012762749616668725
YOLOv4 default,1976,0.4062666666666666,0.012762749616668725
YOLOv4 default,1977,0.4062666666666666,0.012762749616668725
YOLOv4 default,1978,0.4062666666666666,0.012762749616668725
YOLOv4 default,1979,0.4062666666666666,0.012762749616668725
YOLOv4 default,1980,0.4062666666666666,0.012762749616668725
YOLOv4 default,1981,0.4062666666666666,0.012762749616668725
YOLOv4 default,1982,0.4062666666666666,0.012762749616668725
YOLOv4 default,1983,0.4062666666666666,0.012762749616668725
YOLOv4 default,1984,0.4062666666666666,0.012762749616668725
YOLOv4 default,1985,0.4062666666666666,0.012762749616668725
YOLOv4 default,1986,0.4062666666666666,0.012762749616668725
YOLOv4 default,1987,0.4062666666666666,0.012762749616668725
YOLOv4 default,1988,0.4062666666666666,0.012762749616668725
YOLOv4 default,1989,0.4062666666666666,0.012762749616668725
YOLOv4 default,1990,0.4062666666666666,0.012762749616668725
YOLOv4 default,1991,0.4062666666666666,0.012762749616668725
YOLOv4 default,1992,0.4062666666666666,0.012762749616668725
YOLOv4 default,1993,0.4062666666666666,0.012762749616668725
YOLOv4 default,1994,0.4062666666666666,0.012762749616668725
YOLOv4 default,1995,0.4062666666666666,0.012762749616668725
YOLOv4 default,1996,0.4062666666666666,0.012762749616668725
YOLOv4 default,1997,0.4062666666666666,0.012762749616668725
YOLOv4 default,1998,0.4062666666666666,0.012762749616668725
YOLOv4 default,1999,0.4062666666666666,0.012762749616668725
YOLOv4 default,2000,0.42705066666666663,0.025404708248013136
YOLOv4 default,2001,0.4270666666666667,0.05081385419133033
YOLOv4 default,2002,0.4270666666666667,0.05081385419133033
YOLOv4 default,2003,0.4270666666666667,0.05081385419133033
YOLOv4 default,2004,0.4270666666666667,0.05081385419133033
YOLOv4 default,2005,0.4270666666666667,0.05081385419133033
YOLOv4 default,2006,0.4270666666666667,0.05081385419133033
YOLOv4 default,2007,0.4270666666666667,0.05081385419133033
YOLOv4 default,2008,0.4270666666666667,0.05081385419133033
YOLOv4 default,2009,0.4270666666666667,0.05081385419133033
YOLOv4 default,2010,0.4270666666666667,0.05081385419133033
YOLOv4 default,2011,0.4270666666666667,0.05081385419133033
YOLOv4 default,2012,0.4270666666666667,0.05081385419133033
YOLOv4 default,2013,0.4270666666666667,0.05081385419133033
YOLOv4 default,2014,0.4270666666666667,0.05081385419133033
YOLOv4 default,2015,0.4270666666666667,0.05081385419133033
YOLOv4 default,2016,0.4270666666666667,0.05081385419133033
YOLOv4 default,2017,0.4270666666666667,0.05081385419133033
YOLOv4 default,2018,0.4270666666666667,0.05081385419133033
YOLOv4 default,2019,0.4270666666666667,0.05081385419133033
YOLOv4 default,2020,0.4270666666666667,0.05081385419133033
YOLOv4 default,2021,0.4270666666666667,0.05081385419133033
YOLOv4 default,2022,0.4270666666666667,0.05081385419133033
YOLOv4 default,2023,0.4270666666666667,0.05081385419133033
YOLOv4 default,2024,0.4270666666666667,0.05081385419133033
YOLOv4 default,2025,0.4270666666666667,0.05081385419133033
YOLOv4 default,2026,0.4270666666666667,0.05081385419133033
YOLOv4 default,2027,0.4270666666666667,0.05081385419133033
YOLOv4 default,2028,0.4270666666666667,0.05081385419133033
YOLOv4 default,2029,0.4270666666666667,0.05081385419133033
YOLOv4 default,2030,0.4270666666666667,0.05081385419133033
YOLOv4 default,2031,0.4270666666666667,0.05081385419133033
YOLOv4 default,2032,0.4270666666666667,0.05081385419133033
YOLOv4 default,2033,0.4270666666666667,0.05081385419133033
YOLOv4 default,2034,0.4270666666666667,0.05081385419133033
YOLOv4 default,2035,0.4270666666666667,0.05081385419133033
YOLOv4 default,2036,0.4270666666666667,0.05081385419133033
YOLOv4 default,2037,0.4270666666666667,0.05081385419133033
YOLOv4 default,2038,0.4270666666666667,0.05081385419133033
YOLOv4 default,2039,0.4270666666666667,0.05081385419133033
YOLOv4 default,2040,0.4270666666666667,0.05081385419133033
YOLOv4 default,2041,0.4270666666666667,0.05081385419133033
YOLOv4 default,2042,0.4270666666666667,0.05081385419133033
YOLOv4 default,2043,0.4270666666666667,0.05081385419133033
YOLOv4 default,2044,0.4270666666666667,0.05081385419133033
YOLOv4 default,2045,0.4270666666666667,0.05081385419133033
YOLOv4 default,2046,0.4270666666666667,0.05081385419133033
YOLOv4 default,2047,0.4270666666666667,0.05081385419133033
YOLOv4 default,2048,0.4270666666666667,0.05081385419133033
YOLOv4 default,2049,0.4270666666666667,0.05081385419133033
YOLOv4 default,2050,0.4270666666666667,0.05081385419133033
YOLOv4 default,2051,0.4270666666666667,0.05081385419133033
YOLOv4 default,2052,0.4270666666666667,0.05081385419133033
YOLOv4 default,2053,0.4270666666666667,0.05081385419133033
YOLOv4 default,2054,0.4270666666666667,0.05081385419133033
YOLOv4 default,2055,0.4270666666666667,0.05081385419133033
YOLOv4 default,2056,0.4270666666666667,0.05081385419133033
YOLOv4 default,2057,0.4270666666666667,0.05081385419133033
YOLOv4 default,2058,0.4270666666666667,0.05081385419133033
YOLOv4 default,2059,0.4270666666666667,0.05081385419133033
YOLOv4 default,2060,0.4270666666666667,0.05081385419133033
YOLOv4 default,2061,0.4270666666666667,0.05081385419133033
YOLOv4 default,2062,0.4270666666666667,0.05081385419133033
YOLOv4 default,2063,0.4270666666666667,0.05081385419133033
YOLOv4 default,2064,0.4270666666666667,0.05081385419133033
YOLOv4 default,2065,0.4270666666666667,0.05081385419133033
YOLOv4 default,2066,0.4270666666666667,0.05081385419133033
YOLOv4 default,2067,0.4270666666666667,0.05081385419133033
YOLOv4 default,2068,0.4270666666666667,0.05081385419133033
YOLOv4 default,2069,0.4270666666666667,0.05081385419133033
YOLOv4 default,2070,0.4270666666666667,0.05081385419133033
YOLOv4 default,2071,0.4270666666666667,0.05081385419133033
YOLOv4 default,2072,0.4270666666666667,0.05081385419133033
YOLOv4 default,2073,0.4270666666666667,0.05081385419133033
YOLOv4 default,2074,0.4270666666666667,0.05081385419133033
YOLOv4 default,2075,0.4270666666666667,0.05081385419133033
YOLOv4 default,2076,0.4270666666666667,0.05081385419133033
YOLOv4 default,2077,0.4270666666666667,0.05081385419133033
YOLOv4 default,2078,0.4270666666666667,0.05081385419133033
YOLOv4 default,2079,0.4270666666666667,0.05081385419133033
YOLOv4 default,2080,0.4270666666666667,0.05081385419133033
YOLOv4 default,2081,0.4270666666666667,0.05081385419133033
YOLOv4 default,2082,0.4270666666666667,0.05081385419133033
YOLOv4 default,2083,0.4270666666666667,0.05081385419133033
YOLOv4 default,2084,0.4270666666666667,0.05081385419133033
YOLOv4 default,2085,0.4270666666666667,0.05081385419133033
YOLOv4 default,2086,0.4270666666666667,0.05081385419133033
YOLOv4 default,2087,0.4270666666666667,0.05081385419133033
YOLOv4 default,2088,0.4270666666666667,0.05081385419133033
YOLOv4 default,2089,0.4270666666666667,0.05081385419133033
YOLOv4 default,2090,0.4270666666666667,0.05081385419133033
YOLOv4 default,2091,0.4270666666666667,0.05081385419133033
YOLOv4 default,2092,0.4270666666666667,0.05081385419133033
YOLOv4 default,2093,0.4270666666666667,0.05081385419133033
YOLOv4 default,2094,0.4270666666666667,0.05081385419133033
YOLOv4 default,2095,0.4270666666666667,0.05081385419133033
YOLOv4 default,2096,0.4270666666666667,0.05081385419133033
YOLOv4 default,2097,0.4270666666666667,0.05081385419133033
YOLOv4 default,2098,0.4270666666666667,0.05081385419133033
YOLOv4 default,2099,0.4270666666666667,0.05081385419133033
YOLOv4 default,2100,0.46373955555555546,0.022997120016012104
YOLOv4 default,2101,0.46373333333333333,0.04600207724778428
YOLOv4 default,2102,0.46373333333333333,0.04600207724778428
YOLOv4 default,2103,0.46373333333333333,0.04600207724778428
YOLOv4 default,2104,0.46373333333333333,0.04600207724778428
YOLOv4 default,2105,0.46373333333333333,0.04600207724778428
YOLOv4 default,2106,0.46373333333333333,0.04600207724778428
YOLOv4 default,2107,0.46373333333333333,0.04600207724778428
YOLOv4 default,2108,0.46373333333333333,0.04600207724778428
YOLOv4 default,2109,0.46373333333333333,0.04600207724778428
YOLOv4 default,2110,0.46373333333333333,0.04600207724778428
YOLOv4 default,2111,0.46373333333333333,0.04600207724778428
YOLOv4 default,2112,0.46373333333333333,0.04600207724778428
YOLOv4 default,2113,0.46373333333333333,0.04600207724778428
YOLOv4 default,2114,0.46373333333333333,0.04600207724778428
YOLOv4 default,2115,0.46373333333333333,0.04600207724778428
YOLOv4 default,2116,0.46373333333333333,0.04600207724778428
YOLOv4 default,2117,0.46373333333333333,0.04600207724778428
YOLOv4 default,2118,0.46373333333333333,0.04600207724778428
YOLOv4 default,2119,0.46373333333333333,0.04600207724778428
YOLOv4 default,2120,0.46373333333333333,0.04600207724778428
YOLOv4 default,2121,0.46373333333333333,0.04600207724778428
YOLOv4 default,2122,0.46373333333333333,0.04600207724778428
YOLOv4 default,2123,0.46373333333333333,0.04600207724778428
YOLOv4 default,2124,0.46373333333333333,0.04600207724778428
YOLOv4 default,2125,0.46373333333333333,0.04600207724778428
YOLOv4 default,2126,0.46373333333333333,0.04600207724778428
YOLOv4 default,2127,0.46373333333333333,0.04600207724778428
YOLOv4 default,2128,0.46373333333333333,0.04600207724778428
YOLOv4 default,2129,0.46373333333333333,0.04600207724778428
YOLOv4 default,2130,0.46373333333333333,0.04600207724778428
YOLOv4 default,2131,0.46373333333333333,0.04600207724778428
YOLOv4 default,2132,0.46373333333333333,0.04600207724778428
YOLOv4 default,2133,0.46373333333333333,0.04600207724778428
YOLOv4 default,2134,0.46373333333333333,0.04600207724778428
YOLOv4 default,2135,0.46373333333333333,0.04600207724778428
YOLOv4 default,2136,0.46373333333333333,0.04600207724778428
YOLOv4 default,2137,0.46373333333333333,0.04600207724778428
YOLOv4 default,2138,0.46373333333333333,0.04600207724778428
YOLOv4 default,2139,0.46373333333333333,0.04600207724778428
YOLOv4 default,2140,0.46373333333333333,0.04600207724778428
YOLOv4 default,2141,0.46373333333333333,0.04600207724778428
YOLOv4 default,2142,0.46373333333333333,0.04600207724778428
YOLOv4 default,2143,0.46373333333333333,0.04600207724778428
YOLOv4 default,2144,0.46373333333333333,0.04600207724778428
YOLOv4 default,2145,0.46373333333333333,0.04600207724778428
YOLOv4 default,2146,0.46373333333333333,0.04600207724778428
YOLOv4 default,2147,0.46373333333333333,0.04600207724778428
YOLOv4 default,2148,0.46373333333333333,0.04600207724778428
YOLOv4 default,2149,0.46373333333333333,0.04600207724778428
YOLOv4 default,2150,0.46373333333333333,0.04600207724778428
YOLOv4 default,2151,0.46373333333333333,0.04600207724778428
YOLOv4 default,2152,0.46373333333333333,0.04600207724778428
YOLOv4 default,2153,0.46373333333333333,0.04600207724778428
YOLOv4 default,2154,0.46373333333333333,0.04600207724778428
YOLOv4 default,2155,0.46373333333333333,0.04600207724778428
YOLOv4 default,2156,0.46373333333333333,0.04600207724778428
YOLOv4 default,2157,0.46373333333333333,0.04600207724778428
YOLOv4 default,2158,0.46373333333333333,0.04600207724778428
YOLOv4 default,2159,0.46373333333333333,0.04600207724778428
YOLOv4 default,2160,0.46373333333333333,0.04600207724778428
YOLOv4 default,2161,0.46373333333333333,0.04600207724778428
YOLOv4 default,2162,0.46373333333333333,0.04600207724778428
YOLOv4 default,2163,0.46373333333333333,0.04600207724778428
YOLOv4 default,2164,0.46373333333333333,0.04600207724778428
YOLOv4 default,2165,0.46373333333333333,0.04600207724778428
YOLOv4 default,2166,0.46373333333333333,0.04600207724778428
YOLOv4 default,2167,0.46373333333333333,0.04600207724778428
YOLOv4 default,2168,0.46373333333333333,0.04600207724778428
YOLOv4 default,2169,0.46373333333333333,0.04600207724778428
YOLOv4 default,2170,0.46373333333333333,0.04600207724778428
YOLOv4 default,2171,0.46373333333333333,0.04600207724778428
YOLOv4 default,2172,0.46373333333333333,0.04600207724778428
YOLOv4 default,2173,0.46373333333333333,0.04600207724778428
YOLOv4 default,2174,0.46373333333333333,0.04600207724778428
YOLOv4 default,2175,0.46373333333333333,0.04600207724778428
YOLOv4 default,2176,0.46373333333333333,0.04600207724778428
YOLOv4 default,2177,0.46373333333333333,0.04600207724778428
YOLOv4 default,2178,0.46373333333333333,0.04600207724778428
YOLOv4 default,2179,0.46373333333333333,0.04600207724778428
YOLOv4 default,2180,0.46373333333333333,0.04600207724778428
YOLOv4 default,2181,0.46373333333333333,0.04600207724778428
YOLOv4 default,2182,0.46373333333333333,0.04600207724778428
YOLOv4 default,2183,0.46373333333333333,0.04600207724778428
YOLOv4 default,2184,0.46373333333333333,0.04600207724778428
YOLOv4 default,2185,0.46373333333333333,0.04600207724778428
YOLOv4 default,2186,0.46373333333333333,0.04600207724778428
YOLOv4 default,2187,0.46373333333333333,0.04600207724778428
YOLOv4 default,2188,0.46373333333333333,0.04600207724778428
YOLOv4 default,2189,0.46373333333333333,0.04600207724778428
YOLOv4 default,2190,0.46373333333333333,0.04600207724778428
YOLOv4 default,2191,0.46373333333333333,0.04600207724778428
YOLOv4 default,2192,0.46373333333333333,0.04600207724778428
YOLOv4 default,2193,0.46373333333333333,0.04600207724778428
YOLOv4 default,2194,0.46373333333333333,0.04600207724778428
YOLOv4 default,2195,0.46373333333333333,0.04600207724778428
YOLOv4 default,2196,0.46373333333333333,0.04600207724778428
YOLOv4 default,2197,0.46373333333333333,0.04600207724778428
YOLOv4 default,2198,0.46373333333333333,0.04600207724778428
YOLOv4 default,2199,0.46373333333333333,0.04600207724778428
YOLOv4 default,2200,0.47841266666666665,0.007411675134917577
YOLOv4 default,2201,0.4784333333333333,0.014829063055739927
YOLOv4 default,2202,0.4784333333333333,0.014829063055739927
YOLOv4 default,2203,0.4784333333333333,0.014829063055739927
YOLOv4 default,2204,0.4784333333333333,0.014829063055739927
YOLOv4 default,2205,0.4784333333333333,0.014829063055739927
YOLOv4 default,2206,0.4784333333333333,0.014829063055739927
YOLOv4 default,2207,0.4784333333333333,0.014829063055739927
YOLOv4 default,2208,0.4784333333333333,0.014829063055739927
YOLOv4 default,2209,0.4784333333333333,0.014829063055739927
YOLOv4 default,2210,0.4784333333333333,0.014829063055739927
YOLOv4 default,2211,0.4784333333333333,0.014829063055739927
YOLOv4 default,2212,0.4784333333333333,0.014829063055739927
YOLOv4 default,2213,0.4784333333333333,0.014829063055739927
YOLOv4 default,2214,0.4784333333333333,0.014829063055739927
YOLOv4 default,2215,0.4784333333333333,0.014829063055739927
YOLOv4 default,2216,0.4784333333333333,0.014829063055739927
YOLOv4 default,2217,0.4784333333333333,0.014829063055739927
YOLOv4 default,2218,0.4784333333333333,0.014829063055739927
YOLOv4 default,2219,0.4784333333333333,0.014829063055739927
YOLOv4 default,2220,0.4784333333333333,0.014829063055739927
YOLOv4 default,2221,0.4784333333333333,0.014829063055739927
YOLOv4 default,2222,0.4784333333333333,0.014829063055739927
YOLOv4 default,2223,0.4784333333333333,0.014829063055739927
YOLOv4 default,2224,0.4784333333333333,0.014829063055739927
YOLOv4 default,2225,0.4784333333333333,0.014829063055739927
YOLOv4 default,2226,0.4784333333333333,0.014829063055739927
YOLOv4 default,2227,0.4784333333333333,0.014829063055739927
YOLOv4 default,2228,0.4784333333333333,0.014829063055739927
YOLOv4 default,2229,0.4784333333333333,0.014829063055739927
YOLOv4 default,2230,0.4784333333333333,0.014829063055739927
YOLOv4 default,2231,0.4784333333333333,0.014829063055739927
YOLOv4 default,2232,0.4784333333333333,0.014829063055739927
YOLOv4 default,2233,0.4784333333333333,0.014829063055739927
YOLOv4 default,2234,0.4784333333333333,0.014829063055739927
YOLOv4 default,2235,0.4784333333333333,0.014829063055739927
YOLOv4 default,2236,0.4784333333333333,0.014829063055739927
YOLOv4 default,2237,0.4784333333333333,0.014829063055739927
YOLOv4 default,2238,0.4784333333333333,0.014829063055739927
YOLOv4 default,2239,0.4784333333333333,0.014829063055739927
YOLOv4 default,2240,0.4784333333333333,0.014829063055739927
YOLOv4 default,2241,0.4784333333333333,0.014829063055739927
YOLOv4 default,2242,0.4784333333333333,0.014829063055739927
YOLOv4 default,2243,0.4784333333333333,0.014829063055739927
YOLOv4 default,2244,0.4784333333333333,0.014829063055739927
YOLOv4 default,2245,0.4784333333333333,0.014829063055739927
YOLOv4 default,2246,0.4784333333333333,0.014829063055739927
YOLOv4 default,2247,0.4784333333333333,0.014829063055739927
YOLOv4 default,2248,0.4784333333333333,0.014829063055739927
YOLOv4 default,2249,0.4784333333333333,0.014829063055739927
YOLOv4 default,2250,0.4784333333333333,0.014829063055739927
YOLOv4 default,2251,0.4784333333333333,0.014829063055739927
YOLOv4 default,2252,0.4784333333333333,0.014829063055739927
YOLOv4 default,2253,0.4784333333333333,0.014829063055739927
YOLOv4 default,2254,0.4784333333333333,0.014829063055739927
YOLOv4 default,2255,0.4784333333333333,0.014829063055739927
YOLOv4 default,2256,0.4784333333333333,0.014829063055739927
YOLOv4 default,2257,0.4784333333333333,0.014829063055739927
YOLOv4 default,2258,0.4784333333333333,0.014829063055739927
YOLOv4 default,2259,0.4784333333333333,0.014829063055739927
YOLOv4 default,2260,0.4784333333333333,0.014829063055739927
YOLOv4 default,2261,0.4784333333333333,0.014829063055739927
YOLOv4 default,2262,0.4784333333333333,0.014829063055739927
YOLOv4 default,2263,0.4784333333333333,0.014829063055739927
YOLOv4 default,2264,0.4784333333333333,0.014829063055739927
YOLOv4 default,2265,0.4784333333333333,0.014829063055739927
YOLOv4 default,2266,0.4784333333333333,0.014829063055739927
YOLOv4 default,2267,0.4784333333333333,0.014829063055739927
YOLOv4 default,2268,0.4784333333333333,0.014829063055739927
YOLOv4 default,2269,0.4784333333333333,0.014829063055739927
YOLOv4 default,2270,0.4784333333333333,0.014829063055739927
YOLOv4 default,2271,0.4784333333333333,0.014829063055739927
YOLOv4 default,2272,0.4784333333333333,0.014829063055739927
YOLOv4 default,2273,0.4784333333333333,0.014829063055739927
YOLOv4 default,2274,0.4784333333333333,0.014829063055739927
YOLOv4 default,2275,0.4784333333333333,0.014829063055739927
YOLOv4 default,2276,0.4784333333333333,0.014829063055739927
YOLOv4 default,2277,0.4784333333333333,0.014829063055739927
YOLOv4 default,2278,0.4784333333333333,0.014829063055739927
YOLOv4 default,2279,0.4784333333333333,0.014829063055739927
YOLOv4 default,2280,0.4784333333333333,0.014829063055739927
YOLOv4 default,2281,0.4784333333333333,0.014829063055739927
YOLOv4 default,2282,0.4784333333333333,0.014829063055739927
YOLOv4 default,2283,0.4784333333333333,0.014829063055739927
YOLOv4 default,2284,0.4784333333333333,0.014829063055739927
YOLOv4 default,2285,0.4784333333333333,0.014829063055739927
YOLOv4 default,2286,0.4784333333333333,0.014829063055739927
YOLOv4 default,2287,0.4784333333333333,0.014829063055739927
YOLOv4 default,2288,0.4784333333333333,0.014829063055739927
YOLOv4 default,2289,0.4784333333333333,0.014829063055739927
YOLOv4 default,2290,0.4784333333333333,0.014829063055739927
YOLOv4 default,2291,0.4784333333333333,0.014829063055739927
YOLOv4 default,2292,0.4784333333333333,0.014829063055739927
YOLOv4 default,2293,0.4784333333333333,0.014829063055739927
YOLOv4 default,2294,0.4784333333333333,0.014829063055739927
YOLOv4 default,2295,0.4784333333333333,0.014829063055739927
YOLOv4 default,2296,0.4784333333333333,0.014829063055739927
YOLOv4 default,2297,0.4784333333333333,0.014829063055739927
YOLOv4 default,2298,0.4784333333333333,0.014829063055739927
YOLOv4 default,2299,0.4784333333333333,0.014829063055739927
YOLOv4 default,2300,0.45779422222222216,0.007429461229489921
YOLOv4 default,2301,0.4578,0.014850028058334883
YOLOv4 default,2302,0.4578,0.014850028058334883
YOLOv4 default,2303,0.4578,0.014850028058334883
YOLOv4 default,2304,0.4578,0.014850028058334883
YOLOv4 default,2305,0.4578,0.014850028058334883
YOLOv4 default,2306,0.4578,0.014850028058334883
YOLOv4 default,2307,0.4578,0.014850028058334883
YOLOv4 default,2308,0.4578,0.014850028058334883
YOLOv4 default,2309,0.4578,0.014850028058334883
YOLOv4 default,2310,0.4578,0.014850028058334883
YOLOv4 default,2311,0.4578,0.014850028058334883
YOLOv4 default,2312,0.4578,0.014850028058334883
YOLOv4 default,2313,0.4578,0.014850028058334883
YOLOv4 default,2314,0.4578,0.014850028058334883
YOLOv4 default,2315,0.4578,0.014850028058334883
YOLOv4 default,2316,0.4578,0.014850028058334883
YOLOv4 default,2317,0.4578,0.014850028058334883
YOLOv4 default,2318,0.4578,0.014850028058334883
YOLOv4 default,2319,0.4578,0.014850028058334883
YOLOv4 default,2320,0.4578,0.014850028058334883
YOLOv4 default,2321,0.4578,0.014850028058334883
YOLOv4 default,2322,0.4578,0.014850028058334883
YOLOv4 default,2323,0.4578,0.014850028058334883
YOLOv4 default,2324,0.4578,0.014850028058334883
YOLOv4 default,2325,0.4578,0.014850028058334883
YOLOv4 default,2326,0.4578,0.014850028058334883
YOLOv4 default,2327,0.4578,0.014850028058334883
YOLOv4 default,2328,0.4578,0.014850028058334883
YOLOv4 default,2329,0.4578,0.014850028058334883
YOLOv4 default,2330,0.4578,0.014850028058334883
YOLOv4 default,2331,0.4578,0.014850028058334883
YOLOv4 default,2332,0.4578,0.014850028058334883
YOLOv4 default,2333,0.4578,0.014850028058334883
YOLOv4 default,2334,0.4578,0.014850028058334883
YOLOv4 default,2335,0.4578,0.014850028058334883
YOLOv4 default,2336,0.4578,0.014850028058334883
YOLOv4 default,2337,0.4578,0.014850028058334883
YOLOv4 default,2338,0.4578,0.014850028058334883
YOLOv4 default,2339,0.4578,0.014850028058334883
YOLOv4 default,2340,0.4578,0.014850028058334883
YOLOv4 default,2341,0.4578,0.014850028058334883
YOLOv4 default,2342,0.4578,0.014850028058334883
YOLOv4 default,2343,0.4578,0.014850028058334883
YOLOv4 default,2344,0.4578,0.014850028058334883
YOLOv4 default,2345,0.4578,0.014850028058334883
YOLOv4 default,2346,0.4578,0.014850028058334883
YOLOv4 default,2347,0.4578,0.014850028058334883
YOLOv4 default,2348,0.4578,0.014850028058334883
YOLOv4 default,2349,0.4578,0.014850028058334883
YOLOv4 default,2350,0.4578,0.014850028058334883
YOLOv4 default,2351,0.4578,0.014850028058334883
YOLOv4 default,2352,0.4578,0.014850028058334883
YOLOv4 default,2353,0.4578,0.014850028058334883
YOLOv4 default,2354,0.4578,0.014850028058334883
YOLOv4 default,2355,0.4578,0.014850028058334883
YOLOv4 default,2356,0.4578,0.014850028058334883
YOLOv4 default,2357,0.4578,0.014850028058334883
YOLOv4 default,2358,0.4578,0.014850028058334883
YOLOv4 default,2359,0.4578,0.014850028058334883
YOLOv4 default,2360,0.4578,0.014850028058334883
YOLOv4 default,2361,0.4578,0.014850028058334883
YOLOv4 default,2362,0.4578,0.014850028058334883
YOLOv4 default,2363,0.4578,0.014850028058334883
YOLOv4 default,2364,0.4578,0.014850028058334883
YOLOv4 default,2365,0.4578,0.014850028058334883
YOLOv4 default,2366,0.4578,0.014850028058334883
YOLOv4 default,2367,0.4578,0.014850028058334883
YOLOv4 default,2368,0.4578,0.014850028058334883
YOLOv4 default,2369,0.4578,0.014850028058334883
YOLOv4 default,2370,0.4578,0.014850028058334883
YOLOv4 default,2371,0.4578,0.014850028058334883
YOLOv4 default,2372,0.4578,0.014850028058334883
YOLOv4 default,2373,0.4578,0.014850028058334883
YOLOv4 default,2374,0.4578,0.014850028058334883
YOLOv4 default,2375,0.4578,0.014850028058334883
YOLOv4 default,2376,0.4578,0.014850028058334883
YOLOv4 default,2377,0.4578,0.014850028058334883
YOLOv4 default,2378,0.4578,0.014850028058334883
YOLOv4 default,2379,0.4578,0.014850028058334883
YOLOv4 default,2380,0.4578,0.014850028058334883
YOLOv4 default,2381,0.4578,0.014850028058334883
YOLOv4 default,2382,0.4578,0.014850028058334883
YOLOv4 default,2383,0.4578,0.014850028058334883
YOLOv4 default,2384,0.4578,0.014850028058334883
YOLOv4 default,2385,0.4578,0.014850028058334883
YOLOv4 default,2386,0.4578,0.014850028058334883
YOLOv4 default,2387,0.4578,0.014850028058334883
YOLOv4 default,2388,0.4578,0.014850028058334883
YOLOv4 default,2389,0.4578,0.014850028058334883
YOLOv4 default,2390,0.4578,0.014850028058334883
YOLOv4 default,2391,0.4578,0.014850028058334883
YOLOv4 default,2392,0.4578,0.014850028058334883
YOLOv4 default,2393,0.4578,0.014850028058334883
YOLOv4 default,2394,0.4578,0.014850028058334883
YOLOv4 default,2395,0.4578,0.014850028058334883
YOLOv4 default,2396,0.4578,0.014850028058334883
YOLOv4 default,2397,0.4578,0.014850028058334883
YOLOv4 default,2398,0.4578,0.014850028058334883
YOLOv4 default,2399,0.4578,0.014850028058334883
YOLOv4 default,2400,0.4923708888888888,0.0019088854182803788
YOLOv4 default,2401,0.4923666666666667,0.0038228843095815196
YOLOv4 default,2402,0.4923666666666667,0.0038228843095815196
YOLOv4 default,2403,0.4923666666666667,0.0038228843095815196
YOLOv4 default,2404,0.4923666666666667,0.0038228843095815196
YOLOv4 default,2405,0.4923666666666667,0.0038228843095815196
YOLOv4 default,2406,0.4923666666666667,0.0038228843095815196
YOLOv4 default,2407,0.4923666666666667,0.0038228843095815196
YOLOv4 default,2408,0.4923666666666667,0.0038228843095815196
YOLOv4 default,2409,0.4923666666666667,0.0038228843095815196
YOLOv4 default,2410,0.4923666666666667,0.0038228843095815196
YOLOv4 default,2411,0.4923666666666667,0.0038228843095815196
YOLOv4 default,2412,0.4923666666666667,0.0038228843095815196
YOLOv4 default,2413,0.4923666666666667,0.0038228843095815196
YOLOv4 default,2414,0.4923666666666667,0.0038228843095815196
YOLOv4 default,2415,0.4923666666666667,0.0038228843095815196
YOLOv4 default,2416,0.4923666666666667,0.0038228843095815196
YOLOv4 default,2417,0.4923666666666667,0.0038228843095815196
YOLOv4 default,2418,0.4923666666666667,0.0038228843095815196
YOLOv4 default,2419,0.4923666666666667,0.0038228843095815196
YOLOv4 default,2420,0.4923666666666667,0.0038228843095815196
YOLOv4 default,2421,0.4923666666666667,0.0038228843095815196
YOLOv4 default,2422,0.4923666666666667,0.0038228843095815196
YOLOv4 default,2423,0.4923666666666667,0.0038228843095815196
YOLOv4 default,2424,0.4923666666666667,0.0038228843095815196
YOLOv4 default,2425,0.4923666666666667,0.0038228843095815196
YOLOv4 default,2426,0.4923666666666667,0.0038228843095815196
YOLOv4 default,2427,0.4923666666666667,0.0038228843095815196
YOLOv4 default,2428,0.4923666666666667,0.0038228843095815196
YOLOv4 default,2429,0.4923666666666667,0.0038228843095815196
YOLOv4 default,2430,0.4923666666666667,0.0038228843095815196
YOLOv4 default,2431,0.4923666666666667,0.0038228843095815196
YOLOv4 default,2432,0.4923666666666667,0.0038228843095815196
YOLOv4 default,2433,0.4923666666666667,0.0038228843095815196
YOLOv4 default,2434,0.4923666666666667,0.0038228843095815196
YOLOv4 default,2435,0.4923666666666667,0.0038228843095815196
YOLOv4 default,2436,0.4923666666666667,0.0038228843095815196
YOLOv4 default,2437,0.4923666666666667,0.0038228843095815196
YOLOv4 default,2438,0.4923666666666667,0.0038228843095815196
YOLOv4 default,2439,0.4923666666666667,0.0038228843095815196
YOLOv4 default,2440,0.4923666666666667,0.0038228843095815196
YOLOv4 default,2441,0.4923666666666667,0.0038228843095815196
YOLOv4 default,2442,0.4923666666666667,0.0038228843095815196
YOLOv4 default,2443,0.4923666666666667,0.0038228843095815196
YOLOv4 default,2444,0.4923666666666667,0.0038228843095815196
YOLOv4 default,2445,0.4923666666666667,0.0038228843095815196
YOLOv4 default,2446,0.4923666666666667,0.0038228843095815196
YOLOv4 default,2447,0.4923666666666667,0.0038228843095815196
YOLOv4 default,2448,0.4923666666666667,0.0038228843095815196
YOLOv4 default,2449,0.4923666666666667,0.0038228843095815196
YOLOv4 default,2450,0.4923666666666667,0.0038228843095815196
YOLOv4 default,2451,0.4923666666666667,0.0038228843095815196
YOLOv4 default,2452,0.4923666666666667,0.0038228843095815196
YOLOv4 default,2453,0.4923666666666667,0.0038228843095815196
YOLOv4 default,2454,0.4923666666666667,0.0038228843095815196
YOLOv4 default,2455,0.4923666666666667,0.0038228843095815196
YOLOv4 default,2456,0.4923666666666667,0.0038228843095815196
YOLOv4 default,2457,0.4923666666666667,0.0038228843095815196
YOLOv4 default,2458,0.4923666666666667,0.0038228843095815196
YOLOv4 default,2459,0.4923666666666667,0.0038228843095815196
YOLOv4 default,2460,0.4923666666666667,0.0038228843095815196
YOLOv4 default,2461,0.4923666666666667,0.0038228843095815196
YOLOv4 default,2462,0.4923666666666667,0.0038228843095815196
YOLOv4 default,2463,0.4923666666666667,0.0038228843095815196
YOLOv4 default,2464,0.4923666666666667,0.0038228843095815196
YOLOv4 default,2465,0.4923666666666667,0.0038228843095815196
YOLOv4 default,2466,0.4923666666666667,0.0038228843095815196
YOLOv4 default,2467,0.4923666666666667,0.0038228843095815196
YOLOv4 default,2468,0.4923666666666667,0.0038228843095815196
YOLOv4 default,2469,0.4923666666666667,0.0038228843095815196
YOLOv4 default,2470,0.4923666666666667,0.0038228843095815196
YOLOv4 default,2471,0.4923666666666667,0.0038228843095815196
YOLOv4 default,2472,0.4923666666666667,0.0038228843095815196
YOLOv4 default,2473,0.4923666666666667,0.0038228843095815196
YOLOv4 default,2474,0.4923666666666667,0.0038228843095815196
YOLOv4 default,2475,0.4923666666666667,0.0038228843095815196
YOLOv4 default,2476,0.4923666666666667,0.0038228843095815196
YOLOv4 default,2477,0.4923666666666667,0.0038228843095815196
YOLOv4 default,2478,0.4923666666666667,0.0038228843095815196
YOLOv4 default,2479,0.4923666666666667,0.0038228843095815196
YOLOv4 default,2480,0.4923666666666667,0.0038228843095815196
YOLOv4 default,2481,0.4923666666666667,0.0038228843095815196
YOLOv4 default,2482,0.4923666666666667,0.0038228843095815196
YOLOv4 default,2483,0.4923666666666667,0.0038228843095815196
YOLOv4 default,2484,0.4923666666666667,0.0038228843095815196
YOLOv4 default,2485,0.4923666666666667,0.0038228843095815196
YOLOv4 default,2486,0.4923666666666667,0.0038228843095815196
YOLOv4 default,2487,0.4923666666666667,0.0038228843095815196
YOLOv4 default,2488,0.4923666666666667,0.0038228843095815196
YOLOv4 default,2489,0.4923666666666667,0.0038228843095815196
YOLOv4 default,2490,0.4923666666666667,0.0038228843095815196
YOLOv4 default,2491,0.4923666666666667,0.0038228843095815196
YOLOv4 default,2492,0.4923666666666667,0.0038228843095815196
YOLOv4 default,2493,0.4923666666666667,0.0038228843095815196
YOLOv4 default,2494,0.4923666666666667,0.0038228843095815196
YOLOv4 default,2495,0.4923666666666667,0.0038228843095815196
YOLOv4 default,2496,0.4923666666666667,0.0038228843095815196
YOLOv4 default,2497,0.4923666666666667,0.0038228843095815196
YOLOv4 default,2498,0.4923666666666667,0.0038228843095815196
YOLOv4 default,2499,0.4923666666666667,0.0038228843095815196
YOLOv4 default,2500,0.4888835555555555,0.00364870636554592
YOLOv4 default,2501,0.48889999999999995,0.007305021104236008
YOLOv4 default,2502,0.48889999999999995,0.007305021104236008
YOLOv4 default,2503,0.48889999999999995,0.007305021104236008
YOLOv4 default,2504,0.48889999999999995,0.007305021104236008
YOLOv4 default,2505,0.48889999999999995,0.007305021104236008
YOLOv4 default,2506,0.48889999999999995,0.007305021104236008
YOLOv4 default,2507,0.48889999999999995,0.007305021104236008
YOLOv4 default,2508,0.48889999999999995,0.007305021104236008
YOLOv4 default,2509,0.48889999999999995,0.007305021104236008
YOLOv4 default,2510,0.48889999999999995,0.007305021104236008
YOLOv4 default,2511,0.48889999999999995,0.007305021104236008
YOLOv4 default,2512,0.48889999999999995,0.007305021104236008
YOLOv4 default,2513,0.48889999999999995,0.007305021104236008
YOLOv4 default,2514,0.48889999999999995,0.007305021104236008
YOLOv4 default,2515,0.48889999999999995,0.007305021104236008
YOLOv4 default,2516,0.48889999999999995,0.007305021104236008
YOLOv4 default,2517,0.48889999999999995,0.007305021104236008
YOLOv4 default,2518,0.48889999999999995,0.007305021104236008
YOLOv4 default,2519,0.48889999999999995,0.007305021104236008
YOLOv4 default,2520,0.48889999999999995,0.007305021104236008
YOLOv4 default,2521,0.48889999999999995,0.007305021104236008
YOLOv4 default,2522,0.48889999999999995,0.007305021104236008
YOLOv4 default,2523,0.48889999999999995,0.007305021104236008
YOLOv4 default,2524,0.48889999999999995,0.007305021104236008
YOLOv4 default,2525,0.48889999999999995,0.007305021104236008
YOLOv4 default,2526,0.48889999999999995,0.007305021104236008
YOLOv4 default,2527,0.48889999999999995,0.007305021104236008
YOLOv4 default,2528,0.48889999999999995,0.007305021104236008
YOLOv4 default,2529,0.48889999999999995,0.007305021104236008
YOLOv4 default,2530,0.48889999999999995,0.007305021104236008
YOLOv4 default,2531,0.48889999999999995,0.007305021104236008
YOLOv4 default,2532,0.48889999999999995,0.007305021104236008
YOLOv4 default,2533,0.48889999999999995,0.007305021104236008
YOLOv4 default,2534,0.48889999999999995,0.007305021104236008
YOLOv4 default,2535,0.48889999999999995,0.007305021104236008
YOLOv4 default,2536,0.48889999999999995,0.007305021104236008
YOLOv4 default,2537,0.48889999999999995,0.007305021104236008
YOLOv4 default,2538,0.48889999999999995,0.007305021104236008
YOLOv4 default,2539,0.48889999999999995,0.007305021104236008
YOLOv4 default,2540,0.48889999999999995,0.007305021104236008
YOLOv4 default,2541,0.48889999999999995,0.007305021104236008
YOLOv4 default,2542,0.48889999999999995,0.007305021104236008
YOLOv4 default,2543,0.48889999999999995,0.007305021104236008
YOLOv4 default,2544,0.48889999999999995,0.007305021104236008
YOLOv4 default,2545,0.48889999999999995,0.007305021104236008
YOLOv4 default,2546,0.48889999999999995,0.007305021104236008
YOLOv4 default,2547,0.48889999999999995,0.007305021104236008
YOLOv4 default,2548,0.48889999999999995,0.007305021104236008
YOLOv4 default,2549,0.48889999999999995,0.007305021104236008
YOLOv4 default,2550,0.48889999999999995,0.007305021104236008
YOLOv4 default,2551,0.48889999999999995,0.007305021104236008
YOLOv4 default,2552,0.48889999999999995,0.007305021104236008
YOLOv4 default,2553,0.48889999999999995,0.007305021104236008
YOLOv4 default,2554,0.48889999999999995,0.007305021104236008
YOLOv4 default,2555,0.48889999999999995,0.007305021104236008
YOLOv4 default,2556,0.48889999999999995,0.007305021104236008
YOLOv4 default,2557,0.48889999999999995,0.007305021104236008
YOLOv4 default,2558,0.48889999999999995,0.007305021104236008
YOLOv4 default,2559,0.48889999999999995,0.007305021104236008
YOLOv4 default,2560,0.48889999999999995,0.007305021104236008
YOLOv4 default,2561,0.48889999999999995,0.007305021104236008
YOLOv4 default,2562,0.48889999999999995,0.007305021104236008
YOLOv4 default,2563,0.48889999999999995,0.007305021104236008
YOLOv4 default,2564,0.48889999999999995,0.007305021104236008
YOLOv4 default,2565,0.48889999999999995,0.007305021104236008
YOLOv4 default,2566,0.48889999999999995,0.007305021104236008
YOLOv4 default,2567,0.48889999999999995,0.007305021104236008
YOLOv4 default,2568,0.48889999999999995,0.007305021104236008
YOLOv4 default,2569,0.48889999999999995,0.007305021104236008
YOLOv4 default,2570,0.48889999999999995,0.007305021104236008
YOLOv4 default,2571,0.48889999999999995,0.007305021104236008
YOLOv4 default,2572,0.48889999999999995,0.007305021104236008
YOLOv4 default,2573,0.48889999999999995,0.007305021104236008
YOLOv4 default,2574,0.48889999999999995,0.007305021104236008
YOLOv4 default,2575,0.48889999999999995,0.007305021104236008
YOLOv4 default,2576,0.48889999999999995,0.007305021104236008
YOLOv4 default,2577,0.48889999999999995,0.007305021104236008
YOLOv4 default,2578,0.48889999999999995,0.007305021104236008
YOLOv4 default,2579,0.48889999999999995,0.007305021104236008
YOLOv4 default,2580,0.48889999999999995,0.007305021104236008
YOLOv4 default,2581,0.48889999999999995,0.007305021104236008
YOLOv4 default,2582,0.48889999999999995,0.007305021104236008
YOLOv4 default,2583,0.48889999999999995,0.007305021104236008
YOLOv4 default,2584,0.48889999999999995,0.007305021104236008
YOLOv4 default,2585,0.48889999999999995,0.007305021104236008
YOLOv4 default,2586,0.48889999999999995,0.007305021104236008
YOLOv4 default,2587,0.48889999999999995,0.007305021104236008
YOLOv4 default,2588,0.48889999999999995,0.007305021104236008
YOLOv4 default,2589,0.48889999999999995,0.007305021104236008
YOLOv4 default,2590,0.48889999999999995,0.007305021104236008
YOLOv4 default,2591,0.48889999999999995,0.007305021104236008
YOLOv4 default,2592,0.48889999999999995,0.007305021104236008
YOLOv4 default,2593,0.48889999999999995,0.007305021104236008
YOLOv4 default,2594,0.48889999999999995,0.007305021104236008
YOLOv4 default,2595,0.48889999999999995,0.007305021104236008
YOLOv4 default,2596,0.48889999999999995,0.007305021104236008
YOLOv4 default,2597,0.48889999999999995,0.007305021104236008
YOLOv4 default,2598,0.48889999999999995,0.007305021104236008
YOLOv4 default,2599,0.48889999999999995,0.007305021104236008
YOLOv4 default,2600,0.4918593333333333,0.0031278120192520867
YOLOv4 default,2601,0.4918666666666667,0.006258150241440715
YOLOv4 default,2602,0.4918666666666667,0.006258150241440715
YOLOv4 default,2603,0.4918666666666667,0.006258150241440715
YOLOv4 default,2604,0.4918666666666667,0.006258150241440715
YOLOv4 default,2605,0.4918666666666667,0.006258150241440715
YOLOv4 default,2606,0.4918666666666667,0.006258150241440715
YOLOv4 default,2607,0.4918666666666667,0.006258150241440715
YOLOv4 default,2608,0.4918666666666667,0.006258150241440715
YOLOv4 default,2609,0.4918666666666667,0.006258150241440715
YOLOv4 default,2610,0.4918666666666667,0.006258150241440715
YOLOv4 default,2611,0.4918666666666667,0.006258150241440715
YOLOv4 default,2612,0.4918666666666667,0.006258150241440715
YOLOv4 default,2613,0.4918666666666667,0.006258150241440715
YOLOv4 default,2614,0.4918666666666667,0.006258150241440715
YOLOv4 default,2615,0.4918666666666667,0.006258150241440715
YOLOv4 default,2616,0.4918666666666667,0.006258150241440715
YOLOv4 default,2617,0.4918666666666667,0.006258150241440715
YOLOv4 default,2618,0.4918666666666667,0.006258150241440715
YOLOv4 default,2619,0.4918666666666667,0.006258150241440715
YOLOv4 default,2620,0.4918666666666667,0.006258150241440715
YOLOv4 default,2621,0.4918666666666667,0.006258150241440715
YOLOv4 default,2622,0.4918666666666667,0.006258150241440715
YOLOv4 default,2623,0.4918666666666667,0.006258150241440715
YOLOv4 default,2624,0.4918666666666667,0.006258150241440715
YOLOv4 default,2625,0.4918666666666667,0.006258150241440715
YOLOv4 default,2626,0.4918666666666667,0.006258150241440715
YOLOv4 default,2627,0.4918666666666667,0.006258150241440715
YOLOv4 default,2628,0.4918666666666667,0.006258150241440715
YOLOv4 default,2629,0.4918666666666667,0.006258150241440715
YOLOv4 default,2630,0.4918666666666667,0.006258150241440715
YOLOv4 default,2631,0.4918666666666667,0.006258150241440715
YOLOv4 default,2632,0.4918666666666667,0.006258150241440715
YOLOv4 default,2633,0.4918666666666667,0.006258150241440715
YOLOv4 default,2634,0.4918666666666667,0.006258150241440715
YOLOv4 default,2635,0.4918666666666667,0.006258150241440715
YOLOv4 default,2636,0.4918666666666667,0.006258150241440715
YOLOv4 default,2637,0.4918666666666667,0.006258150241440715
YOLOv4 default,2638,0.4918666666666667,0.006258150241440715
YOLOv4 default,2639,0.4918666666666667,0.006258150241440715
YOLOv4 default,2640,0.4918666666666667,0.006258150241440715
YOLOv4 default,2641,0.4918666666666667,0.006258150241440715
YOLOv4 default,2642,0.4918666666666667,0.006258150241440715
YOLOv4 default,2643,0.4918666666666667,0.006258150241440715
YOLOv4 default,2644,0.4918666666666667,0.006258150241440715
YOLOv4 default,2645,0.4918666666666667,0.006258150241440715
YOLOv4 default,2646,0.4918666666666667,0.006258150241440715
YOLOv4 default,2647,0.4918666666666667,0.006258150241440715
YOLOv4 default,2648,0.4918666666666667,0.006258150241440715
YOLOv4 default,2649,0.4918666666666667,0.006258150241440715
YOLOv4 default,2650,0.4918666666666667,0.006258150241440715
YOLOv4 default,2651,0.4918666666666667,0.006258150241440715
YOLOv4 default,2652,0.4918666666666667,0.006258150241440715
YOLOv4 default,2653,0.4918666666666667,0.006258150241440715
YOLOv4 default,2654,0.4918666666666667,0.006258150241440715
YOLOv4 default,2655,0.4918666666666667,0.006258150241440715
YOLOv4 default,2656,0.4918666666666667,0.006258150241440715
YOLOv4 default,2657,0.4918666666666667,0.006258150241440715
YOLOv4 default,2658,0.4918666666666667,0.006258150241440715
YOLOv4 default,2659,0.4918666666666667,0.006258150241440715
YOLOv4 default,2660,0.4918666666666667,0.006258150241440715
YOLOv4 default,2661,0.4918666666666667,0.006258150241440715
YOLOv4 default,2662,0.4918666666666667,0.006258150241440715
YOLOv4 default,2663,0.4918666666666667,0.006258150241440715
YOLOv4 default,2664,0.4918666666666667,0.006258150241440715
YOLOv4 default,2665,0.4918666666666667,0.006258150241440715
YOLOv4 default,2666,0.4918666666666667,0.006258150241440715
YOLOv4 default,2667,0.4918666666666667,0.006258150241440715
YOLOv4 default,2668,0.4918666666666667,0.006258150241440715
YOLOv4 default,2669,0.4918666666666667,0.006258150241440715
YOLOv4 default,2670,0.4918666666666667,0.006258150241440715
YOLOv4 default,2671,0.4918666666666667,0.006258150241440715
YOLOv4 default,2672,0.4918666666666667,0.006258150241440715
YOLOv4 default,2673,0.4918666666666667,0.006258150241440715
YOLOv4 default,2674,0.4918666666666667,0.006258150241440715
YOLOv4 default,2675,0.4918666666666667,0.006258150241440715
YOLOv4 default,2676,0.4918666666666667,0.006258150241440715
YOLOv4 default,2677,0.4918666666666667,0.006258150241440715
YOLOv4 default,2678,0.4918666666666667,0.006258150241440715
YOLOv4 default,2679,0.4918666666666667,0.006258150241440715
YOLOv4 default,2680,0.4918666666666667,0.006258150241440715
YOLOv4 default,2681,0.4918666666666667,0.006258150241440715
YOLOv4 default,2682,0.4918666666666667,0.006258150241440715
YOLOv4 default,2683,0.4918666666666667,0.006258150241440715
YOLOv4 default,2684,0.4918666666666667,0.006258150241440715
YOLOv4 default,2685,0.4918666666666667,0.006258150241440715
YOLOv4 default,2686,0.4918666666666667,0.006258150241440715
YOLOv4 default,2687,0.4918666666666667,0.006258150241440715
YOLOv4 default,2688,0.4918666666666667,0.006258150241440715
YOLOv4 default,2689,0.4918666666666667,0.006258150241440715
YOLOv4 default,2690,0.4918666666666667,0.006258150241440715
YOLOv4 default,2691,0.4918666666666667,0.006258150241440715
YOLOv4 default,2692,0.4918666666666667,0.006258150241440715
YOLOv4 default,2693,0.4918666666666667,0.006258150241440715
YOLOv4 default,2694,0.4918666666666667,0.006258150241440715
YOLOv4 default,2695,0.4918666666666667,0.006258150241440715
YOLOv4 default,2696,0.4918666666666667,0.006258150241440715
YOLOv4 default,2697,0.4918666666666667,0.006258150241440715
YOLOv4 default,2698,0.4918666666666667,0.006258150241440715
YOLOv4 default,2699,0.4918666666666667,0.006258150241440715
YOLOv4 default,2700,0.5161944444444444,0.003132261244386617
YOLOv4 default,2701,0.5162,0.0062745517768204185
YOLOv4 default,2702,0.5162,0.0062745517768204185
YOLOv4 default,2703,0.5162,0.0062745517768204185
YOLOv4 default,2704,0.5162,0.0062745517768204185
YOLOv4 default,2705,0.5162,0.0062745517768204185
YOLOv4 default,2706,0.5162,0.0062745517768204185
YOLOv4 default,2707,0.5162,0.0062745517768204185
YOLOv4 default,2708,0.5162,0.0062745517768204185
YOLOv4 default,2709,0.5162,0.0062745517768204185
YOLOv4 default,2710,0.5162,0.0062745517768204185
YOLOv4 default,2711,0.5162,0.0062745517768204185
YOLOv4 default,2712,0.5162,0.0062745517768204185
YOLOv4 default,2713,0.5162,0.0062745517768204185
YOLOv4 default,2714,0.5162,0.0062745517768204185
YOLOv4 default,2715,0.5162,0.0062745517768204185
YOLOv4 default,2716,0.5162,0.0062745517768204185
YOLOv4 default,2717,0.5162,0.0062745517768204185
YOLOv4 default,2718,0.5162,0.0062745517768204185
YOLOv4 default,2719,0.5162,0.0062745517768204185
YOLOv4 default,2720,0.5162,0.0062745517768204185
YOLOv4 default,2721,0.5162,0.0062745517768204185
YOLOv4 default,2722,0.5162,0.0062745517768204185
YOLOv4 default,2723,0.5162,0.0062745517768204185
YOLOv4 default,2724,0.5162,0.0062745517768204185
YOLOv4 default,2725,0.5162,0.0062745517768204185
YOLOv4 default,2726,0.5162,0.0062745517768204185
YOLOv4 default,2727,0.5162,0.0062745517768204185
YOLOv4 default,2728,0.5162,0.0062745517768204185
YOLOv4 default,2729,0.5162,0.0062745517768204185
YOLOv4 default,2730,0.5162,0.0062745517768204185
YOLOv4 default,2731,0.5162,0.0062745517768204185
YOLOv4 default,2732,0.5162,0.0062745517768204185
YOLOv4 default,2733,0.5162,0.0062745517768204185
YOLOv4 default,2734,0.5162,0.0062745517768204185
YOLOv4 default,2735,0.5162,0.0062745517768204185
YOLOv4 default,2736,0.5162,0.0062745517768204185
YOLOv4 default,2737,0.5162,0.0062745517768204185
YOLOv4 default,2738,0.5162,0.0062745517768204185
YOLOv4 default,2739,0.5162,0.0062745517768204185
YOLOv4 default,2740,0.5162,0.0062745517768204185
YOLOv4 default,2741,0.5162,0.0062745517768204185
YOLOv4 default,2742,0.5162,0.0062745517768204185
YOLOv4 default,2743,0.5162,0.0062745517768204185
YOLOv4 default,2744,0.5162,0.0062745517768204185
YOLOv4 default,2745,0.5162,0.0062745517768204185
YOLOv4 default,2746,0.5162,0.0062745517768204185
YOLOv4 default,2747,0.5162,0.0062745517768204185
YOLOv4 default,2748,0.5162,0.0062745517768204185
YOLOv4 default,2749,0.5162,0.0062745517768204185
YOLOv4 default,2750,0.5162,0.0062745517768204185
YOLOv4 default,2751,0.5162,0.0062745517768204185
YOLOv4 default,2752,0.5162,0.0062745517768204185
YOLOv4 default,2753,0.5162,0.0062745517768204185
YOLOv4 default,2754,0.5162,0.0062745517768204185
YOLOv4 default,2755,0.5162,0.0062745517768204185
YOLOv4 default,2756,0.5162,0.0062745517768204185
YOLOv4 default,2757,0.5162,0.0062745517768204185
YOLOv4 default,2758,0.5162,0.0062745517768204185
YOLOv4 default,2759,0.5162,0.0062745517768204185
YOLOv4 default,2760,0.5162,0.0062745517768204185
YOLOv4 default,2761,0.5162,0.0062745517768204185
YOLOv4 default,2762,0.5162,0.0062745517768204185
YOLOv4 default,2763,0.5162,0.0062745517768204185
YOLOv4 default,2764,0.5162,0.0062745517768204185
YOLOv4 default,2765,0.5162,0.0062745517768204185
YOLOv4 default,2766,0.5162,0.0062745517768204185
YOLOv4 default,2767,0.5162,0.0062745517768204185
YOLOv4 default,2768,0.5162,0.0062745517768204185
YOLOv4 default,2769,0.5162,0.0062745517768204185
YOLOv4 default,2770,0.5162,0.0062745517768204185
YOLOv4 default,2771,0.5162,0.0062745517768204185
YOLOv4 default,2772,0.5162,0.0062745517768204185
YOLOv4 default,2773,0.5162,0.0062745517768204185
YOLOv4 default,2774,0.5162,0.0062745517768204185
YOLOv4 default,2775,0.5162,0.0062745517768204185
YOLOv4 default,2776,0.5162,0.0062745517768204185
YOLOv4 default,2777,0.5162,0.0062745517768204185
YOLOv4 default,2778,0.5162,0.0062745517768204185
YOLOv4 default,2779,0.5162,0.0062745517768204185
YOLOv4 default,2780,0.5162,0.0062745517768204185
YOLOv4 default,2781,0.5162,0.0062745517768204185
YOLOv4 default,2782,0.5162,0.0062745517768204185
YOLOv4 default,2783,0.5162,0.0062745517768204185
YOLOv4 default,2784,0.5162,0.0062745517768204185
YOLOv4 default,2785,0.5162,0.0062745517768204185
YOLOv4 default,2786,0.5162,0.0062745517768204185
YOLOv4 default,2787,0.5162,0.0062745517768204185
YOLOv4 default,2788,0.5162,0.0062745517768204185
YOLOv4 default,2789,0.5162,0.0062745517768204185
YOLOv4 default,2790,0.5162,0.0062745517768204185
YOLOv4 default,2791,0.5162,0.0062745517768204185
YOLOv4 default,2792,0.5162,0.0062745517768204185
YOLOv4 default,2793,0.5162,0.0062745517768204185
YOLOv4 default,2794,0.5162,0.0062745517768204185
YOLOv4 default,2795,0.5162,0.0062745517768204185
YOLOv4 default,2796,0.5162,0.0062745517768204185
YOLOv4 default,2797,0.5162,0.0062745517768204185
YOLOv4 default,2798,0.5162,0.0062745517768204185
YOLOv4 default,2799,0.5162,0.0062745517768204185
YOLOv4 default,2800,0.5420508888888889,0.0049227176873158475
YOLOv4 default,2801,0.5420666666666667,0.009856357226570956
YOLOv4 default,2802,0.5420666666666667,0.009856357226570956
YOLOv4 default,2803,0.5420666666666667,0.009856357226570956
YOLOv4 default,2804,0.5420666666666667,0.009856357226570956
YOLOv4 default,2805,0.5420666666666667,0.009856357226570956
YOLOv4 default,2806,0.5420666666666667,0.009856357226570956
YOLOv4 default,2807,0.5420666666666667,0.009856357226570956
YOLOv4 default,2808,0.5420666666666667,0.009856357226570956
YOLOv4 default,2809,0.5420666666666667,0.009856357226570956
YOLOv4 default,2810,0.5420666666666667,0.009856357226570956
YOLOv4 default,2811,0.5420666666666667,0.009856357226570956
YOLOv4 default,2812,0.5420666666666667,0.009856357226570956
YOLOv4 default,2813,0.5420666666666667,0.009856357226570956
YOLOv4 default,2814,0.5420666666666667,0.009856357226570956
YOLOv4 default,2815,0.5420666666666667,0.009856357226570956
YOLOv4 default,2816,0.5420666666666667,0.009856357226570956
YOLOv4 default,2817,0.5420666666666667,0.009856357226570956
YOLOv4 default,2818,0.5420666666666667,0.009856357226570956
YOLOv4 default,2819,0.5420666666666667,0.009856357226570956
YOLOv4 default,2820,0.5420666666666667,0.009856357226570956
YOLOv4 default,2821,0.5420666666666667,0.009856357226570956
YOLOv4 default,2822,0.5420666666666667,0.009856357226570956
YOLOv4 default,2823,0.5420666666666667,0.009856357226570956
YOLOv4 default,2824,0.5420666666666667,0.009856357226570956
YOLOv4 default,2825,0.5420666666666667,0.009856357226570956
YOLOv4 default,2826,0.5420666666666667,0.009856357226570956
YOLOv4 default,2827,0.5420666666666667,0.009856357226570956
YOLOv4 default,2828,0.5420666666666667,0.009856357226570956
YOLOv4 default,2829,0.5420666666666667,0.009856357226570956
YOLOv4 default,2830,0.5420666666666667,0.009856357226570956
YOLOv4 default,2831,0.5420666666666667,0.009856357226570956
YOLOv4 default,2832,0.5420666666666667,0.009856357226570956
YOLOv4 default,2833,0.5420666666666667,0.009856357226570956
YOLOv4 default,2834,0.5420666666666667,0.009856357226570956
YOLOv4 default,2835,0.5420666666666667,0.009856357226570956
YOLOv4 default,2836,0.5420666666666667,0.009856357226570956
YOLOv4 default,2837,0.5420666666666667,0.009856357226570956
YOLOv4 default,2838,0.5420666666666667,0.009856357226570956
YOLOv4 default,2839,0.5420666666666667,0.009856357226570956
YOLOv4 default,2840,0.5420666666666667,0.009856357226570956
YOLOv4 default,2841,0.5420666666666667,0.009856357226570956
YOLOv4 default,2842,0.5420666666666667,0.009856357226570956
YOLOv4 default,2843,0.5420666666666667,0.009856357226570956
YOLOv4 default,2844,0.5420666666666667,0.009856357226570956
YOLOv4 default,2845,0.5420666666666667,0.009856357226570956
YOLOv4 default,2846,0.5420666666666667,0.009856357226570956
YOLOv4 default,2847,0.5420666666666667,0.009856357226570956
YOLOv4 default,2848,0.5420666666666667,0.009856357226570956
YOLOv4 default,2849,0.5420666666666667,0.009856357226570956
YOLOv4 default,2850,0.5420666666666667,0.009856357226570956
YOLOv4 default,2851,0.5420666666666667,0.009856357226570956
YOLOv4 default,2852,0.5420666666666667,0.009856357226570956
YOLOv4 default,2853,0.5420666666666667,0.009856357226570956
YOLOv4 default,2854,0.5420666666666667,0.009856357226570956
YOLOv4 default,2855,0.5420666666666667,0.009856357226570956
YOLOv4 default,2856,0.5420666666666667,0.009856357226570956
YOLOv4 default,2857,0.5420666666666667,0.009856357226570956
YOLOv4 default,2858,0.5420666666666667,0.009856357226570956
YOLOv4 default,2859,0.5420666666666667,0.009856357226570956
YOLOv4 default,2860,0.5420666666666667,0.009856357226570956
YOLOv4 default,2861,0.5420666666666667,0.009856357226570956
YOLOv4 default,2862,0.5420666666666667,0.009856357226570956
YOLOv4 default,2863,0.5420666666666667,0.009856357226570956
YOLOv4 default,2864,0.5420666666666667,0.009856357226570956
YOLOv4 default,2865,0.5420666666666667,0.009856357226570956
YOLOv4 default,2866,0.5420666666666667,0.009856357226570956
YOLOv4 default,2867,0.5420666666666667,0.009856357226570956
YOLOv4 default,2868,0.5420666666666667,0.009856357226570956
YOLOv4 default,2869,0.5420666666666667,0.009856357226570956
YOLOv4 default,2870,0.5420666666666667,0.009856357226570956
YOLOv4 default,2871,0.5420666666666667,0.009856357226570956
YOLOv4 default,2872,0.5420666666666667,0.009856357226570956
YOLOv4 default,2873,0.5420666666666667,0.009856357226570956
YOLOv4 default,2874,0.5420666666666667,0.009856357226570956
YOLOv4 default,2875,0.5420666666666667,0.009856357226570956
YOLOv4 default,2876,0.5420666666666667,0.009856357226570956
YOLOv4 default,2877,0.5420666666666667,0.009856357226570956
YOLOv4 default,2878,0.5420666666666667,0.009856357226570956
YOLOv4 default,2879,0.5420666666666667,0.009856357226570956
YOLOv4 default,2880,0.5420666666666667,0.009856357226570956
YOLOv4 default,2881,0.5420666666666667,0.009856357226570956
YOLOv4 default,2882,0.5420666666666667,0.009856357226570956
YOLOv4 default,2883,0.5420666666666667,0.009856357226570956
YOLOv4 default,2884,0.5420666666666667,0.009856357226570956
YOLOv4 default,2885,0.5420666666666667,0.009856357226570956
YOLOv4 default,2886,0.5420666666666667,0.009856357226570956
YOLOv4 default,2887,0.5420666666666667,0.009856357226570956
YOLOv4 default,2888,0.5420666666666667,0.009856357226570956
YOLOv4 default,2889,0.5420666666666667,0.009856357226570956
YOLOv4 default,2890,0.5420666666666667,0.009856357226570956
YOLOv4 default,2891,0.5420666666666667,0.009856357226570956
YOLOv4 default,2892,0.5420666666666667,0.009856357226570956
YOLOv4 default,2893,0.5420666666666667,0.009856357226570956
YOLOv4 default,2894,0.5420666666666667,0.009856357226570956
YOLOv4 default,2895,0.5420666666666667,0.009856357226570956
YOLOv4 default,2896,0.5420666666666667,0.009856357226570956
YOLOv4 default,2897,0.5420666666666667,0.009856357226570956
YOLOv4 default,2898,0.5420666666666667,0.009856357226570956
YOLOv4 default,2899,0.5420666666666667,0.009856357226570956
YOLOv4 default,2900,0.49732644444444435,0.016796222827792685
YOLOv4 default,2901,0.49733333333333335,0.03359093793139914
YOLOv4 default,2902,0.49733333333333335,0.03359093793139914
YOLOv4 default,2903,0.49733333333333335,0.03359093793139914
YOLOv4 default,2904,0.49733333333333335,0.03359093793139914
YOLOv4 default,2905,0.49733333333333335,0.03359093793139914
YOLOv4 default,2906,0.49733333333333335,0.03359093793139914
YOLOv4 default,2907,0.49733333333333335,0.03359093793139914
YOLOv4 default,2908,0.49733333333333335,0.03359093793139914
YOLOv4 default,2909,0.49733333333333335,0.03359093793139914
YOLOv4 default,2910,0.49733333333333335,0.03359093793139914
YOLOv4 default,2911,0.49733333333333335,0.03359093793139914
YOLOv4 default,2912,0.49733333333333335,0.03359093793139914
YOLOv4 default,2913,0.49733333333333335,0.03359093793139914
YOLOv4 default,2914,0.49733333333333335,0.03359093793139914
YOLOv4 default,2915,0.49733333333333335,0.03359093793139914
YOLOv4 default,2916,0.49733333333333335,0.03359093793139914
YOLOv4 default,2917,0.49733333333333335,0.03359093793139914
YOLOv4 default,2918,0.49733333333333335,0.03359093793139914
YOLOv4 default,2919,0.49733333333333335,0.03359093793139914
YOLOv4 default,2920,0.49733333333333335,0.03359093793139914
YOLOv4 default,2921,0.49733333333333335,0.03359093793139914
YOLOv4 default,2922,0.49733333333333335,0.03359093793139914
YOLOv4 default,2923,0.49733333333333335,0.03359093793139914
YOLOv4 default,2924,0.49733333333333335,0.03359093793139914
YOLOv4 default,2925,0.49733333333333335,0.03359093793139914
YOLOv4 default,2926,0.49733333333333335,0.03359093793139914
YOLOv4 default,2927,0.49733333333333335,0.03359093793139914
YOLOv4 default,2928,0.49733333333333335,0.03359093793139914
YOLOv4 default,2929,0.49733333333333335,0.03359093793139914
YOLOv4 default,2930,0.49733333333333335,0.03359093793139914
YOLOv4 default,2931,0.49733333333333335,0.03359093793139914
YOLOv4 default,2932,0.49733333333333335,0.03359093793139914
YOLOv4 default,2933,0.49733333333333335,0.03359093793139914
YOLOv4 default,2934,0.49733333333333335,0.03359093793139914
YOLOv4 default,2935,0.49733333333333335,0.03359093793139914
YOLOv4 default,2936,0.49733333333333335,0.03359093793139914
YOLOv4 default,2937,0.49733333333333335,0.03359093793139914
YOLOv4 default,2938,0.49733333333333335,0.03359093793139914
YOLOv4 default,2939,0.49733333333333335,0.03359093793139914
YOLOv4 default,2940,0.49733333333333335,0.03359093793139914
YOLOv4 default,2941,0.49733333333333335,0.03359093793139914
YOLOv4 default,2942,0.49733333333333335,0.03359093793139914
YOLOv4 default,2943,0.49733333333333335,0.03359093793139914
YOLOv4 default,2944,0.49733333333333335,0.03359093793139914
YOLOv4 default,2945,0.49733333333333335,0.03359093793139914
YOLOv4 default,2946,0.49733333333333335,0.03359093793139914
YOLOv4 default,2947,0.49733333333333335,0.03359093793139914
YOLOv4 default,2948,0.49733333333333335,0.03359093793139914
YOLOv4 default,2949,0.49733333333333335,0.03359093793139914
YOLOv4 default,2950,0.49733333333333335,0.03359093793139914
YOLOv4 default,2951,0.49733333333333335,0.03359093793139914
YOLOv4 default,2952,0.49733333333333335,0.03359093793139914
YOLOv4 default,2953,0.49733333333333335,0.03359093793139914
YOLOv4 default,2954,0.49733333333333335,0.03359093793139914
YOLOv4 default,2955,0.49733333333333335,0.03359093793139914
YOLOv4 default,2956,0.49733333333333335,0.03359093793139914
YOLOv4 default,2957,0.49733333333333335,0.03359093793139914
YOLOv4 default,2958,0.49733333333333335,0.03359093793139914
YOLOv4 default,2959,0.49733333333333335,0.03359093793139914
YOLOv4 default,2960,0.49733333333333335,0.03359093793139914
YOLOv4 default,2961,0.49733333333333335,0.03359093793139914
YOLOv4 default,2962,0.49733333333333335,0.03359093793139914
YOLOv4 default,2963,0.49733333333333335,0.03359093793139914
YOLOv4 default,2964,0.49733333333333335,0.03359093793139914
YOLOv4 default,2965,0.49733333333333335,0.03359093793139914
YOLOv4 default,2966,0.49733333333333335,0.03359093793139914
YOLOv4 default,2967,0.49733333333333335,0.03359093793139914
YOLOv4 default,2968,0.49733333333333335,0.03359093793139914
YOLOv4 default,2969,0.49733333333333335,0.03359093793139914
YOLOv4 default,2970,0.49733333333333335,0.03359093793139914
YOLOv4 default,2971,0.49733333333333335,0.03359093793139914
YOLOv4 default,2972,0.49733333333333335,0.03359093793139914
YOLOv4 default,2973,0.49733333333333335,0.03359093793139914
YOLOv4 default,2974,0.49733333333333335,0.03359093793139914
YOLOv4 default,2975,0.49733333333333335,0.03359093793139914
YOLOv4 default,2976,0.49733333333333335,0.03359093793139914
YOLOv4 default,2977,0.49733333333333335,0.03359093793139914
YOLOv4 default,2978,0.49733333333333335,0.03359093793139914
YOLOv4 default,2979,0.49733333333333335,0.03359093793139914
YOLOv4 default,2980,0.49733333333333335,0.03359093793139914
YOLOv4 default,2981,0.49733333333333335,0.03359093793139914
YOLOv4 default,2982,0.49733333333333335,0.03359093793139914
YOLOv4 default,2983,0.49733333333333335,0.03359093793139914
YOLOv4 default,2984,0.49733333333333335,0.03359093793139914
YOLOv4 default,2985,0.49733333333333335,0.03359093793139914
YOLOv4 default,2986,0.49733333333333335,0.03359093793139914
YOLOv4 default,2987,0.49733333333333335,0.03359093793139914
YOLOv4 default,2988,0.49733333333333335,0.03359093793139914
YOLOv4 default,2989,0.49733333333333335,0.03359093793139914
YOLOv4 default,2990,0.49733333333333335,0.03359093793139914
YOLOv4 default,2991,0.49733333333333335,0.03359093793139914
YOLOv4 default,2992,0.49733333333333335,0.03359093793139914
YOLOv4 default,2993,0.49733333333333335,0.03359093793139914
YOLOv4 default,2994,0.49733333333333335,0.03359093793139914
YOLOv4 default,2995,0.49733333333333335,0.03359093793139914
YOLOv4 default,2996,0.49733333333333335,0.03359093793139914
YOLOv4 default,2997,0.49733333333333335,0.03359093793139914
YOLOv4 default,2998,0.49733333333333335,0.03359093793139914
YOLOv4 default,2999,0.49733333333333335,0.03359093793139914
YOLOv4 default,3000,0.4940795555555556,0.017283413197429685
YOLOv4 default,3001,0.4941,0.03456650594626732
YOLOv4 default,3002,0.4941,0.03456650594626732
YOLOv4 default,3003,0.4941,0.03456650594626732
YOLOv4 default,3004,0.4941,0.03456650594626732
YOLOv4 default,3005,0.4941,0.03456650594626732
YOLOv4 default,3006,0.4941,0.03456650594626732
YOLOv4 default,3007,0.4941,0.03456650594626732
YOLOv4 default,3008,0.4941,0.03456650594626732
YOLOv4 default,3009,0.4941,0.03456650594626732
YOLOv4 default,3010,0.4941,0.03456650594626732
YOLOv4 default,3011,0.4941,0.03456650594626732
YOLOv4 default,3012,0.4941,0.03456650594626732
YOLOv4 default,3013,0.4941,0.03456650594626732
YOLOv4 default,3014,0.4941,0.03456650594626732
YOLOv4 default,3015,0.4941,0.03456650594626732
YOLOv4 default,3016,0.4941,0.03456650594626732
YOLOv4 default,3017,0.4941,0.03456650594626732
YOLOv4 default,3018,0.4941,0.03456650594626732
YOLOv4 default,3019,0.4941,0.03456650594626732
YOLOv4 default,3020,0.4941,0.03456650594626732
YOLOv4 default,3021,0.4941,0.03456650594626732
YOLOv4 default,3022,0.4941,0.03456650594626732
YOLOv4 default,3023,0.4941,0.03456650594626732
YOLOv4 default,3024,0.4941,0.03456650594626732
YOLOv4 default,3025,0.4941,0.03456650594626732
YOLOv4 default,3026,0.4941,0.03456650594626732
YOLOv4 default,3027,0.4941,0.03456650594626732
YOLOv4 default,3028,0.4941,0.03456650594626732
YOLOv4 default,3029,0.4941,0.03456650594626732
YOLOv4 default,3030,0.4941,0.03456650594626732
YOLOv4 default,3031,0.4941,0.03456650594626732
YOLOv4 default,3032,0.4941,0.03456650594626732
YOLOv4 default,3033,0.4941,0.03456650594626732
YOLOv4 default,3034,0.4941,0.03456650594626732
YOLOv4 default,3035,0.4941,0.03456650594626732
YOLOv4 default,3036,0.4941,0.03456650594626732
YOLOv4 default,3037,0.4941,0.03456650594626732
YOLOv4 default,3038,0.4941,0.03456650594626732
YOLOv4 default,3039,0.4941,0.03456650594626732
YOLOv4 default,3040,0.4941,0.03456650594626732
YOLOv4 default,3041,0.4941,0.03456650594626732
YOLOv4 default,3042,0.4941,0.03456650594626732
YOLOv4 default,3043,0.4941,0.03456650594626732
YOLOv4 default,3044,0.4941,0.03456650594626732
YOLOv4 default,3045,0.4941,0.03456650594626732
YOLOv4 default,3046,0.4941,0.03456650594626732
YOLOv4 default,3047,0.4941,0.03456650594626732
YOLOv4 default,3048,0.4941,0.03456650594626732
YOLOv4 default,3049,0.4941,0.03456650594626732
YOLOv4 default,3050,0.4941,0.03456650594626732
YOLOv4 default,3051,0.4941,0.03456650594626732
YOLOv4 default,3052,0.4941,0.03456650594626732
YOLOv4 default,3053,0.4941,0.03456650594626732
YOLOv4 default,3054,0.4941,0.03456650594626732
YOLOv4 default,3055,0.4941,0.03456650594626732
YOLOv4 default,3056,0.4941,0.03456650594626732
YOLOv4 default,3057,0.4941,0.03456650594626732
YOLOv4 default,3058,0.4941,0.03456650594626732
YOLOv4 default,3059,0.4941,0.03456650594626732
YOLOv4 default,3060,0.4941,0.03456650594626732
YOLOv4 default,3061,0.4941,0.03456650594626732
YOLOv4 default,3062,0.4941,0.03456650594626732
YOLOv4 default,3063,0.4941,0.03456650594626732
YOLOv4 default,3064,0.4941,0.03456650594626732
YOLOv4 default,3065,0.4941,0.03456650594626732
YOLOv4 default,3066,0.4941,0.03456650594626732
YOLOv4 default,3067,0.4941,0.03456650594626732
YOLOv4 default,3068,0.4941,0.03456650594626732
YOLOv4 default,3069,0.4941,0.03456650594626732
YOLOv4 default,3070,0.4941,0.03456650594626732
YOLOv4 default,3071,0.4941,0.03456650594626732
YOLOv4 default,3072,0.4941,0.03456650594626732
YOLOv4 default,3073,0.4941,0.03456650594626732
YOLOv4 default,3074,0.4941,0.03456650594626732
YOLOv4 default,3075,0.4941,0.03456650594626732
YOLOv4 default,3076,0.4941,0.03456650594626732
YOLOv4 default,3077,0.4941,0.03456650594626732
YOLOv4 default,3078,0.4941,0.03456650594626732
YOLOv4 default,3079,0.4941,0.03456650594626732
YOLOv4 default,3080,0.4941,0.03456650594626732
YOLOv4 default,3081,0.4941,0.03456650594626732
YOLOv4 default,3082,0.4941,0.03456650594626732
YOLOv4 default,3083,0.4941,0.03456650594626732
YOLOv4 default,3084,0.4941,0.03456650594626732
YOLOv4 default,3085,0.4941,0.03456650594626732
YOLOv4 default,3086,0.4941,0.03456650594626732
YOLOv4 default,3087,0.4941,0.03456650594626732
YOLOv4 default,3088,0.4941,0.03456650594626732
YOLOv4 default,3089,0.4941,0.03456650594626732
YOLOv4 default,3090,0.4941,0.03456650594626732
YOLOv4 default,3091,0.4941,0.03456650594626732
YOLOv4 default,3092,0.4941,0.03456650594626732
YOLOv4 default,3093,0.4941,0.03456650594626732
YOLOv4 default,3094,0.4941,0.03456650594626732
YOLOv4 default,3095,0.4941,0.03456650594626732
YOLOv4 default,3096,0.4941,0.03456650594626732
YOLOv4 default,3097,0.4941,0.03456650594626732
YOLOv4 default,3098,0.4941,0.03456650594626732
YOLOv4 default,3099,0.4941,0.03456650594626732
YOLOv4 default,3100,0.4973057777777778,0.030622395289585127
YOLOv4 default,3101,0.4973000000000001,0.0612490272031592
YOLOv4 default,3102,0.4973000000000001,0.0612490272031592
YOLOv4 default,3103,0.4973000000000001,0.0612490272031592
YOLOv4 default,3104,0.4973000000000001,0.0612490272031592
YOLOv4 default,3105,0.4973000000000001,0.0612490272031592
YOLOv4 default,3106,0.4973000000000001,0.0612490272031592
YOLOv4 default,3107,0.4973000000000001,0.0612490272031592
YOLOv4 default,3108,0.4973000000000001,0.0612490272031592
YOLOv4 default,3109,0.4973000000000001,0.0612490272031592
YOLOv4 default,3110,0.4973000000000001,0.0612490272031592
YOLOv4 default,3111,0.4973000000000001,0.0612490272031592
YOLOv4 default,3112,0.4973000000000001,0.0612490272031592
YOLOv4 default,3113,0.4973000000000001,0.0612490272031592
YOLOv4 default,3114,0.4973000000000001,0.0612490272031592
YOLOv4 default,3115,0.4973000000000001,0.0612490272031592
YOLOv4 default,3116,0.4973000000000001,0.0612490272031592
YOLOv4 default,3117,0.4973000000000001,0.0612490272031592
YOLOv4 default,3118,0.4973000000000001,0.0612490272031592
YOLOv4 default,3119,0.4973000000000001,0.0612490272031592
YOLOv4 default,3120,0.4973000000000001,0.0612490272031592
YOLOv4 default,3121,0.4973000000000001,0.0612490272031592
YOLOv4 default,3122,0.4973000000000001,0.0612490272031592
YOLOv4 default,3123,0.4973000000000001,0.0612490272031592
YOLOv4 default,3124,0.4973000000000001,0.0612490272031592
YOLOv4 default,3125,0.4973000000000001,0.0612490272031592
YOLOv4 default,3126,0.4973000000000001,0.0612490272031592
YOLOv4 default,3127,0.4973000000000001,0.0612490272031592
YOLOv4 default,3128,0.4973000000000001,0.0612490272031592
YOLOv4 default,3129,0.4973000000000001,0.0612490272031592
YOLOv4 default,3130,0.4973000000000001,0.0612490272031592
YOLOv4 default,3131,0.4973000000000001,0.0612490272031592
YOLOv4 default,3132,0.4973000000000001,0.0612490272031592
YOLOv4 default,3133,0.4973000000000001,0.0612490272031592
YOLOv4 default,3134,0.4973000000000001,0.0612490272031592
YOLOv4 default,3135,0.4973000000000001,0.0612490272031592
YOLOv4 default,3136,0.4973000000000001,0.0612490272031592
YOLOv4 default,3137,0.4973000000000001,0.0612490272031592
YOLOv4 default,3138,0.4973000000000001,0.0612490272031592
YOLOv4 default,3139,0.4973000000000001,0.0612490272031592
YOLOv4 default,3140,0.4973000000000001,0.0612490272031592
YOLOv4 default,3141,0.4973000000000001,0.0612490272031592
YOLOv4 default,3142,0.4973000000000001,0.0612490272031592
YOLOv4 default,3143,0.4973000000000001,0.0612490272031592
YOLOv4 default,3144,0.4973000000000001,0.0612490272031592
YOLOv4 default,3145,0.4973000000000001,0.0612490272031592
YOLOv4 default,3146,0.4973000000000001,0.0612490272031592
YOLOv4 default,3147,0.4973000000000001,0.0612490272031592
YOLOv4 default,3148,0.4973000000000001,0.0612490272031592
YOLOv4 default,3149,0.4973000000000001,0.0612490272031592
YOLOv4 default,3150,0.4973000000000001,0.0612490272031592
YOLOv4 default,3151,0.4973000000000001,0.0612490272031592
YOLOv4 default,3152,0.4973000000000001,0.0612490272031592
YOLOv4 default,3153,0.4973000000000001,0.0612490272031592
YOLOv4 default,3154,0.4973000000000001,0.0612490272031592
YOLOv4 default,3155,0.4973000000000001,0.0612490272031592
YOLOv4 default,3156,0.4973000000000001,0.0612490272031592
YOLOv4 default,3157,0.4973000000000001,0.0612490272031592
YOLOv4 default,3158,0.4973000000000001,0.0612490272031592
YOLOv4 default,3159,0.4973000000000001,0.0612490272031592
YOLOv4 default,3160,0.4973000000000001,0.0612490272031592
YOLOv4 default,3161,0.4973000000000001,0.0612490272031592
YOLOv4 default,3162,0.4973000000000001,0.0612490272031592
YOLOv4 default,3163,0.4973000000000001,0.0612490272031592
YOLOv4 default,3164,0.4973000000000001,0.0612490272031592
YOLOv4 default,3165,0.4973000000000001,0.0612490272031592
YOLOv4 default,3166,0.4973000000000001,0.0612490272031592
YOLOv4 default,3167,0.4973000000000001,0.0612490272031592
YOLOv4 default,3168,0.4973000000000001,0.0612490272031592
YOLOv4 default,3169,0.4973000000000001,0.0612490272031592
YOLOv4 default,3170,0.4973000000000001,0.0612490272031592
YOLOv4 default,3171,0.4973000000000001,0.0612490272031592
YOLOv4 default,3172,0.4973000000000001,0.0612490272031592
YOLOv4 default,3173,0.4973000000000001,0.0612490272031592
YOLOv4 default,3174,0.4973000000000001,0.0612490272031592
YOLOv4 default,3175,0.4973000000000001,0.0612490272031592
YOLOv4 default,3176,0.4973000000000001,0.0612490272031592
YOLOv4 default,3177,0.4973000000000001,0.0612490272031592
YOLOv4 default,3178,0.4973000000000001,0.0612490272031592
YOLOv4 default,3179,0.4973000000000001,0.0612490272031592
YOLOv4 default,3180,0.4973000000000001,0.0612490272031592
YOLOv4 default,3181,0.4973000000000001,0.0612490272031592
YOLOv4 default,3182,0.4973000000000001,0.0612490272031592
YOLOv4 default,3183,0.4973000000000001,0.0612490272031592
YOLOv4 default,3184,0.4973000000000001,0.0612490272031592
YOLOv4 default,3185,0.4973000000000001,0.0612490272031592
YOLOv4 default,3186,0.4973000000000001,0.0612490272031592
YOLOv4 default,3187,0.4973000000000001,0.0612490272031592
YOLOv4 default,3188,0.4973000000000001,0.0612490272031592
YOLOv4 default,3189,0.4973000000000001,0.0612490272031592
YOLOv4 default,3190,0.4973000000000001,0.0612490272031592
YOLOv4 default,3191,0.4973000000000001,0.0612490272031592
YOLOv4 default,3192,0.4973000000000001,0.0612490272031592
YOLOv4 default,3193,0.4973000000000001,0.0612490272031592
YOLOv4 default,3194,0.4973000000000001,0.0612490272031592
YOLOv4 default,3195,0.4973000000000001,0.0612490272031592
YOLOv4 default,3196,0.4973000000000001,0.0612490272031592
YOLOv4 default,3197,0.4973000000000001,0.0612490272031592
YOLOv4 default,3198,0.4973000000000001,0.0612490272031592
YOLOv4 default,3199,0.4973000000000001,0.0612490272031592
YOLOv4 default,3200,0.5176232222222221,0.008353720920407232
YOLOv4 default,3201,0.5176000000000001,0.016709977059629184
YOLOv4 default,3202,0.5176000000000001,0.016709977059629184
YOLOv4 default,3203,0.5176000000000001,0.016709977059629184
YOLOv4 default,3204,0.5176000000000001,0.016709977059629184
YOLOv4 default,3205,0.5176000000000001,0.016709977059629184
YOLOv4 default,3206,0.5176000000000001,0.016709977059629184
YOLOv4 default,3207,0.5176000000000001,0.016709977059629184
YOLOv4 default,3208,0.5176000000000001,0.016709977059629184
YOLOv4 default,3209,0.5176000000000001,0.016709977059629184
YOLOv4 default,3210,0.5176000000000001,0.016709977059629184
YOLOv4 default,3211,0.5176000000000001,0.016709977059629184
YOLOv4 default,3212,0.5176000000000001,0.016709977059629184
YOLOv4 default,3213,0.5176000000000001,0.016709977059629184
YOLOv4 default,3214,0.5176000000000001,0.016709977059629184
YOLOv4 default,3215,0.5176000000000001,0.016709977059629184
YOLOv4 default,3216,0.5176000000000001,0.016709977059629184
YOLOv4 default,3217,0.5176000000000001,0.016709977059629184
YOLOv4 default,3218,0.5176000000000001,0.016709977059629184
YOLOv4 default,3219,0.5176000000000001,0.016709977059629184
YOLOv4 default,3220,0.5176000000000001,0.016709977059629184
YOLOv4 default,3221,0.5176000000000001,0.016709977059629184
YOLOv4 default,3222,0.5176000000000001,0.016709977059629184
YOLOv4 default,3223,0.5176000000000001,0.016709977059629184
YOLOv4 default,3224,0.5176000000000001,0.016709977059629184
YOLOv4 default,3225,0.5176000000000001,0.016709977059629184
YOLOv4 default,3226,0.5176000000000001,0.016709977059629184
YOLOv4 default,3227,0.5176000000000001,0.016709977059629184
YOLOv4 default,3228,0.5176000000000001,0.016709977059629184
YOLOv4 default,3229,0.5176000000000001,0.016709977059629184
YOLOv4 default,3230,0.5176000000000001,0.016709977059629184
YOLOv4 default,3231,0.5176000000000001,0.016709977059629184
YOLOv4 default,3232,0.5176000000000001,0.016709977059629184
YOLOv4 default,3233,0.5176000000000001,0.016709977059629184
YOLOv4 default,3234,0.5176000000000001,0.016709977059629184
YOLOv4 default,3235,0.5176000000000001,0.016709977059629184
YOLOv4 default,3236,0.5176000000000001,0.016709977059629184
YOLOv4 default,3237,0.5176000000000001,0.016709977059629184
YOLOv4 default,3238,0.5176000000000001,0.016709977059629184
YOLOv4 default,3239,0.5176000000000001,0.016709977059629184
YOLOv4 default,3240,0.5176000000000001,0.016709977059629184
YOLOv4 default,3241,0.5176000000000001,0.016709977059629184
YOLOv4 default,3242,0.5176000000000001,0.016709977059629184
YOLOv4 default,3243,0.5176000000000001,0.016709977059629184
YOLOv4 default,3244,0.5176000000000001,0.016709977059629184
YOLOv4 default,3245,0.5176000000000001,0.016709977059629184
YOLOv4 default,3246,0.5176000000000001,0.016709977059629184
YOLOv4 default,3247,0.5176000000000001,0.016709977059629184
YOLOv4 default,3248,0.5176000000000001,0.016709977059629184
YOLOv4 default,3249,0.5176000000000001,0.016709977059629184
YOLOv4 default,3250,0.5176000000000001,0.016709977059629184
YOLOv4 default,3251,0.5176000000000001,0.016709977059629184
YOLOv4 default,3252,0.5176000000000001,0.016709977059629184
YOLOv4 default,3253,0.5176000000000001,0.016709977059629184
YOLOv4 default,3254,0.5176000000000001,0.016709977059629184
YOLOv4 default,3255,0.5176000000000001,0.016709977059629184
YOLOv4 default,3256,0.5176000000000001,0.016709977059629184
YOLOv4 default,3257,0.5176000000000001,0.016709977059629184
YOLOv4 default,3258,0.5176000000000001,0.016709977059629184
YOLOv4 default,3259,0.5176000000000001,0.016709977059629184
YOLOv4 default,3260,0.5176000000000001,0.016709977059629184
YOLOv4 default,3261,0.5176000000000001,0.016709977059629184
YOLOv4 default,3262,0.5176000000000001,0.016709977059629184
YOLOv4 default,3263,0.5176000000000001,0.016709977059629184
YOLOv4 default,3264,0.5176000000000001,0.016709977059629184
YOLOv4 default,3265,0.5176000000000001,0.016709977059629184
YOLOv4 default,3266,0.5176000000000001,0.016709977059629184
YOLOv4 default,3267,0.5176000000000001,0.016709977059629184
YOLOv4 default,3268,0.5176000000000001,0.016709977059629184
YOLOv4 default,3269,0.5176000000000001,0.016709977059629184
YOLOv4 default,3270,0.5176000000000001,0.016709977059629184
YOLOv4 default,3271,0.5176000000000001,0.016709977059629184
YOLOv4 default,3272,0.5176000000000001,0.016709977059629184
YOLOv4 default,3273,0.5176000000000001,0.016709977059629184
YOLOv4 default,3274,0.5176000000000001,0.016709977059629184
YOLOv4 default,3275,0.5176000000000001,0.016709977059629184
YOLOv4 default,3276,0.5176000000000001,0.016709977059629184
YOLOv4 default,3277,0.5176000000000001,0.016709977059629184
YOLOv4 default,3278,0.5176000000000001,0.016709977059629184
YOLOv4 default,3279,0.5176000000000001,0.016709977059629184
YOLOv4 default,3280,0.5176000000000001,0.016709977059629184
YOLOv4 default,3281,0.5176000000000001,0.016709977059629184
YOLOv4 default,3282,0.5176000000000001,0.016709977059629184
YOLOv4 default,3283,0.5176000000000001,0.016709977059629184
YOLOv4 default,3284,0.5176000000000001,0.016709977059629184
YOLOv4 default,3285,0.5176000000000001,0.016709977059629184
YOLOv4 default,3286,0.5176000000000001,0.016709977059629184
YOLOv4 default,3287,0.5176000000000001,0.016709977059629184
YOLOv4 default,3288,0.5176000000000001,0.016709977059629184
YOLOv4 default,3289,0.5176000000000001,0.016709977059629184
YOLOv4 default,3290,0.5176000000000001,0.016709977059629184
YOLOv4 default,3291,0.5176000000000001,0.016709977059629184
YOLOv4 default,3292,0.5176000000000001,0.016709977059629184
YOLOv4 default,3293,0.5176000000000001,0.016709977059629184
YOLOv4 default,3294,0.5176000000000001,0.016709977059629184
YOLOv4 default,3295,0.5176000000000001,0.016709977059629184
YOLOv4 default,3296,0.5176000000000001,0.016709977059629184
YOLOv4 default,3297,0.5176000000000001,0.016709977059629184
YOLOv4 default,3298,0.5176000000000001,0.016709977059629184
YOLOv4 default,3299,0.5176000000000001,0.016709977059629184
YOLOv4 default,3300,0.4992873333333333,0.003973808783774077
YOLOv4 default,3301,0.4993,0.007956758133813045
YOLOv4 default,3302,0.4993,0.007956758133813045
YOLOv4 default,3303,0.4993,0.007956758133813045
YOLOv4 default,3304,0.4993,0.007956758133813045
YOLOv4 default,3305,0.4993,0.007956758133813045
YOLOv4 default,3306,0.4993,0.007956758133813045
YOLOv4 default,3307,0.4993,0.007956758133813045
YOLOv4 default,3308,0.4993,0.007956758133813045
YOLOv4 default,3309,0.4993,0.007956758133813045
YOLOv4 default,3310,0.4993,0.007956758133813045
YOLOv4 default,3311,0.4993,0.007956758133813045
YOLOv4 default,3312,0.4993,0.007956758133813045
YOLOv4 default,3313,0.4993,0.007956758133813045
YOLOv4 default,3314,0.4993,0.007956758133813045
YOLOv4 default,3315,0.4993,0.007956758133813045
YOLOv4 default,3316,0.4993,0.007956758133813045
YOLOv4 default,3317,0.4993,0.007956758133813045
YOLOv4 default,3318,0.4993,0.007956758133813045
YOLOv4 default,3319,0.4993,0.007956758133813045
YOLOv4 default,3320,0.4993,0.007956758133813045
YOLOv4 default,3321,0.4993,0.007956758133813045
YOLOv4 default,3322,0.4993,0.007956758133813045
YOLOv4 default,3323,0.4993,0.007956758133813045
YOLOv4 default,3324,0.4993,0.007956758133813045
YOLOv4 default,3325,0.4993,0.007956758133813045
YOLOv4 default,3326,0.4993,0.007956758133813045
YOLOv4 default,3327,0.4993,0.007956758133813045
YOLOv4 default,3328,0.4993,0.007956758133813045
YOLOv4 default,3329,0.4993,0.007956758133813045
YOLOv4 default,3330,0.4993,0.007956758133813045
YOLOv4 default,3331,0.4993,0.007956758133813045
YOLOv4 default,3332,0.4993,0.007956758133813045
YOLOv4 default,3333,0.4993,0.007956758133813045
YOLOv4 default,3334,0.4993,0.007956758133813045
YOLOv4 default,3335,0.4993,0.007956758133813045
YOLOv4 default,3336,0.4993,0.007956758133813045
YOLOv4 default,3337,0.4993,0.007956758133813045
YOLOv4 default,3338,0.4993,0.007956758133813045
YOLOv4 default,3339,0.4993,0.007956758133813045
YOLOv4 default,3340,0.4993,0.007956758133813045
YOLOv4 default,3341,0.4993,0.007956758133813045
YOLOv4 default,3342,0.4993,0.007956758133813045
YOLOv4 default,3343,0.4993,0.007956758133813045
YOLOv4 default,3344,0.4993,0.007956758133813045
YOLOv4 default,3345,0.4993,0.007956758133813045
YOLOv4 default,3346,0.4993,0.007956758133813045
YOLOv4 default,3347,0.4993,0.007956758133813045
YOLOv4 default,3348,0.4993,0.007956758133813045
YOLOv4 default,3349,0.4993,0.007956758133813045
YOLOv4 default,3350,0.4993,0.007956758133813045
YOLOv4 default,3351,0.4993,0.007956758133813045
YOLOv4 default,3352,0.4993,0.007956758133813045
YOLOv4 default,3353,0.4993,0.007956758133813045
YOLOv4 default,3354,0.4993,0.007956758133813045
YOLOv4 default,3355,0.4993,0.007956758133813045
YOLOv4 default,3356,0.4993,0.007956758133813045
YOLOv4 default,3357,0.4993,0.007956758133813045
YOLOv4 default,3358,0.4993,0.007956758133813045
YOLOv4 default,3359,0.4993,0.007956758133813045
YOLOv4 default,3360,0.4993,0.007956758133813045
YOLOv4 default,3361,0.4993,0.007956758133813045
YOLOv4 default,3362,0.4993,0.007956758133813045
YOLOv4 default,3363,0.4993,0.007956758133813045
YOLOv4 default,3364,0.4993,0.007956758133813045
YOLOv4 default,3365,0.4993,0.007956758133813045
YOLOv4 default,3366,0.4993,0.007956758133813045
YOLOv4 default,3367,0.4993,0.007956758133813045
YOLOv4 default,3368,0.4993,0.007956758133813045
YOLOv4 default,3369,0.4993,0.007956758133813045
YOLOv4 default,3370,0.4993,0.007956758133813045
YOLOv4 default,3371,0.4993,0.007956758133813045
YOLOv4 default,3372,0.4993,0.007956758133813045
YOLOv4 default,3373,0.4993,0.007956758133813045
YOLOv4 default,3374,0.4993,0.007956758133813045
YOLOv4 default,3375,0.4993,0.007956758133813045
YOLOv4 default,3376,0.4993,0.007956758133813045
YOLOv4 default,3377,0.4993,0.007956758133813045
YOLOv4 default,3378,0.4993,0.007956758133813045
YOLOv4 default,3379,0.4993,0.007956758133813045
YOLOv4 default,3380,0.4993,0.007956758133813045
YOLOv4 default,3381,0.4993,0.007956758133813045
YOLOv4 default,3382,0.4993,0.007956758133813045
YOLOv4 default,3383,0.4993,0.007956758133813045
YOLOv4 default,3384,0.4993,0.007956758133813045
YOLOv4 default,3385,0.4993,0.007956758133813045
YOLOv4 default,3386,0.4993,0.007956758133813045
YOLOv4 default,3387,0.4993,0.007956758133813045
YOLOv4 default,3388,0.4993,0.007956758133813045
YOLOv4 default,3389,0.4993,0.007956758133813045
YOLOv4 default,3390,0.4993,0.007956758133813045
YOLOv4 default,3391,0.4993,0.007956758133813045
YOLOv4 default,3392,0.4993,0.007956758133813045
YOLOv4 default,3393,0.4993,0.007956758133813045
YOLOv4 default,3394,0.4993,0.007956758133813045
YOLOv4 default,3395,0.4993,0.007956758133813045
YOLOv4 default,3396,0.4993,0.007956758133813045
YOLOv4 default,3397,0.4993,0.007956758133813045
YOLOv4 default,3398,0.4993,0.007956758133813045
YOLOv4 default,3399,0.4993,0.007956758133813045
YOLOv4 default,3400,0.5328071111111111,0.012577864602419213
YOLOv4 default,3401,0.5328,0.025164260370612937
YOLOv4 default,3402,0.5328,0.025164260370612937
YOLOv4 default,3403,0.5328,0.025164260370612937
YOLOv4 default,3404,0.5328,0.025164260370612937
YOLOv4 default,3405,0.5328,0.025164260370612937
YOLOv4 default,3406,0.5328,0.025164260370612937
YOLOv4 default,3407,0.5328,0.025164260370612937
YOLOv4 default,3408,0.5328,0.025164260370612937
YOLOv4 default,3409,0.5328,0.025164260370612937
YOLOv4 default,3410,0.5328,0.025164260370612937
YOLOv4 default,3411,0.5328,0.025164260370612937
YOLOv4 default,3412,0.5328,0.025164260370612937
YOLOv4 default,3413,0.5328,0.025164260370612937
YOLOv4 default,3414,0.5328,0.025164260370612937
YOLOv4 default,3415,0.5328,0.025164260370612937
YOLOv4 default,3416,0.5328,0.025164260370612937
YOLOv4 default,3417,0.5328,0.025164260370612937
YOLOv4 default,3418,0.5328,0.025164260370612937
YOLOv4 default,3419,0.5328,0.025164260370612937
YOLOv4 default,3420,0.5328,0.025164260370612937
YOLOv4 default,3421,0.5328,0.025164260370612937
YOLOv4 default,3422,0.5328,0.025164260370612937
YOLOv4 default,3423,0.5328,0.025164260370612937
YOLOv4 default,3424,0.5328,0.025164260370612937
YOLOv4 default,3425,0.5328,0.025164260370612937
YOLOv4 default,3426,0.5328,0.025164260370612937
YOLOv4 default,3427,0.5328,0.025164260370612937
YOLOv4 default,3428,0.5328,0.025164260370612937
YOLOv4 default,3429,0.5328,0.025164260370612937
YOLOv4 default,3430,0.5328,0.025164260370612937
YOLOv4 default,3431,0.5328,0.025164260370612937
YOLOv4 default,3432,0.5328,0.025164260370612937
YOLOv4 default,3433,0.5328,0.025164260370612937
YOLOv4 default,3434,0.5328,0.025164260370612937
YOLOv4 default,3435,0.5328,0.025164260370612937
YOLOv4 default,3436,0.5328,0.025164260370612937
YOLOv4 default,3437,0.5328,0.025164260370612937
YOLOv4 default,3438,0.5328,0.025164260370612937
YOLOv4 default,3439,0.5328,0.025164260370612937
YOLOv4 default,3440,0.5328,0.025164260370612937
YOLOv4 default,3441,0.5328,0.025164260370612937
YOLOv4 default,3442,0.5328,0.025164260370612937
YOLOv4 default,3443,0.5328,0.025164260370612937
YOLOv4 default,3444,0.5328,0.025164260370612937
YOLOv4 default,3445,0.5328,0.025164260370612937
YOLOv4 default,3446,0.5328,0.025164260370612937
YOLOv4 default,3447,0.5328,0.025164260370612937
YOLOv4 default,3448,0.5328,0.025164260370612937
YOLOv4 default,3449,0.5328,0.025164260370612937
YOLOv4 default,3450,0.5328,0.025164260370612937
YOLOv4 default,3451,0.5328,0.025164260370612937
YOLOv4 default,3452,0.5328,0.025164260370612937
YOLOv4 default,3453,0.5328,0.025164260370612937
YOLOv4 default,3454,0.5328,0.025164260370612937
YOLOv4 default,3455,0.5328,0.025164260370612937
YOLOv4 default,3456,0.5328,0.025164260370612937
YOLOv4 default,3457,0.5328,0.025164260370612937
YOLOv4 default,3458,0.5328,0.025164260370612937
YOLOv4 default,3459,0.5328,0.025164260370612937
YOLOv4 default,3460,0.5328,0.025164260370612937
YOLOv4 default,3461,0.5328,0.025164260370612937
YOLOv4 default,3462,0.5328,0.025164260370612937
YOLOv4 default,3463,0.5328,0.025164260370612937
YOLOv4 default,3464,0.5328,0.025164260370612937
YOLOv4 default,3465,0.5328,0.025164260370612937
YOLOv4 default,3466,0.5328,0.025164260370612937
YOLOv4 default,3467,0.5328,0.025164260370612937
YOLOv4 default,3468,0.5328,0.025164260370612937
YOLOv4 default,3469,0.5328,0.025164260370612937
YOLOv4 default,3470,0.5328,0.025164260370612937
YOLOv4 default,3471,0.5328,0.025164260370612937
YOLOv4 default,3472,0.5328,0.025164260370612937
YOLOv4 default,3473,0.5328,0.025164260370612937
YOLOv4 default,3474,0.5328,0.025164260370612937
YOLOv4 default,3475,0.5328,0.025164260370612937
YOLOv4 default,3476,0.5328,0.025164260370612937
YOLOv4 default,3477,0.5328,0.025164260370612937
YOLOv4 default,3478,0.5328,0.025164260370612937
YOLOv4 default,3479,0.5328,0.025164260370612937
YOLOv4 default,3480,0.5328,0.025164260370612937
YOLOv4 default,3481,0.5328,0.025164260370612937
YOLOv4 default,3482,0.5328,0.025164260370612937
YOLOv4 default,3483,0.5328,0.025164260370612937
YOLOv4 default,3484,0.5328,0.025164260370612937
YOLOv4 default,3485,0.5328,0.025164260370612937
YOLOv4 default,3486,0.5328,0.025164260370612937
YOLOv4 default,3487,0.5328,0.025164260370612937
YOLOv4 default,3488,0.5328,0.025164260370612937
YOLOv4 default,3489,0.5328,0.025164260370612937
YOLOv4 default,3490,0.5328,0.025164260370612937
YOLOv4 default,3491,0.5328,0.025164260370612937
YOLOv4 default,3492,0.5328,0.025164260370612937
YOLOv4 default,3493,0.5328,0.025164260370612937
YOLOv4 default,3494,0.5328,0.025164260370612937
YOLOv4 default,3495,0.5328,0.025164260370612937
YOLOv4 default,3496,0.5328,0.025164260370612937
YOLOv4 default,3497,0.5328,0.025164260370612937
YOLOv4 default,3498,0.5328,0.025164260370612937
YOLOv4 default,3499,0.5328,0.025164260370612937
YOLOv4 default,3500,0.5545122222222223,0.016152962618508664
YOLOv4 default,3501,0.5545,0.032300464392946426
YOLOv4 default,3502,0.5545,0.032300464392946426
YOLOv4 default,3503,0.5545,0.032300464392946426
YOLOv4 default,3504,0.5545,0.032300464392946426
YOLOv4 default,3505,0.5545,0.032300464392946426
YOLOv4 default,3506,0.5545,0.032300464392946426
YOLOv4 default,3507,0.5545,0.032300464392946426
YOLOv4 default,3508,0.5545,0.032300464392946426
YOLOv4 default,3509,0.5545,0.032300464392946426
YOLOv4 default,3510,0.5545,0.032300464392946426
YOLOv4 default,3511,0.5545,0.032300464392946426
YOLOv4 default,3512,0.5545,0.032300464392946426
YOLOv4 default,3513,0.5545,0.032300464392946426
YOLOv4 default,3514,0.5545,0.032300464392946426
YOLOv4 default,3515,0.5545,0.032300464392946426
YOLOv4 default,3516,0.5545,0.032300464392946426
YOLOv4 default,3517,0.5545,0.032300464392946426
YOLOv4 default,3518,0.5545,0.032300464392946426
YOLOv4 default,3519,0.5545,0.032300464392946426
YOLOv4 default,3520,0.5545,0.032300464392946426
YOLOv4 default,3521,0.5545,0.032300464392946426
YOLOv4 default,3522,0.5545,0.032300464392946426
YOLOv4 default,3523,0.5545,0.032300464392946426
YOLOv4 default,3524,0.5545,0.032300464392946426
YOLOv4 default,3525,0.5545,0.032300464392946426
YOLOv4 default,3526,0.5545,0.032300464392946426
YOLOv4 default,3527,0.5545,0.032300464392946426
YOLOv4 default,3528,0.5545,0.032300464392946426
YOLOv4 default,3529,0.5545,0.032300464392946426
YOLOv4 default,3530,0.5545,0.032300464392946426
YOLOv4 default,3531,0.5545,0.032300464392946426
YOLOv4 default,3532,0.5545,0.032300464392946426
YOLOv4 default,3533,0.5545,0.032300464392946426
YOLOv4 default,3534,0.5545,0.032300464392946426
YOLOv4 default,3535,0.5545,0.032300464392946426
YOLOv4 default,3536,0.5545,0.032300464392946426
YOLOv4 default,3537,0.5545,0.032300464392946426
YOLOv4 default,3538,0.5545,0.032300464392946426
YOLOv4 default,3539,0.5545,0.032300464392946426
YOLOv4 default,3540,0.5545,0.032300464392946426
YOLOv4 default,3541,0.5545,0.032300464392946426
YOLOv4 default,3542,0.5545,0.032300464392946426
YOLOv4 default,3543,0.5545,0.032300464392946426
YOLOv4 default,3544,0.5545,0.032300464392946426
YOLOv4 default,3545,0.5545,0.032300464392946426
YOLOv4 default,3546,0.5545,0.032300464392946426
YOLOv4 default,3547,0.5545,0.032300464392946426
YOLOv4 default,3548,0.5545,0.032300464392946426
YOLOv4 default,3549,0.5545,0.032300464392946426
YOLOv4 default,3550,0.5545,0.032300464392946426
YOLOv4 default,3551,0.5545,0.032300464392946426
YOLOv4 default,3552,0.5545,0.032300464392946426
YOLOv4 default,3553,0.5545,0.032300464392946426
YOLOv4 default,3554,0.5545,0.032300464392946426
YOLOv4 default,3555,0.5545,0.032300464392946426
YOLOv4 default,3556,0.5545,0.032300464392946426
YOLOv4 default,3557,0.5545,0.032300464392946426
YOLOv4 default,3558,0.5545,0.032300464392946426
YOLOv4 default,3559,0.5545,0.032300464392946426
YOLOv4 default,3560,0.5545,0.032300464392946426
YOLOv4 default,3561,0.5545,0.032300464392946426
YOLOv4 default,3562,0.5545,0.032300464392946426
YOLOv4 default,3563,0.5545,0.032300464392946426
YOLOv4 default,3564,0.5545,0.032300464392946426
YOLOv4 default,3565,0.5545,0.032300464392946426
YOLOv4 default,3566,0.5545,0.032300464392946426
YOLOv4 default,3567,0.5545,0.032300464392946426
YOLOv4 default,3568,0.5545,0.032300464392946426
YOLOv4 default,3569,0.5545,0.032300464392946426
YOLOv4 default,3570,0.5545,0.032300464392946426
YOLOv4 default,3571,0.5545,0.032300464392946426
YOLOv4 default,3572,0.5545,0.032300464392946426
YOLOv4 default,3573,0.5545,0.032300464392946426
YOLOv4 default,3574,0.5545,0.032300464392946426
YOLOv4 default,3575,0.5545,0.032300464392946426
YOLOv4 default,3576,0.5545,0.032300464392946426
YOLOv4 default,3577,0.5545,0.032300464392946426
YOLOv4 default,3578,0.5545,0.032300464392946426
YOLOv4 default,3579,0.5545,0.032300464392946426
YOLOv4 default,3580,0.5545,0.032300464392946426
YOLOv4 default,3581,0.5545,0.032300464392946426
YOLOv4 default,3582,0.5545,0.032300464392946426
YOLOv4 default,3583,0.5545,0.032300464392946426
YOLOv4 default,3584,0.5545,0.032300464392946426
YOLOv4 default,3585,0.5545,0.032300464392946426
YOLOv4 default,3586,0.5545,0.032300464392946426
YOLOv4 default,3587,0.5545,0.032300464392946426
YOLOv4 default,3588,0.5545,0.032300464392946426
YOLOv4 default,3589,0.5545,0.032300464392946426
YOLOv4 default,3590,0.5545,0.032300464392946426
YOLOv4 default,3591,0.5545,0.032300464392946426
YOLOv4 default,3592,0.5545,0.032300464392946426
YOLOv4 default,3593,0.5545,0.032300464392946426
YOLOv4 default,3594,0.5545,0.032300464392946426
YOLOv4 default,3595,0.5545,0.032300464392946426
YOLOv4 default,3596,0.5545,0.032300464392946426
YOLOv4 default,3597,0.5545,0.032300464392946426
YOLOv4 default,3598,0.5545,0.032300464392946426
YOLOv4 default,3599,0.5545,0.032300464392946426
YOLOv4 default,3600,0.5644264444444445,0.007175476929776388
YOLOv4 default,3601,0.5644333333333333,0.014332984491879048
YOLOv4 default,3602,0.5644333333333333,0.014332984491879048
YOLOv4 default,3603,0.5644333333333333,0.014332984491879048
YOLOv4 default,3604,0.5644333333333333,0.014332984491879048
YOLOv4 default,3605,0.5644333333333333,0.014332984491879048
YOLOv4 default,3606,0.5644333333333333,0.014332984491879048
YOLOv4 default,3607,0.5644333333333333,0.014332984491879048
YOLOv4 default,3608,0.5644333333333333,0.014332984491879048
YOLOv4 default,3609,0.5644333333333333,0.014332984491879048
YOLOv4 default,3610,0.5644333333333333,0.014332984491879048
YOLOv4 default,3611,0.5644333333333333,0.014332984491879048
YOLOv4 default,3612,0.5644333333333333,0.014332984491879048
YOLOv4 default,3613,0.5644333333333333,0.014332984491879048
YOLOv4 default,3614,0.5644333333333333,0.014332984491879048
YOLOv4 default,3615,0.5644333333333333,0.014332984491879048
YOLOv4 default,3616,0.5644333333333333,0.014332984491879048
YOLOv4 default,3617,0.5644333333333333,0.014332984491879048
YOLOv4 default,3618,0.5644333333333333,0.014332984491879048
YOLOv4 default,3619,0.5644333333333333,0.014332984491879048
YOLOv4 default,3620,0.5644333333333333,0.014332984491879048
YOLOv4 default,3621,0.5644333333333333,0.014332984491879048
YOLOv4 default,3622,0.5644333333333333,0.014332984491879048
YOLOv4 default,3623,0.5644333333333333,0.014332984491879048
YOLOv4 default,3624,0.5644333333333333,0.014332984491879048
YOLOv4 default,3625,0.5644333333333333,0.014332984491879048
YOLOv4 default,3626,0.5644333333333333,0.014332984491879048
YOLOv4 default,3627,0.5644333333333333,0.014332984491879048
YOLOv4 default,3628,0.5644333333333333,0.014332984491879048
YOLOv4 default,3629,0.5644333333333333,0.014332984491879048
YOLOv4 default,3630,0.5644333333333333,0.014332984491879048
YOLOv4 default,3631,0.5644333333333333,0.014332984491879048
YOLOv4 default,3632,0.5644333333333333,0.014332984491879048
YOLOv4 default,3633,0.5644333333333333,0.014332984491879048
YOLOv4 default,3634,0.5644333333333333,0.014332984491879048
YOLOv4 default,3635,0.5644333333333333,0.014332984491879048
YOLOv4 default,3636,0.5644333333333333,0.014332984491879048
YOLOv4 default,3637,0.5644333333333333,0.014332984491879048
YOLOv4 default,3638,0.5644333333333333,0.014332984491879048
YOLOv4 default,3639,0.5644333333333333,0.014332984491879048
YOLOv4 default,3640,0.5644333333333333,0.014332984491879048
YOLOv4 default,3641,0.5644333333333333,0.014332984491879048
YOLOv4 default,3642,0.5644333333333333,0.014332984491879048
YOLOv4 default,3643,0.5644333333333333,0.014332984491879048
YOLOv4 default,3644,0.5644333333333333,0.014332984491879048
YOLOv4 default,3645,0.5644333333333333,0.014332984491879048
YOLOv4 default,3646,0.5644333333333333,0.014332984491879048
YOLOv4 default,3647,0.5644333333333333,0.014332984491879048
YOLOv4 default,3648,0.5644333333333333,0.014332984491879048
YOLOv4 default,3649,0.5644333333333333,0.014332984491879048
YOLOv4 default,3650,0.5644333333333333,0.014332984491879048
YOLOv4 default,3651,0.5644333333333333,0.014332984491879048
YOLOv4 default,3652,0.5644333333333333,0.014332984491879048
YOLOv4 default,3653,0.5644333333333333,0.014332984491879048
YOLOv4 default,3654,0.5644333333333333,0.014332984491879048
YOLOv4 default,3655,0.5644333333333333,0.014332984491879048
YOLOv4 default,3656,0.5644333333333333,0.014332984491879048
YOLOv4 default,3657,0.5644333333333333,0.014332984491879048
YOLOv4 default,3658,0.5644333333333333,0.014332984491879048
YOLOv4 default,3659,0.5644333333333333,0.014332984491879048
YOLOv4 default,3660,0.5644333333333333,0.014332984491879048
YOLOv4 default,3661,0.5644333333333333,0.014332984491879048
YOLOv4 default,3662,0.5644333333333333,0.014332984491879048
YOLOv4 default,3663,0.5644333333333333,0.014332984491879048
YOLOv4 default,3664,0.5644333333333333,0.014332984491879048
YOLOv4 default,3665,0.5644333333333333,0.014332984491879048
YOLOv4 default,3666,0.5644333333333333,0.014332984491879048
YOLOv4 default,3667,0.5644333333333333,0.014332984491879048
YOLOv4 default,3668,0.5644333333333333,0.014332984491879048
YOLOv4 default,3669,0.5644333333333333,0.014332984491879048
YOLOv4 default,3670,0.5644333333333333,0.014332984491879048
YOLOv4 default,3671,0.5644333333333333,0.014332984491879048
YOLOv4 default,3672,0.5644333333333333,0.014332984491879048
YOLOv4 default,3673,0.5644333333333333,0.014332984491879048
YOLOv4 default,3674,0.5644333333333333,0.014332984491879048
YOLOv4 default,3675,0.5644333333333333,0.014332984491879048
YOLOv4 default,3676,0.5644333333333333,0.014332984491879048
YOLOv4 default,3677,0.5644333333333333,0.014332984491879048
YOLOv4 default,3678,0.5644333333333333,0.014332984491879048
YOLOv4 default,3679,0.5644333333333333,0.014332984491879048
YOLOv4 default,3680,0.5644333333333333,0.014332984491879048
YOLOv4 default,3681,0.5644333333333333,0.014332984491879048
YOLOv4 default,3682,0.5644333333333333,0.014332984491879048
YOLOv4 default,3683,0.5644333333333333,0.014332984491879048
YOLOv4 default,3684,0.5644333333333333,0.014332984491879048
YOLOv4 default,3685,0.5644333333333333,0.014332984491879048
YOLOv4 default,3686,0.5644333333333333,0.014332984491879048
YOLOv4 default,3687,0.5644333333333333,0.014332984491879048
YOLOv4 default,3688,0.5644333333333333,0.014332984491879048
YOLOv4 default,3689,0.5644333333333333,0.014332984491879048
YOLOv4 default,3690,0.5644333333333333,0.014332984491879048
YOLOv4 default,3691,0.5644333333333333,0.014332984491879048
YOLOv4 default,3692,0.5644333333333333,0.014332984491879048
YOLOv4 default,3693,0.5644333333333333,0.014332984491879048
YOLOv4 default,3694,0.5644333333333333,0.014332984491879048
YOLOv4 default,3695,0.5644333333333333,0.014332984491879048
YOLOv4 default,3696,0.5644333333333333,0.014332984491879048
YOLOv4 default,3697,0.5644333333333333,0.014332984491879048
YOLOv4 default,3698,0.5644333333333333,0.014332984491879048
YOLOv4 default,3699,0.5644333333333333,0.014332984491879048
YOLOv4 default,3700,0.5320968888888888,0.004702729203004372
YOLOv4 default,3701,0.5321,0.009406380813043897
YOLOv4 default,3702,0.5321,0.009406380813043897
YOLOv4 default,3703,0.5321,0.009406380813043897
YOLOv4 default,3704,0.5321,0.009406380813043897
YOLOv4 default,3705,0.5321,0.009406380813043897
YOLOv4 default,3706,0.5321,0.009406380813043897
YOLOv4 default,3707,0.5321,0.009406380813043897
YOLOv4 default,3708,0.5321,0.009406380813043897
YOLOv4 default,3709,0.5321,0.009406380813043897
YOLOv4 default,3710,0.5321,0.009406380813043897
YOLOv4 default,3711,0.5321,0.009406380813043897
YOLOv4 default,3712,0.5321,0.009406380813043897
YOLOv4 default,3713,0.5321,0.009406380813043897
YOLOv4 default,3714,0.5321,0.009406380813043897
YOLOv4 default,3715,0.5321,0.009406380813043897
YOLOv4 default,3716,0.5321,0.009406380813043897
YOLOv4 default,3717,0.5321,0.009406380813043897
YOLOv4 default,3718,0.5321,0.009406380813043897
YOLOv4 default,3719,0.5321,0.009406380813043897
YOLOv4 default,3720,0.5321,0.009406380813043897
YOLOv4 default,3721,0.5321,0.009406380813043897
YOLOv4 default,3722,0.5321,0.009406380813043897
YOLOv4 default,3723,0.5321,0.009406380813043897
YOLOv4 default,3724,0.5321,0.009406380813043897
YOLOv4 default,3725,0.5321,0.009406380813043897
YOLOv4 default,3726,0.5321,0.009406380813043897
YOLOv4 default,3727,0.5321,0.009406380813043897
YOLOv4 default,3728,0.5321,0.009406380813043897
YOLOv4 default,3729,0.5321,0.009406380813043897
YOLOv4 default,3730,0.5321,0.009406380813043897
YOLOv4 default,3731,0.5321,0.009406380813043897
YOLOv4 default,3732,0.5321,0.009406380813043897
YOLOv4 default,3733,0.5321,0.009406380813043897
YOLOv4 default,3734,0.5321,0.009406380813043897
YOLOv4 default,3735,0.5321,0.009406380813043897
YOLOv4 default,3736,0.5321,0.009406380813043897
YOLOv4 default,3737,0.5321,0.009406380813043897
YOLOv4 default,3738,0.5321,0.009406380813043897
YOLOv4 default,3739,0.5321,0.009406380813043897
YOLOv4 default,3740,0.5321,0.009406380813043897
YOLOv4 default,3741,0.5321,0.009406380813043897
YOLOv4 default,3742,0.5321,0.009406380813043897
YOLOv4 default,3743,0.5321,0.009406380813043897
YOLOv4 default,3744,0.5321,0.009406380813043897
YOLOv4 default,3745,0.5321,0.009406380813043897
YOLOv4 default,3746,0.5321,0.009406380813043897
YOLOv4 default,3747,0.5321,0.009406380813043897
YOLOv4 default,3748,0.5321,0.009406380813043897
YOLOv4 default,3749,0.5321,0.009406380813043897
YOLOv4 default,3750,0.5321,0.009406380813043897
YOLOv4 default,3751,0.5321,0.009406380813043897
YOLOv4 default,3752,0.5321,0.009406380813043897
YOLOv4 default,3753,0.5321,0.009406380813043897
YOLOv4 default,3754,0.5321,0.009406380813043897
YOLOv4 default,3755,0.5321,0.009406380813043897
YOLOv4 default,3756,0.5321,0.009406380813043897
YOLOv4 default,3757,0.5321,0.009406380813043897
YOLOv4 default,3758,0.5321,0.009406380813043897
YOLOv4 default,3759,0.5321,0.009406380813043897
YOLOv4 default,3760,0.5321,0.009406380813043897
YOLOv4 default,3761,0.5321,0.009406380813043897
YOLOv4 default,3762,0.5321,0.009406380813043897
YOLOv4 default,3763,0.5321,0.009406380813043897
YOLOv4 default,3764,0.5321,0.009406380813043897
YOLOv4 default,3765,0.5321,0.009406380813043897
YOLOv4 default,3766,0.5321,0.009406380813043897
YOLOv4 default,3767,0.5321,0.009406380813043897
YOLOv4 default,3768,0.5321,0.009406380813043897
YOLOv4 default,3769,0.5321,0.009406380813043897
YOLOv4 default,3770,0.5321,0.009406380813043897
YOLOv4 default,3771,0.5321,0.009406380813043897
YOLOv4 default,3772,0.5321,0.009406380813043897
YOLOv4 default,3773,0.5321,0.009406380813043897
YOLOv4 default,3774,0.5321,0.009406380813043897
YOLOv4 default,3775,0.5321,0.009406380813043897
YOLOv4 default,3776,0.5321,0.009406380813043897
YOLOv4 default,3777,0.5321,0.009406380813043897
YOLOv4 default,3778,0.5321,0.009406380813043897
YOLOv4 default,3779,0.5321,0.009406380813043897
YOLOv4 default,3780,0.5321,0.009406380813043897
YOLOv4 default,3781,0.5321,0.009406380813043897
YOLOv4 default,3782,0.5321,0.009406380813043897
YOLOv4 default,3783,0.5321,0.009406380813043897
YOLOv4 default,3784,0.5321,0.009406380813043897
YOLOv4 default,3785,0.5321,0.009406380813043897
YOLOv4 default,3786,0.5321,0.009406380813043897
YOLOv4 default,3787,0.5321,0.009406380813043897
YOLOv4 default,3788,0.5321,0.009406380813043897
YOLOv4 default,3789,0.5321,0.009406380813043897
YOLOv4 default,3790,0.5321,0.009406380813043897
YOLOv4 default,3791,0.5321,0.009406380813043897
YOLOv4 default,3792,0.5321,0.009406380813043897
YOLOv4 default,3793,0.5321,0.009406380813043897
YOLOv4 default,3794,0.5321,0.009406380813043897
YOLOv4 default,3795,0.5321,0.009406380813043897
YOLOv4 default,3796,0.5321,0.009406380813043897
YOLOv4 default,3797,0.5321,0.009406380813043897
YOLOv4 default,3798,0.5321,0.009406380813043897
YOLOv4 default,3799,0.5321,0.009406380813043897
YOLOv4 default,3800,0.5823886666666668,0.018074123970625956
YOLOv4 default,3801,0.5824,0.036163148830450804
YOLOv4 default,3802,0.5824,0.036163148830450804
YOLOv4 default,3803,0.5824,0.036163148830450804
YOLOv4 default,3804,0.5824,0.036163148830450804
YOLOv4 default,3805,0.5824,0.036163148830450804
YOLOv4 default,3806,0.5824,0.036163148830450804
YOLOv4 default,3807,0.5824,0.036163148830450804
YOLOv4 default,3808,0.5824,0.036163148830450804
YOLOv4 default,3809,0.5824,0.036163148830450804
YOLOv4 default,3810,0.5824,0.036163148830450804
YOLOv4 default,3811,0.5824,0.036163148830450804
YOLOv4 default,3812,0.5824,0.036163148830450804
YOLOv4 default,3813,0.5824,0.036163148830450804
YOLOv4 default,3814,0.5824,0.036163148830450804
YOLOv4 default,3815,0.5824,0.036163148830450804
YOLOv4 default,3816,0.5824,0.036163148830450804
YOLOv4 default,3817,0.5824,0.036163148830450804
YOLOv4 default,3818,0.5824,0.036163148830450804
YOLOv4 default,3819,0.5824,0.036163148830450804
YOLOv4 default,3820,0.5824,0.036163148830450804
YOLOv4 default,3821,0.5824,0.036163148830450804
YOLOv4 default,3822,0.5824,0.036163148830450804
YOLOv4 default,3823,0.5824,0.036163148830450804
YOLOv4 default,3824,0.5824,0.036163148830450804
YOLOv4 default,3825,0.5824,0.036163148830450804
YOLOv4 default,3826,0.5824,0.036163148830450804
YOLOv4 default,3827,0.5824,0.036163148830450804
YOLOv4 default,3828,0.5824,0.036163148830450804
YOLOv4 default,3829,0.5824,0.036163148830450804
YOLOv4 default,3830,0.5824,0.036163148830450804
YOLOv4 default,3831,0.5824,0.036163148830450804
YOLOv4 default,3832,0.5824,0.036163148830450804
YOLOv4 default,3833,0.5824,0.036163148830450804
YOLOv4 default,3834,0.5824,0.036163148830450804
YOLOv4 default,3835,0.5824,0.036163148830450804
YOLOv4 default,3836,0.5824,0.036163148830450804
YOLOv4 default,3837,0.5824,0.036163148830450804
YOLOv4 default,3838,0.5824,0.036163148830450804
YOLOv4 default,3839,0.5824,0.036163148830450804
YOLOv4 default,3840,0.5824,0.036163148830450804
YOLOv4 default,3841,0.5824,0.036163148830450804
YOLOv4 default,3842,0.5824,0.036163148830450804
YOLOv4 default,3843,0.5824,0.036163148830450804
YOLOv4 default,3844,0.5824,0.036163148830450804
YOLOv4 default,3845,0.5824,0.036163148830450804
YOLOv4 default,3846,0.5824,0.036163148830450804
YOLOv4 default,3847,0.5824,0.036163148830450804
YOLOv4 default,3848,0.5824,0.036163148830450804
YOLOv4 default,3849,0.5824,0.036163148830450804
YOLOv4 default,3850,0.5824,0.036163148830450804
YOLOv4 default,3851,0.5824,0.036163148830450804
YOLOv4 default,3852,0.5824,0.036163148830450804
YOLOv4 default,3853,0.5824,0.036163148830450804
YOLOv4 default,3854,0.5824,0.036163148830450804
YOLOv4 default,3855,0.5824,0.036163148830450804
YOLOv4 default,3856,0.5824,0.036163148830450804
YOLOv4 default,3857,0.5824,0.036163148830450804
YOLOv4 default,3858,0.5824,0.036163148830450804
YOLOv4 default,3859,0.5824,0.036163148830450804
YOLOv4 default,3860,0.5824,0.036163148830450804
YOLOv4 default,3861,0.5824,0.036163148830450804
YOLOv4 default,3862,0.5824,0.036163148830450804
YOLOv4 default,3863,0.5824,0.036163148830450804
YOLOv4 default,3864,0.5824,0.036163148830450804
YOLOv4 default,3865,0.5824,0.036163148830450804
YOLOv4 default,3866,0.5824,0.036163148830450804
YOLOv4 default,3867,0.5824,0.036163148830450804
YOLOv4 default,3868,0.5824,0.036163148830450804
YOLOv4 default,3869,0.5824,0.036163148830450804
YOLOv4 default,3870,0.5824,0.036163148830450804
YOLOv4 default,3871,0.5824,0.036163148830450804
YOLOv4 default,3872,0.5824,0.036163148830450804
YOLOv4 default,3873,0.5824,0.036163148830450804
YOLOv4 default,3874,0.5824,0.036163148830450804
YOLOv4 default,3875,0.5824,0.036163148830450804
YOLOv4 default,3876,0.5824,0.036163148830450804
YOLOv4 default,3877,0.5824,0.036163148830450804
YOLOv4 default,3878,0.5824,0.036163148830450804
YOLOv4 default,3879,0.5824,0.036163148830450804
YOLOv4 default,3880,0.5824,0.036163148830450804
YOLOv4 default,3881,0.5824,0.036163148830450804
YOLOv4 default,3882,0.5824,0.036163148830450804
YOLOv4 default,3883,0.5824,0.036163148830450804
YOLOv4 default,3884,0.5824,0.036163148830450804
YOLOv4 default,3885,0.5824,0.036163148830450804
YOLOv4 default,3886,0.5824,0.036163148830450804
YOLOv4 default,3887,0.5824,0.036163148830450804
YOLOv4 default,3888,0.5824,0.036163148830450804
YOLOv4 default,3889,0.5824,0.036163148830450804
YOLOv4 default,3890,0.5824,0.036163148830450804
YOLOv4 default,3891,0.5824,0.036163148830450804
YOLOv4 default,3892,0.5824,0.036163148830450804
YOLOv4 default,3893,0.5824,0.036163148830450804
YOLOv4 default,3894,0.5824,0.036163148830450804
YOLOv4 default,3895,0.5824,0.036163148830450804
YOLOv4 default,3896,0.5824,0.036163148830450804
YOLOv4 default,3897,0.5824,0.036163148830450804
YOLOv4 default,3898,0.5824,0.036163148830450804
YOLOv4 default,3899,0.5824,0.036163148830450804
YOLOv4 default,3900,0.5657866666666667,0.01990771525062582
YOLOv4 default,3901,0.5658,0.03980439674206861
YOLOv4 default,3902,0.5658,0.03980439674206861
YOLOv4 default,3903,0.5658,0.03980439674206861
YOLOv4 default,3904,0.5658,0.03980439674206861
YOLOv4 default,3905,0.5658,0.03980439674206861
YOLOv4 default,3906,0.5658,0.03980439674206861
YOLOv4 default,3907,0.5658,0.03980439674206861
YOLOv4 default,3908,0.5658,0.03980439674206861
YOLOv4 default,3909,0.5658,0.03980439674206861
YOLOv4 default,3910,0.5658,0.03980439674206861
YOLOv4 default,3911,0.5658,0.03980439674206861
YOLOv4 default,3912,0.5658,0.03980439674206861
YOLOv4 default,3913,0.5658,0.03980439674206861
YOLOv4 default,3914,0.5658,0.03980439674206861
YOLOv4 default,3915,0.5658,0.03980439674206861
YOLOv4 default,3916,0.5658,0.03980439674206861
YOLOv4 default,3917,0.5658,0.03980439674206861
YOLOv4 default,3918,0.5658,0.03980439674206861
YOLOv4 default,3919,0.5658,0.03980439674206861
YOLOv4 default,3920,0.5658,0.03980439674206861
YOLOv4 default,3921,0.5658,0.03980439674206861
YOLOv4 default,3922,0.5658,0.03980439674206861
YOLOv4 default,3923,0.5658,0.03980439674206861
YOLOv4 default,3924,0.5658,0.03980439674206861
YOLOv4 default,3925,0.5658,0.03980439674206861
YOLOv4 default,3926,0.5658,0.03980439674206861
YOLOv4 default,3927,0.5658,0.03980439674206861
YOLOv4 default,3928,0.5658,0.03980439674206861
YOLOv4 default,3929,0.5658,0.03980439674206861
YOLOv4 default,3930,0.5658,0.03980439674206861
YOLOv4 default,3931,0.5658,0.03980439674206861
YOLOv4 default,3932,0.5658,0.03980439674206861
YOLOv4 default,3933,0.5658,0.03980439674206861
YOLOv4 default,3934,0.5658,0.03980439674206861
YOLOv4 default,3935,0.5658,0.03980439674206861
YOLOv4 default,3936,0.5658,0.03980439674206861
YOLOv4 default,3937,0.5658,0.03980439674206861
YOLOv4 default,3938,0.5658,0.03980439674206861
YOLOv4 default,3939,0.5658,0.03980439674206861
YOLOv4 default,3940,0.5658,0.03980439674206861
YOLOv4 default,3941,0.5658,0.03980439674206861
YOLOv4 default,3942,0.5658,0.03980439674206861
YOLOv4 default,3943,0.5658,0.03980439674206861
YOLOv4 default,3944,0.5658,0.03980439674206861
YOLOv4 default,3945,0.5658,0.03980439674206861
YOLOv4 default,3946,0.5658,0.03980439674206861
YOLOv4 default,3947,0.5658,0.03980439674206861
YOLOv4 default,3948,0.5658,0.03980439674206861
YOLOv4 default,3949,0.5658,0.03980439674206861
YOLOv4 default,3950,0.5658,0.03980439674206861
YOLOv4 default,3951,0.5658,0.03980439674206861
YOLOv4 default,3952,0.5658,0.03980439674206861
YOLOv4 default,3953,0.5658,0.03980439674206861
YOLOv4 default,3954,0.5658,0.03980439674206861
YOLOv4 default,3955,0.5658,0.03980439674206861
YOLOv4 default,3956,0.5658,0.03980439674206861
YOLOv4 default,3957,0.5658,0.03980439674206861
YOLOv4 default,3958,0.5658,0.03980439674206861
YOLOv4 default,3959,0.5658,0.03980439674206861
YOLOv4 default,3960,0.5658,0.03980439674206861
YOLOv4 default,3961,0.5658,0.03980439674206861
YOLOv4 default,3962,0.5658,0.03980439674206861
YOLOv4 default,3963,0.5658,0.03980439674206861
YOLOv4 default,3964,0.5658,0.03980439674206861
YOLOv4 default,3965,0.5658,0.03980439674206861
YOLOv4 default,3966,0.5658,0.03980439674206861
YOLOv4 default,3967,0.5658,0.03980439674206861
YOLOv4 default,3968,0.5658,0.03980439674206861
YOLOv4 default,3969,0.5658,0.03980439674206861
YOLOv4 default,3970,0.5658,0.03980439674206861
YOLOv4 default,3971,0.5658,0.03980439674206861
YOLOv4 default,3972,0.5658,0.03980439674206861
YOLOv4 default,3973,0.5658,0.03980439674206861
YOLOv4 default,3974,0.5658,0.03980439674206861
YOLOv4 default,3975,0.5658,0.03980439674206861
YOLOv4 default,3976,0.5658,0.03980439674206861
YOLOv4 default,3977,0.5658,0.03980439674206861
YOLOv4 default,3978,0.5658,0.03980439674206861
YOLOv4 default,3979,0.5658,0.03980439674206861
YOLOv4 default,3980,0.5658,0.03980439674206861
YOLOv4 default,3981,0.5658,0.03980439674206861
YOLOv4 default,3982,0.5658,0.03980439674206861
YOLOv4 default,3983,0.5658,0.03980439674206861
YOLOv4 default,3984,0.5658,0.03980439674206861
YOLOv4 default,3985,0.5658,0.03980439674206861
YOLOv4 default,3986,0.5658,0.03980439674206861
YOLOv4 default,3987,0.5658,0.03980439674206861
YOLOv4 default,3988,0.5658,0.03980439674206861
YOLOv4 default,3989,0.5658,0.03980439674206861
YOLOv4 default,3990,0.5658,0.03980439674206861
YOLOv4 default,3991,0.5658,0.03980439674206861
YOLOv4 default,3992,0.5658,0.03980439674206861
YOLOv4 default,3993,0.5658,0.03980439674206861
YOLOv4 default,3994,0.5658,0.03980439674206861
YOLOv4 default,3995,0.5658,0.03980439674206861
YOLOv4 default,3996,0.5658,0.03980439674206861
YOLOv4 default,3997,0.5658,0.03980439674206861
YOLOv4 default,3998,0.5658,0.03980439674206861
YOLOv4 default,3999,0.5658,0.03980439674206861
YOLOv4 default,4000,0.5693626666666667,0.008561454247575788
YOLOv4 default,4001,0.5693666666666667,0.01714101643556895
YOLOv4 default,4002,0.5693666666666667,0.01714101643556895
YOLOv4 default,4003,0.5693666666666667,0.01714101643556895
YOLOv4 default,4004,0.5693666666666667,0.01714101643556895
YOLOv4 default,4005,0.5693666666666667,0.01714101643556895
YOLOv4 default,4006,0.5693666666666667,0.01714101643556895
YOLOv4 default,4007,0.5693666666666667,0.01714101643556895
YOLOv4 default,4008,0.5693666666666667,0.01714101643556895
YOLOv4 default,4009,0.5693666666666667,0.01714101643556895
YOLOv4 default,4010,0.5693666666666667,0.01714101643556895
YOLOv4 default,4011,0.5693666666666667,0.01714101643556895
YOLOv4 default,4012,0.5693666666666667,0.01714101643556895
YOLOv4 default,4013,0.5693666666666667,0.01714101643556895
YOLOv4 default,4014,0.5693666666666667,0.01714101643556895
YOLOv4 default,4015,0.5693666666666667,0.01714101643556895
YOLOv4 default,4016,0.5693666666666667,0.01714101643556895
YOLOv4 default,4017,0.5693666666666667,0.01714101643556895
YOLOv4 default,4018,0.5693666666666667,0.01714101643556895
YOLOv4 default,4019,0.5693666666666667,0.01714101643556895
YOLOv4 default,4020,0.5693666666666667,0.01714101643556895
YOLOv4 default,4021,0.5693666666666667,0.01714101643556895
YOLOv4 default,4022,0.5693666666666667,0.01714101643556895
YOLOv4 default,4023,0.5693666666666667,0.01714101643556895
YOLOv4 default,4024,0.5693666666666667,0.01714101643556895
YOLOv4 default,4025,0.5693666666666667,0.01714101643556895
YOLOv4 default,4026,0.5693666666666667,0.01714101643556895
YOLOv4 default,4027,0.5693666666666667,0.01714101643556895
YOLOv4 default,4028,0.5693666666666667,0.01714101643556895
YOLOv4 default,4029,0.5693666666666667,0.01714101643556895
YOLOv4 default,4030,0.5693666666666667,0.01714101643556895
YOLOv4 default,4031,0.5693666666666667,0.01714101643556895
YOLOv4 default,4032,0.5693666666666667,0.01714101643556895
YOLOv4 default,4033,0.5693666666666667,0.01714101643556895
YOLOv4 default,4034,0.5693666666666667,0.01714101643556895
YOLOv4 default,4035,0.5693666666666667,0.01714101643556895
YOLOv4 default,4036,0.5693666666666667,0.01714101643556895
YOLOv4 default,4037,0.5693666666666667,0.01714101643556895
YOLOv4 default,4038,0.5693666666666667,0.01714101643556895
YOLOv4 default,4039,0.5693666666666667,0.01714101643556895
YOLOv4 default,4040,0.5693666666666667,0.01714101643556895
YOLOv4 default,4041,0.5693666666666667,0.01714101643556895
YOLOv4 default,4042,0.5693666666666667,0.01714101643556895
YOLOv4 default,4043,0.5693666666666667,0.01714101643556895
YOLOv4 default,4044,0.5693666666666667,0.01714101643556895
YOLOv4 default,4045,0.5693666666666667,0.01714101643556895
YOLOv4 default,4046,0.5693666666666667,0.01714101643556895
YOLOv4 default,4047,0.5693666666666667,0.01714101643556895
YOLOv4 default,4048,0.5693666666666667,0.01714101643556895
YOLOv4 default,4049,0.5693666666666667,0.01714101643556895
YOLOv4 default,4050,0.5693666666666667,0.01714101643556895
YOLOv4 default,4051,0.5693666666666667,0.01714101643556895
YOLOv4 default,4052,0.5693666666666667,0.01714101643556895
YOLOv4 default,4053,0.5693666666666667,0.01714101643556895
YOLOv4 default,4054,0.5693666666666667,0.01714101643556895
YOLOv4 default,4055,0.5693666666666667,0.01714101643556895
YOLOv4 default,4056,0.5693666666666667,0.01714101643556895
YOLOv4 default,4057,0.5693666666666667,0.01714101643556895
YOLOv4 default,4058,0.5693666666666667,0.01714101643556895
YOLOv4 default,4059,0.5693666666666667,0.01714101643556895
YOLOv4 default,4060,0.5693666666666667,0.01714101643556895
YOLOv4 default,4061,0.5693666666666667,0.01714101643556895
YOLOv4 default,4062,0.5693666666666667,0.01714101643556895
YOLOv4 default,4063,0.5693666666666667,0.01714101643556895
YOLOv4 default,4064,0.5693666666666667,0.01714101643556895
YOLOv4 default,4065,0.5693666666666667,0.01714101643556895
YOLOv4 default,4066,0.5693666666666667,0.01714101643556895
YOLOv4 default,4067,0.5693666666666667,0.01714101643556895
YOLOv4 default,4068,0.5693666666666667,0.01714101643556895
YOLOv4 default,4069,0.5693666666666667,0.01714101643556895
YOLOv4 default,4070,0.5693666666666667,0.01714101643556895
YOLOv4 default,4071,0.5693666666666667,0.01714101643556895
YOLOv4 default,4072,0.5693666666666667,0.01714101643556895
YOLOv4 default,4073,0.5693666666666667,0.01714101643556895
YOLOv4 default,4074,0.5693666666666667,0.01714101643556895
YOLOv4 default,4075,0.5693666666666667,0.01714101643556895
YOLOv4 default,4076,0.5693666666666667,0.01714101643556895
YOLOv4 default,4077,0.5693666666666667,0.01714101643556895
YOLOv4 default,4078,0.5693666666666667,0.01714101643556895
YOLOv4 default,4079,0.5693666666666667,0.01714101643556895
YOLOv4 default,4080,0.5693666666666667,0.01714101643556895
YOLOv4 default,4081,0.5693666666666667,0.01714101643556895
YOLOv4 default,4082,0.5693666666666667,0.01714101643556895
YOLOv4 default,4083,0.5693666666666667,0.01714101643556895
YOLOv4 default,4084,0.5693666666666667,0.01714101643556895
YOLOv4 default,4085,0.5693666666666667,0.01714101643556895
YOLOv4 default,4086,0.5693666666666667,0.01714101643556895
YOLOv4 default,4087,0.5693666666666667,0.01714101643556895
YOLOv4 default,4088,0.5693666666666667,0.01714101643556895
YOLOv4 default,4089,0.5693666666666667,0.01714101643556895
YOLOv4 default,4090,0.5693666666666667,0.01714101643556895
YOLOv4 default,4091,0.5693666666666667,0.01714101643556895
YOLOv4 default,4092,0.5693666666666667,0.01714101643556895
YOLOv4 default,4093,0.5693666666666667,0.01714101643556895
YOLOv4 default,4094,0.5693666666666667,0.01714101643556895
YOLOv4 default,4095,0.5693666666666667,0.01714101643556895
YOLOv4 default,4096,0.5693666666666667,0.01714101643556895
YOLOv4 default,4097,0.5693666666666667,0.01714101643556895
YOLOv4 default,4098,0.5693666666666667,0.01714101643556895
YOLOv4 default,4099,0.5693666666666667,0.01714101643556895
YOLOv4 default,4100,0.5975322222222222,0.005950992061967894
YOLOv4 default,4101,0.5975333333333334,0.011893462256401394
YOLOv4 default,4102,0.5975333333333334,0.011893462256401394
YOLOv4 default,4103,0.5975333333333334,0.011893462256401394
YOLOv4 default,4104,0.5975333333333334,0.011893462256401394
YOLOv4 default,4105,0.5975333333333334,0.011893462256401394
YOLOv4 default,4106,0.5975333333333334,0.011893462256401394
YOLOv4 default,4107,0.5975333333333334,0.011893462256401394
YOLOv4 default,4108,0.5975333333333334,0.011893462256401394
YOLOv4 default,4109,0.5975333333333334,0.011893462256401394
YOLOv4 default,4110,0.5975333333333334,0.011893462256401394
YOLOv4 default,4111,0.5975333333333334,0.011893462256401394
YOLOv4 default,4112,0.5975333333333334,0.011893462256401394
YOLOv4 default,4113,0.5975333333333334,0.011893462256401394
YOLOv4 default,4114,0.5975333333333334,0.011893462256401394
YOLOv4 default,4115,0.5975333333333334,0.011893462256401394
YOLOv4 default,4116,0.5975333333333334,0.011893462256401394
YOLOv4 default,4117,0.5975333333333334,0.011893462256401394
YOLOv4 default,4118,0.5975333333333334,0.011893462256401394
YOLOv4 default,4119,0.5975333333333334,0.011893462256401394
YOLOv4 default,4120,0.5975333333333334,0.011893462256401394
YOLOv4 default,4121,0.5975333333333334,0.011893462256401394
YOLOv4 default,4122,0.5975333333333334,0.011893462256401394
YOLOv4 default,4123,0.5975333333333334,0.011893462256401394
YOLOv4 default,4124,0.5975333333333334,0.011893462256401394
YOLOv4 default,4125,0.5975333333333334,0.011893462256401394
YOLOv4 default,4126,0.5975333333333334,0.011893462256401394
YOLOv4 default,4127,0.5975333333333334,0.011893462256401394
YOLOv4 default,4128,0.5975333333333334,0.011893462256401394
YOLOv4 default,4129,0.5975333333333334,0.011893462256401394
YOLOv4 default,4130,0.5975333333333334,0.011893462256401394
YOLOv4 default,4131,0.5975333333333334,0.011893462256401394
YOLOv4 default,4132,0.5975333333333334,0.011893462256401394
YOLOv4 default,4133,0.5975333333333334,0.011893462256401394
YOLOv4 default,4134,0.5975333333333334,0.011893462256401394
YOLOv4 default,4135,0.5975333333333334,0.011893462256401394
YOLOv4 default,4136,0.5975333333333334,0.011893462256401394
YOLOv4 default,4137,0.5975333333333334,0.011893462256401394
YOLOv4 default,4138,0.5975333333333334,0.011893462256401394
YOLOv4 default,4139,0.5975333333333334,0.011893462256401394
YOLOv4 default,4140,0.5975333333333334,0.011893462256401394
YOLOv4 default,4141,0.5975333333333334,0.011893462256401394
YOLOv4 default,4142,0.5975333333333334,0.011893462256401394
YOLOv4 default,4143,0.5975333333333334,0.011893462256401394
YOLOv4 default,4144,0.5975333333333334,0.011893462256401394
YOLOv4 default,4145,0.5975333333333334,0.011893462256401394
YOLOv4 default,4146,0.5975333333333334,0.011893462256401394
YOLOv4 default,4147,0.5975333333333334,0.011893462256401394
YOLOv4 default,4148,0.5975333333333334,0.011893462256401394
YOLOv4 default,4149,0.5975333333333334,0.011893462256401394
YOLOv4 default,4150,0.5975333333333334,0.011893462256401394
YOLOv4 default,4151,0.5975333333333334,0.011893462256401394
YOLOv4 default,4152,0.5975333333333334,0.011893462256401394
YOLOv4 default,4153,0.5975333333333334,0.011893462256401394
YOLOv4 default,4154,0.5975333333333334,0.011893462256401394
YOLOv4 default,4155,0.5975333333333334,0.011893462256401394
YOLOv4 default,4156,0.5975333333333334,0.011893462256401394
YOLOv4 default,4157,0.5975333333333334,0.011893462256401394
YOLOv4 default,4158,0.5975333333333334,0.011893462256401394
YOLOv4 default,4159,0.5975333333333334,0.011893462256401394
YOLOv4 default,4160,0.5975333333333334,0.011893462256401394
YOLOv4 default,4161,0.5975333333333334,0.011893462256401394
YOLOv4 default,4162,0.5975333333333334,0.011893462256401394
YOLOv4 default,4163,0.5975333333333334,0.011893462256401394
YOLOv4 default,4164,0.5975333333333334,0.011893462256401394
YOLOv4 default,4165,0.5975333333333334,0.011893462256401394
YOLOv4 default,4166,0.5975333333333334,0.011893462256401394
YOLOv4 default,4167,0.5975333333333334,0.011893462256401394
YOLOv4 default,4168,0.5975333333333334,0.011893462256401394
YOLOv4 default,4169,0.5975333333333334,0.011893462256401394
YOLOv4 default,4170,0.5975333333333334,0.011893462256401394
YOLOv4 default,4171,0.5975333333333334,0.011893462256401394
YOLOv4 default,4172,0.5975333333333334,0.011893462256401394
YOLOv4 default,4173,0.5975333333333334,0.011893462256401394
YOLOv4 default,4174,0.5975333333333334,0.011893462256401394
YOLOv4 default,4175,0.5975333333333334,0.011893462256401394
YOLOv4 default,4176,0.5975333333333334,0.011893462256401394
YOLOv4 default,4177,0.5975333333333334,0.011893462256401394
YOLOv4 default,4178,0.5975333333333334,0.011893462256401394
YOLOv4 default,4179,0.5975333333333334,0.011893462256401394
YOLOv4 default,4180,0.5975333333333334,0.011893462256401394
YOLOv4 default,4181,0.5975333333333334,0.011893462256401394
YOLOv4 default,4182,0.5975333333333334,0.011893462256401394
YOLOv4 default,4183,0.5975333333333334,0.011893462256401394
YOLOv4 default,4184,0.5975333333333334,0.011893462256401394
YOLOv4 default,4185,0.5975333333333334,0.011893462256401394
YOLOv4 default,4186,0.5975333333333334,0.011893462256401394
YOLOv4 default,4187,0.5975333333333334,0.011893462256401394
YOLOv4 default,4188,0.5975333333333334,0.011893462256401394
YOLOv4 default,4189,0.5975333333333334,0.011893462256401394
YOLOv4 default,4190,0.5975333333333334,0.011893462256401394
YOLOv4 default,4191,0.5975333333333334,0.011893462256401394
YOLOv4 default,4192,0.5975333333333334,0.011893462256401394
YOLOv4 default,4193,0.5975333333333334,0.011893462256401394
YOLOv4 default,4194,0.5975333333333334,0.011893462256401394
YOLOv4 default,4195,0.5975333333333334,0.011893462256401394
YOLOv4 default,4196,0.5975333333333334,0.011893462256401394
YOLOv4 default,4197,0.5975333333333334,0.011893462256401394
YOLOv4 default,4198,0.5975333333333334,0.011893462256401394
YOLOv4 default,4199,0.5975333333333334,0.011893462256401394
YOLOv4 default,4200,0.5666153333333334,0.024570620635561216
YOLOv4 default,4201,0.5665999999999999,0.04915282290977801
YOLOv4 default,4202,0.5665999999999999,0.04915282290977801
YOLOv4 default,4203,0.5665999999999999,0.04915282290977801
YOLOv4 default,4204,0.5665999999999999,0.04915282290977801
YOLOv4 default,4205,0.5665999999999999,0.04915282290977801
YOLOv4 default,4206,0.5665999999999999,0.04915282290977801
YOLOv4 default,4207,0.5665999999999999,0.04915282290977801
YOLOv4 default,4208,0.5665999999999999,0.04915282290977801
YOLOv4 default,4209,0.5665999999999999,0.04915282290977801
YOLOv4 default,4210,0.5665999999999999,0.04915282290977801
YOLOv4 default,4211,0.5665999999999999,0.04915282290977801
YOLOv4 default,4212,0.5665999999999999,0.04915282290977801
YOLOv4 default,4213,0.5665999999999999,0.04915282290977801
YOLOv4 default,4214,0.5665999999999999,0.04915282290977801
YOLOv4 default,4215,0.5665999999999999,0.04915282290977801
YOLOv4 default,4216,0.5665999999999999,0.04915282290977801
YOLOv4 default,4217,0.5665999999999999,0.04915282290977801
YOLOv4 default,4218,0.5665999999999999,0.04915282290977801
YOLOv4 default,4219,0.5665999999999999,0.04915282290977801
YOLOv4 default,4220,0.5665999999999999,0.04915282290977801
YOLOv4 default,4221,0.5665999999999999,0.04915282290977801
YOLOv4 default,4222,0.5665999999999999,0.04915282290977801
YOLOv4 default,4223,0.5665999999999999,0.04915282290977801
YOLOv4 default,4224,0.5665999999999999,0.04915282290977801
YOLOv4 default,4225,0.5665999999999999,0.04915282290977801
YOLOv4 default,4226,0.5665999999999999,0.04915282290977801
YOLOv4 default,4227,0.5665999999999999,0.04915282290977801
YOLOv4 default,4228,0.5665999999999999,0.04915282290977801
YOLOv4 default,4229,0.5665999999999999,0.04915282290977801
YOLOv4 default,4230,0.5665999999999999,0.04915282290977801
YOLOv4 default,4231,0.5665999999999999,0.04915282290977801
YOLOv4 default,4232,0.5665999999999999,0.04915282290977801
YOLOv4 default,4233,0.5665999999999999,0.04915282290977801
YOLOv4 default,4234,0.5665999999999999,0.04915282290977801
YOLOv4 default,4235,0.5665999999999999,0.04915282290977801
YOLOv4 default,4236,0.5665999999999999,0.04915282290977801
YOLOv4 default,4237,0.5665999999999999,0.04915282290977801
YOLOv4 default,4238,0.5665999999999999,0.04915282290977801
YOLOv4 default,4239,0.5665999999999999,0.04915282290977801
YOLOv4 default,4240,0.5665999999999999,0.04915282290977801
YOLOv4 default,4241,0.5665999999999999,0.04915282290977801
YOLOv4 default,4242,0.5665999999999999,0.04915282290977801
YOLOv4 default,4243,0.5665999999999999,0.04915282290977801
YOLOv4 default,4244,0.5665999999999999,0.04915282290977801
YOLOv4 default,4245,0.5665999999999999,0.04915282290977801
YOLOv4 default,4246,0.5665999999999999,0.04915282290977801
YOLOv4 default,4247,0.5665999999999999,0.04915282290977801
YOLOv4 default,4248,0.5665999999999999,0.04915282290977801
YOLOv4 default,4249,0.5665999999999999,0.04915282290977801
YOLOv4 default,4250,0.5665999999999999,0.04915282290977801
YOLOv4 default,4251,0.5665999999999999,0.04915282290977801
YOLOv4 default,4252,0.5665999999999999,0.04915282290977801
YOLOv4 default,4253,0.5665999999999999,0.04915282290977801
YOLOv4 default,4254,0.5665999999999999,0.04915282290977801
YOLOv4 default,4255,0.5665999999999999,0.04915282290977801
YOLOv4 default,4256,0.5665999999999999,0.04915282290977801
YOLOv4 default,4257,0.5665999999999999,0.04915282290977801
YOLOv4 default,4258,0.5665999999999999,0.04915282290977801
YOLOv4 default,4259,0.5665999999999999,0.04915282290977801
YOLOv4 default,4260,0.5665999999999999,0.04915282290977801
YOLOv4 default,4261,0.5665999999999999,0.04915282290977801
YOLOv4 default,4262,0.5665999999999999,0.04915282290977801
YOLOv4 default,4263,0.5665999999999999,0.04915282290977801
YOLOv4 default,4264,0.5665999999999999,0.04915282290977801
YOLOv4 default,4265,0.5665999999999999,0.04915282290977801
YOLOv4 default,4266,0.5665999999999999,0.04915282290977801
YOLOv4 default,4267,0.5665999999999999,0.04915282290977801
YOLOv4 default,4268,0.5665999999999999,0.04915282290977801
YOLOv4 default,4269,0.5665999999999999,0.04915282290977801
YOLOv4 default,4270,0.5665999999999999,0.04915282290977801
YOLOv4 default,4271,0.5665999999999999,0.04915282290977801
YOLOv4 default,4272,0.5665999999999999,0.04915282290977801
YOLOv4 default,4273,0.5665999999999999,0.04915282290977801
YOLOv4 default,4274,0.5665999999999999,0.04915282290977801
YOLOv4 default,4275,0.5665999999999999,0.04915282290977801
YOLOv4 default,4276,0.5665999999999999,0.04915282290977801
YOLOv4 default,4277,0.5665999999999999,0.04915282290977801
YOLOv4 default,4278,0.5665999999999999,0.04915282290977801
YOLOv4 default,4279,0.5665999999999999,0.04915282290977801
YOLOv4 default,4280,0.5665999999999999,0.04915282290977801
YOLOv4 default,4281,0.5665999999999999,0.04915282290977801
YOLOv4 default,4282,0.5665999999999999,0.04915282290977801
YOLOv4 default,4283,0.5665999999999999,0.04915282290977801
YOLOv4 default,4284,0.5665999999999999,0.04915282290977801
YOLOv4 default,4285,0.5665999999999999,0.04915282290977801
YOLOv4 default,4286,0.5665999999999999,0.04915282290977801
YOLOv4 default,4287,0.5665999999999999,0.04915282290977801
YOLOv4 default,4288,0.5665999999999999,0.04915282290977801
YOLOv4 default,4289,0.5665999999999999,0.04915282290977801
YOLOv4 default,4290,0.5665999999999999,0.04915282290977801
YOLOv4 default,4291,0.5665999999999999,0.04915282290977801
YOLOv4 default,4292,0.5665999999999999,0.04915282290977801
YOLOv4 default,4293,0.5665999999999999,0.04915282290977801
YOLOv4 default,4294,0.5665999999999999,0.04915282290977801
YOLOv4 default,4295,0.5665999999999999,0.04915282290977801
YOLOv4 default,4296,0.5665999999999999,0.04915282290977801
YOLOv4 default,4297,0.5665999999999999,0.04915282290977801
YOLOv4 default,4298,0.5665999999999999,0.04915282290977801
YOLOv4 default,4299,0.5665999999999999,0.04915282290977801
YOLOv4 default,4300,0.5511786666666667,0.010913675210996121
YOLOv4 default,4301,0.5511666666666667,0.02183699714806148
YOLOv4 default,4302,0.5511666666666667,0.02183699714806148
YOLOv4 default,4303,0.5511666666666667,0.02183699714806148
YOLOv4 default,4304,0.5511666666666667,0.02183699714806148
YOLOv4 default,4305,0.5511666666666667,0.02183699714806148
YOLOv4 default,4306,0.5511666666666667,0.02183699714806148
YOLOv4 default,4307,0.5511666666666667,0.02183699714806148
YOLOv4 default,4308,0.5511666666666667,0.02183699714806148
YOLOv4 default,4309,0.5511666666666667,0.02183699714806148
YOLOv4 default,4310,0.5511666666666667,0.02183699714806148
YOLOv4 default,4311,0.5511666666666667,0.02183699714806148
YOLOv4 default,4312,0.5511666666666667,0.02183699714806148
YOLOv4 default,4313,0.5511666666666667,0.02183699714806148
YOLOv4 default,4314,0.5511666666666667,0.02183699714806148
YOLOv4 default,4315,0.5511666666666667,0.02183699714806148
YOLOv4 default,4316,0.5511666666666667,0.02183699714806148
YOLOv4 default,4317,0.5511666666666667,0.02183699714806148
YOLOv4 default,4318,0.5511666666666667,0.02183699714806148
YOLOv4 default,4319,0.5511666666666667,0.02183699714806148
YOLOv4 default,4320,0.5511666666666667,0.02183699714806148
YOLOv4 default,4321,0.5511666666666667,0.02183699714806148
YOLOv4 default,4322,0.5511666666666667,0.02183699714806148
YOLOv4 default,4323,0.5511666666666667,0.02183699714806148
YOLOv4 default,4324,0.5511666666666667,0.02183699714806148
YOLOv4 default,4325,0.5511666666666667,0.02183699714806148
YOLOv4 default,4326,0.5511666666666667,0.02183699714806148
YOLOv4 default,4327,0.5511666666666667,0.02183699714806148
YOLOv4 default,4328,0.5511666666666667,0.02183699714806148
YOLOv4 default,4329,0.5511666666666667,0.02183699714806148
YOLOv4 default,4330,0.5511666666666667,0.02183699714806148
YOLOv4 default,4331,0.5511666666666667,0.02183699714806148
YOLOv4 default,4332,0.5511666666666667,0.02183699714806148
YOLOv4 default,4333,0.5511666666666667,0.02183699714806148
YOLOv4 default,4334,0.5511666666666667,0.02183699714806148
YOLOv4 default,4335,0.5511666666666667,0.02183699714806148
YOLOv4 default,4336,0.5511666666666667,0.02183699714806148
YOLOv4 default,4337,0.5511666666666667,0.02183699714806148
YOLOv4 default,4338,0.5511666666666667,0.02183699714806148
YOLOv4 default,4339,0.5511666666666667,0.02183699714806148
YOLOv4 default,4340,0.5511666666666667,0.02183699714806148
YOLOv4 default,4341,0.5511666666666667,0.02183699714806148
YOLOv4 default,4342,0.5511666666666667,0.02183699714806148
YOLOv4 default,4343,0.5511666666666667,0.02183699714806148
YOLOv4 default,4344,0.5511666666666667,0.02183699714806148
YOLOv4 default,4345,0.5511666666666667,0.02183699714806148
YOLOv4 default,4346,0.5511666666666667,0.02183699714806148
YOLOv4 default,4347,0.5511666666666667,0.02183699714806148
YOLOv4 default,4348,0.5511666666666667,0.02183699714806148
YOLOv4 default,4349,0.5511666666666667,0.02183699714806148
YOLOv4 default,4350,0.5511666666666667,0.02183699714806148
YOLOv4 default,4351,0.5511666666666667,0.02183699714806148
YOLOv4 default,4352,0.5511666666666667,0.02183699714806148
YOLOv4 default,4353,0.5511666666666667,0.02183699714806148
YOLOv4 default,4354,0.5511666666666667,0.02183699714806148
YOLOv4 default,4355,0.5511666666666667,0.02183699714806148
YOLOv4 default,4356,0.5511666666666667,0.02183699714806148
YOLOv4 default,4357,0.5511666666666667,0.02183699714806148
YOLOv4 default,4358,0.5511666666666667,0.02183699714806148
YOLOv4 default,4359,0.5511666666666667,0.02183699714806148
YOLOv4 default,4360,0.5511666666666667,0.02183699714806148
YOLOv4 default,4361,0.5511666666666667,0.02183699714806148
YOLOv4 default,4362,0.5511666666666667,0.02183699714806148
YOLOv4 default,4363,0.5511666666666667,0.02183699714806148
YOLOv4 default,4364,0.5511666666666667,0.02183699714806148
YOLOv4 default,4365,0.5511666666666667,0.02183699714806148
YOLOv4 default,4366,0.5511666666666667,0.02183699714806148
YOLOv4 default,4367,0.5511666666666667,0.02183699714806148
YOLOv4 default,4368,0.5511666666666667,0.02183699714806148
YOLOv4 default,4369,0.5511666666666667,0.02183699714806148
YOLOv4 default,4370,0.5511666666666667,0.02183699714806148
YOLOv4 default,4371,0.5511666666666667,0.02183699714806148
YOLOv4 default,4372,0.5511666666666667,0.02183699714806148
YOLOv4 default,4373,0.5511666666666667,0.02183699714806148
YOLOv4 default,4374,0.5511666666666667,0.02183699714806148
YOLOv4 default,4375,0.5511666666666667,0.02183699714806148
YOLOv4 default,4376,0.5511666666666667,0.02183699714806148
YOLOv4 default,4377,0.5511666666666667,0.02183699714806148
YOLOv4 default,4378,0.5511666666666667,0.02183699714806148
YOLOv4 default,4379,0.5511666666666667,0.02183699714806148
YOLOv4 default,4380,0.5511666666666667,0.02183699714806148
YOLOv4 default,4381,0.5511666666666667,0.02183699714806148
YOLOv4 default,4382,0.5511666666666667,0.02183699714806148
YOLOv4 default,4383,0.5511666666666667,0.02183699714806148
YOLOv4 default,4384,0.5511666666666667,0.02183699714806148
YOLOv4 default,4385,0.5511666666666667,0.02183699714806148
YOLOv4 default,4386,0.5511666666666667,0.02183699714806148
YOLOv4 default,4387,0.5511666666666667,0.02183699714806148
YOLOv4 default,4388,0.5511666666666667,0.02183699714806148
YOLOv4 default,4389,0.5511666666666667,0.02183699714806148
YOLOv4 default,4390,0.5511666666666667,0.02183699714806148
YOLOv4 default,4391,0.5511666666666667,0.02183699714806148
YOLOv4 default,4392,0.5511666666666667,0.02183699714806148
YOLOv4 default,4393,0.5511666666666667,0.02183699714806148
YOLOv4 default,4394,0.5511666666666667,0.02183699714806148
YOLOv4 default,4395,0.5511666666666667,0.02183699714806148
YOLOv4 default,4396,0.5511666666666667,0.02183699714806148
YOLOv4 default,4397,0.5511666666666667,0.02183699714806148
YOLOv4 default,4398,0.5511666666666667,0.02183699714806148
YOLOv4 default,4399,0.5511666666666667,0.02183699714806148
YOLOv4 default,4400,0.5898262222222223,0.015162597988854177
YOLOv4 default,4401,0.5898333333333333,0.03032052843280347
YOLOv4 default,4402,0.5898333333333333,0.03032052843280347
YOLOv4 default,4403,0.5898333333333333,0.03032052843280347
YOLOv4 default,4404,0.5898333333333333,0.03032052843280347
YOLOv4 default,4405,0.5898333333333333,0.03032052843280347
YOLOv4 default,4406,0.5898333333333333,0.03032052843280347
YOLOv4 default,4407,0.5898333333333333,0.03032052843280347
YOLOv4 default,4408,0.5898333333333333,0.03032052843280347
YOLOv4 default,4409,0.5898333333333333,0.03032052843280347
YOLOv4 default,4410,0.5898333333333333,0.03032052843280347
YOLOv4 default,4411,0.5898333333333333,0.03032052843280347
YOLOv4 default,4412,0.5898333333333333,0.03032052843280347
YOLOv4 default,4413,0.5898333333333333,0.03032052843280347
YOLOv4 default,4414,0.5898333333333333,0.03032052843280347
YOLOv4 default,4415,0.5898333333333333,0.03032052843280347
YOLOv4 default,4416,0.5898333333333333,0.03032052843280347
YOLOv4 default,4417,0.5898333333333333,0.03032052843280347
YOLOv4 default,4418,0.5898333333333333,0.03032052843280347
YOLOv4 default,4419,0.5898333333333333,0.03032052843280347
YOLOv4 default,4420,0.5898333333333333,0.03032052843280347
YOLOv4 default,4421,0.5898333333333333,0.03032052843280347
YOLOv4 default,4422,0.5898333333333333,0.03032052843280347
YOLOv4 default,4423,0.5898333333333333,0.03032052843280347
YOLOv4 default,4424,0.5898333333333333,0.03032052843280347
YOLOv4 default,4425,0.5898333333333333,0.03032052843280347
YOLOv4 default,4426,0.5898333333333333,0.03032052843280347
YOLOv4 default,4427,0.5898333333333333,0.03032052843280347
YOLOv4 default,4428,0.5898333333333333,0.03032052843280347
YOLOv4 default,4429,0.5898333333333333,0.03032052843280347
YOLOv4 default,4430,0.5898333333333333,0.03032052843280347
YOLOv4 default,4431,0.5898333333333333,0.03032052843280347
YOLOv4 default,4432,0.5898333333333333,0.03032052843280347
YOLOv4 default,4433,0.5898333333333333,0.03032052843280347
YOLOv4 default,4434,0.5898333333333333,0.03032052843280347
YOLOv4 default,4435,0.5898333333333333,0.03032052843280347
YOLOv4 default,4436,0.5898333333333333,0.03032052843280347
YOLOv4 default,4437,0.5898333333333333,0.03032052843280347
YOLOv4 default,4438,0.5898333333333333,0.03032052843280347
YOLOv4 default,4439,0.5898333333333333,0.03032052843280347
YOLOv4 default,4440,0.5898333333333333,0.03032052843280347
YOLOv4 default,4441,0.5898333333333333,0.03032052843280347
YOLOv4 default,4442,0.5898333333333333,0.03032052843280347
YOLOv4 default,4443,0.5898333333333333,0.03032052843280347
YOLOv4 default,4444,0.5898333333333333,0.03032052843280347
YOLOv4 default,4445,0.5898333333333333,0.03032052843280347
YOLOv4 default,4446,0.5898333333333333,0.03032052843280347
YOLOv4 default,4447,0.5898333333333333,0.03032052843280347
YOLOv4 default,4448,0.5898333333333333,0.03032052843280347
YOLOv4 default,4449,0.5898333333333333,0.03032052843280347
YOLOv4 default,4450,0.5898333333333333,0.03032052843280347
YOLOv4 default,4451,0.5898333333333333,0.03032052843280347
YOLOv4 default,4452,0.5898333333333333,0.03032052843280347
YOLOv4 default,4453,0.5898333333333333,0.03032052843280347
YOLOv4 default,4454,0.5898333333333333,0.03032052843280347
YOLOv4 default,4455,0.5898333333333333,0.03032052843280347
YOLOv4 default,4456,0.5898333333333333,0.03032052843280347
YOLOv4 default,4457,0.5898333333333333,0.03032052843280347
YOLOv4 default,4458,0.5898333333333333,0.03032052843280347
YOLOv4 default,4459,0.5898333333333333,0.03032052843280347
YOLOv4 default,4460,0.5898333333333333,0.03032052843280347
YOLOv4 default,4461,0.5898333333333333,0.03032052843280347
YOLOv4 default,4462,0.5898333333333333,0.03032052843280347
YOLOv4 default,4463,0.5898333333333333,0.03032052843280347
YOLOv4 default,4464,0.5898333333333333,0.03032052843280347
YOLOv4 default,4465,0.5898333333333333,0.03032052843280347
YOLOv4 default,4466,0.5898333333333333,0.03032052843280347
YOLOv4 default,4467,0.5898333333333333,0.03032052843280347
YOLOv4 default,4468,0.5898333333333333,0.03032052843280347
YOLOv4 default,4469,0.5898333333333333,0.03032052843280347
YOLOv4 default,4470,0.5898333333333333,0.03032052843280347
YOLOv4 default,4471,0.5898333333333333,0.03032052843280347
YOLOv4 default,4472,0.5898333333333333,0.03032052843280347
YOLOv4 default,4473,0.5898333333333333,0.03032052843280347
YOLOv4 default,4474,0.5898333333333333,0.03032052843280347
YOLOv4 default,4475,0.5898333333333333,0.03032052843280347
YOLOv4 default,4476,0.5898333333333333,0.03032052843280347
YOLOv4 default,4477,0.5898333333333333,0.03032052843280347
YOLOv4 default,4478,0.5898333333333333,0.03032052843280347
YOLOv4 default,4479,0.5898333333333333,0.03032052843280347
YOLOv4 default,4480,0.5898333333333333,0.03032052843280347
YOLOv4 default,4481,0.5898333333333333,0.03032052843280347
YOLOv4 default,4482,0.5898333333333333,0.03032052843280347
YOLOv4 default,4483,0.5898333333333333,0.03032052843280347
YOLOv4 default,4484,0.5898333333333333,0.03032052843280347
YOLOv4 default,4485,0.5898333333333333,0.03032052843280347
YOLOv4 default,4486,0.5898333333333333,0.03032052843280347
YOLOv4 default,4487,0.5898333333333333,0.03032052843280347
YOLOv4 default,4488,0.5898333333333333,0.03032052843280347
YOLOv4 default,4489,0.5898333333333333,0.03032052843280347
YOLOv4 default,4490,0.5898333333333333,0.03032052843280347
YOLOv4 default,4491,0.5898333333333333,0.03032052843280347
YOLOv4 default,4492,0.5898333333333333,0.03032052843280347
YOLOv4 default,4493,0.5898333333333333,0.03032052843280347
YOLOv4 default,4494,0.5898333333333333,0.03032052843280347
YOLOv4 default,4495,0.5898333333333333,0.03032052843280347
YOLOv4 default,4496,0.5898333333333333,0.03032052843280347
YOLOv4 default,4497,0.5898333333333333,0.03032052843280347
YOLOv4 default,4498,0.5898333333333333,0.03032052843280347
YOLOv4 default,4499,0.5898333333333333,0.03032052843280347
YOLOv4 default,4500,0.5872955555555556,0.00991049514559511
YOLOv4 default,4501,0.5872999999999999,0.019811444503956114
YOLOv4 default,4502,0.5872999999999999,0.019811444503956114
YOLOv4 default,4503,0.5872999999999999,0.019811444503956114
YOLOv4 default,4504,0.5872999999999999,0.019811444503956114
YOLOv4 default,4505,0.5872999999999999,0.019811444503956114
YOLOv4 default,4506,0.5872999999999999,0.019811444503956114
YOLOv4 default,4507,0.5872999999999999,0.019811444503956114
YOLOv4 default,4508,0.5872999999999999,0.019811444503956114
YOLOv4 default,4509,0.5872999999999999,0.019811444503956114
YOLOv4 default,4510,0.5872999999999999,0.019811444503956114
YOLOv4 default,4511,0.5872999999999999,0.019811444503956114
YOLOv4 default,4512,0.5872999999999999,0.019811444503956114
YOLOv4 default,4513,0.5872999999999999,0.019811444503956114
YOLOv4 default,4514,0.5872999999999999,0.019811444503956114
YOLOv4 default,4515,0.5872999999999999,0.019811444503956114
YOLOv4 default,4516,0.5872999999999999,0.019811444503956114
YOLOv4 default,4517,0.5872999999999999,0.019811444503956114
YOLOv4 default,4518,0.5872999999999999,0.019811444503956114
YOLOv4 default,4519,0.5872999999999999,0.019811444503956114
YOLOv4 default,4520,0.5872999999999999,0.019811444503956114
YOLOv4 default,4521,0.5872999999999999,0.019811444503956114
YOLOv4 default,4522,0.5872999999999999,0.019811444503956114
YOLOv4 default,4523,0.5872999999999999,0.019811444503956114
YOLOv4 default,4524,0.5872999999999999,0.019811444503956114
YOLOv4 default,4525,0.5872999999999999,0.019811444503956114
YOLOv4 default,4526,0.5872999999999999,0.019811444503956114
YOLOv4 default,4527,0.5872999999999999,0.019811444503956114
YOLOv4 default,4528,0.5872999999999999,0.019811444503956114
YOLOv4 default,4529,0.5872999999999999,0.019811444503956114
YOLOv4 default,4530,0.5872999999999999,0.019811444503956114
YOLOv4 default,4531,0.5872999999999999,0.019811444503956114
YOLOv4 default,4532,0.5872999999999999,0.019811444503956114
YOLOv4 default,4533,0.5872999999999999,0.019811444503956114
YOLOv4 default,4534,0.5872999999999999,0.019811444503956114
YOLOv4 default,4535,0.5872999999999999,0.019811444503956114
YOLOv4 default,4536,0.5872999999999999,0.019811444503956114
YOLOv4 default,4537,0.5872999999999999,0.019811444503956114
YOLOv4 default,4538,0.5872999999999999,0.019811444503956114
YOLOv4 default,4539,0.5872999999999999,0.019811444503956114
YOLOv4 default,4540,0.5872999999999999,0.019811444503956114
YOLOv4 default,4541,0.5872999999999999,0.019811444503956114
YOLOv4 default,4542,0.5872999999999999,0.019811444503956114
YOLOv4 default,4543,0.5872999999999999,0.019811444503956114
YOLOv4 default,4544,0.5872999999999999,0.019811444503956114
YOLOv4 default,4545,0.5872999999999999,0.019811444503956114
YOLOv4 default,4546,0.5872999999999999,0.019811444503956114
YOLOv4 default,4547,0.5872999999999999,0.019811444503956114
YOLOv4 default,4548,0.5872999999999999,0.019811444503956114
YOLOv4 default,4549,0.5872999999999999,0.019811444503956114
YOLOv4 default,4550,0.5872999999999999,0.019811444503956114
YOLOv4 default,4551,0.5872999999999999,0.019811444503956114
YOLOv4 default,4552,0.5872999999999999,0.019811444503956114
YOLOv4 default,4553,0.5872999999999999,0.019811444503956114
YOLOv4 default,4554,0.5872999999999999,0.019811444503956114
YOLOv4 default,4555,0.5872999999999999,0.019811444503956114
YOLOv4 default,4556,0.5872999999999999,0.019811444503956114
YOLOv4 default,4557,0.5872999999999999,0.019811444503956114
YOLOv4 default,4558,0.5872999999999999,0.019811444503956114
YOLOv4 default,4559,0.5872999999999999,0.019811444503956114
YOLOv4 default,4560,0.5872999999999999,0.019811444503956114
YOLOv4 default,4561,0.5872999999999999,0.019811444503956114
YOLOv4 default,4562,0.5872999999999999,0.019811444503956114
YOLOv4 default,4563,0.5872999999999999,0.019811444503956114
YOLOv4 default,4564,0.5872999999999999,0.019811444503956114
YOLOv4 default,4565,0.5872999999999999,0.019811444503956114
YOLOv4 default,4566,0.5872999999999999,0.019811444503956114
YOLOv4 default,4567,0.5872999999999999,0.019811444503956114
YOLOv4 default,4568,0.5872999999999999,0.019811444503956114
YOLOv4 default,4569,0.5872999999999999,0.019811444503956114
YOLOv4 default,4570,0.5872999999999999,0.019811444503956114
YOLOv4 default,4571,0.5872999999999999,0.019811444503956114
YOLOv4 default,4572,0.5872999999999999,0.019811444503956114
YOLOv4 default,4573,0.5872999999999999,0.019811444503956114
YOLOv4 default,4574,0.5872999999999999,0.019811444503956114
YOLOv4 default,4575,0.5872999999999999,0.019811444503956114
YOLOv4 default,4576,0.5872999999999999,0.019811444503956114
YOLOv4 default,4577,0.5872999999999999,0.019811444503956114
YOLOv4 default,4578,0.5872999999999999,0.019811444503956114
YOLOv4 default,4579,0.5872999999999999,0.019811444503956114
YOLOv4 default,4580,0.5872999999999999,0.019811444503956114
YOLOv4 default,4581,0.5872999999999999,0.019811444503956114
YOLOv4 default,4582,0.5872999999999999,0.019811444503956114
YOLOv4 default,4583,0.5872999999999999,0.019811444503956114
YOLOv4 default,4584,0.5872999999999999,0.019811444503956114
YOLOv4 default,4585,0.5872999999999999,0.019811444503956114
YOLOv4 default,4586,0.5872999999999999,0.019811444503956114
YOLOv4 default,4587,0.5872999999999999,0.019811444503956114
YOLOv4 default,4588,0.5872999999999999,0.019811444503956114
YOLOv4 default,4589,0.5872999999999999,0.019811444503956114
YOLOv4 default,4590,0.5872999999999999,0.019811444503956114
YOLOv4 default,4591,0.5872999999999999,0.019811444503956114
YOLOv4 default,4592,0.5872999999999999,0.019811444503956114
YOLOv4 default,4593,0.5872999999999999,0.019811444503956114
YOLOv4 default,4594,0.5872999999999999,0.019811444503956114
YOLOv4 default,4595,0.5872999999999999,0.019811444503956114
YOLOv4 default,4596,0.5872999999999999,0.019811444503956114
YOLOv4 default,4597,0.5872999999999999,0.019811444503956114
YOLOv4 default,4598,0.5872999999999999,0.019811444503956114
YOLOv4 default,4599,0.5872999999999999,0.019811444503956114
YOLOv4 default,4600,0.5486731111111111,0.006302988505120322
YOLOv4 default,4601,0.5486666666666666,0.012592369823737588
YOLOv4 default,4602,0.5486666666666666,0.012592369823737588
YOLOv4 default,4603,0.5486666666666666,0.012592369823737588
YOLOv4 default,4604,0.5486666666666666,0.012592369823737588
YOLOv4 default,4605,0.5486666666666666,0.012592369823737588
YOLOv4 default,4606,0.5486666666666666,0.012592369823737588
YOLOv4 default,4607,0.5486666666666666,0.012592369823737588
YOLOv4 default,4608,0.5486666666666666,0.012592369823737588
YOLOv4 default,4609,0.5486666666666666,0.012592369823737588
YOLOv4 default,4610,0.5486666666666666,0.012592369823737588
YOLOv4 default,4611,0.5486666666666666,0.012592369823737588
YOLOv4 default,4612,0.5486666666666666,0.012592369823737588
YOLOv4 default,4613,0.5486666666666666,0.012592369823737588
YOLOv4 default,4614,0.5486666666666666,0.012592369823737588
YOLOv4 default,4615,0.5486666666666666,0.012592369823737588
YOLOv4 default,4616,0.5486666666666666,0.012592369823737588
YOLOv4 default,4617,0.5486666666666666,0.012592369823737588
YOLOv4 default,4618,0.5486666666666666,0.012592369823737588
YOLOv4 default,4619,0.5486666666666666,0.012592369823737588
YOLOv4 default,4620,0.5486666666666666,0.012592369823737588
YOLOv4 default,4621,0.5486666666666666,0.012592369823737588
YOLOv4 default,4622,0.5486666666666666,0.012592369823737588
YOLOv4 default,4623,0.5486666666666666,0.012592369823737588
YOLOv4 default,4624,0.5486666666666666,0.012592369823737588
YOLOv4 default,4625,0.5486666666666666,0.012592369823737588
YOLOv4 default,4626,0.5486666666666666,0.012592369823737588
YOLOv4 default,4627,0.5486666666666666,0.012592369823737588
YOLOv4 default,4628,0.5486666666666666,0.012592369823737588
YOLOv4 default,4629,0.5486666666666666,0.012592369823737588
YOLOv4 default,4630,0.5486666666666666,0.012592369823737588
YOLOv4 default,4631,0.5486666666666666,0.012592369823737588
YOLOv4 default,4632,0.5486666666666666,0.012592369823737588
YOLOv4 default,4633,0.5486666666666666,0.012592369823737588
YOLOv4 default,4634,0.5486666666666666,0.012592369823737588
YOLOv4 default,4635,0.5486666666666666,0.012592369823737588
YOLOv4 default,4636,0.5486666666666666,0.012592369823737588
YOLOv4 default,4637,0.5486666666666666,0.012592369823737588
YOLOv4 default,4638,0.5486666666666666,0.012592369823737588
YOLOv4 default,4639,0.5486666666666666,0.012592369823737588
YOLOv4 default,4640,0.5486666666666666,0.012592369823737588
YOLOv4 default,4641,0.5486666666666666,0.012592369823737588
YOLOv4 default,4642,0.5486666666666666,0.012592369823737588
YOLOv4 default,4643,0.5486666666666666,0.012592369823737588
YOLOv4 default,4644,0.5486666666666666,0.012592369823737588
YOLOv4 default,4645,0.5486666666666666,0.012592369823737588
YOLOv4 default,4646,0.5486666666666666,0.012592369823737588
YOLOv4 default,4647,0.5486666666666666,0.012592369823737588
YOLOv4 default,4648,0.5486666666666666,0.012592369823737588
YOLOv4 default,4649,0.5486666666666666,0.012592369823737588
YOLOv4 default,4650,0.5486666666666666,0.012592369823737588
YOLOv4 default,4651,0.5486666666666666,0.012592369823737588
YOLOv4 default,4652,0.5486666666666666,0.012592369823737588
YOLOv4 default,4653,0.5486666666666666,0.012592369823737588
YOLOv4 default,4654,0.5486666666666666,0.012592369823737588
YOLOv4 default,4655,0.5486666666666666,0.012592369823737588
YOLOv4 default,4656,0.5486666666666666,0.012592369823737588
YOLOv4 default,4657,0.5486666666666666,0.012592369823737588
YOLOv4 default,4658,0.5486666666666666,0.012592369823737588
YOLOv4 default,4659,0.5486666666666666,0.012592369823737588
YOLOv4 default,4660,0.5486666666666666,0.012592369823737588
YOLOv4 default,4661,0.5486666666666666,0.012592369823737588
YOLOv4 default,4662,0.5486666666666666,0.012592369823737588
YOLOv4 default,4663,0.5486666666666666,0.012592369823737588
YOLOv4 default,4664,0.5486666666666666,0.012592369823737588
YOLOv4 default,4665,0.5486666666666666,0.012592369823737588
YOLOv4 default,4666,0.5486666666666666,0.012592369823737588
YOLOv4 default,4667,0.5486666666666666,0.012592369823737588
YOLOv4 default,4668,0.5486666666666666,0.012592369823737588
YOLOv4 default,4669,0.5486666666666666,0.012592369823737588
YOLOv4 default,4670,0.5486666666666666,0.012592369823737588
YOLOv4 default,4671,0.5486666666666666,0.012592369823737588
YOLOv4 default,4672,0.5486666666666666,0.012592369823737588
YOLOv4 default,4673,0.5486666666666666,0.012592369823737588
YOLOv4 default,4674,0.5486666666666666,0.012592369823737588
YOLOv4 default,4675,0.5486666666666666,0.012592369823737588
YOLOv4 default,4676,0.5486666666666666,0.012592369823737588
YOLOv4 default,4677,0.5486666666666666,0.012592369823737588
YOLOv4 default,4678,0.5486666666666666,0.012592369823737588
YOLOv4 default,4679,0.5486666666666666,0.012592369823737588
YOLOv4 default,4680,0.5486666666666666,0.012592369823737588
YOLOv4 default,4681,0.5486666666666666,0.012592369823737588
YOLOv4 default,4682,0.5486666666666666,0.012592369823737588
YOLOv4 default,4683,0.5486666666666666,0.012592369823737588
YOLOv4 default,4684,0.5486666666666666,0.012592369823737588
YOLOv4 default,4685,0.5486666666666666,0.012592369823737588
YOLOv4 default,4686,0.5486666666666666,0.012592369823737588
YOLOv4 default,4687,0.5486666666666666,0.012592369823737588
YOLOv4 default,4688,0.5486666666666666,0.012592369823737588
YOLOv4 default,4689,0.5486666666666666,0.012592369823737588
YOLOv4 default,4690,0.5486666666666666,0.012592369823737588
YOLOv4 default,4691,0.5486666666666666,0.012592369823737588
YOLOv4 default,4692,0.5486666666666666,0.012592369823737588
YOLOv4 default,4693,0.5486666666666666,0.012592369823737588
YOLOv4 default,4694,0.5486666666666666,0.012592369823737588
YOLOv4 default,4695,0.5486666666666666,0.012592369823737588
YOLOv4 default,4696,0.5486666666666666,0.012592369823737588
YOLOv4 default,4697,0.5486666666666666,0.012592369823737588
YOLOv4 default,4698,0.5486666666666666,0.012592369823737588
YOLOv4 default,4699,0.5486666666666666,0.012592369823737588
YOLOv4 default,4700,0.5537788888888888,0.01334330323446147
YOLOv4 default,4701,0.5538,0.026692570751677958
YOLOv4 default,4702,0.5538,0.026692570751677958
YOLOv4 default,4703,0.5538,0.026692570751677958
YOLOv4 default,4704,0.5538,0.026692570751677958
YOLOv4 default,4705,0.5538,0.026692570751677958
YOLOv4 default,4706,0.5538,0.026692570751677958
YOLOv4 default,4707,0.5538,0.026692570751677958
YOLOv4 default,4708,0.5538,0.026692570751677958
YOLOv4 default,4709,0.5538,0.026692570751677958
YOLOv4 default,4710,0.5538,0.026692570751677958
YOLOv4 default,4711,0.5538,0.026692570751677958
YOLOv4 default,4712,0.5538,0.026692570751677958
YOLOv4 default,4713,0.5538,0.026692570751677958
YOLOv4 default,4714,0.5538,0.026692570751677958
YOLOv4 default,4715,0.5538,0.026692570751677958
YOLOv4 default,4716,0.5538,0.026692570751677958
YOLOv4 default,4717,0.5538,0.026692570751677958
YOLOv4 default,4718,0.5538,0.026692570751677958
YOLOv4 default,4719,0.5538,0.026692570751677958
YOLOv4 default,4720,0.5538,0.026692570751677958
YOLOv4 default,4721,0.5538,0.026692570751677958
YOLOv4 default,4722,0.5538,0.026692570751677958
YOLOv4 default,4723,0.5538,0.026692570751677958
YOLOv4 default,4724,0.5538,0.026692570751677958
YOLOv4 default,4725,0.5538,0.026692570751677958
YOLOv4 default,4726,0.5538,0.026692570751677958
YOLOv4 default,4727,0.5538,0.026692570751677958
YOLOv4 default,4728,0.5538,0.026692570751677958
YOLOv4 default,4729,0.5538,0.026692570751677958
YOLOv4 default,4730,0.5538,0.026692570751677958
YOLOv4 default,4731,0.5538,0.026692570751677958
YOLOv4 default,4732,0.5538,0.026692570751677958
YOLOv4 default,4733,0.5538,0.026692570751677958
YOLOv4 default,4734,0.5538,0.026692570751677958
YOLOv4 default,4735,0.5538,0.026692570751677958
YOLOv4 default,4736,0.5538,0.026692570751677958
YOLOv4 default,4737,0.5538,0.026692570751677958
YOLOv4 default,4738,0.5538,0.026692570751677958
YOLOv4 default,4739,0.5538,0.026692570751677958
YOLOv4 default,4740,0.5538,0.026692570751677958
YOLOv4 default,4741,0.5538,0.026692570751677958
YOLOv4 default,4742,0.5538,0.026692570751677958
YOLOv4 default,4743,0.5538,0.026692570751677958
YOLOv4 default,4744,0.5538,0.026692570751677958
YOLOv4 default,4745,0.5538,0.026692570751677958
YOLOv4 default,4746,0.5538,0.026692570751677958
YOLOv4 default,4747,0.5538,0.026692570751677958
YOLOv4 default,4748,0.5538,0.026692570751677958
YOLOv4 default,4749,0.5538,0.026692570751677958
YOLOv4 default,4750,0.5538,0.026692570751677958
YOLOv4 default,4751,0.5538,0.026692570751677958
YOLOv4 default,4752,0.5538,0.026692570751677958
YOLOv4 default,4753,0.5538,0.026692570751677958
YOLOv4 default,4754,0.5538,0.026692570751677958
YOLOv4 default,4755,0.5538,0.026692570751677958
YOLOv4 default,4756,0.5538,0.026692570751677958
YOLOv4 default,4757,0.5538,0.026692570751677958
YOLOv4 default,4758,0.5538,0.026692570751677958
YOLOv4 default,4759,0.5538,0.026692570751677958
YOLOv4 default,4760,0.5538,0.026692570751677958
YOLOv4 default,4761,0.5538,0.026692570751677958
YOLOv4 default,4762,0.5538,0.026692570751677958
YOLOv4 default,4763,0.5538,0.026692570751677958
YOLOv4 default,4764,0.5538,0.026692570751677958
YOLOv4 default,4765,0.5538,0.026692570751677958
YOLOv4 default,4766,0.5538,0.026692570751677958
YOLOv4 default,4767,0.5538,0.026692570751677958
YOLOv4 default,4768,0.5538,0.026692570751677958
YOLOv4 default,4769,0.5538,0.026692570751677958
YOLOv4 default,4770,0.5538,0.026692570751677958
YOLOv4 default,4771,0.5538,0.026692570751677958
YOLOv4 default,4772,0.5538,0.026692570751677958
YOLOv4 default,4773,0.5538,0.026692570751677958
YOLOv4 default,4774,0.5538,0.026692570751677958
YOLOv4 default,4775,0.5538,0.026692570751677958
YOLOv4 default,4776,0.5538,0.026692570751677958
YOLOv4 default,4777,0.5538,0.026692570751677958
YOLOv4 default,4778,0.5538,0.026692570751677958
YOLOv4 default,4779,0.5538,0.026692570751677958
YOLOv4 default,4780,0.5538,0.026692570751677958
YOLOv4 default,4781,0.5538,0.026692570751677958
YOLOv4 default,4782,0.5538,0.026692570751677958
YOLOv4 default,4783,0.5538,0.026692570751677958
YOLOv4 default,4784,0.5538,0.026692570751677958
YOLOv4 default,4785,0.5538,0.026692570751677958
YOLOv4 default,4786,0.5538,0.026692570751677958
YOLOv4 default,4787,0.5538,0.026692570751677958
YOLOv4 default,4788,0.5538,0.026692570751677958
YOLOv4 default,4789,0.5538,0.026692570751677958
YOLOv4 default,4790,0.5538,0.026692570751677958
YOLOv4 default,4791,0.5538,0.026692570751677958
YOLOv4 default,4792,0.5538,0.026692570751677958
YOLOv4 default,4793,0.5538,0.026692570751677958
YOLOv4 default,4794,0.5538,0.026692570751677958
YOLOv4 default,4795,0.5538,0.026692570751677958
YOLOv4 default,4796,0.5538,0.026692570751677958
YOLOv4 default,4797,0.5538,0.026692570751677958
YOLOv4 default,4798,0.5538,0.026692570751677958
YOLOv4 default,4799,0.5538,0.026692570751677958
YOLOv4 default,4800,0.5728793333333333,0.019049260305703333
YOLOv4 default,4801,0.5729000000000001,0.03810131231335742
YOLOv4 default,4802,0.5729000000000001,0.03810131231335742
YOLOv4 default,4803,0.5729000000000001,0.03810131231335742
YOLOv4 default,4804,0.5729000000000001,0.03810131231335742
YOLOv4 default,4805,0.5729000000000001,0.03810131231335742
YOLOv4 default,4806,0.5729000000000001,0.03810131231335742
YOLOv4 default,4807,0.5729000000000001,0.03810131231335742
YOLOv4 default,4808,0.5729000000000001,0.03810131231335742
YOLOv4 default,4809,0.5729000000000001,0.03810131231335742
YOLOv4 default,4810,0.5729000000000001,0.03810131231335742
YOLOv4 default,4811,0.5729000000000001,0.03810131231335742
YOLOv4 default,4812,0.5729000000000001,0.03810131231335742
YOLOv4 default,4813,0.5729000000000001,0.03810131231335742
YOLOv4 default,4814,0.5729000000000001,0.03810131231335742
YOLOv4 default,4815,0.5729000000000001,0.03810131231335742
YOLOv4 default,4816,0.5729000000000001,0.03810131231335742
YOLOv4 default,4817,0.5729000000000001,0.03810131231335742
YOLOv4 default,4818,0.5729000000000001,0.03810131231335742
YOLOv4 default,4819,0.5729000000000001,0.03810131231335742
YOLOv4 default,4820,0.5729000000000001,0.03810131231335742
YOLOv4 default,4821,0.5729000000000001,0.03810131231335742
YOLOv4 default,4822,0.5729000000000001,0.03810131231335742
YOLOv4 default,4823,0.5729000000000001,0.03810131231335742
YOLOv4 default,4824,0.5729000000000001,0.03810131231335742
YOLOv4 default,4825,0.5729000000000001,0.03810131231335742
YOLOv4 default,4826,0.5729000000000001,0.03810131231335742
YOLOv4 default,4827,0.5729000000000001,0.03810131231335742
YOLOv4 default,4828,0.5729000000000001,0.03810131231335742
YOLOv4 default,4829,0.5729000000000001,0.03810131231335742
YOLOv4 default,4830,0.5729000000000001,0.03810131231335742
YOLOv4 default,4831,0.5729000000000001,0.03810131231335742
YOLOv4 default,4832,0.5729000000000001,0.03810131231335742
YOLOv4 default,4833,0.5729000000000001,0.03810131231335742
YOLOv4 default,4834,0.5729000000000001,0.03810131231335742
YOLOv4 default,4835,0.5729000000000001,0.03810131231335742
YOLOv4 default,4836,0.5729000000000001,0.03810131231335742
YOLOv4 default,4837,0.5729000000000001,0.03810131231335742
YOLOv4 default,4838,0.5729000000000001,0.03810131231335742
YOLOv4 default,4839,0.5729000000000001,0.03810131231335742
YOLOv4 default,4840,0.5729000000000001,0.03810131231335742
YOLOv4 default,4841,0.5729000000000001,0.03810131231335742
YOLOv4 default,4842,0.5729000000000001,0.03810131231335742
YOLOv4 default,4843,0.5729000000000001,0.03810131231335742
YOLOv4 default,4844,0.5729000000000001,0.03810131231335742
YOLOv4 default,4845,0.5729000000000001,0.03810131231335742
YOLOv4 default,4846,0.5729000000000001,0.03810131231335742
YOLOv4 default,4847,0.5729000000000001,0.03810131231335742
YOLOv4 default,4848,0.5729000000000001,0.03810131231335742
YOLOv4 default,4849,0.5729000000000001,0.03810131231335742
YOLOv4 default,4850,0.5729000000000001,0.03810131231335742
YOLOv4 default,4851,0.5729000000000001,0.03810131231335742
YOLOv4 default,4852,0.5729000000000001,0.03810131231335742
YOLOv4 default,4853,0.5729000000000001,0.03810131231335742
YOLOv4 default,4854,0.5729000000000001,0.03810131231335742
YOLOv4 default,4855,0.5729000000000001,0.03810131231335742
YOLOv4 default,4856,0.5729000000000001,0.03810131231335742
YOLOv4 default,4857,0.5729000000000001,0.03810131231335742
YOLOv4 default,4858,0.5729000000000001,0.03810131231335742
YOLOv4 default,4859,0.5729000000000001,0.03810131231335742
YOLOv4 default,4860,0.5729000000000001,0.03810131231335742
YOLOv4 default,4861,0.5729000000000001,0.03810131231335742
YOLOv4 default,4862,0.5729000000000001,0.03810131231335742
YOLOv4 default,4863,0.5729000000000001,0.03810131231335742
YOLOv4 default,4864,0.5729000000000001,0.03810131231335742
YOLOv4 default,4865,0.5729000000000001,0.03810131231335742
YOLOv4 default,4866,0.5729000000000001,0.03810131231335742
YOLOv4 default,4867,0.5729000000000001,0.03810131231335742
YOLOv4 default,4868,0.5729000000000001,0.03810131231335742
YOLOv4 default,4869,0.5729000000000001,0.03810131231335742
YOLOv4 default,4870,0.5729000000000001,0.03810131231335742
YOLOv4 default,4871,0.5729000000000001,0.03810131231335742
YOLOv4 default,4872,0.5729000000000001,0.03810131231335742
YOLOv4 default,4873,0.5729000000000001,0.03810131231335742
YOLOv4 default,4874,0.5729000000000001,0.03810131231335742
YOLOv4 default,4875,0.5729000000000001,0.03810131231335742
YOLOv4 default,4876,0.5729000000000001,0.03810131231335742
YOLOv4 default,4877,0.5729000000000001,0.03810131231335742
YOLOv4 default,4878,0.5729000000000001,0.03810131231335742
YOLOv4 default,4879,0.5729000000000001,0.03810131231335742
YOLOv4 default,4880,0.5729000000000001,0.03810131231335742
YOLOv4 default,4881,0.5729000000000001,0.03810131231335742
YOLOv4 default,4882,0.5729000000000001,0.03810131231335742
YOLOv4 default,4883,0.5729000000000001,0.03810131231335742
YOLOv4 default,4884,0.5729000000000001,0.03810131231335742
YOLOv4 default,4885,0.5729000000000001,0.03810131231335742
YOLOv4 default,4886,0.5729000000000001,0.03810131231335742
YOLOv4 default,4887,0.5729000000000001,0.03810131231335742
YOLOv4 default,4888,0.5729000000000001,0.03810131231335742
YOLOv4 default,4889,0.5729000000000001,0.03810131231335742
YOLOv4 default,4890,0.5729000000000001,0.03810131231335742
YOLOv4 default,4891,0.5729000000000001,0.03810131231335742
YOLOv4 default,4892,0.5729000000000001,0.03810131231335742
YOLOv4 default,4893,0.5729000000000001,0.03810131231335742
YOLOv4 default,4894,0.5729000000000001,0.03810131231335742
YOLOv4 default,4895,0.5729000000000001,0.03810131231335742
YOLOv4 default,4896,0.5729000000000001,0.03810131231335742
YOLOv4 default,4897,0.5729000000000001,0.03810131231335742
YOLOv4 default,4898,0.5729000000000001,0.03810131231335742
YOLOv4 default,4899,0.5729000000000001,0.03810131231335742
YOLOv4 default,4900,0.6100215555555556,0.013228971378202795
YOLOv4 default,4901,0.6100333333333333,0.026463832761798603
YOLOv4 default,4902,0.6100333333333333,0.026463832761798603
YOLOv4 default,4903,0.6100333333333333,0.026463832761798603
YOLOv4 default,4904,0.6100333333333333,0.026463832761798603
YOLOv4 default,4905,0.6100333333333333,0.026463832761798603
YOLOv4 default,4906,0.6100333333333333,0.026463832761798603
YOLOv4 default,4907,0.6100333333333333,0.026463832761798603
YOLOv4 default,4908,0.6100333333333333,0.026463832761798603
YOLOv4 default,4909,0.6100333333333333,0.026463832761798603
YOLOv4 default,4910,0.6100333333333333,0.026463832761798603
YOLOv4 default,4911,0.6100333333333333,0.026463832761798603
YOLOv4 default,4912,0.6100333333333333,0.026463832761798603
YOLOv4 default,4913,0.6100333333333333,0.026463832761798603
YOLOv4 default,4914,0.6100333333333333,0.026463832761798603
YOLOv4 default,4915,0.6100333333333333,0.026463832761798603
YOLOv4 default,4916,0.6100333333333333,0.026463832761798603
YOLOv4 default,4917,0.6100333333333333,0.026463832761798603
YOLOv4 default,4918,0.6100333333333333,0.026463832761798603
YOLOv4 default,4919,0.6100333333333333,0.026463832761798603
YOLOv4 default,4920,0.6100333333333333,0.026463832761798603
YOLOv4 default,4921,0.6100333333333333,0.026463832761798603
YOLOv4 default,4922,0.6100333333333333,0.026463832761798603
YOLOv4 default,4923,0.6100333333333333,0.026463832761798603
YOLOv4 default,4924,0.6100333333333333,0.026463832761798603
YOLOv4 default,4925,0.6100333333333333,0.026463832761798603
YOLOv4 default,4926,0.6100333333333333,0.026463832761798603
YOLOv4 default,4927,0.6100333333333333,0.026463832761798603
YOLOv4 default,4928,0.6100333333333333,0.026463832761798603
YOLOv4 default,4929,0.6100333333333333,0.026463832761798603
YOLOv4 default,4930,0.6100333333333333,0.026463832761798603
YOLOv4 default,4931,0.6100333333333333,0.026463832761798603
YOLOv4 default,4932,0.6100333333333333,0.026463832761798603
YOLOv4 default,4933,0.6100333333333333,0.026463832761798603
YOLOv4 default,4934,0.6100333333333333,0.026463832761798603
YOLOv4 default,4935,0.6100333333333333,0.026463832761798603
YOLOv4 default,4936,0.6100333333333333,0.026463832761798603
YOLOv4 default,4937,0.6100333333333333,0.026463832761798603
YOLOv4 default,4938,0.6100333333333333,0.026463832761798603
YOLOv4 default,4939,0.6100333333333333,0.026463832761798603
YOLOv4 default,4940,0.6100333333333333,0.026463832761798603
YOLOv4 default,4941,0.6100333333333333,0.026463832761798603
YOLOv4 default,4942,0.6100333333333333,0.026463832761798603
YOLOv4 default,4943,0.6100333333333333,0.026463832761798603
YOLOv4 default,4944,0.6100333333333333,0.026463832761798603
YOLOv4 default,4945,0.6100333333333333,0.026463832761798603
YOLOv4 default,4946,0.6100333333333333,0.026463832761798603
YOLOv4 default,4947,0.6100333333333333,0.026463832761798603
YOLOv4 default,4948,0.6100333333333333,0.026463832761798603
YOLOv4 default,4949,0.6100333333333333,0.026463832761798603
YOLOv4 default,4950,0.6100333333333333,0.026463832761798603
YOLOv4 default,4951,0.6100333333333333,0.026463832761798603
YOLOv4 default,4952,0.6100333333333333,0.026463832761798603
YOLOv4 default,4953,0.6100333333333333,0.026463832761798603
YOLOv4 default,4954,0.6100333333333333,0.026463832761798603
YOLOv4 default,4955,0.6100333333333333,0.026463832761798603
YOLOv4 default,4956,0.6100333333333333,0.026463832761798603
YOLOv4 default,4957,0.6100333333333333,0.026463832761798603
YOLOv4 default,4958,0.6100333333333333,0.026463832761798603
YOLOv4 default,4959,0.6100333333333333,0.026463832761798603
YOLOv4 default,4960,0.6100333333333333,0.026463832761798603
YOLOv4 default,4961,0.6100333333333333,0.026463832761798603
YOLOv4 default,4962,0.6100333333333333,0.026463832761798603
YOLOv4 default,4963,0.6100333333333333,0.026463832761798603
YOLOv4 default,4964,0.6100333333333333,0.026463832761798603
YOLOv4 default,4965,0.6100333333333333,0.026463832761798603
YOLOv4 default,4966,0.6100333333333333,0.026463832761798603
YOLOv4 default,4967,0.6100333333333333,0.026463832761798603
YOLOv4 default,4968,0.6100333333333333,0.026463832761798603
YOLOv4 default,4969,0.6100333333333333,0.026463832761798603
YOLOv4 default,4970,0.6100333333333333,0.026463832761798603
YOLOv4 default,4971,0.6100333333333333,0.026463832761798603
YOLOv4 default,4972,0.6100333333333333,0.026463832761798603
YOLOv4 default,4973,0.6100333333333333,0.026463832761798603
YOLOv4 default,4974,0.6100333333333333,0.026463832761798603
YOLOv4 default,4975,0.6100333333333333,0.026463832761798603
YOLOv4 default,4976,0.6100333333333333,0.026463832761798603
YOLOv4 default,4977,0.6100333333333333,0.026463832761798603
YOLOv4 default,4978,0.6100333333333333,0.026463832761798603
YOLOv4 default,4979,0.6100333333333333,0.026463832761798603
YOLOv4 default,4980,0.6100333333333333,0.026463832761798603
YOLOv4 default,4981,0.6100333333333333,0.026463832761798603
YOLOv4 default,4982,0.6100333333333333,0.026463832761798603
YOLOv4 default,4983,0.6100333333333333,0.026463832761798603
YOLOv4 default,4984,0.6100333333333333,0.026463832761798603
YOLOv4 default,4985,0.6100333333333333,0.026463832761798603
YOLOv4 default,4986,0.6100333333333333,0.026463832761798603
YOLOv4 default,4987,0.6100333333333333,0.026463832761798603
YOLOv4 default,4988,0.6100333333333333,0.026463832761798603
YOLOv4 default,4989,0.6100333333333333,0.026463832761798603
YOLOv4 default,4990,0.6100333333333333,0.026463832761798603
YOLOv4 default,4991,0.6100333333333333,0.026463832761798603
YOLOv4 default,4992,0.6100333333333333,0.026463832761798603
YOLOv4 default,4993,0.6100333333333333,0.026463832761798603
YOLOv4 default,4994,0.6100333333333333,0.026463832761798603
YOLOv4 default,4995,0.6100333333333333,0.026463832761798603
YOLOv4 default,4996,0.6100333333333333,0.026463832761798603
YOLOv4 default,4997,0.6100333333333333,0.026463832761798603
YOLOv4 default,4998,0.6100333333333333,0.026463832761798603
YOLOv4 default,4999,0.6100333333333333,0.026463832761798603
YOLOv4 default,5000,0.6062811111111112,0.00902997015413494
YOLOv4 default,5001,0.6062666666666666,0.018073953020238204
YOLOv4 default,5002,0.6062666666666666,0.018073953020238204
YOLOv4 default,5003,0.6062666666666666,0.018073953020238204
YOLOv4 default,5004,0.6062666666666666,0.018073953020238204
YOLOv4 default,5005,0.6062666666666666,0.018073953020238204
YOLOv4 default,5006,0.6062666666666666,0.018073953020238204
YOLOv4 default,5007,0.6062666666666666,0.018073953020238204
YOLOv4 default,5008,0.6062666666666666,0.018073953020238204
YOLOv4 default,5009,0.6062666666666666,0.018073953020238204
YOLOv4 default,5010,0.6062666666666666,0.018073953020238204
YOLOv4 default,5011,0.6062666666666666,0.018073953020238204
YOLOv4 default,5012,0.6062666666666666,0.018073953020238204
YOLOv4 default,5013,0.6062666666666666,0.018073953020238204
YOLOv4 default,5014,0.6062666666666666,0.018073953020238204
YOLOv4 default,5015,0.6062666666666666,0.018073953020238204
YOLOv4 default,5016,0.6062666666666666,0.018073953020238204
YOLOv4 default,5017,0.6062666666666666,0.018073953020238204
YOLOv4 default,5018,0.6062666666666666,0.018073953020238204
YOLOv4 default,5019,0.6062666666666666,0.018073953020238204
YOLOv4 default,5020,0.6062666666666666,0.018073953020238204
YOLOv4 default,5021,0.6062666666666666,0.018073953020238204
YOLOv4 default,5022,0.6062666666666666,0.018073953020238204
YOLOv4 default,5023,0.6062666666666666,0.018073953020238204
YOLOv4 default,5024,0.6062666666666666,0.018073953020238204
YOLOv4 default,5025,0.6062666666666666,0.018073953020238204
YOLOv4 default,5026,0.6062666666666666,0.018073953020238204
YOLOv4 default,5027,0.6062666666666666,0.018073953020238204
YOLOv4 default,5028,0.6062666666666666,0.018073953020238204
YOLOv4 default,5029,0.6062666666666666,0.018073953020238204
YOLOv4 default,5030,0.6062666666666666,0.018073953020238204
YOLOv4 default,5031,0.6062666666666666,0.018073953020238204
YOLOv4 default,5032,0.6062666666666666,0.018073953020238204
YOLOv4 default,5033,0.6062666666666666,0.018073953020238204
YOLOv4 default,5034,0.6062666666666666,0.018073953020238204
YOLOv4 default,5035,0.6062666666666666,0.018073953020238204
YOLOv4 default,5036,0.6062666666666666,0.018073953020238204
YOLOv4 default,5037,0.6062666666666666,0.018073953020238204
YOLOv4 default,5038,0.6062666666666666,0.018073953020238204
YOLOv4 default,5039,0.6062666666666666,0.018073953020238204
YOLOv4 default,5040,0.6062666666666666,0.018073953020238204
YOLOv4 default,5041,0.6062666666666666,0.018073953020238204
YOLOv4 default,5042,0.6062666666666666,0.018073953020238204
YOLOv4 default,5043,0.6062666666666666,0.018073953020238204
YOLOv4 default,5044,0.6062666666666666,0.018073953020238204
YOLOv4 default,5045,0.6062666666666666,0.018073953020238204
YOLOv4 default,5046,0.6062666666666666,0.018073953020238204
YOLOv4 default,5047,0.6062666666666666,0.018073953020238204
YOLOv4 default,5048,0.6062666666666666,0.018073953020238204
YOLOv4 default,5049,0.6062666666666666,0.018073953020238204
YOLOv4 default,5050,0.6062666666666666,0.018073953020238204
YOLOv4 default,5051,0.6062666666666666,0.018073953020238204
YOLOv4 default,5052,0.6062666666666666,0.018073953020238204
YOLOv4 default,5053,0.6062666666666666,0.018073953020238204
YOLOv4 default,5054,0.6062666666666666,0.018073953020238204
YOLOv4 default,5055,0.6062666666666666,0.018073953020238204
YOLOv4 default,5056,0.6062666666666666,0.018073953020238204
YOLOv4 default,5057,0.6062666666666666,0.018073953020238204
YOLOv4 default,5058,0.6062666666666666,0.018073953020238204
YOLOv4 default,5059,0.6062666666666666,0.018073953020238204
YOLOv4 default,5060,0.6062666666666666,0.018073953020238204
YOLOv4 default,5061,0.6062666666666666,0.018073953020238204
YOLOv4 default,5062,0.6062666666666666,0.018073953020238204
YOLOv4 default,5063,0.6062666666666666,0.018073953020238204
YOLOv4 default,5064,0.6062666666666666,0.018073953020238204
YOLOv4 default,5065,0.6062666666666666,0.018073953020238204
YOLOv4 default,5066,0.6062666666666666,0.018073953020238204
YOLOv4 default,5067,0.6062666666666666,0.018073953020238204
YOLOv4 default,5068,0.6062666666666666,0.018073953020238204
YOLOv4 default,5069,0.6062666666666666,0.018073953020238204
YOLOv4 default,5070,0.6062666666666666,0.018073953020238204
YOLOv4 default,5071,0.6062666666666666,0.018073953020238204
YOLOv4 default,5072,0.6062666666666666,0.018073953020238204
YOLOv4 default,5073,0.6062666666666666,0.018073953020238204
YOLOv4 default,5074,0.6062666666666666,0.018073953020238204
YOLOv4 default,5075,0.6062666666666666,0.018073953020238204
YOLOv4 default,5076,0.6062666666666666,0.018073953020238204
YOLOv4 default,5077,0.6062666666666666,0.018073953020238204
YOLOv4 default,5078,0.6062666666666666,0.018073953020238204
YOLOv4 default,5079,0.6062666666666666,0.018073953020238204
YOLOv4 default,5080,0.6062666666666666,0.018073953020238204
YOLOv4 default,5081,0.6062666666666666,0.018073953020238204
YOLOv4 default,5082,0.6062666666666666,0.018073953020238204
YOLOv4 default,5083,0.6062666666666666,0.018073953020238204
YOLOv4 default,5084,0.6062666666666666,0.018073953020238204
YOLOv4 default,5085,0.6062666666666666,0.018073953020238204
YOLOv4 default,5086,0.6062666666666666,0.018073953020238204
YOLOv4 default,5087,0.6062666666666666,0.018073953020238204
YOLOv4 default,5088,0.6062666666666666,0.018073953020238204
YOLOv4 default,5089,0.6062666666666666,0.018073953020238204
YOLOv4 default,5090,0.6062666666666666,0.018073953020238204
YOLOv4 default,5091,0.6062666666666666,0.018073953020238204
YOLOv4 default,5092,0.6062666666666666,0.018073953020238204
YOLOv4 default,5093,0.6062666666666666,0.018073953020238204
YOLOv4 default,5094,0.6062666666666666,0.018073953020238204
YOLOv4 default,5095,0.6062666666666666,0.018073953020238204
YOLOv4 default,5096,0.6062666666666666,0.018073953020238204
YOLOv4 default,5097,0.6062666666666666,0.018073953020238204
YOLOv4 default,5098,0.6062666666666666,0.018073953020238204
YOLOv4 default,5099,0.6062666666666666,0.018073953020238204
YOLOv4 default,5100,0.6025295555555555,0.006577337438573784
YOLOv4 default,5101,0.6025333333333335,0.013137901066930158
YOLOv4 default,5102,0.6025333333333335,0.013137901066930158
YOLOv4 default,5103,0.6025333333333335,0.013137901066930158
YOLOv4 default,5104,0.6025333333333335,0.013137901066930158
YOLOv4 default,5105,0.6025333333333335,0.013137901066930158
YOLOv4 default,5106,0.6025333333333335,0.013137901066930158
YOLOv4 default,5107,0.6025333333333335,0.013137901066930158
YOLOv4 default,5108,0.6025333333333335,0.013137901066930158
YOLOv4 default,5109,0.6025333333333335,0.013137901066930158
YOLOv4 default,5110,0.6025333333333335,0.013137901066930158
YOLOv4 default,5111,0.6025333333333335,0.013137901066930158
YOLOv4 default,5112,0.6025333333333335,0.013137901066930158
YOLOv4 default,5113,0.6025333333333335,0.013137901066930158
YOLOv4 default,5114,0.6025333333333335,0.013137901066930158
YOLOv4 default,5115,0.6025333333333335,0.013137901066930158
YOLOv4 default,5116,0.6025333333333335,0.013137901066930158
YOLOv4 default,5117,0.6025333333333335,0.013137901066930158
YOLOv4 default,5118,0.6025333333333335,0.013137901066930158
YOLOv4 default,5119,0.6025333333333335,0.013137901066930158
YOLOv4 default,5120,0.6025333333333335,0.013137901066930158
YOLOv4 default,5121,0.6025333333333335,0.013137901066930158
YOLOv4 default,5122,0.6025333333333335,0.013137901066930158
YOLOv4 default,5123,0.6025333333333335,0.013137901066930158
YOLOv4 default,5124,0.6025333333333335,0.013137901066930158
YOLOv4 default,5125,0.6025333333333335,0.013137901066930158
YOLOv4 default,5126,0.6025333333333335,0.013137901066930158
YOLOv4 default,5127,0.6025333333333335,0.013137901066930158
YOLOv4 default,5128,0.6025333333333335,0.013137901066930158
YOLOv4 default,5129,0.6025333333333335,0.013137901066930158
YOLOv4 default,5130,0.6025333333333335,0.013137901066930158
YOLOv4 default,5131,0.6025333333333335,0.013137901066930158
YOLOv4 default,5132,0.6025333333333335,0.013137901066930158
YOLOv4 default,5133,0.6025333333333335,0.013137901066930158
YOLOv4 default,5134,0.6025333333333335,0.013137901066930158
YOLOv4 default,5135,0.6025333333333335,0.013137901066930158
YOLOv4 default,5136,0.6025333333333335,0.013137901066930158
YOLOv4 default,5137,0.6025333333333335,0.013137901066930158
YOLOv4 default,5138,0.6025333333333335,0.013137901066930158
YOLOv4 default,5139,0.6025333333333335,0.013137901066930158
YOLOv4 default,5140,0.6025333333333335,0.013137901066930158
YOLOv4 default,5141,0.6025333333333335,0.013137901066930158
YOLOv4 default,5142,0.6025333333333335,0.013137901066930158
YOLOv4 default,5143,0.6025333333333335,0.013137901066930158
YOLOv4 default,5144,0.6025333333333335,0.013137901066930158
YOLOv4 default,5145,0.6025333333333335,0.013137901066930158
YOLOv4 default,5146,0.6025333333333335,0.013137901066930158
YOLOv4 default,5147,0.6025333333333335,0.013137901066930158
YOLOv4 default,5148,0.6025333333333335,0.013137901066930158
YOLOv4 default,5149,0.6025333333333335,0.013137901066930158
YOLOv4 default,5150,0.6025333333333335,0.013137901066930158
YOLOv4 default,5151,0.6025333333333335,0.013137901066930158
YOLOv4 default,5152,0.6025333333333335,0.013137901066930158
YOLOv4 default,5153,0.6025333333333335,0.013137901066930158
YOLOv4 default,5154,0.6025333333333335,0.013137901066930158
YOLOv4 default,5155,0.6025333333333335,0.013137901066930158
YOLOv4 default,5156,0.6025333333333335,0.013137901066930158
YOLOv4 default,5157,0.6025333333333335,0.013137901066930158
YOLOv4 default,5158,0.6025333333333335,0.013137901066930158
YOLOv4 default,5159,0.6025333333333335,0.013137901066930158
YOLOv4 default,5160,0.6025333333333335,0.013137901066930158
YOLOv4 default,5161,0.6025333333333335,0.013137901066930158
YOLOv4 default,5162,0.6025333333333335,0.013137901066930158
YOLOv4 default,5163,0.6025333333333335,0.013137901066930158
YOLOv4 default,5164,0.6025333333333335,0.013137901066930158
YOLOv4 default,5165,0.6025333333333335,0.013137901066930158
YOLOv4 default,5166,0.6025333333333335,0.013137901066930158
YOLOv4 default,5167,0.6025333333333335,0.013137901066930158
YOLOv4 default,5168,0.6025333333333335,0.013137901066930158
YOLOv4 default,5169,0.6025333333333335,0.013137901066930158
YOLOv4 default,5170,0.6025333333333335,0.013137901066930158
YOLOv4 default,5171,0.6025333333333335,0.013137901066930158
YOLOv4 default,5172,0.6025333333333335,0.013137901066930158
YOLOv4 default,5173,0.6025333333333335,0.013137901066930158
YOLOv4 default,5174,0.6025333333333335,0.013137901066930158
YOLOv4 default,5175,0.6025333333333335,0.013137901066930158
YOLOv4 default,5176,0.6025333333333335,0.013137901066930158
YOLOv4 default,5177,0.6025333333333335,0.013137901066930158
YOLOv4 default,5178,0.6025333333333335,0.013137901066930158
YOLOv4 default,5179,0.6025333333333335,0.013137901066930158
YOLOv4 default,5180,0.6025333333333335,0.013137901066930158
YOLOv4 default,5181,0.6025333333333335,0.013137901066930158
YOLOv4 default,5182,0.6025333333333335,0.013137901066930158
YOLOv4 default,5183,0.6025333333333335,0.013137901066930158
YOLOv4 default,5184,0.6025333333333335,0.013137901066930158
YOLOv4 default,5185,0.6025333333333335,0.013137901066930158
YOLOv4 default,5186,0.6025333333333335,0.013137901066930158
YOLOv4 default,5187,0.6025333333333335,0.013137901066930158
YOLOv4 default,5188,0.6025333333333335,0.013137901066930158
YOLOv4 default,5189,0.6025333333333335,0.013137901066930158
YOLOv4 default,5190,0.6025333333333335,0.013137901066930158
YOLOv4 default,5191,0.6025333333333335,0.013137901066930158
YOLOv4 default,5192,0.6025333333333335,0.013137901066930158
YOLOv4 default,5193,0.6025333333333335,0.013137901066930158
YOLOv4 default,5194,0.6025333333333335,0.013137901066930158
YOLOv4 default,5195,0.6025333333333335,0.013137901066930158
YOLOv4 default,5196,0.6025333333333335,0.013137901066930158
YOLOv4 default,5197,0.6025333333333335,0.013137901066930158
YOLOv4 default,5198,0.6025333333333335,0.013137901066930158
YOLOv4 default,5199,0.6025333333333335,0.013137901066930158
YOLOv4 default,5200,0.5953297777777777,0.014210279862536297
YOLOv4 default,5201,0.5953333333333334,0.028421490304188998
YOLOv4 default,5202,0.5953333333333334,0.028421490304188998
YOLOv4 default,5203,0.5953333333333334,0.028421490304188998
YOLOv4 default,5204,0.5953333333333334,0.028421490304188998
YOLOv4 default,5205,0.5953333333333334,0.028421490304188998
YOLOv4 default,5206,0.5953333333333334,0.028421490304188998
YOLOv4 default,5207,0.5953333333333334,0.028421490304188998
YOLOv4 default,5208,0.5953333333333334,0.028421490304188998
YOLOv4 default,5209,0.5953333333333334,0.028421490304188998
YOLOv4 default,5210,0.5953333333333334,0.028421490304188998
YOLOv4 default,5211,0.5953333333333334,0.028421490304188998
YOLOv4 default,5212,0.5953333333333334,0.028421490304188998
YOLOv4 default,5213,0.5953333333333334,0.028421490304188998
YOLOv4 default,5214,0.5953333333333334,0.028421490304188998
YOLOv4 default,5215,0.5953333333333334,0.028421490304188998
YOLOv4 default,5216,0.5953333333333334,0.028421490304188998
YOLOv4 default,5217,0.5953333333333334,0.028421490304188998
YOLOv4 default,5218,0.5953333333333334,0.028421490304188998
YOLOv4 default,5219,0.5953333333333334,0.028421490304188998
YOLOv4 default,5220,0.5953333333333334,0.028421490304188998
YOLOv4 default,5221,0.5953333333333334,0.028421490304188998
YOLOv4 default,5222,0.5953333333333334,0.028421490304188998
YOLOv4 default,5223,0.5953333333333334,0.028421490304188998
YOLOv4 default,5224,0.5953333333333334,0.028421490304188998
YOLOv4 default,5225,0.5953333333333334,0.028421490304188998
YOLOv4 default,5226,0.5953333333333334,0.028421490304188998
YOLOv4 default,5227,0.5953333333333334,0.028421490304188998
YOLOv4 default,5228,0.5953333333333334,0.028421490304188998
YOLOv4 default,5229,0.5953333333333334,0.028421490304188998
YOLOv4 default,5230,0.5953333333333334,0.028421490304188998
YOLOv4 default,5231,0.5953333333333334,0.028421490304188998
YOLOv4 default,5232,0.5953333333333334,0.028421490304188998
YOLOv4 default,5233,0.5953333333333334,0.028421490304188998
YOLOv4 default,5234,0.5953333333333334,0.028421490304188998
YOLOv4 default,5235,0.5953333333333334,0.028421490304188998
YOLOv4 default,5236,0.5953333333333334,0.028421490304188998
YOLOv4 default,5237,0.5953333333333334,0.028421490304188998
YOLOv4 default,5238,0.5953333333333334,0.028421490304188998
YOLOv4 default,5239,0.5953333333333334,0.028421490304188998
YOLOv4 default,5240,0.5953333333333334,0.028421490304188998
YOLOv4 default,5241,0.5953333333333334,0.028421490304188998
YOLOv4 default,5242,0.5953333333333334,0.028421490304188998
YOLOv4 default,5243,0.5953333333333334,0.028421490304188998
YOLOv4 default,5244,0.5953333333333334,0.028421490304188998
YOLOv4 default,5245,0.5953333333333334,0.028421490304188998
YOLOv4 default,5246,0.5953333333333334,0.028421490304188998
YOLOv4 default,5247,0.5953333333333334,0.028421490304188998
YOLOv4 default,5248,0.5953333333333334,0.028421490304188998
YOLOv4 default,5249,0.5953333333333334,0.028421490304188998
YOLOv4 default,5250,0.5953333333333334,0.028421490304188998
YOLOv4 default,5251,0.5953333333333334,0.028421490304188998
YOLOv4 default,5252,0.5953333333333334,0.028421490304188998
YOLOv4 default,5253,0.5953333333333334,0.028421490304188998
YOLOv4 default,5254,0.5953333333333334,0.028421490304188998
YOLOv4 default,5255,0.5953333333333334,0.028421490304188998
YOLOv4 default,5256,0.5953333333333334,0.028421490304188998
YOLOv4 default,5257,0.5953333333333334,0.028421490304188998
YOLOv4 default,5258,0.5953333333333334,0.028421490304188998
YOLOv4 default,5259,0.5953333333333334,0.028421490304188998
YOLOv4 default,5260,0.5953333333333334,0.028421490304188998
YOLOv4 default,5261,0.5953333333333334,0.028421490304188998
YOLOv4 default,5262,0.5953333333333334,0.028421490304188998
YOLOv4 default,5263,0.5953333333333334,0.028421490304188998
YOLOv4 default,5264,0.5953333333333334,0.028421490304188998
YOLOv4 default,5265,0.5953333333333334,0.028421490304188998
YOLOv4 default,5266,0.5953333333333334,0.028421490304188998
YOLOv4 default,5267,0.5953333333333334,0.028421490304188998
YOLOv4 default,5268,0.5953333333333334,0.028421490304188998
YOLOv4 default,5269,0.5953333333333334,0.028421490304188998
YOLOv4 default,5270,0.5953333333333334,0.028421490304188998
YOLOv4 default,5271,0.5953333333333334,0.028421490304188998
YOLOv4 default,5272,0.5953333333333334,0.028421490304188998
YOLOv4 default,5273,0.5953333333333334,0.028421490304188998
YOLOv4 default,5274,0.5953333333333334,0.028421490304188998
YOLOv4 default,5275,0.5953333333333334,0.028421490304188998
YOLOv4 default,5276,0.5953333333333334,0.028421490304188998
YOLOv4 default,5277,0.5953333333333334,0.028421490304188998
YOLOv4 default,5278,0.5953333333333334,0.028421490304188998
YOLOv4 default,5279,0.5953333333333334,0.028421490304188998
YOLOv4 default,5280,0.5953333333333334,0.028421490304188998
YOLOv4 default,5281,0.5953333333333334,0.028421490304188998
YOLOv4 default,5282,0.5953333333333334,0.028421490304188998
YOLOv4 default,5283,0.5953333333333334,0.028421490304188998
YOLOv4 default,5284,0.5953333333333334,0.028421490304188998
YOLOv4 default,5285,0.5953333333333334,0.028421490304188998
YOLOv4 default,5286,0.5953333333333334,0.028421490304188998
YOLOv4 default,5287,0.5953333333333334,0.028421490304188998
YOLOv4 default,5288,0.5953333333333334,0.028421490304188998
YOLOv4 default,5289,0.5953333333333334,0.028421490304188998
YOLOv4 default,5290,0.5953333333333334,0.028421490304188998
YOLOv4 default,5291,0.5953333333333334,0.028421490304188998
YOLOv4 default,5292,0.5953333333333334,0.028421490304188998
YOLOv4 default,5293,0.5953333333333334,0.028421490304188998
YOLOv4 default,5294,0.5953333333333334,0.028421490304188998
YOLOv4 default,5295,0.5953333333333334,0.028421490304188998
YOLOv4 default,5296,0.5953333333333334,0.028421490304188998
YOLOv4 default,5297,0.5953333333333334,0.028421490304188998
YOLOv4 default,5298,0.5953333333333334,0.028421490304188998
YOLOv4 default,5299,0.5953333333333334,0.028421490304188998
YOLOv4 default,5300,0.6010124444444445,0.012664013170650914
YOLOv4 default,5301,0.6010333333333334,0.025333596489861273
YOLOv4 default,5302,0.6010333333333334,0.025333596489861273
YOLOv4 default,5303,0.6010333333333334,0.025333596489861273
YOLOv4 default,5304,0.6010333333333334,0.025333596489861273
YOLOv4 default,5305,0.6010333333333334,0.025333596489861273
YOLOv4 default,5306,0.6010333333333334,0.025333596489861273
YOLOv4 default,5307,0.6010333333333334,0.025333596489861273
YOLOv4 default,5308,0.6010333333333334,0.025333596489861273
YOLOv4 default,5309,0.6010333333333334,0.025333596489861273
YOLOv4 default,5310,0.6010333333333334,0.025333596489861273
YOLOv4 default,5311,0.6010333333333334,0.025333596489861273
YOLOv4 default,5312,0.6010333333333334,0.025333596489861273
YOLOv4 default,5313,0.6010333333333334,0.025333596489861273
YOLOv4 default,5314,0.6010333333333334,0.025333596489861273
YOLOv4 default,5315,0.6010333333333334,0.025333596489861273
YOLOv4 default,5316,0.6010333333333334,0.025333596489861273
YOLOv4 default,5317,0.6010333333333334,0.025333596489861273
YOLOv4 default,5318,0.6010333333333334,0.025333596489861273
YOLOv4 default,5319,0.6010333333333334,0.025333596489861273
YOLOv4 default,5320,0.6010333333333334,0.025333596489861273
YOLOv4 default,5321,0.6010333333333334,0.025333596489861273
YOLOv4 default,5322,0.6010333333333334,0.025333596489861273
YOLOv4 default,5323,0.6010333333333334,0.025333596489861273
YOLOv4 default,5324,0.6010333333333334,0.025333596489861273
YOLOv4 default,5325,0.6010333333333334,0.025333596489861273
YOLOv4 default,5326,0.6010333333333334,0.025333596489861273
YOLOv4 default,5327,0.6010333333333334,0.025333596489861273
YOLOv4 default,5328,0.6010333333333334,0.025333596489861273
YOLOv4 default,5329,0.6010333333333334,0.025333596489861273
YOLOv4 default,5330,0.6010333333333334,0.025333596489861273
YOLOv4 default,5331,0.6010333333333334,0.025333596489861273
YOLOv4 default,5332,0.6010333333333334,0.025333596489861273
YOLOv4 default,5333,0.6010333333333334,0.025333596489861273
YOLOv4 default,5334,0.6010333333333334,0.025333596489861273
YOLOv4 default,5335,0.6010333333333334,0.025333596489861273
YOLOv4 default,5336,0.6010333333333334,0.025333596489861273
YOLOv4 default,5337,0.6010333333333334,0.025333596489861273
YOLOv4 default,5338,0.6010333333333334,0.025333596489861273
YOLOv4 default,5339,0.6010333333333334,0.025333596489861273
YOLOv4 default,5340,0.6010333333333334,0.025333596489861273
YOLOv4 default,5341,0.6010333333333334,0.025333596489861273
YOLOv4 default,5342,0.6010333333333334,0.025333596489861273
YOLOv4 default,5343,0.6010333333333334,0.025333596489861273
YOLOv4 default,5344,0.6010333333333334,0.025333596489861273
YOLOv4 default,5345,0.6010333333333334,0.025333596489861273
YOLOv4 default,5346,0.6010333333333334,0.025333596489861273
YOLOv4 default,5347,0.6010333333333334,0.025333596489861273
YOLOv4 default,5348,0.6010333333333334,0.025333596489861273
YOLOv4 default,5349,0.6010333333333334,0.025333596489861273
YOLOv4 default,5350,0.6010333333333334,0.025333596489861273
YOLOv4 default,5351,0.6010333333333334,0.025333596489861273
YOLOv4 default,5352,0.6010333333333334,0.025333596489861273
YOLOv4 default,5353,0.6010333333333334,0.025333596489861273
YOLOv4 default,5354,0.6010333333333334,0.025333596489861273
YOLOv4 default,5355,0.6010333333333334,0.025333596489861273
YOLOv4 default,5356,0.6010333333333334,0.025333596489861273
YOLOv4 default,5357,0.6010333333333334,0.025333596489861273
YOLOv4 default,5358,0.6010333333333334,0.025333596489861273
YOLOv4 default,5359,0.6010333333333334,0.025333596489861273
YOLOv4 default,5360,0.6010333333333334,0.025333596489861273
YOLOv4 default,5361,0.6010333333333334,0.025333596489861273
YOLOv4 default,5362,0.6010333333333334,0.025333596489861273
YOLOv4 default,5363,0.6010333333333334,0.025333596489861273
YOLOv4 default,5364,0.6010333333333334,0.025333596489861273
YOLOv4 default,5365,0.6010333333333334,0.025333596489861273
YOLOv4 default,5366,0.6010333333333334,0.025333596489861273
YOLOv4 default,5367,0.6010333333333334,0.025333596489861273
YOLOv4 default,5368,0.6010333333333334,0.025333596489861273
YOLOv4 default,5369,0.6010333333333334,0.025333596489861273
YOLOv4 default,5370,0.6010333333333334,0.025333596489861273
YOLOv4 default,5371,0.6010333333333334,0.025333596489861273
YOLOv4 default,5372,0.6010333333333334,0.025333596489861273
YOLOv4 default,5373,0.6010333333333334,0.025333596489861273
YOLOv4 default,5374,0.6010333333333334,0.025333596489861273
YOLOv4 default,5375,0.6010333333333334,0.025333596489861273
YOLOv4 default,5376,0.6010333333333334,0.025333596489861273
YOLOv4 default,5377,0.6010333333333334,0.025333596489861273
YOLOv4 default,5378,0.6010333333333334,0.025333596489861273
YOLOv4 default,5379,0.6010333333333334,0.025333596489861273
YOLOv4 default,5380,0.6010333333333334,0.025333596489861273
YOLOv4 default,5381,0.6010333333333334,0.025333596489861273
YOLOv4 default,5382,0.6010333333333334,0.025333596489861273
YOLOv4 default,5383,0.6010333333333334,0.025333596489861273
YOLOv4 default,5384,0.6010333333333334,0.025333596489861273
YOLOv4 default,5385,0.6010333333333334,0.025333596489861273
YOLOv4 default,5386,0.6010333333333334,0.025333596489861273
YOLOv4 default,5387,0.6010333333333334,0.025333596489861273
YOLOv4 default,5388,0.6010333333333334,0.025333596489861273
YOLOv4 default,5389,0.6010333333333334,0.025333596489861273
YOLOv4 default,5390,0.6010333333333334,0.025333596489861273
YOLOv4 default,5391,0.6010333333333334,0.025333596489861273
YOLOv4 default,5392,0.6010333333333334,0.025333596489861273
YOLOv4 default,5393,0.6010333333333334,0.025333596489861273
YOLOv4 default,5394,0.6010333333333334,0.025333596489861273
YOLOv4 default,5395,0.6010333333333334,0.025333596489861273
YOLOv4 default,5396,0.6010333333333334,0.025333596489861273
YOLOv4 default,5397,0.6010333333333334,0.025333596489861273
YOLOv4 default,5398,0.6010333333333334,0.025333596489861273
YOLOv4 default,5399,0.6010333333333334,0.025333596489861273
YOLOv4 default,5400,0.5889373333333333,0.010079340220360547
YOLOv4 default,5401,0.5889333333333333,0.020163195293515464
YOLOv4 default,5402,0.5889333333333333,0.020163195293515464
YOLOv4 default,5403,0.5889333333333333,0.020163195293515464
YOLOv4 default,5404,0.5889333333333333,0.020163195293515464
YOLOv4 default,5405,0.5889333333333333,0.020163195293515464
YOLOv4 default,5406,0.5889333333333333,0.020163195293515464
YOLOv4 default,5407,0.5889333333333333,0.020163195293515464
YOLOv4 default,5408,0.5889333333333333,0.020163195293515464
YOLOv4 default,5409,0.5889333333333333,0.020163195293515464
YOLOv4 default,5410,0.5889333333333333,0.020163195293515464
YOLOv4 default,5411,0.5889333333333333,0.020163195293515464
YOLOv4 default,5412,0.5889333333333333,0.020163195293515464
YOLOv4 default,5413,0.5889333333333333,0.020163195293515464
YOLOv4 default,5414,0.5889333333333333,0.020163195293515464
YOLOv4 default,5415,0.5889333333333333,0.020163195293515464
YOLOv4 default,5416,0.5889333333333333,0.020163195293515464
YOLOv4 default,5417,0.5889333333333333,0.020163195293515464
YOLOv4 default,5418,0.5889333333333333,0.020163195293515464
YOLOv4 default,5419,0.5889333333333333,0.020163195293515464
YOLOv4 default,5420,0.5889333333333333,0.020163195293515464
YOLOv4 default,5421,0.5889333333333333,0.020163195293515464
YOLOv4 default,5422,0.5889333333333333,0.020163195293515464
YOLOv4 default,5423,0.5889333333333333,0.020163195293515464
YOLOv4 default,5424,0.5889333333333333,0.020163195293515464
YOLOv4 default,5425,0.5889333333333333,0.020163195293515464
YOLOv4 default,5426,0.5889333333333333,0.020163195293515464
YOLOv4 default,5427,0.5889333333333333,0.020163195293515464
YOLOv4 default,5428,0.5889333333333333,0.020163195293515464
YOLOv4 default,5429,0.5889333333333333,0.020163195293515464
YOLOv4 default,5430,0.5889333333333333,0.020163195293515464
YOLOv4 default,5431,0.5889333333333333,0.020163195293515464
YOLOv4 default,5432,0.5889333333333333,0.020163195293515464
YOLOv4 default,5433,0.5889333333333333,0.020163195293515464
YOLOv4 default,5434,0.5889333333333333,0.020163195293515464
YOLOv4 default,5435,0.5889333333333333,0.020163195293515464
YOLOv4 default,5436,0.5889333333333333,0.020163195293515464
YOLOv4 default,5437,0.5889333333333333,0.020163195293515464
YOLOv4 default,5438,0.5889333333333333,0.020163195293515464
YOLOv4 default,5439,0.5889333333333333,0.020163195293515464
YOLOv4 default,5440,0.5889333333333333,0.020163195293515464
YOLOv4 default,5441,0.5889333333333333,0.020163195293515464
YOLOv4 default,5442,0.5889333333333333,0.020163195293515464
YOLOv4 default,5443,0.5889333333333333,0.020163195293515464
YOLOv4 default,5444,0.5889333333333333,0.020163195293515464
YOLOv4 default,5445,0.5889333333333333,0.020163195293515464
YOLOv4 default,5446,0.5889333333333333,0.020163195293515464
YOLOv4 default,5447,0.5889333333333333,0.020163195293515464
YOLOv4 default,5448,0.5889333333333333,0.020163195293515464
YOLOv4 default,5449,0.5889333333333333,0.020163195293515464
YOLOv4 default,5450,0.5889333333333333,0.020163195293515464
YOLOv4 default,5451,0.5889333333333333,0.020163195293515464
YOLOv4 default,5452,0.5889333333333333,0.020163195293515464
YOLOv4 default,5453,0.5889333333333333,0.020163195293515464
YOLOv4 default,5454,0.5889333333333333,0.020163195293515464
YOLOv4 default,5455,0.5889333333333333,0.020163195293515464
YOLOv4 default,5456,0.5889333333333333,0.020163195293515464
YOLOv4 default,5457,0.5889333333333333,0.020163195293515464
YOLOv4 default,5458,0.5889333333333333,0.020163195293515464
YOLOv4 default,5459,0.5889333333333333,0.020163195293515464
YOLOv4 default,5460,0.5889333333333333,0.020163195293515464
YOLOv4 default,5461,0.5889333333333333,0.020163195293515464
YOLOv4 default,5462,0.5889333333333333,0.020163195293515464
YOLOv4 default,5463,0.5889333333333333,0.020163195293515464
YOLOv4 default,5464,0.5889333333333333,0.020163195293515464
YOLOv4 default,5465,0.5889333333333333,0.020163195293515464
YOLOv4 default,5466,0.5889333333333333,0.020163195293515464
YOLOv4 default,5467,0.5889333333333333,0.020163195293515464
YOLOv4 default,5468,0.5889333333333333,0.020163195293515464
YOLOv4 default,5469,0.5889333333333333,0.020163195293515464
YOLOv4 default,5470,0.5889333333333333,0.020163195293515464
YOLOv4 default,5471,0.5889333333333333,0.020163195293515464
YOLOv4 default,5472,0.5889333333333333,0.020163195293515464
YOLOv4 default,5473,0.5889333333333333,0.020163195293515464
YOLOv4 default,5474,0.5889333333333333,0.020163195293515464
YOLOv4 default,5475,0.5889333333333333,0.020163195293515464
YOLOv4 default,5476,0.5889333333333333,0.020163195293515464
YOLOv4 default,5477,0.5889333333333333,0.020163195293515464
YOLOv4 default,5478,0.5889333333333333,0.020163195293515464
YOLOv4 default,5479,0.5889333333333333,0.020163195293515464
YOLOv4 default,5480,0.5889333333333333,0.020163195293515464
YOLOv4 default,5481,0.5889333333333333,0.020163195293515464
YOLOv4 default,5482,0.5889333333333333,0.020163195293515464
YOLOv4 default,5483,0.5889333333333333,0.020163195293515464
YOLOv4 default,5484,0.5889333333333333,0.020163195293515464
YOLOv4 default,5485,0.5889333333333333,0.020163195293515464
YOLOv4 default,5486,0.5889333333333333,0.020163195293515464
YOLOv4 default,5487,0.5889333333333333,0.020163195293515464
YOLOv4 default,5488,0.5889333333333333,0.020163195293515464
YOLOv4 default,5489,0.5889333333333333,0.020163195293515464
YOLOv4 default,5490,0.5889333333333333,0.020163195293515464
YOLOv4 default,5491,0.5889333333333333,0.020163195293515464
YOLOv4 default,5492,0.5889333333333333,0.020163195293515464
YOLOv4 default,5493,0.5889333333333333,0.020163195293515464
YOLOv4 default,5494,0.5889333333333333,0.020163195293515464
YOLOv4 default,5495,0.5889333333333333,0.020163195293515464
YOLOv4 default,5496,0.5889333333333333,0.020163195293515464
YOLOv4 default,5497,0.5889333333333333,0.020163195293515464
YOLOv4 default,5498,0.5889333333333333,0.020163195293515464
YOLOv4 default,5499,0.5889333333333333,0.020163195293515464
YOLOv4 default,5500,0.604692888888889,0.010129082066621118
YOLOv4 default,5501,0.6046666666666667,0.020257042671075594
YOLOv4 default,5502,0.6046666666666667,0.020257042671075594
YOLOv4 default,5503,0.6046666666666667,0.020257042671075594
YOLOv4 default,5504,0.6046666666666667,0.020257042671075594
YOLOv4 default,5505,0.6046666666666667,0.020257042671075594
YOLOv4 default,5506,0.6046666666666667,0.020257042671075594
YOLOv4 default,5507,0.6046666666666667,0.020257042671075594
YOLOv4 default,5508,0.6046666666666667,0.020257042671075594
YOLOv4 default,5509,0.6046666666666667,0.020257042671075594
YOLOv4 default,5510,0.6046666666666667,0.020257042671075594
YOLOv4 default,5511,0.6046666666666667,0.020257042671075594
YOLOv4 default,5512,0.6046666666666667,0.020257042671075594
YOLOv4 default,5513,0.6046666666666667,0.020257042671075594
YOLOv4 default,5514,0.6046666666666667,0.020257042671075594
YOLOv4 default,5515,0.6046666666666667,0.020257042671075594
YOLOv4 default,5516,0.6046666666666667,0.020257042671075594
YOLOv4 default,5517,0.6046666666666667,0.020257042671075594
YOLOv4 default,5518,0.6046666666666667,0.020257042671075594
YOLOv4 default,5519,0.6046666666666667,0.020257042671075594
YOLOv4 default,5520,0.6046666666666667,0.020257042671075594
YOLOv4 default,5521,0.6046666666666667,0.020257042671075594
YOLOv4 default,5522,0.6046666666666667,0.020257042671075594
YOLOv4 default,5523,0.6046666666666667,0.020257042671075594
YOLOv4 default,5524,0.6046666666666667,0.020257042671075594
YOLOv4 default,5525,0.6046666666666667,0.020257042671075594
YOLOv4 default,5526,0.6046666666666667,0.020257042671075594
YOLOv4 default,5527,0.6046666666666667,0.020257042671075594
YOLOv4 default,5528,0.6046666666666667,0.020257042671075594
YOLOv4 default,5529,0.6046666666666667,0.020257042671075594
YOLOv4 default,5530,0.6046666666666667,0.020257042671075594
YOLOv4 default,5531,0.6046666666666667,0.020257042671075594
YOLOv4 default,5532,0.6046666666666667,0.020257042671075594
YOLOv4 default,5533,0.6046666666666667,0.020257042671075594
YOLOv4 default,5534,0.6046666666666667,0.020257042671075594
YOLOv4 default,5535,0.6046666666666667,0.020257042671075594
YOLOv4 default,5536,0.6046666666666667,0.020257042671075594
YOLOv4 default,5537,0.6046666666666667,0.020257042671075594
YOLOv4 default,5538,0.6046666666666667,0.020257042671075594
YOLOv4 default,5539,0.6046666666666667,0.020257042671075594
YOLOv4 default,5540,0.6046666666666667,0.020257042671075594
YOLOv4 default,5541,0.6046666666666667,0.020257042671075594
YOLOv4 default,5542,0.6046666666666667,0.020257042671075594
YOLOv4 default,5543,0.6046666666666667,0.020257042671075594
YOLOv4 default,5544,0.6046666666666667,0.020257042671075594
YOLOv4 default,5545,0.6046666666666667,0.020257042671075594
YOLOv4 default,5546,0.6046666666666667,0.020257042671075594
YOLOv4 default,5547,0.6046666666666667,0.020257042671075594
YOLOv4 default,5548,0.6046666666666667,0.020257042671075594
YOLOv4 default,5549,0.6046666666666667,0.020257042671075594
YOLOv4 default,5550,0.6046666666666667,0.020257042671075594
YOLOv4 default,5551,0.6046666666666667,0.020257042671075594
YOLOv4 default,5552,0.6046666666666667,0.020257042671075594
YOLOv4 default,5553,0.6046666666666667,0.020257042671075594
YOLOv4 default,5554,0.6046666666666667,0.020257042671075594
YOLOv4 default,5555,0.6046666666666667,0.020257042671075594
YOLOv4 default,5556,0.6046666666666667,0.020257042671075594
YOLOv4 default,5557,0.6046666666666667,0.020257042671075594
YOLOv4 default,5558,0.6046666666666667,0.020257042671075594
YOLOv4 default,5559,0.6046666666666667,0.020257042671075594
YOLOv4 default,5560,0.6046666666666667,0.020257042671075594
YOLOv4 default,5561,0.6046666666666667,0.020257042671075594
YOLOv4 default,5562,0.6046666666666667,0.020257042671075594
YOLOv4 default,5563,0.6046666666666667,0.020257042671075594
YOLOv4 default,5564,0.6046666666666667,0.020257042671075594
YOLOv4 default,5565,0.6046666666666667,0.020257042671075594
YOLOv4 default,5566,0.6046666666666667,0.020257042671075594
YOLOv4 default,5567,0.6046666666666667,0.020257042671075594
YOLOv4 default,5568,0.6046666666666667,0.020257042671075594
YOLOv4 default,5569,0.6046666666666667,0.020257042671075594
YOLOv4 default,5570,0.6046666666666667,0.020257042671075594
YOLOv4 default,5571,0.6046666666666667,0.020257042671075594
YOLOv4 default,5572,0.6046666666666667,0.020257042671075594
YOLOv4 default,5573,0.6046666666666667,0.020257042671075594
YOLOv4 default,5574,0.6046666666666667,0.020257042671075594
YOLOv4 default,5575,0.6046666666666667,0.020257042671075594
YOLOv4 default,5576,0.6046666666666667,0.020257042671075594
YOLOv4 default,5577,0.6046666666666667,0.020257042671075594
YOLOv4 default,5578,0.6046666666666667,0.020257042671075594
YOLOv4 default,5579,0.6046666666666667,0.020257042671075594
YOLOv4 default,5580,0.6046666666666667,0.020257042671075594
YOLOv4 default,5581,0.6046666666666667,0.020257042671075594
YOLOv4 default,5582,0.6046666666666667,0.020257042671075594
YOLOv4 default,5583,0.6046666666666667,0.020257042671075594
YOLOv4 default,5584,0.6046666666666667,0.020257042671075594
YOLOv4 default,5585,0.6046666666666667,0.020257042671075594
YOLOv4 default,5586,0.6046666666666667,0.020257042671075594
YOLOv4 default,5587,0.6046666666666667,0.020257042671075594
YOLOv4 default,5588,0.6046666666666667,0.020257042671075594
YOLOv4 default,5589,0.6046666666666667,0.020257042671075594
YOLOv4 default,5590,0.6046666666666667,0.020257042671075594
YOLOv4 default,5591,0.6046666666666667,0.020257042671075594
YOLOv4 default,5592,0.6046666666666667,0.020257042671075594
YOLOv4 default,5593,0.6046666666666667,0.020257042671075594
YOLOv4 default,5594,0.6046666666666667,0.020257042671075594
YOLOv4 default,5595,0.6046666666666667,0.020257042671075594
YOLOv4 default,5596,0.6046666666666667,0.020257042671075594
YOLOv4 default,5597,0.6046666666666667,0.020257042671075594
YOLOv4 default,5598,0.6046666666666667,0.020257042671075594
YOLOv4 default,5599,0.6046666666666667,0.020257042671075594
YOLOv4 default,5600,0.6092308888888889,0.011478211907596013
YOLOv4 default,5601,0.6092333333333334,0.02295686776931421
YOLOv4 default,5602,0.6092333333333334,0.02295686776931421
YOLOv4 default,5603,0.6092333333333334,0.02295686776931421
YOLOv4 default,5604,0.6092333333333334,0.02295686776931421
YOLOv4 default,5605,0.6092333333333334,0.02295686776931421
YOLOv4 default,5606,0.6092333333333334,0.02295686776931421
YOLOv4 default,5607,0.6092333333333334,0.02295686776931421
YOLOv4 default,5608,0.6092333333333334,0.02295686776931421
YOLOv4 default,5609,0.6092333333333334,0.02295686776931421
YOLOv4 default,5610,0.6092333333333334,0.02295686776931421
YOLOv4 default,5611,0.6092333333333334,0.02295686776931421
YOLOv4 default,5612,0.6092333333333334,0.02295686776931421
YOLOv4 default,5613,0.6092333333333334,0.02295686776931421
YOLOv4 default,5614,0.6092333333333334,0.02295686776931421
YOLOv4 default,5615,0.6092333333333334,0.02295686776931421
YOLOv4 default,5616,0.6092333333333334,0.02295686776931421
YOLOv4 default,5617,0.6092333333333334,0.02295686776931421
YOLOv4 default,5618,0.6092333333333334,0.02295686776931421
YOLOv4 default,5619,0.6092333333333334,0.02295686776931421
YOLOv4 default,5620,0.6092333333333334,0.02295686776931421
YOLOv4 default,5621,0.6092333333333334,0.02295686776931421
YOLOv4 default,5622,0.6092333333333334,0.02295686776931421
YOLOv4 default,5623,0.6092333333333334,0.02295686776931421
YOLOv4 default,5624,0.6092333333333334,0.02295686776931421
YOLOv4 default,5625,0.6092333333333334,0.02295686776931421
YOLOv4 default,5626,0.6092333333333334,0.02295686776931421
YOLOv4 default,5627,0.6092333333333334,0.02295686776931421
YOLOv4 default,5628,0.6092333333333334,0.02295686776931421
YOLOv4 default,5629,0.6092333333333334,0.02295686776931421
YOLOv4 default,5630,0.6092333333333334,0.02295686776931421
YOLOv4 default,5631,0.6092333333333334,0.02295686776931421
YOLOv4 default,5632,0.6092333333333334,0.02295686776931421
YOLOv4 default,5633,0.6092333333333334,0.02295686776931421
YOLOv4 default,5634,0.6092333333333334,0.02295686776931421
YOLOv4 default,5635,0.6092333333333334,0.02295686776931421
YOLOv4 default,5636,0.6092333333333334,0.02295686776931421
YOLOv4 default,5637,0.6092333333333334,0.02295686776931421
YOLOv4 default,5638,0.6092333333333334,0.02295686776931421
YOLOv4 default,5639,0.6092333333333334,0.02295686776931421
YOLOv4 default,5640,0.6092333333333334,0.02295686776931421
YOLOv4 default,5641,0.6092333333333334,0.02295686776931421
YOLOv4 default,5642,0.6092333333333334,0.02295686776931421
YOLOv4 default,5643,0.6092333333333334,0.02295686776931421
YOLOv4 default,5644,0.6092333333333334,0.02295686776931421
YOLOv4 default,5645,0.6092333333333334,0.02295686776931421
YOLOv4 default,5646,0.6092333333333334,0.02295686776931421
YOLOv4 default,5647,0.6092333333333334,0.02295686776931421
YOLOv4 default,5648,0.6092333333333334,0.02295686776931421
YOLOv4 default,5649,0.6092333333333334,0.02295686776931421
YOLOv4 default,5650,0.6092333333333334,0.02295686776931421
YOLOv4 default,5651,0.6092333333333334,0.02295686776931421
YOLOv4 default,5652,0.6092333333333334,0.02295686776931421
YOLOv4 default,5653,0.6092333333333334,0.02295686776931421
YOLOv4 default,5654,0.6092333333333334,0.02295686776931421
YOLOv4 default,5655,0.6092333333333334,0.02295686776931421
YOLOv4 default,5656,0.6092333333333334,0.02295686776931421
YOLOv4 default,5657,0.6092333333333334,0.02295686776931421
YOLOv4 default,5658,0.6092333333333334,0.02295686776931421
YOLOv4 default,5659,0.6092333333333334,0.02295686776931421
YOLOv4 default,5660,0.6092333333333334,0.02295686776931421
YOLOv4 default,5661,0.6092333333333334,0.02295686776931421
YOLOv4 default,5662,0.6092333333333334,0.02295686776931421
YOLOv4 default,5663,0.6092333333333334,0.02295686776931421
YOLOv4 default,5664,0.6092333333333334,0.02295686776931421
YOLOv4 default,5665,0.6092333333333334,0.02295686776931421
YOLOv4 default,5666,0.6092333333333334,0.02295686776931421
YOLOv4 default,5667,0.6092333333333334,0.02295686776931421
YOLOv4 default,5668,0.6092333333333334,0.02295686776931421
YOLOv4 default,5669,0.6092333333333334,0.02295686776931421
YOLOv4 default,5670,0.6092333333333334,0.02295686776931421
YOLOv4 default,5671,0.6092333333333334,0.02295686776931421
YOLOv4 default,5672,0.6092333333333334,0.02295686776931421
YOLOv4 default,5673,0.6092333333333334,0.02295686776931421
YOLOv4 default,5674,0.6092333333333334,0.02295686776931421
YOLOv4 default,5675,0.6092333333333334,0.02295686776931421
YOLOv4 default,5676,0.6092333333333334,0.02295686776931421
YOLOv4 default,5677,0.6092333333333334,0.02295686776931421
YOLOv4 default,5678,0.6092333333333334,0.02295686776931421
YOLOv4 default,5679,0.6092333333333334,0.02295686776931421
YOLOv4 default,5680,0.6092333333333334,0.02295686776931421
YOLOv4 default,5681,0.6092333333333334,0.02295686776931421
YOLOv4 default,5682,0.6092333333333334,0.02295686776931421
YOLOv4 default,5683,0.6092333333333334,0.02295686776931421
YOLOv4 default,5684,0.6092333333333334,0.02295686776931421
YOLOv4 default,5685,0.6092333333333334,0.02295686776931421
YOLOv4 default,5686,0.6092333333333334,0.02295686776931421
YOLOv4 default,5687,0.6092333333333334,0.02295686776931421
YOLOv4 default,5688,0.6092333333333334,0.02295686776931421
YOLOv4 default,5689,0.6092333333333334,0.02295686776931421
YOLOv4 default,5690,0.6092333333333334,0.02295686776931421
YOLOv4 default,5691,0.6092333333333334,0.02295686776931421
YOLOv4 default,5692,0.6092333333333334,0.02295686776931421
YOLOv4 default,5693,0.6092333333333334,0.02295686776931421
YOLOv4 default,5694,0.6092333333333334,0.02295686776931421
YOLOv4 default,5695,0.6092333333333334,0.02295686776931421
YOLOv4 default,5696,0.6092333333333334,0.02295686776931421
YOLOv4 default,5697,0.6092333333333334,0.02295686776931421
YOLOv4 default,5698,0.6092333333333334,0.02295686776931421
YOLOv4 default,5699,0.6092333333333334,0.02295686776931421
YOLOv4 default,5700,0.5977033333333333,0.00783854186943521
YOLOv4 default,5701,0.5977,0.01568640600435081
YOLOv4 default,5702,0.5977,0.01568640600435081
YOLOv4 default,5703,0.5977,0.01568640600435081
YOLOv4 default,5704,0.5977,0.01568640600435081
YOLOv4 default,5705,0.5977,0.01568640600435081
YOLOv4 default,5706,0.5977,0.01568640600435081
YOLOv4 default,5707,0.5977,0.01568640600435081
YOLOv4 default,5708,0.5977,0.01568640600435081
YOLOv4 default,5709,0.5977,0.01568640600435081
YOLOv4 default,5710,0.5977,0.01568640600435081
YOLOv4 default,5711,0.5977,0.01568640600435081
YOLOv4 default,5712,0.5977,0.01568640600435081
YOLOv4 default,5713,0.5977,0.01568640600435081
YOLOv4 default,5714,0.5977,0.01568640600435081
YOLOv4 default,5715,0.5977,0.01568640600435081
YOLOv4 default,5716,0.5977,0.01568640600435081
YOLOv4 default,5717,0.5977,0.01568640600435081
YOLOv4 default,5718,0.5977,0.01568640600435081
YOLOv4 default,5719,0.5977,0.01568640600435081
YOLOv4 default,5720,0.5977,0.01568640600435081
YOLOv4 default,5721,0.5977,0.01568640600435081
YOLOv4 default,5722,0.5977,0.01568640600435081
YOLOv4 default,5723,0.5977,0.01568640600435081
YOLOv4 default,5724,0.5977,0.01568640600435081
YOLOv4 default,5725,0.5977,0.01568640600435081
YOLOv4 default,5726,0.5977,0.01568640600435081
YOLOv4 default,5727,0.5977,0.01568640600435081
YOLOv4 default,5728,0.5977,0.01568640600435081
YOLOv4 default,5729,0.5977,0.01568640600435081
YOLOv4 default,5730,0.5977,0.01568640600435081
YOLOv4 default,5731,0.5977,0.01568640600435081
YOLOv4 default,5732,0.5977,0.01568640600435081
YOLOv4 default,5733,0.5977,0.01568640600435081
YOLOv4 default,5734,0.5977,0.01568640600435081
YOLOv4 default,5735,0.5977,0.01568640600435081
YOLOv4 default,5736,0.5977,0.01568640600435081
YOLOv4 default,5737,0.5977,0.01568640600435081
YOLOv4 default,5738,0.5977,0.01568640600435081
YOLOv4 default,5739,0.5977,0.01568640600435081
YOLOv4 default,5740,0.5977,0.01568640600435081
YOLOv4 default,5741,0.5977,0.01568640600435081
YOLOv4 default,5742,0.5977,0.01568640600435081
YOLOv4 default,5743,0.5977,0.01568640600435081
YOLOv4 default,5744,0.5977,0.01568640600435081
YOLOv4 default,5745,0.5977,0.01568640600435081
YOLOv4 default,5746,0.5977,0.01568640600435081
YOLOv4 default,5747,0.5977,0.01568640600435081
YOLOv4 default,5748,0.5977,0.01568640600435081
YOLOv4 default,5749,0.5977,0.01568640600435081
YOLOv4 default,5750,0.5977,0.01568640600435081
YOLOv4 default,5751,0.5977,0.01568640600435081
YOLOv4 default,5752,0.5977,0.01568640600435081
YOLOv4 default,5753,0.5977,0.01568640600435081
YOLOv4 default,5754,0.5977,0.01568640600435081
YOLOv4 default,5755,0.5977,0.01568640600435081
YOLOv4 default,5756,0.5977,0.01568640600435081
YOLOv4 default,5757,0.5977,0.01568640600435081
YOLOv4 default,5758,0.5977,0.01568640600435081
YOLOv4 default,5759,0.5977,0.01568640600435081
YOLOv4 default,5760,0.5977,0.01568640600435081
YOLOv4 default,5761,0.5977,0.01568640600435081
YOLOv4 default,5762,0.5977,0.01568640600435081
YOLOv4 default,5763,0.5977,0.01568640600435081
YOLOv4 default,5764,0.5977,0.01568640600435081
YOLOv4 default,5765,0.5977,0.01568640600435081
YOLOv4 default,5766,0.5977,0.01568640600435081
YOLOv4 default,5767,0.5977,0.01568640600435081
YOLOv4 default,5768,0.5977,0.01568640600435081
YOLOv4 default,5769,0.5977,0.01568640600435081
YOLOv4 default,5770,0.5977,0.01568640600435081
YOLOv4 default,5771,0.5977,0.01568640600435081
YOLOv4 default,5772,0.5977,0.01568640600435081
YOLOv4 default,5773,0.5977,0.01568640600435081
YOLOv4 default,5774,0.5977,0.01568640600435081
YOLOv4 default,5775,0.5977,0.01568640600435081
YOLOv4 default,5776,0.5977,0.01568640600435081
YOLOv4 default,5777,0.5977,0.01568640600435081
YOLOv4 default,5778,0.5977,0.01568640600435081
YOLOv4 default,5779,0.5977,0.01568640600435081
YOLOv4 default,5780,0.5977,0.01568640600435081
YOLOv4 default,5781,0.5977,0.01568640600435081
YOLOv4 default,5782,0.5977,0.01568640600435081
YOLOv4 default,5783,0.5977,0.01568640600435081
YOLOv4 default,5784,0.5977,0.01568640600435081
YOLOv4 default,5785,0.5977,0.01568640600435081
YOLOv4 default,5786,0.5977,0.01568640600435081
YOLOv4 default,5787,0.5977,0.01568640600435081
YOLOv4 default,5788,0.5977,0.01568640600435081
YOLOv4 default,5789,0.5977,0.01568640600435081
YOLOv4 default,5790,0.5977,0.01568640600435081
YOLOv4 default,5791,0.5977,0.01568640600435081
YOLOv4 default,5792,0.5977,0.01568640600435081
YOLOv4 default,5793,0.5977,0.01568640600435081
YOLOv4 default,5794,0.5977,0.01568640600435081
YOLOv4 default,5795,0.5977,0.01568640600435081
YOLOv4 default,5796,0.5977,0.01568640600435081
YOLOv4 default,5797,0.5977,0.01568640600435081
YOLOv4 default,5798,0.5977,0.01568640600435081
YOLOv4 default,5799,0.5977,0.01568640600435081
YOLOv4 default,5800,0.5962593333333334,0.010367173544682055
YOLOv4 default,5801,0.5962666666666667,0.020730760826473404
YOLOv4 default,5802,0.5962666666666667,0.020730760826473404
YOLOv4 default,5803,0.5962666666666667,0.020730760826473404
YOLOv4 default,5804,0.5962666666666667,0.020730760826473404
YOLOv4 default,5805,0.5962666666666667,0.020730760826473404
YOLOv4 default,5806,0.5962666666666667,0.020730760826473404
YOLOv4 default,5807,0.5962666666666667,0.020730760826473404
YOLOv4 default,5808,0.5962666666666667,0.020730760826473404
YOLOv4 default,5809,0.5962666666666667,0.020730760826473404
YOLOv4 default,5810,0.5962666666666667,0.020730760826473404
YOLOv4 default,5811,0.5962666666666667,0.020730760826473404
YOLOv4 default,5812,0.5962666666666667,0.020730760826473404
YOLOv4 default,5813,0.5962666666666667,0.020730760826473404
YOLOv4 default,5814,0.5962666666666667,0.020730760826473404
YOLOv4 default,5815,0.5962666666666667,0.020730760826473404
YOLOv4 default,5816,0.5962666666666667,0.020730760826473404
YOLOv4 default,5817,0.5962666666666667,0.020730760826473404
YOLOv4 default,5818,0.5962666666666667,0.020730760826473404
YOLOv4 default,5819,0.5962666666666667,0.020730760826473404
YOLOv4 default,5820,0.5962666666666667,0.020730760826473404
YOLOv4 default,5821,0.5962666666666667,0.020730760826473404
YOLOv4 default,5822,0.5962666666666667,0.020730760826473404
YOLOv4 default,5823,0.5962666666666667,0.020730760826473404
YOLOv4 default,5824,0.5962666666666667,0.020730760826473404
YOLOv4 default,5825,0.5962666666666667,0.020730760826473404
YOLOv4 default,5826,0.5962666666666667,0.020730760826473404
YOLOv4 default,5827,0.5962666666666667,0.020730760826473404
YOLOv4 default,5828,0.5962666666666667,0.020730760826473404
YOLOv4 default,5829,0.5962666666666667,0.020730760826473404
YOLOv4 default,5830,0.5962666666666667,0.020730760826473404
YOLOv4 default,5831,0.5962666666666667,0.020730760826473404
YOLOv4 default,5832,0.5962666666666667,0.020730760826473404
YOLOv4 default,5833,0.5962666666666667,0.020730760826473404
YOLOv4 default,5834,0.5962666666666667,0.020730760826473404
YOLOv4 default,5835,0.5962666666666667,0.020730760826473404
YOLOv4 default,5836,0.5962666666666667,0.020730760826473404
YOLOv4 default,5837,0.5962666666666667,0.020730760826473404
YOLOv4 default,5838,0.5962666666666667,0.020730760826473404
YOLOv4 default,5839,0.5962666666666667,0.020730760826473404
YOLOv4 default,5840,0.5962666666666667,0.020730760826473404
YOLOv4 default,5841,0.5962666666666667,0.020730760826473404
YOLOv4 default,5842,0.5962666666666667,0.020730760826473404
YOLOv4 default,5843,0.5962666666666667,0.020730760826473404
YOLOv4 default,5844,0.5962666666666667,0.020730760826473404
YOLOv4 default,5845,0.5962666666666667,0.020730760826473404
YOLOv4 default,5846,0.5962666666666667,0.020730760826473404
YOLOv4 default,5847,0.5962666666666667,0.020730760826473404
YOLOv4 default,5848,0.5962666666666667,0.020730760826473404
YOLOv4 default,5849,0.5962666666666667,0.020730760826473404
YOLOv4 default,5850,0.5962666666666667,0.020730760826473404
YOLOv4 default,5851,0.5962666666666667,0.020730760826473404
YOLOv4 default,5852,0.5962666666666667,0.020730760826473404
YOLOv4 default,5853,0.5962666666666667,0.020730760826473404
YOLOv4 default,5854,0.5962666666666667,0.020730760826473404
YOLOv4 default,5855,0.5962666666666667,0.020730760826473404
YOLOv4 default,5856,0.5962666666666667,0.020730760826473404
YOLOv4 default,5857,0.5962666666666667,0.020730760826473404
YOLOv4 default,5858,0.5962666666666667,0.020730760826473404
YOLOv4 default,5859,0.5962666666666667,0.020730760826473404
YOLOv4 default,5860,0.5962666666666667,0.020730760826473404
YOLOv4 default,5861,0.5962666666666667,0.020730760826473404
YOLOv4 default,5862,0.5962666666666667,0.020730760826473404
YOLOv4 default,5863,0.5962666666666667,0.020730760826473404
YOLOv4 default,5864,0.5962666666666667,0.020730760826473404
YOLOv4 default,5865,0.5962666666666667,0.020730760826473404
YOLOv4 default,5866,0.5962666666666667,0.020730760826473404
YOLOv4 default,5867,0.5962666666666667,0.020730760826473404
YOLOv4 default,5868,0.5962666666666667,0.020730760826473404
YOLOv4 default,5869,0.5962666666666667,0.020730760826473404
YOLOv4 default,5870,0.5962666666666667,0.020730760826473404
YOLOv4 default,5871,0.5962666666666667,0.020730760826473404
YOLOv4 default,5872,0.5962666666666667,0.020730760826473404
YOLOv4 default,5873,0.5962666666666667,0.020730760826473404
YOLOv4 default,5874,0.5962666666666667,0.020730760826473404
YOLOv4 default,5875,0.5962666666666667,0.020730760826473404
YOLOv4 default,5876,0.5962666666666667,0.020730760826473404
YOLOv4 default,5877,0.5962666666666667,0.020730760826473404
YOLOv4 default,5878,0.5962666666666667,0.020730760826473404
YOLOv4 default,5879,0.5962666666666667,0.020730760826473404
YOLOv4 default,5880,0.5962666666666667,0.020730760826473404
YOLOv4 default,5881,0.5962666666666667,0.020730760826473404
YOLOv4 default,5882,0.5962666666666667,0.020730760826473404
YOLOv4 default,5883,0.5962666666666667,0.020730760826473404
YOLOv4 default,5884,0.5962666666666667,0.020730760826473404
YOLOv4 default,5885,0.5962666666666667,0.020730760826473404
YOLOv4 default,5886,0.5962666666666667,0.020730760826473404
YOLOv4 default,5887,0.5962666666666667,0.020730760826473404
YOLOv4 default,5888,0.5962666666666667,0.020730760826473404
YOLOv4 default,5889,0.5962666666666667,0.020730760826473404
YOLOv4 default,5890,0.5962666666666667,0.020730760826473404
YOLOv4 default,5891,0.5962666666666667,0.020730760826473404
YOLOv4 default,5892,0.5962666666666667,0.020730760826473404
YOLOv4 default,5893,0.5962666666666667,0.020730760826473404
YOLOv4 default,5894,0.5962666666666667,0.020730760826473404
YOLOv4 default,5895,0.5962666666666667,0.020730760826473404
YOLOv4 default,5896,0.5962666666666667,0.020730760826473404
YOLOv4 default,5897,0.5962666666666667,0.020730760826473404
YOLOv4 default,5898,0.5962666666666667,0.020730760826473404
YOLOv4 default,5899,0.5962666666666667,0.020730760826473404
YOLOv4 default,5900,0.6069384444444444,0.010501658588727675
YOLOv4 default,5901,0.6069333333333333,0.02099574030871767
YOLOv4 default,5902,0.6069333333333333,0.02099574030871767
YOLOv4 default,5903,0.6069333333333333,0.02099574030871767
YOLOv4 default,5904,0.6069333333333333,0.02099574030871767
YOLOv4 default,5905,0.6069333333333333,0.02099574030871767
YOLOv4 default,5906,0.6069333333333333,0.02099574030871767
YOLOv4 default,5907,0.6069333333333333,0.02099574030871767
YOLOv4 default,5908,0.6069333333333333,0.02099574030871767
YOLOv4 default,5909,0.6069333333333333,0.02099574030871767
YOLOv4 default,5910,0.6069333333333333,0.02099574030871767
YOLOv4 default,5911,0.6069333333333333,0.02099574030871767
YOLOv4 default,5912,0.6069333333333333,0.02099574030871767
YOLOv4 default,5913,0.6069333333333333,0.02099574030871767
YOLOv4 default,5914,0.6069333333333333,0.02099574030871767
YOLOv4 default,5915,0.6069333333333333,0.02099574030871767
YOLOv4 default,5916,0.6069333333333333,0.02099574030871767
YOLOv4 default,5917,0.6069333333333333,0.02099574030871767
YOLOv4 default,5918,0.6069333333333333,0.02099574030871767
YOLOv4 default,5919,0.6069333333333333,0.02099574030871767
YOLOv4 default,5920,0.6069333333333333,0.02099574030871767
YOLOv4 default,5921,0.6069333333333333,0.02099574030871767
YOLOv4 default,5922,0.6069333333333333,0.02099574030871767
YOLOv4 default,5923,0.6069333333333333,0.02099574030871767
YOLOv4 default,5924,0.6069333333333333,0.02099574030871767
YOLOv4 default,5925,0.6069333333333333,0.02099574030871767
YOLOv4 default,5926,0.6069333333333333,0.02099574030871767
YOLOv4 default,5927,0.6069333333333333,0.02099574030871767
YOLOv4 default,5928,0.6069333333333333,0.02099574030871767
YOLOv4 default,5929,0.6069333333333333,0.02099574030871767
YOLOv4 default,5930,0.6069333333333333,0.02099574030871767
YOLOv4 default,5931,0.6069333333333333,0.02099574030871767
YOLOv4 default,5932,0.6069333333333333,0.02099574030871767
YOLOv4 default,5933,0.6069333333333333,0.02099574030871767
YOLOv4 default,5934,0.6069333333333333,0.02099574030871767
YOLOv4 default,5935,0.6069333333333333,0.02099574030871767
YOLOv4 default,5936,0.6069333333333333,0.02099574030871767
YOLOv4 default,5937,0.6069333333333333,0.02099574030871767
YOLOv4 default,5938,0.6069333333333333,0.02099574030871767
YOLOv4 default,5939,0.6069333333333333,0.02099574030871767
YOLOv4 default,5940,0.6069333333333333,0.02099574030871767
YOLOv4 default,5941,0.6069333333333333,0.02099574030871767
YOLOv4 default,5942,0.6069333333333333,0.02099574030871767
YOLOv4 default,5943,0.6069333333333333,0.02099574030871767
YOLOv4 default,5944,0.6069333333333333,0.02099574030871767
YOLOv4 default,5945,0.6069333333333333,0.02099574030871767
YOLOv4 default,5946,0.6069333333333333,0.02099574030871767
YOLOv4 default,5947,0.6069333333333333,0.02099574030871767
YOLOv4 default,5948,0.6069333333333333,0.02099574030871767
YOLOv4 default,5949,0.6069333333333333,0.02099574030871767
YOLOv4 default,5950,0.6069333333333333,0.02099574030871767
YOLOv4 default,5951,0.6069333333333333,0.02099574030871767
YOLOv4 default,5952,0.6069333333333333,0.02099574030871767
YOLOv4 default,5953,0.6069333333333333,0.02099574030871767
YOLOv4 default,5954,0.6069333333333333,0.02099574030871767
YOLOv4 default,5955,0.6069333333333333,0.02099574030871767
YOLOv4 default,5956,0.6069333333333333,0.02099574030871767
YOLOv4 default,5957,0.6069333333333333,0.02099574030871767
YOLOv4 default,5958,0.6069333333333333,0.02099574030871767
YOLOv4 default,5959,0.6069333333333333,0.02099574030871767
YOLOv4 default,5960,0.6069333333333333,0.02099574030871767
YOLOv4 default,5961,0.6069333333333333,0.02099574030871767
YOLOv4 default,5962,0.6069333333333333,0.02099574030871767
YOLOv4 default,5963,0.6069333333333333,0.02099574030871767
YOLOv4 default,5964,0.6069333333333333,0.02099574030871767
YOLOv4 default,5965,0.6069333333333333,0.02099574030871767
YOLOv4 default,5966,0.6069333333333333,0.02099574030871767
YOLOv4 default,5967,0.6069333333333333,0.02099574030871767
YOLOv4 default,5968,0.6069333333333333,0.02099574030871767
YOLOv4 default,5969,0.6069333333333333,0.02099574030871767
YOLOv4 default,5970,0.6069333333333333,0.02099574030871767
YOLOv4 default,5971,0.6069333333333333,0.02099574030871767
YOLOv4 default,5972,0.6069333333333333,0.02099574030871767
YOLOv4 default,5973,0.6069333333333333,0.02099574030871767
YOLOv4 default,5974,0.6069333333333333,0.02099574030871767
YOLOv4 default,5975,0.6069333333333333,0.02099574030871767
YOLOv4 default,5976,0.6069333333333333,0.02099574030871767
YOLOv4 default,5977,0.6069333333333333,0.02099574030871767
YOLOv4 default,5978,0.6069333333333333,0.02099574030871767
YOLOv4 default,5979,0.6069333333333333,0.02099574030871767
YOLOv4 default,5980,0.6069333333333333,0.02099574030871767
YOLOv4 default,5981,0.6069333333333333,0.02099574030871767
YOLOv4 default,5982,0.6069333333333333,0.02099574030871767
YOLOv4 default,5983,0.6069333333333333,0.02099574030871767
YOLOv4 default,5984,0.6069333333333333,0.02099574030871767
YOLOv4 default,5985,0.6069333333333333,0.02099574030871767
YOLOv4 default,5986,0.6069333333333333,0.02099574030871767
YOLOv4 default,5987,0.6069333333333333,0.02099574030871767
YOLOv4 default,5988,0.6069333333333333,0.02099574030871767
YOLOv4 default,5989,0.6069333333333333,0.02099574030871767
YOLOv4 default,5990,0.6069333333333333,0.02099574030871767
YOLOv4 default,5991,0.6069333333333333,0.02099574030871767
YOLOv4 default,5992,0.6069333333333333,0.02099574030871767
YOLOv4 default,5993,0.6069333333333333,0.02099574030871767
YOLOv4 default,5994,0.6069333333333333,0.02099574030871767
YOLOv4 default,5995,0.6069333333333333,0.02099574030871767
YOLOv4 default,5996,0.6069333333333333,0.02099574030871767
YOLOv4 default,5997,0.6069333333333333,0.02099574030871767
YOLOv4 default,5998,0.6069333333333333,0.02099574030871767
YOLOv4 default,5999,0.6069333333333333,0.02099574030871767
YOLOv4 default,6000,0.5803389999999999,0.009275472695951035
YOLOv4 no aug,1000,0.24837399999999998,0.008325487534940187
YOLOv4 no aug,1001,0.24836666666666665,0.016650258589917182
YOLOv4 no aug,1002,0.24836666666666665,0.016650258589917182
YOLOv4 no aug,1003,0.24836666666666665,0.016650258589917182
YOLOv4 no aug,1004,0.24836666666666665,0.016650258589917182
YOLOv4 no aug,1005,0.24836666666666665,0.016650258589917182
YOLOv4 no aug,1006,0.24836666666666665,0.016650258589917182
YOLOv4 no aug,1007,0.24836666666666665,0.016650258589917182
YOLOv4 no aug,1008,0.24836666666666665,0.016650258589917182
YOLOv4 no aug,1009,0.24836666666666665,0.016650258589917182
YOLOv4 no aug,1010,0.24836666666666665,0.016650258589917182
YOLOv4 no aug,1011,0.24836666666666665,0.016650258589917182
YOLOv4 no aug,1012,0.24836666666666665,0.016650258589917182
YOLOv4 no aug,1013,0.24836666666666665,0.016650258589917182
YOLOv4 no aug,1014,0.24836666666666665,0.016650258589917182
YOLOv4 no aug,1015,0.24836666666666665,0.016650258589917182
YOLOv4 no aug,1016,0.24836666666666665,0.016650258589917182
YOLOv4 no aug,1017,0.24836666666666665,0.016650258589917182
YOLOv4 no aug,1018,0.24836666666666665,0.016650258589917182
YOLOv4 no aug,1019,0.24836666666666665,0.016650258589917182
YOLOv4 no aug,1020,0.24836666666666665,0.016650258589917182
YOLOv4 no aug,1021,0.24836666666666665,0.016650258589917182
YOLOv4 no aug,1022,0.24836666666666665,0.016650258589917182
YOLOv4 no aug,1023,0.24836666666666665,0.016650258589917182
YOLOv4 no aug,1024,0.24836666666666665,0.016650258589917182
YOLOv4 no aug,1025,0.24836666666666665,0.016650258589917182
YOLOv4 no aug,1026,0.24836666666666665,0.016650258589917182
YOLOv4 no aug,1027,0.24836666666666665,0.016650258589917182
YOLOv4 no aug,1028,0.24836666666666665,0.016650258589917182
YOLOv4 no aug,1029,0.24836666666666665,0.016650258589917182
YOLOv4 no aug,1030,0.24836666666666665,0.016650258589917182
YOLOv4 no aug,1031,0.24836666666666665,0.016650258589917182
YOLOv4 no aug,1032,0.24836666666666665,0.016650258589917182
YOLOv4 no aug,1033,0.24836666666666665,0.016650258589917182
YOLOv4 no aug,1034,0.24836666666666665,0.016650258589917182
YOLOv4 no aug,1035,0.24836666666666665,0.016650258589917182
YOLOv4 no aug,1036,0.24836666666666665,0.016650258589917182
YOLOv4 no aug,1037,0.24836666666666665,0.016650258589917182
YOLOv4 no aug,1038,0.24836666666666665,0.016650258589917182
YOLOv4 no aug,1039,0.24836666666666665,0.016650258589917182
YOLOv4 no aug,1040,0.24836666666666665,0.016650258589917182
YOLOv4 no aug,1041,0.24836666666666665,0.016650258589917182
YOLOv4 no aug,1042,0.24836666666666665,0.016650258589917182
YOLOv4 no aug,1043,0.24836666666666665,0.016650258589917182
YOLOv4 no aug,1044,0.24836666666666665,0.016650258589917182
YOLOv4 no aug,1045,0.24836666666666665,0.016650258589917182
YOLOv4 no aug,1046,0.24836666666666665,0.016650258589917182
YOLOv4 no aug,1047,0.24836666666666665,0.016650258589917182
YOLOv4 no aug,1048,0.24836666666666665,0.016650258589917182
YOLOv4 no aug,1049,0.24836666666666665,0.016650258589917182
YOLOv4 no aug,1050,0.24836666666666665,0.016650258589917182
YOLOv4 no aug,1051,0.24836666666666665,0.016650258589917182
YOLOv4 no aug,1052,0.24836666666666665,0.016650258589917182
YOLOv4 no aug,1053,0.24836666666666665,0.016650258589917182
YOLOv4 no aug,1054,0.24836666666666665,0.016650258589917182
YOLOv4 no aug,1055,0.24836666666666665,0.016650258589917182
YOLOv4 no aug,1056,0.24836666666666665,0.016650258589917182
YOLOv4 no aug,1057,0.24836666666666665,0.016650258589917182
YOLOv4 no aug,1058,0.24836666666666665,0.016650258589917182
YOLOv4 no aug,1059,0.24836666666666665,0.016650258589917182
YOLOv4 no aug,1060,0.24836666666666665,0.016650258589917182
YOLOv4 no aug,1061,0.24836666666666665,0.016650258589917182
YOLOv4 no aug,1062,0.24836666666666665,0.016650258589917182
YOLOv4 no aug,1063,0.24836666666666665,0.016650258589917182
YOLOv4 no aug,1064,0.24836666666666665,0.016650258589917182
YOLOv4 no aug,1065,0.24836666666666665,0.016650258589917182
YOLOv4 no aug,1066,0.24836666666666665,0.016650258589917182
YOLOv4 no aug,1067,0.24836666666666665,0.016650258589917182
YOLOv4 no aug,1068,0.24836666666666665,0.016650258589917182
YOLOv4 no aug,1069,0.24836666666666665,0.016650258589917182
YOLOv4 no aug,1070,0.24836666666666665,0.016650258589917182
YOLOv4 no aug,1071,0.24836666666666665,0.016650258589917182
YOLOv4 no aug,1072,0.24836666666666665,0.016650258589917182
YOLOv4 no aug,1073,0.24836666666666665,0.016650258589917182
YOLOv4 no aug,1074,0.24836666666666665,0.016650258589917182
YOLOv4 no aug,1075,0.24836666666666665,0.016650258589917182
YOLOv4 no aug,1076,0.24836666666666665,0.016650258589917182
YOLOv4 no aug,1077,0.24836666666666665,0.016650258589917182
YOLOv4 no aug,1078,0.24836666666666665,0.016650258589917182
YOLOv4 no aug,1079,0.24836666666666665,0.016650258589917182
YOLOv4 no aug,1080,0.24836666666666665,0.016650258589917182
YOLOv4 no aug,1081,0.24836666666666665,0.016650258589917182
YOLOv4 no aug,1082,0.24836666666666665,0.016650258589917182
YOLOv4 no aug,1083,0.24836666666666665,0.016650258589917182
YOLOv4 no aug,1084,0.24836666666666665,0.016650258589917182
YOLOv4 no aug,1085,0.24836666666666665,0.016650258589917182
YOLOv4 no aug,1086,0.24836666666666665,0.016650258589917182
YOLOv4 no aug,1087,0.24836666666666665,0.016650258589917182
YOLOv4 no aug,1088,0.24836666666666665,0.016650258589917182
YOLOv4 no aug,1089,0.24836666666666665,0.016650258589917182
YOLOv4 no aug,1090,0.24836666666666665,0.016650258589917182
YOLOv4 no aug,1091,0.24836666666666665,0.016650258589917182
YOLOv4 no aug,1092,0.24836666666666665,0.016650258589917182
YOLOv4 no aug,1093,0.24836666666666665,0.016650258589917182
YOLOv4 no aug,1094,0.24836666666666665,0.016650258589917182
YOLOv4 no aug,1095,0.24836666666666665,0.016650258589917182
YOLOv4 no aug,1096,0.24836666666666665,0.016650258589917182
YOLOv4 no aug,1097,0.24836666666666665,0.016650258589917182
YOLOv4 no aug,1098,0.24836666666666665,0.016650258589917182
YOLOv4 no aug,1099,0.24836666666666665,0.016650258589917182
YOLOv4 no aug,1100,0.27721866666666667,0.009337556172670547
YOLOv4 no aug,1101,0.2772,0.01867145771848929
YOLOv4 no aug,1102,0.2772,0.01867145771848929
YOLOv4 no aug,1103,0.2772,0.01867145771848929
YOLOv4 no aug,1104,0.2772,0.01867145771848929
YOLOv4 no aug,1105,0.2772,0.01867145771848929
YOLOv4 no aug,1106,0.2772,0.01867145771848929
YOLOv4 no aug,1107,0.2772,0.01867145771848929
YOLOv4 no aug,1108,0.2772,0.01867145771848929
YOLOv4 no aug,1109,0.2772,0.01867145771848929
YOLOv4 no aug,1110,0.2772,0.01867145771848929
YOLOv4 no aug,1111,0.2772,0.01867145771848929
YOLOv4 no aug,1112,0.2772,0.01867145771848929
YOLOv4 no aug,1113,0.2772,0.01867145771848929
YOLOv4 no aug,1114,0.2772,0.01867145771848929
YOLOv4 no aug,1115,0.2772,0.01867145771848929
YOLOv4 no aug,1116,0.2772,0.01867145771848929
YOLOv4 no aug,1117,0.2772,0.01867145771848929
YOLOv4 no aug,1118,0.2772,0.01867145771848929
YOLOv4 no aug,1119,0.2772,0.01867145771848929
YOLOv4 no aug,1120,0.2772,0.01867145771848929
YOLOv4 no aug,1121,0.2772,0.01867145771848929
YOLOv4 no aug,1122,0.2772,0.01867145771848929
YOLOv4 no aug,1123,0.2772,0.01867145771848929
YOLOv4 no aug,1124,0.2772,0.01867145771848929
YOLOv4 no aug,1125,0.2772,0.01867145771848929
YOLOv4 no aug,1126,0.2772,0.01867145771848929
YOLOv4 no aug,1127,0.2772,0.01867145771848929
YOLOv4 no aug,1128,0.2772,0.01867145771848929
YOLOv4 no aug,1129,0.2772,0.01867145771848929
YOLOv4 no aug,1130,0.2772,0.01867145771848929
YOLOv4 no aug,1131,0.2772,0.01867145771848929
YOLOv4 no aug,1132,0.2772,0.01867145771848929
YOLOv4 no aug,1133,0.2772,0.01867145771848929
YOLOv4 no aug,1134,0.2772,0.01867145771848929
YOLOv4 no aug,1135,0.2772,0.01867145771848929
YOLOv4 no aug,1136,0.2772,0.01867145771848929
YOLOv4 no aug,1137,0.2772,0.01867145771848929
YOLOv4 no aug,1138,0.2772,0.01867145771848929
YOLOv4 no aug,1139,0.2772,0.01867145771848929
YOLOv4 no aug,1140,0.2772,0.01867145771848929
YOLOv4 no aug,1141,0.2772,0.01867145771848929
YOLOv4 no aug,1142,0.2772,0.01867145771848929
YOLOv4 no aug,1143,0.2772,0.01867145771848929
YOLOv4 no aug,1144,0.2772,0.01867145771848929
YOLOv4 no aug,1145,0.2772,0.01867145771848929
YOLOv4 no aug,1146,0.2772,0.01867145771848929
YOLOv4 no aug,1147,0.2772,0.01867145771848929
YOLOv4 no aug,1148,0.2772,0.01867145771848929
YOLOv4 no aug,1149,0.2772,0.01867145771848929
YOLOv4 no aug,1150,0.2772,0.01867145771848929
YOLOv4 no aug,1151,0.2772,0.01867145771848929
YOLOv4 no aug,1152,0.2772,0.01867145771848929
YOLOv4 no aug,1153,0.2772,0.01867145771848929
YOLOv4 no aug,1154,0.2772,0.01867145771848929
YOLOv4 no aug,1155,0.2772,0.01867145771848929
YOLOv4 no aug,1156,0.2772,0.01867145771848929
YOLOv4 no aug,1157,0.2772,0.01867145771848929
YOLOv4 no aug,1158,0.2772,0.01867145771848929
YOLOv4 no aug,1159,0.2772,0.01867145771848929
YOLOv4 no aug,1160,0.2772,0.01867145771848929
YOLOv4 no aug,1161,0.2772,0.01867145771848929
YOLOv4 no aug,1162,0.2772,0.01867145771848929
YOLOv4 no aug,1163,0.2772,0.01867145771848929
YOLOv4 no aug,1164,0.2772,0.01867145771848929
YOLOv4 no aug,1165,0.2772,0.01867145771848929
YOLOv4 no aug,1166,0.2772,0.01867145771848929
YOLOv4 no aug,1167,0.2772,0.01867145771848929
YOLOv4 no aug,1168,0.2772,0.01867145771848929
YOLOv4 no aug,1169,0.2772,0.01867145771848929
YOLOv4 no aug,1170,0.2772,0.01867145771848929
YOLOv4 no aug,1171,0.2772,0.01867145771848929
YOLOv4 no aug,1172,0.2772,0.01867145771848929
YOLOv4 no aug,1173,0.2772,0.01867145771848929
YOLOv4 no aug,1174,0.2772,0.01867145771848929
YOLOv4 no aug,1175,0.2772,0.01867145771848929
YOLOv4 no aug,1176,0.2772,0.01867145771848929
YOLOv4 no aug,1177,0.2772,0.01867145771848929
YOLOv4 no aug,1178,0.2772,0.01867145771848929
YOLOv4 no aug,1179,0.2772,0.01867145771848929
YOLOv4 no aug,1180,0.2772,0.01867145771848929
YOLOv4 no aug,1181,0.2772,0.01867145771848929
YOLOv4 no aug,1182,0.2772,0.01867145771848929
YOLOv4 no aug,1183,0.2772,0.01867145771848929
YOLOv4 no aug,1184,0.2772,0.01867145771848929
YOLOv4 no aug,1185,0.2772,0.01867145771848929
YOLOv4 no aug,1186,0.2772,0.01867145771848929
YOLOv4 no aug,1187,0.2772,0.01867145771848929
YOLOv4 no aug,1188,0.2772,0.01867145771848929
YOLOv4 no aug,1189,0.2772,0.01867145771848929
YOLOv4 no aug,1190,0.2772,0.01867145771848929
YOLOv4 no aug,1191,0.2772,0.01867145771848929
YOLOv4 no aug,1192,0.2772,0.01867145771848929
YOLOv4 no aug,1193,0.2772,0.01867145771848929
YOLOv4 no aug,1194,0.2772,0.01867145771848929
YOLOv4 no aug,1195,0.2772,0.01867145771848929
YOLOv4 no aug,1196,0.2772,0.01867145771848929
YOLOv4 no aug,1197,0.2772,0.01867145771848929
YOLOv4 no aug,1198,0.2772,0.01867145771848929
YOLOv4 no aug,1199,0.2772,0.01867145771848929
YOLOv4 no aug,1200,0.3390081111111111,0.005728833867775177
YOLOv4 no aug,1201,0.33899999999999997,0.011455275349520564
YOLOv4 no aug,1202,0.33899999999999997,0.011455275349520564
YOLOv4 no aug,1203,0.33899999999999997,0.011455275349520564
YOLOv4 no aug,1204,0.33899999999999997,0.011455275349520564
YOLOv4 no aug,1205,0.33899999999999997,0.011455275349520564
YOLOv4 no aug,1206,0.33899999999999997,0.011455275349520564
YOLOv4 no aug,1207,0.33899999999999997,0.011455275349520564
YOLOv4 no aug,1208,0.33899999999999997,0.011455275349520564
YOLOv4 no aug,1209,0.33899999999999997,0.011455275349520564
YOLOv4 no aug,1210,0.33899999999999997,0.011455275349520564
YOLOv4 no aug,1211,0.33899999999999997,0.011455275349520564
YOLOv4 no aug,1212,0.33899999999999997,0.011455275349520564
YOLOv4 no aug,1213,0.33899999999999997,0.011455275349520564
YOLOv4 no aug,1214,0.33899999999999997,0.011455275349520564
YOLOv4 no aug,1215,0.33899999999999997,0.011455275349520564
YOLOv4 no aug,1216,0.33899999999999997,0.011455275349520564
YOLOv4 no aug,1217,0.33899999999999997,0.011455275349520564
YOLOv4 no aug,1218,0.33899999999999997,0.011455275349520564
YOLOv4 no aug,1219,0.33899999999999997,0.011455275349520564
YOLOv4 no aug,1220,0.33899999999999997,0.011455275349520564
YOLOv4 no aug,1221,0.33899999999999997,0.011455275349520564
YOLOv4 no aug,1222,0.33899999999999997,0.011455275349520564
YOLOv4 no aug,1223,0.33899999999999997,0.011455275349520564
YOLOv4 no aug,1224,0.33899999999999997,0.011455275349520564
YOLOv4 no aug,1225,0.33899999999999997,0.011455275349520564
YOLOv4 no aug,1226,0.33899999999999997,0.011455275349520564
YOLOv4 no aug,1227,0.33899999999999997,0.011455275349520564
YOLOv4 no aug,1228,0.33899999999999997,0.011455275349520564
YOLOv4 no aug,1229,0.33899999999999997,0.011455275349520564
YOLOv4 no aug,1230,0.33899999999999997,0.011455275349520564
YOLOv4 no aug,1231,0.33899999999999997,0.011455275349520564
YOLOv4 no aug,1232,0.33899999999999997,0.011455275349520564
YOLOv4 no aug,1233,0.33899999999999997,0.011455275349520564
YOLOv4 no aug,1234,0.33899999999999997,0.011455275349520564
YOLOv4 no aug,1235,0.33899999999999997,0.011455275349520564
YOLOv4 no aug,1236,0.33899999999999997,0.011455275349520564
YOLOv4 no aug,1237,0.33899999999999997,0.011455275349520564
YOLOv4 no aug,1238,0.33899999999999997,0.011455275349520564
YOLOv4 no aug,1239,0.33899999999999997,0.011455275349520564
YOLOv4 no aug,1240,0.33899999999999997,0.011455275349520564
YOLOv4 no aug,1241,0.33899999999999997,0.011455275349520564
YOLOv4 no aug,1242,0.33899999999999997,0.011455275349520564
YOLOv4 no aug,1243,0.33899999999999997,0.011455275349520564
YOLOv4 no aug,1244,0.33899999999999997,0.011455275349520564
YOLOv4 no aug,1245,0.33899999999999997,0.011455275349520564
YOLOv4 no aug,1246,0.33899999999999997,0.011455275349520564
YOLOv4 no aug,1247,0.33899999999999997,0.011455275349520564
YOLOv4 no aug,1248,0.33899999999999997,0.011455275349520564
YOLOv4 no aug,1249,0.33899999999999997,0.011455275349520564
YOLOv4 no aug,1250,0.33899999999999997,0.011455275349520564
YOLOv4 no aug,1251,0.33899999999999997,0.011455275349520564
YOLOv4 no aug,1252,0.33899999999999997,0.011455275349520564
YOLOv4 no aug,1253,0.33899999999999997,0.011455275349520564
YOLOv4 no aug,1254,0.33899999999999997,0.011455275349520564
YOLOv4 no aug,1255,0.33899999999999997,0.011455275349520564
YOLOv4 no aug,1256,0.33899999999999997,0.011455275349520564
YOLOv4 no aug,1257,0.33899999999999997,0.011455275349520564
YOLOv4 no aug,1258,0.33899999999999997,0.011455275349520564
YOLOv4 no aug,1259,0.33899999999999997,0.011455275349520564
YOLOv4 no aug,1260,0.33899999999999997,0.011455275349520564
YOLOv4 no aug,1261,0.33899999999999997,0.011455275349520564
YOLOv4 no aug,1262,0.33899999999999997,0.011455275349520564
YOLOv4 no aug,1263,0.33899999999999997,0.011455275349520564
YOLOv4 no aug,1264,0.33899999999999997,0.011455275349520564
YOLOv4 no aug,1265,0.33899999999999997,0.011455275349520564
YOLOv4 no aug,1266,0.33899999999999997,0.011455275349520564
YOLOv4 no aug,1267,0.33899999999999997,0.011455275349520564
YOLOv4 no aug,1268,0.33899999999999997,0.011455275349520564
YOLOv4 no aug,1269,0.33899999999999997,0.011455275349520564
YOLOv4 no aug,1270,0.33899999999999997,0.011455275349520564
YOLOv4 no aug,1271,0.33899999999999997,0.011455275349520564
YOLOv4 no aug,1272,0.33899999999999997,0.011455275349520564
YOLOv4 no aug,1273,0.33899999999999997,0.011455275349520564
YOLOv4 no aug,1274,0.33899999999999997,0.011455275349520564
YOLOv4 no aug,1275,0.33899999999999997,0.011455275349520564
YOLOv4 no aug,1276,0.33899999999999997,0.011455275349520564
YOLOv4 no aug,1277,0.33899999999999997,0.011455275349520564
YOLOv4 no aug,1278,0.33899999999999997,0.011455275349520564
YOLOv4 no aug,1279,0.33899999999999997,0.011455275349520564
YOLOv4 no aug,1280,0.33899999999999997,0.011455275349520564
YOLOv4 no aug,1281,0.33899999999999997,0.011455275349520564
YOLOv4 no aug,1282,0.33899999999999997,0.011455275349520564
YOLOv4 no aug,1283,0.33899999999999997,0.011455275349520564
YOLOv4 no aug,1284,0.33899999999999997,0.011455275349520564
YOLOv4 no aug,1285,0.33899999999999997,0.011455275349520564
YOLOv4 no aug,1286,0.33899999999999997,0.011455275349520564
YOLOv4 no aug,1287,0.33899999999999997,0.011455275349520564
YOLOv4 no aug,1288,0.33899999999999997,0.011455275349520564
YOLOv4 no aug,1289,0.33899999999999997,0.011455275349520564
YOLOv4 no aug,1290,0.33899999999999997,0.011455275349520564
YOLOv4 no aug,1291,0.33899999999999997,0.011455275349520564
YOLOv4 no aug,1292,0.33899999999999997,0.011455275349520564
YOLOv4 no aug,1293,0.33899999999999997,0.011455275349520564
YOLOv4 no aug,1294,0.33899999999999997,0.011455275349520564
YOLOv4 no aug,1295,0.33899999999999997,0.011455275349520564
YOLOv4 no aug,1296,0.33899999999999997,0.011455275349520564
YOLOv4 no aug,1297,0.33899999999999997,0.011455275349520564
YOLOv4 no aug,1298,0.33899999999999997,0.011455275349520564
YOLOv4 no aug,1299,0.33899999999999997,0.011455275349520564
YOLOv4 no aug,1300,0.32935333333333333,0.006470118052331896
YOLOv4 no aug,1301,0.32936666666666664,0.012941062982271248
YOLOv4 no aug,1302,0.32936666666666664,0.012941062982271248
YOLOv4 no aug,1303,0.32936666666666664,0.012941062982271248
YOLOv4 no aug,1304,0.32936666666666664,0.012941062982271248
YOLOv4 no aug,1305,0.32936666666666664,0.012941062982271248
YOLOv4 no aug,1306,0.32936666666666664,0.012941062982271248
YOLOv4 no aug,1307,0.32936666666666664,0.012941062982271248
YOLOv4 no aug,1308,0.32936666666666664,0.012941062982271248
YOLOv4 no aug,1309,0.32936666666666664,0.012941062982271248
YOLOv4 no aug,1310,0.32936666666666664,0.012941062982271248
YOLOv4 no aug,1311,0.32936666666666664,0.012941062982271248
YOLOv4 no aug,1312,0.32936666666666664,0.012941062982271248
YOLOv4 no aug,1313,0.32936666666666664,0.012941062982271248
YOLOv4 no aug,1314,0.32936666666666664,0.012941062982271248
YOLOv4 no aug,1315,0.32936666666666664,0.012941062982271248
YOLOv4 no aug,1316,0.32936666666666664,0.012941062982271248
YOLOv4 no aug,1317,0.32936666666666664,0.012941062982271248
YOLOv4 no aug,1318,0.32936666666666664,0.012941062982271248
YOLOv4 no aug,1319,0.32936666666666664,0.012941062982271248
YOLOv4 no aug,1320,0.32936666666666664,0.012941062982271248
YOLOv4 no aug,1321,0.32936666666666664,0.012941062982271248
YOLOv4 no aug,1322,0.32936666666666664,0.012941062982271248
YOLOv4 no aug,1323,0.32936666666666664,0.012941062982271248
YOLOv4 no aug,1324,0.32936666666666664,0.012941062982271248
YOLOv4 no aug,1325,0.32936666666666664,0.012941062982271248
YOLOv4 no aug,1326,0.32936666666666664,0.012941062982271248
YOLOv4 no aug,1327,0.32936666666666664,0.012941062982271248
YOLOv4 no aug,1328,0.32936666666666664,0.012941062982271248
YOLOv4 no aug,1329,0.32936666666666664,0.012941062982271248
YOLOv4 no aug,1330,0.32936666666666664,0.012941062982271248
YOLOv4 no aug,1331,0.32936666666666664,0.012941062982271248
YOLOv4 no aug,1332,0.32936666666666664,0.012941062982271248
YOLOv4 no aug,1333,0.32936666666666664,0.012941062982271248
YOLOv4 no aug,1334,0.32936666666666664,0.012941062982271248
YOLOv4 no aug,1335,0.32936666666666664,0.012941062982271248
YOLOv4 no aug,1336,0.32936666666666664,0.012941062982271248
YOLOv4 no aug,1337,0.32936666666666664,0.012941062982271248
YOLOv4 no aug,1338,0.32936666666666664,0.012941062982271248
YOLOv4 no aug,1339,0.32936666666666664,0.012941062982271248
YOLOv4 no aug,1340,0.32936666666666664,0.012941062982271248
YOLOv4 no aug,1341,0.32936666666666664,0.012941062982271248
YOLOv4 no aug,1342,0.32936666666666664,0.012941062982271248
YOLOv4 no aug,1343,0.32936666666666664,0.012941062982271248
YOLOv4 no aug,1344,0.32936666666666664,0.012941062982271248
YOLOv4 no aug,1345,0.32936666666666664,0.012941062982271248
YOLOv4 no aug,1346,0.32936666666666664,0.012941062982271248
YOLOv4 no aug,1347,0.32936666666666664,0.012941062982271248
YOLOv4 no aug,1348,0.32936666666666664,0.012941062982271248
YOLOv4 no aug,1349,0.32936666666666664,0.012941062982271248
YOLOv4 no aug,1350,0.32936666666666664,0.012941062982271248
YOLOv4 no aug,1351,0.32936666666666664,0.012941062982271248
YOLOv4 no aug,1352,0.32936666666666664,0.012941062982271248
YOLOv4 no aug,1353,0.32936666666666664,0.012941062982271248
YOLOv4 no aug,1354,0.32936666666666664,0.012941062982271248
YOLOv4 no aug,1355,0.32936666666666664,0.012941062982271248
YOLOv4 no aug,1356,0.32936666666666664,0.012941062982271248
YOLOv4 no aug,1357,0.32936666666666664,0.012941062982271248
YOLOv4 no aug,1358,0.32936666666666664,0.012941062982271248
YOLOv4 no aug,1359,0.32936666666666664,0.012941062982271248
YOLOv4 no aug,1360,0.32936666666666664,0.012941062982271248
YOLOv4 no aug,1361,0.32936666666666664,0.012941062982271248
YOLOv4 no aug,1362,0.32936666666666664,0.012941062982271248
YOLOv4 no aug,1363,0.32936666666666664,0.012941062982271248
YOLOv4 no aug,1364,0.32936666666666664,0.012941062982271248
YOLOv4 no aug,1365,0.32936666666666664,0.012941062982271248
YOLOv4 no aug,1366,0.32936666666666664,0.012941062982271248
YOLOv4 no aug,1367,0.32936666666666664,0.012941062982271248
YOLOv4 no aug,1368,0.32936666666666664,0.012941062982271248
YOLOv4 no aug,1369,0.32936666666666664,0.012941062982271248
YOLOv4 no aug,1370,0.32936666666666664,0.012941062982271248
YOLOv4 no aug,1371,0.32936666666666664,0.012941062982271248
YOLOv4 no aug,1372,0.32936666666666664,0.012941062982271248
YOLOv4 no aug,1373,0.32936666666666664,0.012941062982271248
YOLOv4 no aug,1374,0.32936666666666664,0.012941062982271248
YOLOv4 no aug,1375,0.32936666666666664,0.012941062982271248
YOLOv4 no aug,1376,0.32936666666666664,0.012941062982271248
YOLOv4 no aug,1377,0.32936666666666664,0.012941062982271248
YOLOv4 no aug,1378,0.32936666666666664,0.012941062982271248
YOLOv4 no aug,1379,0.32936666666666664,0.012941062982271248
YOLOv4 no aug,1380,0.32936666666666664,0.012941062982271248
YOLOv4 no aug,1381,0.32936666666666664,0.012941062982271248
YOLOv4 no aug,1382,0.32936666666666664,0.012941062982271248
YOLOv4 no aug,1383,0.32936666666666664,0.012941062982271248
YOLOv4 no aug,1384,0.32936666666666664,0.012941062982271248
YOLOv4 no aug,1385,0.32936666666666664,0.012941062982271248
YOLOv4 no aug,1386,0.32936666666666664,0.012941062982271248
YOLOv4 no aug,1387,0.32936666666666664,0.012941062982271248
YOLOv4 no aug,1388,0.32936666666666664,0.012941062982271248
YOLOv4 no aug,1389,0.32936666666666664,0.012941062982271248
YOLOv4 no aug,1390,0.32936666666666664,0.012941062982271248
YOLOv4 no aug,1391,0.32936666666666664,0.012941062982271248
YOLOv4 no aug,1392,0.32936666666666664,0.012941062982271248
YOLOv4 no aug,1393,0.32936666666666664,0.012941062982271248
YOLOv4 no aug,1394,0.32936666666666664,0.012941062982271248
YOLOv4 no aug,1395,0.32936666666666664,0.012941062982271248
YOLOv4 no aug,1396,0.32936666666666664,0.012941062982271248
YOLOv4 no aug,1397,0.32936666666666664,0.012941062982271248
YOLOv4 no aug,1398,0.32936666666666664,0.012941062982271248
YOLOv4 no aug,1399,0.32936666666666664,0.012941062982271248
YOLOv4 no aug,1400,0.3666376666666667,0.007397614844589361
YOLOv4 no aug,1401,0.3666333333333333,0.014780317242122306
YOLOv4 no aug,1402,0.3666333333333333,0.014780317242122306
YOLOv4 no aug,1403,0.3666333333333333,0.014780317242122306
YOLOv4 no aug,1404,0.3666333333333333,0.014780317242122306
YOLOv4 no aug,1405,0.3666333333333333,0.014780317242122306
YOLOv4 no aug,1406,0.3666333333333333,0.014780317242122306
YOLOv4 no aug,1407,0.3666333333333333,0.014780317242122306
YOLOv4 no aug,1408,0.3666333333333333,0.014780317242122306
YOLOv4 no aug,1409,0.3666333333333333,0.014780317242122306
YOLOv4 no aug,1410,0.3666333333333333,0.014780317242122306
YOLOv4 no aug,1411,0.3666333333333333,0.014780317242122306
YOLOv4 no aug,1412,0.3666333333333333,0.014780317242122306
YOLOv4 no aug,1413,0.3666333333333333,0.014780317242122306
YOLOv4 no aug,1414,0.3666333333333333,0.014780317242122306
YOLOv4 no aug,1415,0.3666333333333333,0.014780317242122306
YOLOv4 no aug,1416,0.3666333333333333,0.014780317242122306
YOLOv4 no aug,1417,0.3666333333333333,0.014780317242122306
YOLOv4 no aug,1418,0.3666333333333333,0.014780317242122306
YOLOv4 no aug,1419,0.3666333333333333,0.014780317242122306
YOLOv4 no aug,1420,0.3666333333333333,0.014780317242122306
YOLOv4 no aug,1421,0.3666333333333333,0.014780317242122306
YOLOv4 no aug,1422,0.3666333333333333,0.014780317242122306
YOLOv4 no aug,1423,0.3666333333333333,0.014780317242122306
YOLOv4 no aug,1424,0.3666333333333333,0.014780317242122306
YOLOv4 no aug,1425,0.3666333333333333,0.014780317242122306
YOLOv4 no aug,1426,0.3666333333333333,0.014780317242122306
YOLOv4 no aug,1427,0.3666333333333333,0.014780317242122306
YOLOv4 no aug,1428,0.3666333333333333,0.014780317242122306
YOLOv4 no aug,1429,0.3666333333333333,0.014780317242122306
YOLOv4 no aug,1430,0.3666333333333333,0.014780317242122306
YOLOv4 no aug,1431,0.3666333333333333,0.014780317242122306
YOLOv4 no aug,1432,0.3666333333333333,0.014780317242122306
YOLOv4 no aug,1433,0.3666333333333333,0.014780317242122306
YOLOv4 no aug,1434,0.3666333333333333,0.014780317242122306
YOLOv4 no aug,1435,0.3666333333333333,0.014780317242122306
YOLOv4 no aug,1436,0.3666333333333333,0.014780317242122306
YOLOv4 no aug,1437,0.3666333333333333,0.014780317242122306
YOLOv4 no aug,1438,0.3666333333333333,0.014780317242122306
YOLOv4 no aug,1439,0.3666333333333333,0.014780317242122306
YOLOv4 no aug,1440,0.3666333333333333,0.014780317242122306
YOLOv4 no aug,1441,0.3666333333333333,0.014780317242122306
YOLOv4 no aug,1442,0.3666333333333333,0.014780317242122306
YOLOv4 no aug,1443,0.3666333333333333,0.014780317242122306
YOLOv4 no aug,1444,0.3666333333333333,0.014780317242122306
YOLOv4 no aug,1445,0.3666333333333333,0.014780317242122306
YOLOv4 no aug,1446,0.3666333333333333,0.014780317242122306
YOLOv4 no aug,1447,0.3666333333333333,0.014780317242122306
YOLOv4 no aug,1448,0.3666333333333333,0.014780317242122306
YOLOv4 no aug,1449,0.3666333333333333,0.014780317242122306
YOLOv4 no aug,1450,0.3666333333333333,0.014780317242122306
YOLOv4 no aug,1451,0.3666333333333333,0.014780317242122306
YOLOv4 no aug,1452,0.3666333333333333,0.014780317242122306
YOLOv4 no aug,1453,0.3666333333333333,0.014780317242122306
YOLOv4 no aug,1454,0.3666333333333333,0.014780317242122306
YOLOv4 no aug,1455,0.3666333333333333,0.014780317242122306
YOLOv4 no aug,1456,0.3666333333333333,0.014780317242122306
YOLOv4 no aug,1457,0.3666333333333333,0.014780317242122306
YOLOv4 no aug,1458,0.3666333333333333,0.014780317242122306
YOLOv4 no aug,1459,0.3666333333333333,0.014780317242122306
YOLOv4 no aug,1460,0.3666333333333333,0.014780317242122306
YOLOv4 no aug,1461,0.3666333333333333,0.014780317242122306
YOLOv4 no aug,1462,0.3666333333333333,0.014780317242122306
YOLOv4 no aug,1463,0.3666333333333333,0.014780317242122306
YOLOv4 no aug,1464,0.3666333333333333,0.014780317242122306
YOLOv4 no aug,1465,0.3666333333333333,0.014780317242122306
YOLOv4 no aug,1466,0.3666333333333333,0.014780317242122306
YOLOv4 no aug,1467,0.3666333333333333,0.014780317242122306
YOLOv4 no aug,1468,0.3666333333333333,0.014780317242122306
YOLOv4 no aug,1469,0.3666333333333333,0.014780317242122306
YOLOv4 no aug,1470,0.3666333333333333,0.014780317242122306
YOLOv4 no aug,1471,0.3666333333333333,0.014780317242122306
YOLOv4 no aug,1472,0.3666333333333333,0.014780317242122306
YOLOv4 no aug,1473,0.3666333333333333,0.014780317242122306
YOLOv4 no aug,1474,0.3666333333333333,0.014780317242122306
YOLOv4 no aug,1475,0.3666333333333333,0.014780317242122306
YOLOv4 no aug,1476,0.3666333333333333,0.014780317242122306
YOLOv4 no aug,1477,0.3666333333333333,0.014780317242122306
YOLOv4 no aug,1478,0.3666333333333333,0.014780317242122306
YOLOv4 no aug,1479,0.3666333333333333,0.014780317242122306
YOLOv4 no aug,1480,0.3666333333333333,0.014780317242122306
YOLOv4 no aug,1481,0.3666333333333333,0.014780317242122306
YOLOv4 no aug,1482,0.3666333333333333,0.014780317242122306
YOLOv4 no aug,1483,0.3666333333333333,0.014780317242122306
YOLOv4 no aug,1484,0.3666333333333333,0.014780317242122306
YOLOv4 no aug,1485,0.3666333333333333,0.014780317242122306
YOLOv4 no aug,1486,0.3666333333333333,0.014780317242122306
YOLOv4 no aug,1487,0.3666333333333333,0.014780317242122306
YOLOv4 no aug,1488,0.3666333333333333,0.014780317242122306
YOLOv4 no aug,1489,0.3666333333333333,0.014780317242122306
YOLOv4 no aug,1490,0.3666333333333333,0.014780317242122306
YOLOv4 no aug,1491,0.3666333333333333,0.014780317242122306
YOLOv4 no aug,1492,0.3666333333333333,0.014780317242122306
YOLOv4 no aug,1493,0.3666333333333333,0.014780317242122306
YOLOv4 no aug,1494,0.3666333333333333,0.014780317242122306
YOLOv4 no aug,1495,0.3666333333333333,0.014780317242122306
YOLOv4 no aug,1496,0.3666333333333333,0.014780317242122306
YOLOv4 no aug,1497,0.3666333333333333,0.014780317242122306
YOLOv4 no aug,1498,0.3666333333333333,0.014780317242122306
YOLOv4 no aug,1499,0.3666333333333333,0.014780317242122306
YOLOv4 no aug,1500,0.37603333333333333,0.006977366627572004
YOLOv4 no aug,1501,0.3760333333333333,0.013950547579854259
YOLOv4 no aug,1502,0.3760333333333333,0.013950547579854259
YOLOv4 no aug,1503,0.3760333333333333,0.013950547579854259
YOLOv4 no aug,1504,0.3760333333333333,0.013950547579854259
YOLOv4 no aug,1505,0.3760333333333333,0.013950547579854259
YOLOv4 no aug,1506,0.3760333333333333,0.013950547579854259
YOLOv4 no aug,1507,0.3760333333333333,0.013950547579854259
YOLOv4 no aug,1508,0.3760333333333333,0.013950547579854259
YOLOv4 no aug,1509,0.3760333333333333,0.013950547579854259
YOLOv4 no aug,1510,0.3760333333333333,0.013950547579854259
YOLOv4 no aug,1511,0.3760333333333333,0.013950547579854259
YOLOv4 no aug,1512,0.3760333333333333,0.013950547579854259
YOLOv4 no aug,1513,0.3760333333333333,0.013950547579854259
YOLOv4 no aug,1514,0.3760333333333333,0.013950547579854259
YOLOv4 no aug,1515,0.3760333333333333,0.013950547579854259
YOLOv4 no aug,1516,0.3760333333333333,0.013950547579854259
YOLOv4 no aug,1517,0.3760333333333333,0.013950547579854259
YOLOv4 no aug,1518,0.3760333333333333,0.013950547579854259
YOLOv4 no aug,1519,0.3760333333333333,0.013950547579854259
YOLOv4 no aug,1520,0.3760333333333333,0.013950547579854259
YOLOv4 no aug,1521,0.3760333333333333,0.013950547579854259
YOLOv4 no aug,1522,0.3760333333333333,0.013950547579854259
YOLOv4 no aug,1523,0.3760333333333333,0.013950547579854259
YOLOv4 no aug,1524,0.3760333333333333,0.013950547579854259
YOLOv4 no aug,1525,0.3760333333333333,0.013950547579854259
YOLOv4 no aug,1526,0.3760333333333333,0.013950547579854259
YOLOv4 no aug,1527,0.3760333333333333,0.013950547579854259
YOLOv4 no aug,1528,0.3760333333333333,0.013950547579854259
YOLOv4 no aug,1529,0.3760333333333333,0.013950547579854259
YOLOv4 no aug,1530,0.3760333333333333,0.013950547579854259
YOLOv4 no aug,1531,0.3760333333333333,0.013950547579854259
YOLOv4 no aug,1532,0.3760333333333333,0.013950547579854259
YOLOv4 no aug,1533,0.3760333333333333,0.013950547579854259
YOLOv4 no aug,1534,0.3760333333333333,0.013950547579854259
YOLOv4 no aug,1535,0.3760333333333333,0.013950547579854259
YOLOv4 no aug,1536,0.3760333333333333,0.013950547579854259
YOLOv4 no aug,1537,0.3760333333333333,0.013950547579854259
YOLOv4 no aug,1538,0.3760333333333333,0.013950547579854259
YOLOv4 no aug,1539,0.3760333333333333,0.013950547579854259
YOLOv4 no aug,1540,0.3760333333333333,0.013950547579854259
YOLOv4 no aug,1541,0.3760333333333333,0.013950547579854259
YOLOv4 no aug,1542,0.3760333333333333,0.013950547579854259
YOLOv4 no aug,1543,0.3760333333333333,0.013950547579854259
YOLOv4 no aug,1544,0.3760333333333333,0.013950547579854259
YOLOv4 no aug,1545,0.3760333333333333,0.013950547579854259
YOLOv4 no aug,1546,0.3760333333333333,0.013950547579854259
YOLOv4 no aug,1547,0.3760333333333333,0.013950547579854259
YOLOv4 no aug,1548,0.3760333333333333,0.013950547579854259
YOLOv4 no aug,1549,0.3760333333333333,0.013950547579854259
YOLOv4 no aug,1550,0.3760333333333333,0.013950547579854259
YOLOv4 no aug,1551,0.3760333333333333,0.013950547579854259
YOLOv4 no aug,1552,0.3760333333333333,0.013950547579854259
YOLOv4 no aug,1553,0.3760333333333333,0.013950547579854259
YOLOv4 no aug,1554,0.3760333333333333,0.013950547579854259
YOLOv4 no aug,1555,0.3760333333333333,0.013950547579854259
YOLOv4 no aug,1556,0.3760333333333333,0.013950547579854259
YOLOv4 no aug,1557,0.3760333333333333,0.013950547579854259
YOLOv4 no aug,1558,0.3760333333333333,0.013950547579854259
YOLOv4 no aug,1559,0.3760333333333333,0.013950547579854259
YOLOv4 no aug,1560,0.3760333333333333,0.013950547579854259
YOLOv4 no aug,1561,0.3760333333333333,0.013950547579854259
YOLOv4 no aug,1562,0.3760333333333333,0.013950547579854259
YOLOv4 no aug,1563,0.3760333333333333,0.013950547579854259
YOLOv4 no aug,1564,0.3760333333333333,0.013950547579854259
YOLOv4 no aug,1565,0.3760333333333333,0.013950547579854259
YOLOv4 no aug,1566,0.3760333333333333,0.013950547579854259
YOLOv4 no aug,1567,0.3760333333333333,0.013950547579854259
YOLOv4 no aug,1568,0.3760333333333333,0.013950547579854259
YOLOv4 no aug,1569,0.3760333333333333,0.013950547579854259
YOLOv4 no aug,1570,0.3760333333333333,0.013950547579854259
YOLOv4 no aug,1571,0.3760333333333333,0.013950547579854259
YOLOv4 no aug,1572,0.3760333333333333,0.013950547579854259
YOLOv4 no aug,1573,0.3760333333333333,0.013950547579854259
YOLOv4 no aug,1574,0.3760333333333333,0.013950547579854259
YOLOv4 no aug,1575,0.3760333333333333,0.013950547579854259
YOLOv4 no aug,1576,0.3760333333333333,0.013950547579854259
YOLOv4 no aug,1577,0.3760333333333333,0.013950547579854259
YOLOv4 no aug,1578,0.3760333333333333,0.013950547579854259
YOLOv4 no aug,1579,0.3760333333333333,0.013950547579854259
YOLOv4 no aug,1580,0.3760333333333333,0.013950547579854259
YOLOv4 no aug,1581,0.3760333333333333,0.013950547579854259
YOLOv4 no aug,1582,0.3760333333333333,0.013950547579854259
YOLOv4 no aug,1583,0.3760333333333333,0.013950547579854259
YOLOv4 no aug,1584,0.3760333333333333,0.013950547579854259
YOLOv4 no aug,1585,0.3760333333333333,0.013950547579854259
YOLOv4 no aug,1586,0.3760333333333333,0.013950547579854259
YOLOv4 no aug,1587,0.3760333333333333,0.013950547579854259
YOLOv4 no aug,1588,0.3760333333333333,0.013950547579854259
YOLOv4 no aug,1589,0.3760333333333333,0.013950547579854259
YOLOv4 no aug,1590,0.3760333333333333,0.013950547579854259
YOLOv4 no aug,1591,0.3760333333333333,0.013950547579854259
YOLOv4 no aug,1592,0.3760333333333333,0.013950547579854259
YOLOv4 no aug,1593,0.3760333333333333,0.013950547579854259
YOLOv4 no aug,1594,0.3760333333333333,0.013950547579854259
YOLOv4 no aug,1595,0.3760333333333333,0.013950547579854259
YOLOv4 no aug,1596,0.3760333333333333,0.013950547579854259
YOLOv4 no aug,1597,0.3760333333333333,0.013950547579854259
YOLOv4 no aug,1598,0.3760333333333333,0.013950547579854259
YOLOv4 no aug,1599,0.3760333333333333,0.013950547579854259
YOLOv4 no aug,1600,0.39162399999999997,0.0035201097284033676
YOLOv4 no aug,1601,0.39163333333333333,0.007052501526251376
YOLOv4 no aug,1602,0.39163333333333333,0.007052501526251376
YOLOv4 no aug,1603,0.39163333333333333,0.007052501526251376
YOLOv4 no aug,1604,0.39163333333333333,0.007052501526251376
YOLOv4 no aug,1605,0.39163333333333333,0.007052501526251376
YOLOv4 no aug,1606,0.39163333333333333,0.007052501526251376
YOLOv4 no aug,1607,0.39163333333333333,0.007052501526251376
YOLOv4 no aug,1608,0.39163333333333333,0.007052501526251376
YOLOv4 no aug,1609,0.39163333333333333,0.007052501526251376
YOLOv4 no aug,1610,0.39163333333333333,0.007052501526251376
YOLOv4 no aug,1611,0.39163333333333333,0.007052501526251376
YOLOv4 no aug,1612,0.39163333333333333,0.007052501526251376
YOLOv4 no aug,1613,0.39163333333333333,0.007052501526251376
YOLOv4 no aug,1614,0.39163333333333333,0.007052501526251376
YOLOv4 no aug,1615,0.39163333333333333,0.007052501526251376
YOLOv4 no aug,1616,0.39163333333333333,0.007052501526251376
YOLOv4 no aug,1617,0.39163333333333333,0.007052501526251376
YOLOv4 no aug,1618,0.39163333333333333,0.007052501526251376
YOLOv4 no aug,1619,0.39163333333333333,0.007052501526251376
YOLOv4 no aug,1620,0.39163333333333333,0.007052501526251376
YOLOv4 no aug,1621,0.39163333333333333,0.007052501526251376
YOLOv4 no aug,1622,0.39163333333333333,0.007052501526251376
YOLOv4 no aug,1623,0.39163333333333333,0.007052501526251376
YOLOv4 no aug,1624,0.39163333333333333,0.007052501526251376
YOLOv4 no aug,1625,0.39163333333333333,0.007052501526251376
YOLOv4 no aug,1626,0.39163333333333333,0.007052501526251376
YOLOv4 no aug,1627,0.39163333333333333,0.007052501526251376
YOLOv4 no aug,1628,0.39163333333333333,0.007052501526251376
YOLOv4 no aug,1629,0.39163333333333333,0.007052501526251376
YOLOv4 no aug,1630,0.39163333333333333,0.007052501526251376
YOLOv4 no aug,1631,0.39163333333333333,0.007052501526251376
YOLOv4 no aug,1632,0.39163333333333333,0.007052501526251376
YOLOv4 no aug,1633,0.39163333333333333,0.007052501526251376
YOLOv4 no aug,1634,0.39163333333333333,0.007052501526251376
YOLOv4 no aug,1635,0.39163333333333333,0.007052501526251376
YOLOv4 no aug,1636,0.39163333333333333,0.007052501526251376
YOLOv4 no aug,1637,0.39163333333333333,0.007052501526251376
YOLOv4 no aug,1638,0.39163333333333333,0.007052501526251376
YOLOv4 no aug,1639,0.39163333333333333,0.007052501526251376
YOLOv4 no aug,1640,0.39163333333333333,0.007052501526251376
YOLOv4 no aug,1641,0.39163333333333333,0.007052501526251376
YOLOv4 no aug,1642,0.39163333333333333,0.007052501526251376
YOLOv4 no aug,1643,0.39163333333333333,0.007052501526251376
YOLOv4 no aug,1644,0.39163333333333333,0.007052501526251376
YOLOv4 no aug,1645,0.39163333333333333,0.007052501526251376
YOLOv4 no aug,1646,0.39163333333333333,0.007052501526251376
YOLOv4 no aug,1647,0.39163333333333333,0.007052501526251376
YOLOv4 no aug,1648,0.39163333333333333,0.007052501526251376
YOLOv4 no aug,1649,0.39163333333333333,0.007052501526251376
YOLOv4 no aug,1650,0.39163333333333333,0.007052501526251376
YOLOv4 no aug,1651,0.39163333333333333,0.007052501526251376
YOLOv4 no aug,1652,0.39163333333333333,0.007052501526251376
YOLOv4 no aug,1653,0.39163333333333333,0.007052501526251376
YOLOv4 no aug,1654,0.39163333333333333,0.007052501526251376
YOLOv4 no aug,1655,0.39163333333333333,0.007052501526251376
YOLOv4 no aug,1656,0.39163333333333333,0.007052501526251376
YOLOv4 no aug,1657,0.39163333333333333,0.007052501526251376
YOLOv4 no aug,1658,0.39163333333333333,0.007052501526251376
YOLOv4 no aug,1659,0.39163333333333333,0.007052501526251376
YOLOv4 no aug,1660,0.39163333333333333,0.007052501526251376
YOLOv4 no aug,1661,0.39163333333333333,0.007052501526251376
YOLOv4 no aug,1662,0.39163333333333333,0.007052501526251376
YOLOv4 no aug,1663,0.39163333333333333,0.007052501526251376
YOLOv4 no aug,1664,0.39163333333333333,0.007052501526251376
YOLOv4 no aug,1665,0.39163333333333333,0.007052501526251376
YOLOv4 no aug,1666,0.39163333333333333,0.007052501526251376
YOLOv4 no aug,1667,0.39163333333333333,0.007052501526251376
YOLOv4 no aug,1668,0.39163333333333333,0.007052501526251376
YOLOv4 no aug,1669,0.39163333333333333,0.007052501526251376
YOLOv4 no aug,1670,0.39163333333333333,0.007052501526251376
YOLOv4 no aug,1671,0.39163333333333333,0.007052501526251376
YOLOv4 no aug,1672,0.39163333333333333,0.007052501526251376
YOLOv4 no aug,1673,0.39163333333333333,0.007052501526251376
YOLOv4 no aug,1674,0.39163333333333333,0.007052501526251376
YOLOv4 no aug,1675,0.39163333333333333,0.007052501526251376
YOLOv4 no aug,1676,0.39163333333333333,0.007052501526251376
YOLOv4 no aug,1677,0.39163333333333333,0.007052501526251376
YOLOv4 no aug,1678,0.39163333333333333,0.007052501526251376
YOLOv4 no aug,1679,0.39163333333333333,0.007052501526251376
YOLOv4 no aug,1680,0.39163333333333333,0.007052501526251376
YOLOv4 no aug,1681,0.39163333333333333,0.007052501526251376
YOLOv4 no aug,1682,0.39163333333333333,0.007052501526251376
YOLOv4 no aug,1683,0.39163333333333333,0.007052501526251376
YOLOv4 no aug,1684,0.39163333333333333,0.007052501526251376
YOLOv4 no aug,1685,0.39163333333333333,0.007052501526251376
YOLOv4 no aug,1686,0.39163333333333333,0.007052501526251376
YOLOv4 no aug,1687,0.39163333333333333,0.007052501526251376
YOLOv4 no aug,1688,0.39163333333333333,0.007052501526251376
YOLOv4 no aug,1689,0.39163333333333333,0.007052501526251376
YOLOv4 no aug,1690,0.39163333333333333,0.007052501526251376
YOLOv4 no aug,1691,0.39163333333333333,0.007052501526251376
YOLOv4 no aug,1692,0.39163333333333333,0.007052501526251376
YOLOv4 no aug,1693,0.39163333333333333,0.007052501526251376
YOLOv4 no aug,1694,0.39163333333333333,0.007052501526251376
YOLOv4 no aug,1695,0.39163333333333333,0.007052501526251376
YOLOv4 no aug,1696,0.39163333333333333,0.007052501526251376
YOLOv4 no aug,1697,0.39163333333333333,0.007052501526251376
YOLOv4 no aug,1698,0.39163333333333333,0.007052501526251376
YOLOv4 no aug,1699,0.39163333333333333,0.007052501526251376
YOLOv4 no aug,1700,0.4093166666666666,0.006774077917981822
YOLOv4 no aug,1701,0.4093,0.013559252683438492
YOLOv4 no aug,1702,0.4093,0.013559252683438492
YOLOv4 no aug,1703,0.4093,0.013559252683438492
YOLOv4 no aug,1704,0.4093,0.013559252683438492
YOLOv4 no aug,1705,0.4093,0.013559252683438492
YOLOv4 no aug,1706,0.4093,0.013559252683438492
YOLOv4 no aug,1707,0.4093,0.013559252683438492
YOLOv4 no aug,1708,0.4093,0.013559252683438492
YOLOv4 no aug,1709,0.4093,0.013559252683438492
YOLOv4 no aug,1710,0.4093,0.013559252683438492
YOLOv4 no aug,1711,0.4093,0.013559252683438492
YOLOv4 no aug,1712,0.4093,0.013559252683438492
YOLOv4 no aug,1713,0.4093,0.013559252683438492
YOLOv4 no aug,1714,0.4093,0.013559252683438492
YOLOv4 no aug,1715,0.4093,0.013559252683438492
YOLOv4 no aug,1716,0.4093,0.013559252683438492
YOLOv4 no aug,1717,0.4093,0.013559252683438492
YOLOv4 no aug,1718,0.4093,0.013559252683438492
YOLOv4 no aug,1719,0.4093,0.013559252683438492
YOLOv4 no aug,1720,0.4093,0.013559252683438492
YOLOv4 no aug,1721,0.4093,0.013559252683438492
YOLOv4 no aug,1722,0.4093,0.013559252683438492
YOLOv4 no aug,1723,0.4093,0.013559252683438492
YOLOv4 no aug,1724,0.4093,0.013559252683438492
YOLOv4 no aug,1725,0.4093,0.013559252683438492
YOLOv4 no aug,1726,0.4093,0.013559252683438492
YOLOv4 no aug,1727,0.4093,0.013559252683438492
YOLOv4 no aug,1728,0.4093,0.013559252683438492
YOLOv4 no aug,1729,0.4093,0.013559252683438492
YOLOv4 no aug,1730,0.4093,0.013559252683438492
YOLOv4 no aug,1731,0.4093,0.013559252683438492
YOLOv4 no aug,1732,0.4093,0.013559252683438492
YOLOv4 no aug,1733,0.4093,0.013559252683438492
YOLOv4 no aug,1734,0.4093,0.013559252683438492
YOLOv4 no aug,1735,0.4093,0.013559252683438492
YOLOv4 no aug,1736,0.4093,0.013559252683438492
YOLOv4 no aug,1737,0.4093,0.013559252683438492
YOLOv4 no aug,1738,0.4093,0.013559252683438492
YOLOv4 no aug,1739,0.4093,0.013559252683438492
YOLOv4 no aug,1740,0.4093,0.013559252683438492
YOLOv4 no aug,1741,0.4093,0.013559252683438492
YOLOv4 no aug,1742,0.4093,0.013559252683438492
YOLOv4 no aug,1743,0.4093,0.013559252683438492
YOLOv4 no aug,1744,0.4093,0.013559252683438492
YOLOv4 no aug,1745,0.4093,0.013559252683438492
YOLOv4 no aug,1746,0.4093,0.013559252683438492
YOLOv4 no aug,1747,0.4093,0.013559252683438492
YOLOv4 no aug,1748,0.4093,0.013559252683438492
YOLOv4 no aug,1749,0.4093,0.013559252683438492
YOLOv4 no aug,1750,0.4093,0.013559252683438492
YOLOv4 no aug,1751,0.4093,0.013559252683438492
YOLOv4 no aug,1752,0.4093,0.013559252683438492
YOLOv4 no aug,1753,0.4093,0.013559252683438492
YOLOv4 no aug,1754,0.4093,0.013559252683438492
YOLOv4 no aug,1755,0.4093,0.013559252683438492
YOLOv4 no aug,1756,0.4093,0.013559252683438492
YOLOv4 no aug,1757,0.4093,0.013559252683438492
YOLOv4 no aug,1758,0.4093,0.013559252683438492
YOLOv4 no aug,1759,0.4093,0.013559252683438492
YOLOv4 no aug,1760,0.4093,0.013559252683438492
YOLOv4 no aug,1761,0.4093,0.013559252683438492
YOLOv4 no aug,1762,0.4093,0.013559252683438492
YOLOv4 no aug,1763,0.4093,0.013559252683438492
YOLOv4 no aug,1764,0.4093,0.013559252683438492
YOLOv4 no aug,1765,0.4093,0.013559252683438492
YOLOv4 no aug,1766,0.4093,0.013559252683438492
YOLOv4 no aug,1767,0.4093,0.013559252683438492
YOLOv4 no aug,1768,0.4093,0.013559252683438492
YOLOv4 no aug,1769,0.4093,0.013559252683438492
YOLOv4 no aug,1770,0.4093,0.013559252683438492
YOLOv4 no aug,1771,0.4093,0.013559252683438492
YOLOv4 no aug,1772,0.4093,0.013559252683438492
YOLOv4 no aug,1773,0.4093,0.013559252683438492
YOLOv4 no aug,1774,0.4093,0.013559252683438492
YOLOv4 no aug,1775,0.4093,0.013559252683438492
YOLOv4 no aug,1776,0.4093,0.013559252683438492
YOLOv4 no aug,1777,0.4093,0.013559252683438492
YOLOv4 no aug,1778,0.4093,0.013559252683438492
YOLOv4 no aug,1779,0.4093,0.013559252683438492
YOLOv4 no aug,1780,0.4093,0.013559252683438492
YOLOv4 no aug,1781,0.4093,0.013559252683438492
YOLOv4 no aug,1782,0.4093,0.013559252683438492
YOLOv4 no aug,1783,0.4093,0.013559252683438492
YOLOv4 no aug,1784,0.4093,0.013559252683438492
YOLOv4 no aug,1785,0.4093,0.013559252683438492
YOLOv4 no aug,1786,0.4093,0.013559252683438492
YOLOv4 no aug,1787,0.4093,0.013559252683438492
YOLOv4 no aug,1788,0.4093,0.013559252683438492
YOLOv4 no aug,1789,0.4093,0.013559252683438492
YOLOv4 no aug,1790,0.4093,0.013559252683438492
YOLOv4 no aug,1791,0.4093,0.013559252683438492
YOLOv4 no aug,1792,0.4093,0.013559252683438492
YOLOv4 no aug,1793,0.4093,0.013559252683438492
YOLOv4 no aug,1794,0.4093,0.013559252683438492
YOLOv4 no aug,1795,0.4093,0.013559252683438492
YOLOv4 no aug,1796,0.4093,0.013559252683438492
YOLOv4 no aug,1797,0.4093,0.013559252683438492
YOLOv4 no aug,1798,0.4093,0.013559252683438492
YOLOv4 no aug,1799,0.4093,0.013559252683438492
YOLOv4 no aug,1800,0.3923015555555555,0.006534568816241627
YOLOv4 no aug,1801,0.3922999999999999,0.013073255141700562
YOLOv4 no aug,1802,0.3922999999999999,0.013073255141700562
YOLOv4 no aug,1803,0.3922999999999999,0.013073255141700562
YOLOv4 no aug,1804,0.3922999999999999,0.013073255141700562
YOLOv4 no aug,1805,0.3922999999999999,0.013073255141700562
YOLOv4 no aug,1806,0.3922999999999999,0.013073255141700562
YOLOv4 no aug,1807,0.3922999999999999,0.013073255141700562
YOLOv4 no aug,1808,0.3922999999999999,0.013073255141700562
YOLOv4 no aug,1809,0.3922999999999999,0.013073255141700562
YOLOv4 no aug,1810,0.3922999999999999,0.013073255141700562
YOLOv4 no aug,1811,0.3922999999999999,0.013073255141700562
YOLOv4 no aug,1812,0.3922999999999999,0.013073255141700562
YOLOv4 no aug,1813,0.3922999999999999,0.013073255141700562
YOLOv4 no aug,1814,0.3922999999999999,0.013073255141700562
YOLOv4 no aug,1815,0.3922999999999999,0.013073255141700562
YOLOv4 no aug,1816,0.3922999999999999,0.013073255141700562
YOLOv4 no aug,1817,0.3922999999999999,0.013073255141700562
YOLOv4 no aug,1818,0.3922999999999999,0.013073255141700562
YOLOv4 no aug,1819,0.3922999999999999,0.013073255141700562
YOLOv4 no aug,1820,0.3922999999999999,0.013073255141700562
YOLOv4 no aug,1821,0.3922999999999999,0.013073255141700562
YOLOv4 no aug,1822,0.3922999999999999,0.013073255141700562
YOLOv4 no aug,1823,0.3922999999999999,0.013073255141700562
YOLOv4 no aug,1824,0.3922999999999999,0.013073255141700562
YOLOv4 no aug,1825,0.3922999999999999,0.013073255141700562
YOLOv4 no aug,1826,0.3922999999999999,0.013073255141700562
YOLOv4 no aug,1827,0.3922999999999999,0.013073255141700562
YOLOv4 no aug,1828,0.3922999999999999,0.013073255141700562
YOLOv4 no aug,1829,0.3922999999999999,0.013073255141700562
YOLOv4 no aug,1830,0.3922999999999999,0.013073255141700562
YOLOv4 no aug,1831,0.3922999999999999,0.013073255141700562
YOLOv4 no aug,1832,0.3922999999999999,0.013073255141700562
YOLOv4 no aug,1833,0.3922999999999999,0.013073255141700562
YOLOv4 no aug,1834,0.3922999999999999,0.013073255141700562
YOLOv4 no aug,1835,0.3922999999999999,0.013073255141700562
YOLOv4 no aug,1836,0.3922999999999999,0.013073255141700562
YOLOv4 no aug,1837,0.3922999999999999,0.013073255141700562
YOLOv4 no aug,1838,0.3922999999999999,0.013073255141700562
YOLOv4 no aug,1839,0.3922999999999999,0.013073255141700562
YOLOv4 no aug,1840,0.3922999999999999,0.013073255141700562
YOLOv4 no aug,1841,0.3922999999999999,0.013073255141700562
YOLOv4 no aug,1842,0.3922999999999999,0.013073255141700562
YOLOv4 no aug,1843,0.3922999999999999,0.013073255141700562
YOLOv4 no aug,1844,0.3922999999999999,0.013073255141700562
YOLOv4 no aug,1845,0.3922999999999999,0.013073255141700562
YOLOv4 no aug,1846,0.3922999999999999,0.013073255141700562
YOLOv4 no aug,1847,0.3922999999999999,0.013073255141700562
YOLOv4 no aug,1848,0.3922999999999999,0.013073255141700562
YOLOv4 no aug,1849,0.3922999999999999,0.013073255141700562
YOLOv4 no aug,1850,0.3922999999999999,0.013073255141700562
YOLOv4 no aug,1851,0.3922999999999999,0.013073255141700562
YOLOv4 no aug,1852,0.3922999999999999,0.013073255141700562
YOLOv4 no aug,1853,0.3922999999999999,0.013073255141700562
YOLOv4 no aug,1854,0.3922999999999999,0.013073255141700562
YOLOv4 no aug,1855,0.3922999999999999,0.013073255141700562
YOLOv4 no aug,1856,0.3922999999999999,0.013073255141700562
YOLOv4 no aug,1857,0.3922999999999999,0.013073255141700562
YOLOv4 no aug,1858,0.3922999999999999,0.013073255141700562
YOLOv4 no aug,1859,0.3922999999999999,0.013073255141700562
YOLOv4 no aug,1860,0.3922999999999999,0.013073255141700562
YOLOv4 no aug,1861,0.3922999999999999,0.013073255141700562
YOLOv4 no aug,1862,0.3922999999999999,0.013073255141700562
YOLOv4 no aug,1863,0.3922999999999999,0.013073255141700562
YOLOv4 no aug,1864,0.3922999999999999,0.013073255141700562
YOLOv4 no aug,1865,0.3922999999999999,0.013073255141700562
YOLOv4 no aug,1866,0.3922999999999999,0.013073255141700562
YOLOv4 no aug,1867,0.3922999999999999,0.013073255141700562
YOLOv4 no aug,1868,0.3922999999999999,0.013073255141700562
YOLOv4 no aug,1869,0.3922999999999999,0.013073255141700562
YOLOv4 no aug,1870,0.3922999999999999,0.013073255141700562
YOLOv4 no aug,1871,0.3922999999999999,0.013073255141700562
YOLOv4 no aug,1872,0.3922999999999999,0.013073255141700562
YOLOv4 no aug,1873,0.3922999999999999,0.013073255141700562
YOLOv4 no aug,1874,0.3922999999999999,0.013073255141700562
YOLOv4 no aug,1875,0.3922999999999999,0.013073255141700562
YOLOv4 no aug,1876,0.3922999999999999,0.013073255141700562
YOLOv4 no aug,1877,0.3922999999999999,0.013073255141700562
YOLOv4 no aug,1878,0.3922999999999999,0.013073255141700562
YOLOv4 no aug,1879,0.3922999999999999,0.013073255141700562
YOLOv4 no aug,1880,0.3922999999999999,0.013073255141700562
YOLOv4 no aug,1881,0.3922999999999999,0.013073255141700562
YOLOv4 no aug,1882,0.3922999999999999,0.013073255141700562
YOLOv4 no aug,1883,0.3922999999999999,0.013073255141700562
YOLOv4 no aug,1884,0.3922999999999999,0.013073255141700562
YOLOv4 no aug,1885,0.3922999999999999,0.013073255141700562
YOLOv4 no aug,1886,0.3922999999999999,0.013073255141700562
YOLOv4 no aug,1887,0.3922999999999999,0.013073255141700562
YOLOv4 no aug,1888,0.3922999999999999,0.013073255141700562
YOLOv4 no aug,1889,0.3922999999999999,0.013073255141700562
YOLOv4 no aug,1890,0.3922999999999999,0.013073255141700562
YOLOv4 no aug,1891,0.3922999999999999,0.013073255141700562
YOLOv4 no aug,1892,0.3922999999999999,0.013073255141700562
YOLOv4 no aug,1893,0.3922999999999999,0.013073255141700562
YOLOv4 no aug,1894,0.3922999999999999,0.013073255141700562
YOLOv4 no aug,1895,0.3922999999999999,0.013073255141700562
YOLOv4 no aug,1896,0.3922999999999999,0.013073255141700562
YOLOv4 no aug,1897,0.3922999999999999,0.013073255141700562
YOLOv4 no aug,1898,0.3922999999999999,0.013073255141700562
YOLOv4 no aug,1899,0.3922999999999999,0.013073255141700562
YOLOv4 no aug,1900,0.4182831111111111,0.002803232907656423
YOLOv4 no aug,1901,0.4182666666666666,0.005605156356229298
YOLOv4 no aug,1902,0.4182666666666666,0.005605156356229298
YOLOv4 no aug,1903,0.4182666666666666,0.005605156356229298
YOLOv4 no aug,1904,0.4182666666666666,0.005605156356229298
YOLOv4 no aug,1905,0.4182666666666666,0.005605156356229298
YOLOv4 no aug,1906,0.4182666666666666,0.005605156356229298
YOLOv4 no aug,1907,0.4182666666666666,0.005605156356229298
YOLOv4 no aug,1908,0.4182666666666666,0.005605156356229298
YOLOv4 no aug,1909,0.4182666666666666,0.005605156356229298
YOLOv4 no aug,1910,0.4182666666666666,0.005605156356229298
YOLOv4 no aug,1911,0.4182666666666666,0.005605156356229298
YOLOv4 no aug,1912,0.4182666666666666,0.005605156356229298
YOLOv4 no aug,1913,0.4182666666666666,0.005605156356229298
YOLOv4 no aug,1914,0.4182666666666666,0.005605156356229298
YOLOv4 no aug,1915,0.4182666666666666,0.005605156356229298
YOLOv4 no aug,1916,0.4182666666666666,0.005605156356229298
YOLOv4 no aug,1917,0.4182666666666666,0.005605156356229298
YOLOv4 no aug,1918,0.4182666666666666,0.005605156356229298
YOLOv4 no aug,1919,0.4182666666666666,0.005605156356229298
YOLOv4 no aug,1920,0.4182666666666666,0.005605156356229298
YOLOv4 no aug,1921,0.4182666666666666,0.005605156356229298
YOLOv4 no aug,1922,0.4182666666666666,0.005605156356229298
YOLOv4 no aug,1923,0.4182666666666666,0.005605156356229298
YOLOv4 no aug,1924,0.4182666666666666,0.005605156356229298
YOLOv4 no aug,1925,0.4182666666666666,0.005605156356229298
YOLOv4 no aug,1926,0.4182666666666666,0.005605156356229298
YOLOv4 no aug,1927,0.4182666666666666,0.005605156356229298
YOLOv4 no aug,1928,0.4182666666666666,0.005605156356229298
YOLOv4 no aug,1929,0.4182666666666666,0.005605156356229298
YOLOv4 no aug,1930,0.4182666666666666,0.005605156356229298
YOLOv4 no aug,1931,0.4182666666666666,0.005605156356229298
YOLOv4 no aug,1932,0.4182666666666666,0.005605156356229298
YOLOv4 no aug,1933,0.4182666666666666,0.005605156356229298
YOLOv4 no aug,1934,0.4182666666666666,0.005605156356229298
YOLOv4 no aug,1935,0.4182666666666666,0.005605156356229298
YOLOv4 no aug,1936,0.4182666666666666,0.005605156356229298
YOLOv4 no aug,1937,0.4182666666666666,0.005605156356229298
YOLOv4 no aug,1938,0.4182666666666666,0.005605156356229298
YOLOv4 no aug,1939,0.4182666666666666,0.005605156356229298
YOLOv4 no aug,1940,0.4182666666666666,0.005605156356229298
YOLOv4 no aug,1941,0.4182666666666666,0.005605156356229298
YOLOv4 no aug,1942,0.4182666666666666,0.005605156356229298
YOLOv4 no aug,1943,0.4182666666666666,0.005605156356229298
YOLOv4 no aug,1944,0.4182666666666666,0.005605156356229298
YOLOv4 no aug,1945,0.4182666666666666,0.005605156356229298
YOLOv4 no aug,1946,0.4182666666666666,0.005605156356229298
YOLOv4 no aug,1947,0.4182666666666666,0.005605156356229298
YOLOv4 no aug,1948,0.4182666666666666,0.005605156356229298
YOLOv4 no aug,1949,0.4182666666666666,0.005605156356229298
YOLOv4 no aug,1950,0.4182666666666666,0.005605156356229298
YOLOv4 no aug,1951,0.4182666666666666,0.005605156356229298
YOLOv4 no aug,1952,0.4182666666666666,0.005605156356229298
YOLOv4 no aug,1953,0.4182666666666666,0.005605156356229298
YOLOv4 no aug,1954,0.4182666666666666,0.005605156356229298
YOLOv4 no aug,1955,0.4182666666666666,0.005605156356229298
YOLOv4 no aug,1956,0.4182666666666666,0.005605156356229298
YOLOv4 no aug,1957,0.4182666666666666,0.005605156356229298
YOLOv4 no aug,1958,0.4182666666666666,0.005605156356229298
YOLOv4 no aug,1959,0.4182666666666666,0.005605156356229298
YOLOv4 no aug,1960,0.4182666666666666,0.005605156356229298
YOLOv4 no aug,1961,0.4182666666666666,0.005605156356229298
YOLOv4 no aug,1962,0.4182666666666666,0.005605156356229298
YOLOv4 no aug,1963,0.4182666666666666,0.005605156356229298
YOLOv4 no aug,1964,0.4182666666666666,0.005605156356229298
YOLOv4 no aug,1965,0.4182666666666666,0.005605156356229298
YOLOv4 no aug,1966,0.4182666666666666,0.005605156356229298
YOLOv4 no aug,1967,0.4182666666666666,0.005605156356229298
YOLOv4 no aug,1968,0.4182666666666666,0.005605156356229298
YOLOv4 no aug,1969,0.4182666666666666,0.005605156356229298
YOLOv4 no aug,1970,0.4182666666666666,0.005605156356229298
YOLOv4 no aug,1971,0.4182666666666666,0.005605156356229298
YOLOv4 no aug,1972,0.4182666666666666,0.005605156356229298
YOLOv4 no aug,1973,0.4182666666666666,0.005605156356229298
YOLOv4 no aug,1974,0.4182666666666666,0.005605156356229298
YOLOv4 no aug,1975,0.4182666666666666,0.005605156356229298
YOLOv4 no aug,1976,0.4182666666666666,0.005605156356229298
YOLOv4 no aug,1977,0.4182666666666666,0.005605156356229298
YOLOv4 no aug,1978,0.4182666666666666,0.005605156356229298
YOLOv4 no aug,1979,0.4182666666666666,0.005605156356229298
YOLOv4 no aug,1980,0.4182666666666666,0.005605156356229298
YOLOv4 no aug,1981,0.4182666666666666,0.005605156356229298
YOLOv4 no aug,1982,0.4182666666666666,0.005605156356229298
YOLOv4 no aug,1983,0.4182666666666666,0.005605156356229298
YOLOv4 no aug,1984,0.4182666666666666,0.005605156356229298
YOLOv4 no aug,1985,0.4182666666666666,0.005605156356229298
YOLOv4 no aug,1986,0.4182666666666666,0.005605156356229298
YOLOv4 no aug,1987,0.4182666666666666,0.005605156356229298
YOLOv4 no aug,1988,0.4182666666666666,0.005605156356229298
YOLOv4 no aug,1989,0.4182666666666666,0.005605156356229298
YOLOv4 no aug,1990,0.4182666666666666,0.005605156356229298
YOLOv4 no aug,1991,0.4182666666666666,0.005605156356229298
YOLOv4 no aug,1992,0.4182666666666666,0.005605156356229298
YOLOv4 no aug,1993,0.4182666666666666,0.005605156356229298
YOLOv4 no aug,1994,0.4182666666666666,0.005605156356229298
YOLOv4 no aug,1995,0.4182666666666666,0.005605156356229298
YOLOv4 no aug,1996,0.4182666666666666,0.005605156356229298
YOLOv4 no aug,1997,0.4182666666666666,0.005605156356229298
YOLOv4 no aug,1998,0.4182666666666666,0.005605156356229298
YOLOv4 no aug,1999,0.4182666666666666,0.005605156356229298
YOLOv4 no aug,2000,0.4073671111111111,0.002744316867255172
YOLOv4 no aug,2001,0.40736666666666665,0.0054834093206487565
YOLOv4 no aug,2002,0.40736666666666665,0.0054834093206487565
YOLOv4 no aug,2003,0.40736666666666665,0.0054834093206487565
YOLOv4 no aug,2004,0.40736666666666665,0.0054834093206487565
YOLOv4 no aug,2005,0.40736666666666665,0.0054834093206487565
YOLOv4 no aug,2006,0.40736666666666665,0.0054834093206487565
YOLOv4 no aug,2007,0.40736666666666665,0.0054834093206487565
YOLOv4 no aug,2008,0.40736666666666665,0.0054834093206487565
YOLOv4 no aug,2009,0.40736666666666665,0.0054834093206487565
YOLOv4 no aug,2010,0.40736666666666665,0.0054834093206487565
YOLOv4 no aug,2011,0.40736666666666665,0.0054834093206487565
YOLOv4 no aug,2012,0.40736666666666665,0.0054834093206487565
YOLOv4 no aug,2013,0.40736666666666665,0.0054834093206487565
YOLOv4 no aug,2014,0.40736666666666665,0.0054834093206487565
YOLOv4 no aug,2015,0.40736666666666665,0.0054834093206487565
YOLOv4 no aug,2016,0.40736666666666665,0.0054834093206487565
YOLOv4 no aug,2017,0.40736666666666665,0.0054834093206487565
YOLOv4 no aug,2018,0.40736666666666665,0.0054834093206487565
YOLOv4 no aug,2019,0.40736666666666665,0.0054834093206487565
YOLOv4 no aug,2020,0.40736666666666665,0.0054834093206487565
YOLOv4 no aug,2021,0.40736666666666665,0.0054834093206487565
YOLOv4 no aug,2022,0.40736666666666665,0.0054834093206487565
YOLOv4 no aug,2023,0.40736666666666665,0.0054834093206487565
YOLOv4 no aug,2024,0.40736666666666665,0.0054834093206487565
YOLOv4 no aug,2025,0.40736666666666665,0.0054834093206487565
YOLOv4 no aug,2026,0.40736666666666665,0.0054834093206487565
YOLOv4 no aug,2027,0.40736666666666665,0.0054834093206487565
YOLOv4 no aug,2028,0.40736666666666665,0.0054834093206487565
YOLOv4 no aug,2029,0.40736666666666665,0.0054834093206487565
YOLOv4 no aug,2030,0.40736666666666665,0.0054834093206487565
YOLOv4 no aug,2031,0.40736666666666665,0.0054834093206487565
YOLOv4 no aug,2032,0.40736666666666665,0.0054834093206487565
YOLOv4 no aug,2033,0.40736666666666665,0.0054834093206487565
YOLOv4 no aug,2034,0.40736666666666665,0.0054834093206487565
YOLOv4 no aug,2035,0.40736666666666665,0.0054834093206487565
YOLOv4 no aug,2036,0.40736666666666665,0.0054834093206487565
YOLOv4 no aug,2037,0.40736666666666665,0.0054834093206487565
YOLOv4 no aug,2038,0.40736666666666665,0.0054834093206487565
YOLOv4 no aug,2039,0.40736666666666665,0.0054834093206487565
YOLOv4 no aug,2040,0.40736666666666665,0.0054834093206487565
YOLOv4 no aug,2041,0.40736666666666665,0.0054834093206487565
YOLOv4 no aug,2042,0.40736666666666665,0.0054834093206487565
YOLOv4 no aug,2043,0.40736666666666665,0.0054834093206487565
YOLOv4 no aug,2044,0.40736666666666665,0.0054834093206487565
YOLOv4 no aug,2045,0.40736666666666665,0.0054834093206487565
YOLOv4 no aug,2046,0.40736666666666665,0.0054834093206487565
YOLOv4 no aug,2047,0.40736666666666665,0.0054834093206487565
YOLOv4 no aug,2048,0.40736666666666665,0.0054834093206487565
YOLOv4 no aug,2049,0.40736666666666665,0.0054834093206487565
YOLOv4 no aug,2050,0.40736666666666665,0.0054834093206487565
YOLOv4 no aug,2051,0.40736666666666665,0.0054834093206487565
YOLOv4 no aug,2052,0.40736666666666665,0.0054834093206487565
YOLOv4 no aug,2053,0.40736666666666665,0.0054834093206487565
YOLOv4 no aug,2054,0.40736666666666665,0.0054834093206487565
YOLOv4 no aug,2055,0.40736666666666665,0.0054834093206487565
YOLOv4 no aug,2056,0.40736666666666665,0.0054834093206487565
YOLOv4 no aug,2057,0.40736666666666665,0.0054834093206487565
YOLOv4 no aug,2058,0.40736666666666665,0.0054834093206487565
YOLOv4 no aug,2059,0.40736666666666665,0.0054834093206487565
YOLOv4 no aug,2060,0.40736666666666665,0.0054834093206487565
YOLOv4 no aug,2061,0.40736666666666665,0.0054834093206487565
YOLOv4 no aug,2062,0.40736666666666665,0.0054834093206487565
YOLOv4 no aug,2063,0.40736666666666665,0.0054834093206487565
YOLOv4 no aug,2064,0.40736666666666665,0.0054834093206487565
YOLOv4 no aug,2065,0.40736666666666665,0.0054834093206487565
YOLOv4 no aug,2066,0.40736666666666665,0.0054834093206487565
YOLOv4 no aug,2067,0.40736666666666665,0.0054834093206487565
YOLOv4 no aug,2068,0.40736666666666665,0.0054834093206487565
YOLOv4 no aug,2069,0.40736666666666665,0.0054834093206487565
YOLOv4 no aug,2070,0.40736666666666665,0.0054834093206487565
YOLOv4 no aug,2071,0.40736666666666665,0.0054834093206487565
YOLOv4 no aug,2072,0.40736666666666665,0.0054834093206487565
YOLOv4 no aug,2073,0.40736666666666665,0.0054834093206487565
YOLOv4 no aug,2074,0.40736666666666665,0.0054834093206487565
YOLOv4 no aug,2075,0.40736666666666665,0.0054834093206487565
YOLOv4 no aug,2076,0.40736666666666665,0.0054834093206487565
YOLOv4 no aug,2077,0.40736666666666665,0.0054834093206487565
YOLOv4 no aug,2078,0.40736666666666665,0.0054834093206487565
YOLOv4 no aug,2079,0.40736666666666665,0.0054834093206487565
YOLOv4 no aug,2080,0.40736666666666665,0.0054834093206487565
YOLOv4 no aug,2081,0.40736666666666665,0.0054834093206487565
YOLOv4 no aug,2082,0.40736666666666665,0.0054834093206487565
YOLOv4 no aug,2083,0.40736666666666665,0.0054834093206487565
YOLOv4 no aug,2084,0.40736666666666665,0.0054834093206487565
YOLOv4 no aug,2085,0.40736666666666665,0.0054834093206487565
YOLOv4 no aug,2086,0.40736666666666665,0.0054834093206487565
YOLOv4 no aug,2087,0.40736666666666665,0.0054834093206487565
YOLOv4 no aug,2088,0.40736666666666665,0.0054834093206487565
YOLOv4 no aug,2089,0.40736666666666665,0.0054834093206487565
YOLOv4 no aug,2090,0.40736666666666665,0.0054834093206487565
YOLOv4 no aug,2091,0.40736666666666665,0.0054834093206487565
YOLOv4 no aug,2092,0.40736666666666665,0.0054834093206487565
YOLOv4 no aug,2093,0.40736666666666665,0.0054834093206487565
YOLOv4 no aug,2094,0.40736666666666665,0.0054834093206487565
YOLOv4 no aug,2095,0.40736666666666665,0.0054834093206487565
YOLOv4 no aug,2096,0.40736666666666665,0.0054834093206487565
YOLOv4 no aug,2097,0.40736666666666665,0.0054834093206487565
YOLOv4 no aug,2098,0.40736666666666665,0.0054834093206487565
YOLOv4 no aug,2099,0.40736666666666665,0.0054834093206487565
YOLOv4 no aug,2100,0.39087444444444447,0.0026034755302133668
YOLOv4 no aug,2101,0.3908666666666667,0.0052122718441940325
YOLOv4 no aug,2102,0.3908666666666667,0.0052122718441940325
YOLOv4 no aug,2103,0.3908666666666667,0.0052122718441940325
YOLOv4 no aug,2104,0.3908666666666667,0.0052122718441940325
YOLOv4 no aug,2105,0.3908666666666667,0.0052122718441940325
YOLOv4 no aug,2106,0.3908666666666667,0.0052122718441940325
YOLOv4 no aug,2107,0.3908666666666667,0.0052122718441940325
YOLOv4 no aug,2108,0.3908666666666667,0.0052122718441940325
YOLOv4 no aug,2109,0.3908666666666667,0.0052122718441940325
YOLOv4 no aug,2110,0.3908666666666667,0.0052122718441940325
YOLOv4 no aug,2111,0.3908666666666667,0.0052122718441940325
YOLOv4 no aug,2112,0.3908666666666667,0.0052122718441940325
YOLOv4 no aug,2113,0.3908666666666667,0.0052122718441940325
YOLOv4 no aug,2114,0.3908666666666667,0.0052122718441940325
YOLOv4 no aug,2115,0.3908666666666667,0.0052122718441940325
YOLOv4 no aug,2116,0.3908666666666667,0.0052122718441940325
YOLOv4 no aug,2117,0.3908666666666667,0.0052122718441940325
YOLOv4 no aug,2118,0.3908666666666667,0.0052122718441940325
YOLOv4 no aug,2119,0.3908666666666667,0.0052122718441940325
YOLOv4 no aug,2120,0.3908666666666667,0.0052122718441940325
YOLOv4 no aug,2121,0.3908666666666667,0.0052122718441940325
YOLOv4 no aug,2122,0.3908666666666667,0.0052122718441940325
YOLOv4 no aug,2123,0.3908666666666667,0.0052122718441940325
YOLOv4 no aug,2124,0.3908666666666667,0.0052122718441940325
YOLOv4 no aug,2125,0.3908666666666667,0.0052122718441940325
YOLOv4 no aug,2126,0.3908666666666667,0.0052122718441940325
YOLOv4 no aug,2127,0.3908666666666667,0.0052122718441940325
YOLOv4 no aug,2128,0.3908666666666667,0.0052122718441940325
YOLOv4 no aug,2129,0.3908666666666667,0.0052122718441940325
YOLOv4 no aug,2130,0.3908666666666667,0.0052122718441940325
YOLOv4 no aug,2131,0.3908666666666667,0.0052122718441940325
YOLOv4 no aug,2132,0.3908666666666667,0.0052122718441940325
YOLOv4 no aug,2133,0.3908666666666667,0.0052122718441940325
YOLOv4 no aug,2134,0.3908666666666667,0.0052122718441940325
YOLOv4 no aug,2135,0.3908666666666667,0.0052122718441940325
YOLOv4 no aug,2136,0.3908666666666667,0.0052122718441940325
YOLOv4 no aug,2137,0.3908666666666667,0.0052122718441940325
YOLOv4 no aug,2138,0.3908666666666667,0.0052122718441940325
YOLOv4 no aug,2139,0.3908666666666667,0.0052122718441940325
YOLOv4 no aug,2140,0.3908666666666667,0.0052122718441940325
YOLOv4 no aug,2141,0.3908666666666667,0.0052122718441940325
YOLOv4 no aug,2142,0.3908666666666667,0.0052122718441940325
YOLOv4 no aug,2143,0.3908666666666667,0.0052122718441940325
YOLOv4 no aug,2144,0.3908666666666667,0.0052122718441940325
YOLOv4 no aug,2145,0.3908666666666667,0.0052122718441940325
YOLOv4 no aug,2146,0.3908666666666667,0.0052122718441940325
YOLOv4 no aug,2147,0.3908666666666667,0.0052122718441940325
YOLOv4 no aug,2148,0.3908666666666667,0.0052122718441940325
YOLOv4 no aug,2149,0.3908666666666667,0.0052122718441940325
YOLOv4 no aug,2150,0.3908666666666667,0.0052122718441940325
YOLOv4 no aug,2151,0.3908666666666667,0.0052122718441940325
YOLOv4 no aug,2152,0.3908666666666667,0.0052122718441940325
YOLOv4 no aug,2153,0.3908666666666667,0.0052122718441940325
YOLOv4 no aug,2154,0.3908666666666667,0.0052122718441940325
YOLOv4 no aug,2155,0.3908666666666667,0.0052122718441940325
YOLOv4 no aug,2156,0.3908666666666667,0.0052122718441940325
YOLOv4 no aug,2157,0.3908666666666667,0.0052122718441940325
YOLOv4 no aug,2158,0.3908666666666667,0.0052122718441940325
YOLOv4 no aug,2159,0.3908666666666667,0.0052122718441940325
YOLOv4 no aug,2160,0.3908666666666667,0.0052122718441940325
YOLOv4 no aug,2161,0.3908666666666667,0.0052122718441940325
YOLOv4 no aug,2162,0.3908666666666667,0.0052122718441940325
YOLOv4 no aug,2163,0.3908666666666667,0.0052122718441940325
YOLOv4 no aug,2164,0.3908666666666667,0.0052122718441940325
YOLOv4 no aug,2165,0.3908666666666667,0.0052122718441940325
YOLOv4 no aug,2166,0.3908666666666667,0.0052122718441940325
YOLOv4 no aug,2167,0.3908666666666667,0.0052122718441940325
YOLOv4 no aug,2168,0.3908666666666667,0.0052122718441940325
YOLOv4 no aug,2169,0.3908666666666667,0.0052122718441940325
YOLOv4 no aug,2170,0.3908666666666667,0.0052122718441940325
YOLOv4 no aug,2171,0.3908666666666667,0.0052122718441940325
YOLOv4 no aug,2172,0.3908666666666667,0.0052122718441940325
YOLOv4 no aug,2173,0.3908666666666667,0.0052122718441940325
YOLOv4 no aug,2174,0.3908666666666667,0.0052122718441940325
YOLOv4 no aug,2175,0.3908666666666667,0.0052122718441940325
YOLOv4 no aug,2176,0.3908666666666667,0.0052122718441940325
YOLOv4 no aug,2177,0.3908666666666667,0.0052122718441940325
YOLOv4 no aug,2178,0.3908666666666667,0.0052122718441940325
YOLOv4 no aug,2179,0.3908666666666667,0.0052122718441940325
YOLOv4 no aug,2180,0.3908666666666667,0.0052122718441940325
YOLOv4 no aug,2181,0.3908666666666667,0.0052122718441940325
YOLOv4 no aug,2182,0.3908666666666667,0.0052122718441940325
YOLOv4 no aug,2183,0.3908666666666667,0.0052122718441940325
YOLOv4 no aug,2184,0.3908666666666667,0.0052122718441940325
YOLOv4 no aug,2185,0.3908666666666667,0.0052122718441940325
YOLOv4 no aug,2186,0.3908666666666667,0.0052122718441940325
YOLOv4 no aug,2187,0.3908666666666667,0.0052122718441940325
YOLOv4 no aug,2188,0.3908666666666667,0.0052122718441940325
YOLOv4 no aug,2189,0.3908666666666667,0.0052122718441940325
YOLOv4 no aug,2190,0.3908666666666667,0.0052122718441940325
YOLOv4 no aug,2191,0.3908666666666667,0.0052122718441940325
YOLOv4 no aug,2192,0.3908666666666667,0.0052122718441940325
YOLOv4 no aug,2193,0.3908666666666667,0.0052122718441940325
YOLOv4 no aug,2194,0.3908666666666667,0.0052122718441940325
YOLOv4 no aug,2195,0.3908666666666667,0.0052122718441940325
YOLOv4 no aug,2196,0.3908666666666667,0.0052122718441940325
YOLOv4 no aug,2197,0.3908666666666667,0.0052122718441940325
YOLOv4 no aug,2198,0.3908666666666667,0.0052122718441940325
YOLOv4 no aug,2199,0.3908666666666667,0.0052122718441940325
YOLOv4 no aug,2200,0.4237620000000001,0.005805536186836376
YOLOv4 no aug,2201,0.4237666666666667,0.01159947316811318
YOLOv4 no aug,2202,0.4237666666666667,0.01159947316811318
YOLOv4 no aug,2203,0.4237666666666667,0.01159947316811318
YOLOv4 no aug,2204,0.4237666666666667,0.01159947316811318
YOLOv4 no aug,2205,0.4237666666666667,0.01159947316811318
YOLOv4 no aug,2206,0.4237666666666667,0.01159947316811318
YOLOv4 no aug,2207,0.4237666666666667,0.01159947316811318
YOLOv4 no aug,2208,0.4237666666666667,0.01159947316811318
YOLOv4 no aug,2209,0.4237666666666667,0.01159947316811318
YOLOv4 no aug,2210,0.4237666666666667,0.01159947316811318
YOLOv4 no aug,2211,0.4237666666666667,0.01159947316811318
YOLOv4 no aug,2212,0.4237666666666667,0.01159947316811318
YOLOv4 no aug,2213,0.4237666666666667,0.01159947316811318
YOLOv4 no aug,2214,0.4237666666666667,0.01159947316811318
YOLOv4 no aug,2215,0.4237666666666667,0.01159947316811318
YOLOv4 no aug,2216,0.4237666666666667,0.01159947316811318
YOLOv4 no aug,2217,0.4237666666666667,0.01159947316811318
YOLOv4 no aug,2218,0.4237666666666667,0.01159947316811318
YOLOv4 no aug,2219,0.4237666666666667,0.01159947316811318
YOLOv4 no aug,2220,0.4237666666666667,0.01159947316811318
YOLOv4 no aug,2221,0.4237666666666667,0.01159947316811318
YOLOv4 no aug,2222,0.4237666666666667,0.01159947316811318
YOLOv4 no aug,2223,0.4237666666666667,0.01159947316811318
YOLOv4 no aug,2224,0.4237666666666667,0.01159947316811318
YOLOv4 no aug,2225,0.4237666666666667,0.01159947316811318
YOLOv4 no aug,2226,0.4237666666666667,0.01159947316811318
YOLOv4 no aug,2227,0.4237666666666667,0.01159947316811318
YOLOv4 no aug,2228,0.4237666666666667,0.01159947316811318
YOLOv4 no aug,2229,0.4237666666666667,0.01159947316811318
YOLOv4 no aug,2230,0.4237666666666667,0.01159947316811318
YOLOv4 no aug,2231,0.4237666666666667,0.01159947316811318
YOLOv4 no aug,2232,0.4237666666666667,0.01159947316811318
YOLOv4 no aug,2233,0.4237666666666667,0.01159947316811318
YOLOv4 no aug,2234,0.4237666666666667,0.01159947316811318
YOLOv4 no aug,2235,0.4237666666666667,0.01159947316811318
YOLOv4 no aug,2236,0.4237666666666667,0.01159947316811318
YOLOv4 no aug,2237,0.4237666666666667,0.01159947316811318
YOLOv4 no aug,2238,0.4237666666666667,0.01159947316811318
YOLOv4 no aug,2239,0.4237666666666667,0.01159947316811318
YOLOv4 no aug,2240,0.4237666666666667,0.01159947316811318
YOLOv4 no aug,2241,0.4237666666666667,0.01159947316811318
YOLOv4 no aug,2242,0.4237666666666667,0.01159947316811318
YOLOv4 no aug,2243,0.4237666666666667,0.01159947316811318
YOLOv4 no aug,2244,0.4237666666666667,0.01159947316811318
YOLOv4 no aug,2245,0.4237666666666667,0.01159947316811318
YOLOv4 no aug,2246,0.4237666666666667,0.01159947316811318
YOLOv4 no aug,2247,0.4237666666666667,0.01159947316811318
YOLOv4 no aug,2248,0.4237666666666667,0.01159947316811318
YOLOv4 no aug,2249,0.4237666666666667,0.01159947316811318
YOLOv4 no aug,2250,0.4237666666666667,0.01159947316811318
YOLOv4 no aug,2251,0.4237666666666667,0.01159947316811318
YOLOv4 no aug,2252,0.4237666666666667,0.01159947316811318
YOLOv4 no aug,2253,0.4237666666666667,0.01159947316811318
YOLOv4 no aug,2254,0.4237666666666667,0.01159947316811318
YOLOv4 no aug,2255,0.4237666666666667,0.01159947316811318
YOLOv4 no aug,2256,0.4237666666666667,0.01159947316811318
YOLOv4 no aug,2257,0.4237666666666667,0.01159947316811318
YOLOv4 no aug,2258,0.4237666666666667,0.01159947316811318
YOLOv4 no aug,2259,0.4237666666666667,0.01159947316811318
YOLOv4 no aug,2260,0.4237666666666667,0.01159947316811318
YOLOv4 no aug,2261,0.4237666666666667,0.01159947316811318
YOLOv4 no aug,2262,0.4237666666666667,0.01159947316811318
YOLOv4 no aug,2263,0.4237666666666667,0.01159947316811318
YOLOv4 no aug,2264,0.4237666666666667,0.01159947316811318
YOLOv4 no aug,2265,0.4237666666666667,0.01159947316811318
YOLOv4 no aug,2266,0.4237666666666667,0.01159947316811318
YOLOv4 no aug,2267,0.4237666666666667,0.01159947316811318
YOLOv4 no aug,2268,0.4237666666666667,0.01159947316811318
YOLOv4 no aug,2269,0.4237666666666667,0.01159947316811318
YOLOv4 no aug,2270,0.4237666666666667,0.01159947316811318
YOLOv4 no aug,2271,0.4237666666666667,0.01159947316811318
YOLOv4 no aug,2272,0.4237666666666667,0.01159947316811318
YOLOv4 no aug,2273,0.4237666666666667,0.01159947316811318
YOLOv4 no aug,2274,0.4237666666666667,0.01159947316811318
YOLOv4 no aug,2275,0.4237666666666667,0.01159947316811318
YOLOv4 no aug,2276,0.4237666666666667,0.01159947316811318
YOLOv4 no aug,2277,0.4237666666666667,0.01159947316811318
YOLOv4 no aug,2278,0.4237666666666667,0.01159947316811318
YOLOv4 no aug,2279,0.4237666666666667,0.01159947316811318
YOLOv4 no aug,2280,0.4237666666666667,0.01159947316811318
YOLOv4 no aug,2281,0.4237666666666667,0.01159947316811318
YOLOv4 no aug,2282,0.4237666666666667,0.01159947316811318
YOLOv4 no aug,2283,0.4237666666666667,0.01159947316811318
YOLOv4 no aug,2284,0.4237666666666667,0.01159947316811318
YOLOv4 no aug,2285,0.4237666666666667,0.01159947316811318
YOLOv4 no aug,2286,0.4237666666666667,0.01159947316811318
YOLOv4 no aug,2287,0.4237666666666667,0.01159947316811318
YOLOv4 no aug,2288,0.4237666666666667,0.01159947316811318
YOLOv4 no aug,2289,0.4237666666666667,0.01159947316811318
YOLOv4 no aug,2290,0.4237666666666667,0.01159947316811318
YOLOv4 no aug,2291,0.4237666666666667,0.01159947316811318
YOLOv4 no aug,2292,0.4237666666666667,0.01159947316811318
YOLOv4 no aug,2293,0.4237666666666667,0.01159947316811318
YOLOv4 no aug,2294,0.4237666666666667,0.01159947316811318
YOLOv4 no aug,2295,0.4237666666666667,0.01159947316811318
YOLOv4 no aug,2296,0.4237666666666667,0.01159947316811318
YOLOv4 no aug,2297,0.4237666666666667,0.01159947316811318
YOLOv4 no aug,2298,0.4237666666666667,0.01159947316811318
YOLOv4 no aug,2299,0.4237666666666667,0.01159947316811318
YOLOv4 no aug,2300,0.4202935555555556,0.005416921476342831
YOLOv4 no aug,2301,0.42029999999999995,0.01082142935722139
YOLOv4 no aug,2302,0.42029999999999995,0.01082142935722139
YOLOv4 no aug,2303,0.42029999999999995,0.01082142935722139
YOLOv4 no aug,2304,0.42029999999999995,0.01082142935722139
YOLOv4 no aug,2305,0.42029999999999995,0.01082142935722139
YOLOv4 no aug,2306,0.42029999999999995,0.01082142935722139
YOLOv4 no aug,2307,0.42029999999999995,0.01082142935722139
YOLOv4 no aug,2308,0.42029999999999995,0.01082142935722139
YOLOv4 no aug,2309,0.42029999999999995,0.01082142935722139
YOLOv4 no aug,2310,0.42029999999999995,0.01082142935722139
YOLOv4 no aug,2311,0.42029999999999995,0.01082142935722139
YOLOv4 no aug,2312,0.42029999999999995,0.01082142935722139
YOLOv4 no aug,2313,0.42029999999999995,0.01082142935722139
YOLOv4 no aug,2314,0.42029999999999995,0.01082142935722139
YOLOv4 no aug,2315,0.42029999999999995,0.01082142935722139
YOLOv4 no aug,2316,0.42029999999999995,0.01082142935722139
YOLOv4 no aug,2317,0.42029999999999995,0.01082142935722139
YOLOv4 no aug,2318,0.42029999999999995,0.01082142935722139
YOLOv4 no aug,2319,0.42029999999999995,0.01082142935722139
YOLOv4 no aug,2320,0.42029999999999995,0.01082142935722139
YOLOv4 no aug,2321,0.42029999999999995,0.01082142935722139
YOLOv4 no aug,2322,0.42029999999999995,0.01082142935722139
YOLOv4 no aug,2323,0.42029999999999995,0.01082142935722139
YOLOv4 no aug,2324,0.42029999999999995,0.01082142935722139
YOLOv4 no aug,2325,0.42029999999999995,0.01082142935722139
YOLOv4 no aug,2326,0.42029999999999995,0.01082142935722139
YOLOv4 no aug,2327,0.42029999999999995,0.01082142935722139
YOLOv4 no aug,2328,0.42029999999999995,0.01082142935722139
YOLOv4 no aug,2329,0.42029999999999995,0.01082142935722139
YOLOv4 no aug,2330,0.42029999999999995,0.01082142935722139
YOLOv4 no aug,2331,0.42029999999999995,0.01082142935722139
YOLOv4 no aug,2332,0.42029999999999995,0.01082142935722139
YOLOv4 no aug,2333,0.42029999999999995,0.01082142935722139
YOLOv4 no aug,2334,0.42029999999999995,0.01082142935722139
YOLOv4 no aug,2335,0.42029999999999995,0.01082142935722139
YOLOv4 no aug,2336,0.42029999999999995,0.01082142935722139
YOLOv4 no aug,2337,0.42029999999999995,0.01082142935722139
YOLOv4 no aug,2338,0.42029999999999995,0.01082142935722139
YOLOv4 no aug,2339,0.42029999999999995,0.01082142935722139
YOLOv4 no aug,2340,0.42029999999999995,0.01082142935722139
YOLOv4 no aug,2341,0.42029999999999995,0.01082142935722139
YOLOv4 no aug,2342,0.42029999999999995,0.01082142935722139
YOLOv4 no aug,2343,0.42029999999999995,0.01082142935722139
YOLOv4 no aug,2344,0.42029999999999995,0.01082142935722139
YOLOv4 no aug,2345,0.42029999999999995,0.01082142935722139
YOLOv4 no aug,2346,0.42029999999999995,0.01082142935722139
YOLOv4 no aug,2347,0.42029999999999995,0.01082142935722139
YOLOv4 no aug,2348,0.42029999999999995,0.01082142935722139
YOLOv4 no aug,2349,0.42029999999999995,0.01082142935722139
YOLOv4 no aug,2350,0.42029999999999995,0.01082142935722139
YOLOv4 no aug,2351,0.42029999999999995,0.01082142935722139
YOLOv4 no aug,2352,0.42029999999999995,0.01082142935722139
YOLOv4 no aug,2353,0.42029999999999995,0.01082142935722139
YOLOv4 no aug,2354,0.42029999999999995,0.01082142935722139
YOLOv4 no aug,2355,0.42029999999999995,0.01082142935722139
YOLOv4 no aug,2356,0.42029999999999995,0.01082142935722139
YOLOv4 no aug,2357,0.42029999999999995,0.01082142935722139
YOLOv4 no aug,2358,0.42029999999999995,0.01082142935722139
YOLOv4 no aug,2359,0.42029999999999995,0.01082142935722139
YOLOv4 no aug,2360,0.42029999999999995,0.01082142935722139
YOLOv4 no aug,2361,0.42029999999999995,0.01082142935722139
YOLOv4 no aug,2362,0.42029999999999995,0.01082142935722139
YOLOv4 no aug,2363,0.42029999999999995,0.01082142935722139
YOLOv4 no aug,2364,0.42029999999999995,0.01082142935722139
YOLOv4 no aug,2365,0.42029999999999995,0.01082142935722139
YOLOv4 no aug,2366,0.42029999999999995,0.01082142935722139
YOLOv4 no aug,2367,0.42029999999999995,0.01082142935722139
YOLOv4 no aug,2368,0.42029999999999995,0.01082142935722139
YOLOv4 no aug,2369,0.42029999999999995,0.01082142935722139
YOLOv4 no aug,2370,0.42029999999999995,0.01082142935722139
YOLOv4 no aug,2371,0.42029999999999995,0.01082142935722139
YOLOv4 no aug,2372,0.42029999999999995,0.01082142935722139
YOLOv4 no aug,2373,0.42029999999999995,0.01082142935722139
YOLOv4 no aug,2374,0.42029999999999995,0.01082142935722139
YOLOv4 no aug,2375,0.42029999999999995,0.01082142935722139
YOLOv4 no aug,2376,0.42029999999999995,0.01082142935722139
YOLOv4 no aug,2377,0.42029999999999995,0.01082142935722139
YOLOv4 no aug,2378,0.42029999999999995,0.01082142935722139
YOLOv4 no aug,2379,0.42029999999999995,0.01082142935722139
YOLOv4 no aug,2380,0.42029999999999995,0.01082142935722139
YOLOv4 no aug,2381,0.42029999999999995,0.01082142935722139
YOLOv4 no aug,2382,0.42029999999999995,0.01082142935722139
YOLOv4 no aug,2383,0.42029999999999995,0.01082142935722139
YOLOv4 no aug,2384,0.42029999999999995,0.01082142935722139
YOLOv4 no aug,2385,0.42029999999999995,0.01082142935722139
YOLOv4 no aug,2386,0.42029999999999995,0.01082142935722139
YOLOv4 no aug,2387,0.42029999999999995,0.01082142935722139
YOLOv4 no aug,2388,0.42029999999999995,0.01082142935722139
YOLOv4 no aug,2389,0.42029999999999995,0.01082142935722139
YOLOv4 no aug,2390,0.42029999999999995,0.01082142935722139
YOLOv4 no aug,2391,0.42029999999999995,0.01082142935722139
YOLOv4 no aug,2392,0.42029999999999995,0.01082142935722139
YOLOv4 no aug,2393,0.42029999999999995,0.01082142935722139
YOLOv4 no aug,2394,0.42029999999999995,0.01082142935722139
YOLOv4 no aug,2395,0.42029999999999995,0.01082142935722139
YOLOv4 no aug,2396,0.42029999999999995,0.01082142935722139
YOLOv4 no aug,2397,0.42029999999999995,0.01082142935722139
YOLOv4 no aug,2398,0.42029999999999995,0.01082142935722139
YOLOv4 no aug,2399,0.42029999999999995,0.01082142935722139
YOLOv4 no aug,2400,0.42394755555555563,0.0020356222165819437
YOLOv4 no aug,2401,0.42393333333333333,0.004082618985134148
YOLOv4 no aug,2402,0.42393333333333333,0.004082618985134148
YOLOv4 no aug,2403,0.42393333333333333,0.004082618985134148
YOLOv4 no aug,2404,0.42393333333333333,0.004082618985134148
YOLOv4 no aug,2405,0.42393333333333333,0.004082618985134148
YOLOv4 no aug,2406,0.42393333333333333,0.004082618985134148
YOLOv4 no aug,2407,0.42393333333333333,0.004082618985134148
YOLOv4 no aug,2408,0.42393333333333333,0.004082618985134148
YOLOv4 no aug,2409,0.42393333333333333,0.004082618985134148
YOLOv4 no aug,2410,0.42393333333333333,0.004082618985134148
YOLOv4 no aug,2411,0.42393333333333333,0.004082618985134148
YOLOv4 no aug,2412,0.42393333333333333,0.004082618985134148
YOLOv4 no aug,2413,0.42393333333333333,0.004082618985134148
YOLOv4 no aug,2414,0.42393333333333333,0.004082618985134148
YOLOv4 no aug,2415,0.42393333333333333,0.004082618985134148
YOLOv4 no aug,2416,0.42393333333333333,0.004082618985134148
YOLOv4 no aug,2417,0.42393333333333333,0.004082618985134148
YOLOv4 no aug,2418,0.42393333333333333,0.004082618985134148
YOLOv4 no aug,2419,0.42393333333333333,0.004082618985134148
YOLOv4 no aug,2420,0.42393333333333333,0.004082618985134148
YOLOv4 no aug,2421,0.42393333333333333,0.004082618985134148
YOLOv4 no aug,2422,0.42393333333333333,0.004082618985134148
YOLOv4 no aug,2423,0.42393333333333333,0.004082618985134148
YOLOv4 no aug,2424,0.42393333333333333,0.004082618985134148
YOLOv4 no aug,2425,0.42393333333333333,0.004082618985134148
YOLOv4 no aug,2426,0.42393333333333333,0.004082618985134148
YOLOv4 no aug,2427,0.42393333333333333,0.004082618985134148
YOLOv4 no aug,2428,0.42393333333333333,0.004082618985134148
YOLOv4 no aug,2429,0.42393333333333333,0.004082618985134148
YOLOv4 no aug,2430,0.42393333333333333,0.004082618985134148
YOLOv4 no aug,2431,0.42393333333333333,0.004082618985134148
YOLOv4 no aug,2432,0.42393333333333333,0.004082618985134148
YOLOv4 no aug,2433,0.42393333333333333,0.004082618985134148
YOLOv4 no aug,2434,0.42393333333333333,0.004082618985134148
YOLOv4 no aug,2435,0.42393333333333333,0.004082618985134148
YOLOv4 no aug,2436,0.42393333333333333,0.004082618985134148
YOLOv4 no aug,2437,0.42393333333333333,0.004082618985134148
YOLOv4 no aug,2438,0.42393333333333333,0.004082618985134148
YOLOv4 no aug,2439,0.42393333333333333,0.004082618985134148
YOLOv4 no aug,2440,0.42393333333333333,0.004082618985134148
YOLOv4 no aug,2441,0.42393333333333333,0.004082618985134148
YOLOv4 no aug,2442,0.42393333333333333,0.004082618985134148
YOLOv4 no aug,2443,0.42393333333333333,0.004082618985134148
YOLOv4 no aug,2444,0.42393333333333333,0.004082618985134148
YOLOv4 no aug,2445,0.42393333333333333,0.004082618985134148
YOLOv4 no aug,2446,0.42393333333333333,0.004082618985134148
YOLOv4 no aug,2447,0.42393333333333333,0.004082618985134148
YOLOv4 no aug,2448,0.42393333333333333,0.004082618985134148
YOLOv4 no aug,2449,0.42393333333333333,0.004082618985134148
YOLOv4 no aug,2450,0.42393333333333333,0.004082618985134148
YOLOv4 no aug,2451,0.42393333333333333,0.004082618985134148
YOLOv4 no aug,2452,0.42393333333333333,0.004082618985134148
YOLOv4 no aug,2453,0.42393333333333333,0.004082618985134148
YOLOv4 no aug,2454,0.42393333333333333,0.004082618985134148
YOLOv4 no aug,2455,0.42393333333333333,0.004082618985134148
YOLOv4 no aug,2456,0.42393333333333333,0.004082618985134148
YOLOv4 no aug,2457,0.42393333333333333,0.004082618985134148
YOLOv4 no aug,2458,0.42393333333333333,0.004082618985134148
YOLOv4 no aug,2459,0.42393333333333333,0.004082618985134148
YOLOv4 no aug,2460,0.42393333333333333,0.004082618985134148
YOLOv4 no aug,2461,0.42393333333333333,0.004082618985134148
YOLOv4 no aug,2462,0.42393333333333333,0.004082618985134148
YOLOv4 no aug,2463,0.42393333333333333,0.004082618985134148
YOLOv4 no aug,2464,0.42393333333333333,0.004082618985134148
YOLOv4 no aug,2465,0.42393333333333333,0.004082618985134148
YOLOv4 no aug,2466,0.42393333333333333,0.004082618985134148
YOLOv4 no aug,2467,0.42393333333333333,0.004082618985134148
YOLOv4 no aug,2468,0.42393333333333333,0.004082618985134148
YOLOv4 no aug,2469,0.42393333333333333,0.004082618985134148
YOLOv4 no aug,2470,0.42393333333333333,0.004082618985134148
YOLOv4 no aug,2471,0.42393333333333333,0.004082618985134148
YOLOv4 no aug,2472,0.42393333333333333,0.004082618985134148
YOLOv4 no aug,2473,0.42393333333333333,0.004082618985134148
YOLOv4 no aug,2474,0.42393333333333333,0.004082618985134148
YOLOv4 no aug,2475,0.42393333333333333,0.004082618985134148
YOLOv4 no aug,2476,0.42393333333333333,0.004082618985134148
YOLOv4 no aug,2477,0.42393333333333333,0.004082618985134148
YOLOv4 no aug,2478,0.42393333333333333,0.004082618985134148
YOLOv4 no aug,2479,0.42393333333333333,0.004082618985134148
YOLOv4 no aug,2480,0.42393333333333333,0.004082618985134148
YOLOv4 no aug,2481,0.42393333333333333,0.004082618985134148
YOLOv4 no aug,2482,0.42393333333333333,0.004082618985134148
YOLOv4 no aug,2483,0.42393333333333333,0.004082618985134148
YOLOv4 no aug,2484,0.42393333333333333,0.004082618985134148
YOLOv4 no aug,2485,0.42393333333333333,0.004082618985134148
YOLOv4 no aug,2486,0.42393333333333333,0.004082618985134148
YOLOv4 no aug,2487,0.42393333333333333,0.004082618985134148
YOLOv4 no aug,2488,0.42393333333333333,0.004082618985134148
YOLOv4 no aug,2489,0.42393333333333333,0.004082618985134148
YOLOv4 no aug,2490,0.42393333333333333,0.004082618985134148
YOLOv4 no aug,2491,0.42393333333333333,0.004082618985134148
YOLOv4 no aug,2492,0.42393333333333333,0.004082618985134148
YOLOv4 no aug,2493,0.42393333333333333,0.004082618985134148
YOLOv4 no aug,2494,0.42393333333333333,0.004082618985134148
YOLOv4 no aug,2495,0.42393333333333333,0.004082618985134148
YOLOv4 no aug,2496,0.42393333333333333,0.004082618985134148
YOLOv4 no aug,2497,0.42393333333333333,0.004082618985134148
YOLOv4 no aug,2498,0.42393333333333333,0.004082618985134148
YOLOv4 no aug,2499,0.42393333333333333,0.004082618985134148
YOLOv4 no aug,2500,0.42679422222222224,0.002000350495522791
YOLOv4 no aug,2501,0.42680000000000007,0.004006661120351128
YOLOv4 no aug,2502,0.42680000000000007,0.004006661120351128
YOLOv4 no aug,2503,0.42680000000000007,0.004006661120351128
YOLOv4 no aug,2504,0.42680000000000007,0.004006661120351128
YOLOv4 no aug,2505,0.42680000000000007,0.004006661120351128
YOLOv4 no aug,2506,0.42680000000000007,0.004006661120351128
YOLOv4 no aug,2507,0.42680000000000007,0.004006661120351128
YOLOv4 no aug,2508,0.42680000000000007,0.004006661120351128
YOLOv4 no aug,2509,0.42680000000000007,0.004006661120351128
YOLOv4 no aug,2510,0.42680000000000007,0.004006661120351128
YOLOv4 no aug,2511,0.42680000000000007,0.004006661120351128
YOLOv4 no aug,2512,0.42680000000000007,0.004006661120351128
YOLOv4 no aug,2513,0.42680000000000007,0.004006661120351128
YOLOv4 no aug,2514,0.42680000000000007,0.004006661120351128
YOLOv4 no aug,2515,0.42680000000000007,0.004006661120351128
YOLOv4 no aug,2516,0.42680000000000007,0.004006661120351128
YOLOv4 no aug,2517,0.42680000000000007,0.004006661120351128
YOLOv4 no aug,2518,0.42680000000000007,0.004006661120351128
YOLOv4 no aug,2519,0.42680000000000007,0.004006661120351128
YOLOv4 no aug,2520,0.42680000000000007,0.004006661120351128
YOLOv4 no aug,2521,0.42680000000000007,0.004006661120351128
YOLOv4 no aug,2522,0.42680000000000007,0.004006661120351128
YOLOv4 no aug,2523,0.42680000000000007,0.004006661120351128
YOLOv4 no aug,2524,0.42680000000000007,0.004006661120351128
YOLOv4 no aug,2525,0.42680000000000007,0.004006661120351128
YOLOv4 no aug,2526,0.42680000000000007,0.004006661120351128
YOLOv4 no aug,2527,0.42680000000000007,0.004006661120351128
YOLOv4 no aug,2528,0.42680000000000007,0.004006661120351128
YOLOv4 no aug,2529,0.42680000000000007,0.004006661120351128
YOLOv4 no aug,2530,0.42680000000000007,0.004006661120351128
YOLOv4 no aug,2531,0.42680000000000007,0.004006661120351128
YOLOv4 no aug,2532,0.42680000000000007,0.004006661120351128
YOLOv4 no aug,2533,0.42680000000000007,0.004006661120351128
YOLOv4 no aug,2534,0.42680000000000007,0.004006661120351128
YOLOv4 no aug,2535,0.42680000000000007,0.004006661120351128
YOLOv4 no aug,2536,0.42680000000000007,0.004006661120351128
YOLOv4 no aug,2537,0.42680000000000007,0.004006661120351128
YOLOv4 no aug,2538,0.42680000000000007,0.004006661120351128
YOLOv4 no aug,2539,0.42680000000000007,0.004006661120351128
YOLOv4 no aug,2540,0.42680000000000007,0.004006661120351128
YOLOv4 no aug,2541,0.42680000000000007,0.004006661120351128
YOLOv4 no aug,2542,0.42680000000000007,0.004006661120351128
YOLOv4 no aug,2543,0.42680000000000007,0.004006661120351128
YOLOv4 no aug,2544,0.42680000000000007,0.004006661120351128
YOLOv4 no aug,2545,0.42680000000000007,0.004006661120351128
YOLOv4 no aug,2546,0.42680000000000007,0.004006661120351128
YOLOv4 no aug,2547,0.42680000000000007,0.004006661120351128
YOLOv4 no aug,2548,0.42680000000000007,0.004006661120351128
YOLOv4 no aug,2549,0.42680000000000007,0.004006661120351128
YOLOv4 no aug,2550,0.42680000000000007,0.004006661120351128
YOLOv4 no aug,2551,0.42680000000000007,0.004006661120351128
YOLOv4 no aug,2552,0.42680000000000007,0.004006661120351128
YOLOv4 no aug,2553,0.42680000000000007,0.004006661120351128
YOLOv4 no aug,2554,0.42680000000000007,0.004006661120351128
YOLOv4 no aug,2555,0.42680000000000007,0.004006661120351128
YOLOv4 no aug,2556,0.42680000000000007,0.004006661120351128
YOLOv4 no aug,2557,0.42680000000000007,0.004006661120351128
YOLOv4 no aug,2558,0.42680000000000007,0.004006661120351128
YOLOv4 no aug,2559,0.42680000000000007,0.004006661120351128
YOLOv4 no aug,2560,0.42680000000000007,0.004006661120351128
YOLOv4 no aug,2561,0.42680000000000007,0.004006661120351128
YOLOv4 no aug,2562,0.42680000000000007,0.004006661120351128
YOLOv4 no aug,2563,0.42680000000000007,0.004006661120351128
YOLOv4 no aug,2564,0.42680000000000007,0.004006661120351128
YOLOv4 no aug,2565,0.42680000000000007,0.004006661120351128
YOLOv4 no aug,2566,0.42680000000000007,0.004006661120351128
YOLOv4 no aug,2567,0.42680000000000007,0.004006661120351128
YOLOv4 no aug,2568,0.42680000000000007,0.004006661120351128
YOLOv4 no aug,2569,0.42680000000000007,0.004006661120351128
YOLOv4 no aug,2570,0.42680000000000007,0.004006661120351128
YOLOv4 no aug,2571,0.42680000000000007,0.004006661120351128
YOLOv4 no aug,2572,0.42680000000000007,0.004006661120351128
YOLOv4 no aug,2573,0.42680000000000007,0.004006661120351128
YOLOv4 no aug,2574,0.42680000000000007,0.004006661120351128
YOLOv4 no aug,2575,0.42680000000000007,0.004006661120351128
YOLOv4 no aug,2576,0.42680000000000007,0.004006661120351128
YOLOv4 no aug,2577,0.42680000000000007,0.004006661120351128
YOLOv4 no aug,2578,0.42680000000000007,0.004006661120351128
YOLOv4 no aug,2579,0.42680000000000007,0.004006661120351128
YOLOv4 no aug,2580,0.42680000000000007,0.004006661120351128
YOLOv4 no aug,2581,0.42680000000000007,0.004006661120351128
YOLOv4 no aug,2582,0.42680000000000007,0.004006661120351128
YOLOv4 no aug,2583,0.42680000000000007,0.004006661120351128
YOLOv4 no aug,2584,0.42680000000000007,0.004006661120351128
YOLOv4 no aug,2585,0.42680000000000007,0.004006661120351128
YOLOv4 no aug,2586,0.42680000000000007,0.004006661120351128
YOLOv4 no aug,2587,0.42680000000000007,0.004006661120351128
YOLOv4 no aug,2588,0.42680000000000007,0.004006661120351128
YOLOv4 no aug,2589,0.42680000000000007,0.004006661120351128
YOLOv4 no aug,2590,0.42680000000000007,0.004006661120351128
YOLOv4 no aug,2591,0.42680000000000007,0.004006661120351128
YOLOv4 no aug,2592,0.42680000000000007,0.004006661120351128
YOLOv4 no aug,2593,0.42680000000000007,0.004006661120351128
YOLOv4 no aug,2594,0.42680000000000007,0.004006661120351128
YOLOv4 no aug,2595,0.42680000000000007,0.004006661120351128
YOLOv4 no aug,2596,0.42680000000000007,0.004006661120351128
YOLOv4 no aug,2597,0.42680000000000007,0.004006661120351128
YOLOv4 no aug,2598,0.42680000000000007,0.004006661120351128
YOLOv4 no aug,2599,0.42680000000000007,0.004006661120351128
YOLOv4 no aug,2600,0.41709044444444443,0.005112218017518615
YOLOv4 no aug,2601,0.4171,0.010232790430767169
YOLOv4 no aug,2602,0.4171,0.010232790430767169
YOLOv4 no aug,2603,0.4171,0.010232790430767169
YOLOv4 no aug,2604,0.4171,0.010232790430767169
YOLOv4 no aug,2605,0.4171,0.010232790430767169
YOLOv4 no aug,2606,0.4171,0.010232790430767169
YOLOv4 no aug,2607,0.4171,0.010232790430767169
YOLOv4 no aug,2608,0.4171,0.010232790430767169
YOLOv4 no aug,2609,0.4171,0.010232790430767169
YOLOv4 no aug,2610,0.4171,0.010232790430767169
YOLOv4 no aug,2611,0.4171,0.010232790430767169
YOLOv4 no aug,2612,0.4171,0.010232790430767169
YOLOv4 no aug,2613,0.4171,0.010232790430767169
YOLOv4 no aug,2614,0.4171,0.010232790430767169
YOLOv4 no aug,2615,0.4171,0.010232790430767169
YOLOv4 no aug,2616,0.4171,0.010232790430767169
YOLOv4 no aug,2617,0.4171,0.010232790430767169
YOLOv4 no aug,2618,0.4171,0.010232790430767169
YOLOv4 no aug,2619,0.4171,0.010232790430767169
YOLOv4 no aug,2620,0.4171,0.010232790430767169
YOLOv4 no aug,2621,0.4171,0.010232790430767169
YOLOv4 no aug,2622,0.4171,0.010232790430767169
YOLOv4 no aug,2623,0.4171,0.010232790430767169
YOLOv4 no aug,2624,0.4171,0.010232790430767169
YOLOv4 no aug,2625,0.4171,0.010232790430767169
YOLOv4 no aug,2626,0.4171,0.010232790430767169
YOLOv4 no aug,2627,0.4171,0.010232790430767169
YOLOv4 no aug,2628,0.4171,0.010232790430767169
YOLOv4 no aug,2629,0.4171,0.010232790430767169
YOLOv4 no aug,2630,0.4171,0.010232790430767169
YOLOv4 no aug,2631,0.4171,0.010232790430767169
YOLOv4 no aug,2632,0.4171,0.010232790430767169
YOLOv4 no aug,2633,0.4171,0.010232790430767169
YOLOv4 no aug,2634,0.4171,0.010232790430767169
YOLOv4 no aug,2635,0.4171,0.010232790430767169
YOLOv4 no aug,2636,0.4171,0.010232790430767169
YOLOv4 no aug,2637,0.4171,0.010232790430767169
YOLOv4 no aug,2638,0.4171,0.010232790430767169
YOLOv4 no aug,2639,0.4171,0.010232790430767169
YOLOv4 no aug,2640,0.4171,0.010232790430767169
YOLOv4 no aug,2641,0.4171,0.010232790430767169
YOLOv4 no aug,2642,0.4171,0.010232790430767169
YOLOv4 no aug,2643,0.4171,0.010232790430767169
YOLOv4 no aug,2644,0.4171,0.010232790430767169
YOLOv4 no aug,2645,0.4171,0.010232790430767169
YOLOv4 no aug,2646,0.4171,0.010232790430767169
YOLOv4 no aug,2647,0.4171,0.010232790430767169
YOLOv4 no aug,2648,0.4171,0.010232790430767169
YOLOv4 no aug,2649,0.4171,0.010232790430767169
YOLOv4 no aug,2650,0.4171,0.010232790430767169
YOLOv4 no aug,2651,0.4171,0.010232790430767169
YOLOv4 no aug,2652,0.4171,0.010232790430767169
YOLOv4 no aug,2653,0.4171,0.010232790430767169
YOLOv4 no aug,2654,0.4171,0.010232790430767169
YOLOv4 no aug,2655,0.4171,0.010232790430767169
YOLOv4 no aug,2656,0.4171,0.010232790430767169
YOLOv4 no aug,2657,0.4171,0.010232790430767169
YOLOv4 no aug,2658,0.4171,0.010232790430767169
YOLOv4 no aug,2659,0.4171,0.010232790430767169
YOLOv4 no aug,2660,0.4171,0.010232790430767169
YOLOv4 no aug,2661,0.4171,0.010232790430767169
YOLOv4 no aug,2662,0.4171,0.010232790430767169
YOLOv4 no aug,2663,0.4171,0.010232790430767169
YOLOv4 no aug,2664,0.4171,0.010232790430767169
YOLOv4 no aug,2665,0.4171,0.010232790430767169
YOLOv4 no aug,2666,0.4171,0.010232790430767169
YOLOv4 no aug,2667,0.4171,0.010232790430767169
YOLOv4 no aug,2668,0.4171,0.010232790430767169
YOLOv4 no aug,2669,0.4171,0.010232790430767169
YOLOv4 no aug,2670,0.4171,0.010232790430767169
YOLOv4 no aug,2671,0.4171,0.010232790430767169
YOLOv4 no aug,2672,0.4171,0.010232790430767169
YOLOv4 no aug,2673,0.4171,0.010232790430767169
YOLOv4 no aug,2674,0.4171,0.010232790430767169
YOLOv4 no aug,2675,0.4171,0.010232790430767169
YOLOv4 no aug,2676,0.4171,0.010232790430767169
YOLOv4 no aug,2677,0.4171,0.010232790430767169
YOLOv4 no aug,2678,0.4171,0.010232790430767169
YOLOv4 no aug,2679,0.4171,0.010232790430767169
YOLOv4 no aug,2680,0.4171,0.010232790430767169
YOLOv4 no aug,2681,0.4171,0.010232790430767169
YOLOv4 no aug,2682,0.4171,0.010232790430767169
YOLOv4 no aug,2683,0.4171,0.010232790430767169
YOLOv4 no aug,2684,0.4171,0.010232790430767169
YOLOv4 no aug,2685,0.4171,0.010232790430767169
YOLOv4 no aug,2686,0.4171,0.010232790430767169
YOLOv4 no aug,2687,0.4171,0.010232790430767169
YOLOv4 no aug,2688,0.4171,0.010232790430767169
YOLOv4 no aug,2689,0.4171,0.010232790430767169
YOLOv4 no aug,2690,0.4171,0.010232790430767169
YOLOv4 no aug,2691,0.4171,0.010232790430767169
YOLOv4 no aug,2692,0.4171,0.010232790430767169
YOLOv4 no aug,2693,0.4171,0.010232790430767169
YOLOv4 no aug,2694,0.4171,0.010232790430767169
YOLOv4 no aug,2695,0.4171,0.010232790430767169
YOLOv4 no aug,2696,0.4171,0.010232790430767169
YOLOv4 no aug,2697,0.4171,0.010232790430767169
YOLOv4 no aug,2698,0.4171,0.010232790430767169
YOLOv4 no aug,2699,0.4171,0.010232790430767169
YOLOv4 no aug,2700,0.4238771111111111,0.0051526677217956325
YOLOv4 no aug,2701,0.4239,0.010300647228855741
YOLOv4 no aug,2702,0.4239,0.010300647228855741
YOLOv4 no aug,2703,0.4239,0.010300647228855741
YOLOv4 no aug,2704,0.4239,0.010300647228855741
YOLOv4 no aug,2705,0.4239,0.010300647228855741
YOLOv4 no aug,2706,0.4239,0.010300647228855741
YOLOv4 no aug,2707,0.4239,0.010300647228855741
YOLOv4 no aug,2708,0.4239,0.010300647228855741
YOLOv4 no aug,2709,0.4239,0.010300647228855741
YOLOv4 no aug,2710,0.4239,0.010300647228855741
YOLOv4 no aug,2711,0.4239,0.010300647228855741
YOLOv4 no aug,2712,0.4239,0.010300647228855741
YOLOv4 no aug,2713,0.4239,0.010300647228855741
YOLOv4 no aug,2714,0.4239,0.010300647228855741
YOLOv4 no aug,2715,0.4239,0.010300647228855741
YOLOv4 no aug,2716,0.4239,0.010300647228855741
YOLOv4 no aug,2717,0.4239,0.010300647228855741
YOLOv4 no aug,2718,0.4239,0.010300647228855741
YOLOv4 no aug,2719,0.4239,0.010300647228855741
YOLOv4 no aug,2720,0.4239,0.010300647228855741
YOLOv4 no aug,2721,0.4239,0.010300647228855741
YOLOv4 no aug,2722,0.4239,0.010300647228855741
YOLOv4 no aug,2723,0.4239,0.010300647228855741
YOLOv4 no aug,2724,0.4239,0.010300647228855741
YOLOv4 no aug,2725,0.4239,0.010300647228855741
YOLOv4 no aug,2726,0.4239,0.010300647228855741
YOLOv4 no aug,2727,0.4239,0.010300647228855741
YOLOv4 no aug,2728,0.4239,0.010300647228855741
YOLOv4 no aug,2729,0.4239,0.010300647228855741
YOLOv4 no aug,2730,0.4239,0.010300647228855741
YOLOv4 no aug,2731,0.4239,0.010300647228855741
YOLOv4 no aug,2732,0.4239,0.010300647228855741
YOLOv4 no aug,2733,0.4239,0.010300647228855741
YOLOv4 no aug,2734,0.4239,0.010300647228855741
YOLOv4 no aug,2735,0.4239,0.010300647228855741
YOLOv4 no aug,2736,0.4239,0.010300647228855741
YOLOv4 no aug,2737,0.4239,0.010300647228855741
YOLOv4 no aug,2738,0.4239,0.010300647228855741
YOLOv4 no aug,2739,0.4239,0.010300647228855741
YOLOv4 no aug,2740,0.4239,0.010300647228855741
YOLOv4 no aug,2741,0.4239,0.010300647228855741
YOLOv4 no aug,2742,0.4239,0.010300647228855741
YOLOv4 no aug,2743,0.4239,0.010300647228855741
YOLOv4 no aug,2744,0.4239,0.010300647228855741
YOLOv4 no aug,2745,0.4239,0.010300647228855741
YOLOv4 no aug,2746,0.4239,0.010300647228855741
YOLOv4 no aug,2747,0.4239,0.010300647228855741
YOLOv4 no aug,2748,0.4239,0.010300647228855741
YOLOv4 no aug,2749,0.4239,0.010300647228855741
YOLOv4 no aug,2750,0.4239,0.010300647228855741
YOLOv4 no aug,2751,0.4239,0.010300647228855741
YOLOv4 no aug,2752,0.4239,0.010300647228855741
YOLOv4 no aug,2753,0.4239,0.010300647228855741
YOLOv4 no aug,2754,0.4239,0.010300647228855741
YOLOv4 no aug,2755,0.4239,0.010300647228855741
YOLOv4 no aug,2756,0.4239,0.010300647228855741
YOLOv4 no aug,2757,0.4239,0.010300647228855741
YOLOv4 no aug,2758,0.4239,0.010300647228855741
YOLOv4 no aug,2759,0.4239,0.010300647228855741
YOLOv4 no aug,2760,0.4239,0.010300647228855741
YOLOv4 no aug,2761,0.4239,0.010300647228855741
YOLOv4 no aug,2762,0.4239,0.010300647228855741
YOLOv4 no aug,2763,0.4239,0.010300647228855741
YOLOv4 no aug,2764,0.4239,0.010300647228855741
YOLOv4 no aug,2765,0.4239,0.010300647228855741
YOLOv4 no aug,2766,0.4239,0.010300647228855741
YOLOv4 no aug,2767,0.4239,0.010300647228855741
YOLOv4 no aug,2768,0.4239,0.010300647228855741
YOLOv4 no aug,2769,0.4239,0.010300647228855741
YOLOv4 no aug,2770,0.4239,0.010300647228855741
YOLOv4 no aug,2771,0.4239,0.010300647228855741
YOLOv4 no aug,2772,0.4239,0.010300647228855741
YOLOv4 no aug,2773,0.4239,0.010300647228855741
YOLOv4 no aug,2774,0.4239,0.010300647228855741
YOLOv4 no aug,2775,0.4239,0.010300647228855741
YOLOv4 no aug,2776,0.4239,0.010300647228855741
YOLOv4 no aug,2777,0.4239,0.010300647228855741
YOLOv4 no aug,2778,0.4239,0.010300647228855741
YOLOv4 no aug,2779,0.4239,0.010300647228855741
YOLOv4 no aug,2780,0.4239,0.010300647228855741
YOLOv4 no aug,2781,0.4239,0.010300647228855741
YOLOv4 no aug,2782,0.4239,0.010300647228855741
YOLOv4 no aug,2783,0.4239,0.010300647228855741
YOLOv4 no aug,2784,0.4239,0.010300647228855741
YOLOv4 no aug,2785,0.4239,0.010300647228855741
YOLOv4 no aug,2786,0.4239,0.010300647228855741
YOLOv4 no aug,2787,0.4239,0.010300647228855741
YOLOv4 no aug,2788,0.4239,0.010300647228855741
YOLOv4 no aug,2789,0.4239,0.010300647228855741
YOLOv4 no aug,2790,0.4239,0.010300647228855741
YOLOv4 no aug,2791,0.4239,0.010300647228855741
YOLOv4 no aug,2792,0.4239,0.010300647228855741
YOLOv4 no aug,2793,0.4239,0.010300647228855741
YOLOv4 no aug,2794,0.4239,0.010300647228855741
YOLOv4 no aug,2795,0.4239,0.010300647228855741
YOLOv4 no aug,2796,0.4239,0.010300647228855741
YOLOv4 no aug,2797,0.4239,0.010300647228855741
YOLOv4 no aug,2798,0.4239,0.010300647228855741
YOLOv4 no aug,2799,0.4239,0.010300647228855741
YOLOv4 no aug,2800,0.42617622222222223,0.0029110597572866537
YOLOv4 no aug,2801,0.42616666666666664,0.005823038534801048
YOLOv4 no aug,2802,0.42616666666666664,0.005823038534801048
YOLOv4 no aug,2803,0.42616666666666664,0.005823038534801048
YOLOv4 no aug,2804,0.42616666666666664,0.005823038534801048
YOLOv4 no aug,2805,0.42616666666666664,0.005823038534801048
YOLOv4 no aug,2806,0.42616666666666664,0.005823038534801048
YOLOv4 no aug,2807,0.42616666666666664,0.005823038534801048
YOLOv4 no aug,2808,0.42616666666666664,0.005823038534801048
YOLOv4 no aug,2809,0.42616666666666664,0.005823038534801048
YOLOv4 no aug,2810,0.42616666666666664,0.005823038534801048
YOLOv4 no aug,2811,0.42616666666666664,0.005823038534801048
YOLOv4 no aug,2812,0.42616666666666664,0.005823038534801048
YOLOv4 no aug,2813,0.42616666666666664,0.005823038534801048
YOLOv4 no aug,2814,0.42616666666666664,0.005823038534801048
YOLOv4 no aug,2815,0.42616666666666664,0.005823038534801048
YOLOv4 no aug,2816,0.42616666666666664,0.005823038534801048
YOLOv4 no aug,2817,0.42616666666666664,0.005823038534801048
YOLOv4 no aug,2818,0.42616666666666664,0.005823038534801048
YOLOv4 no aug,2819,0.42616666666666664,0.005823038534801048
YOLOv4 no aug,2820,0.42616666666666664,0.005823038534801048
YOLOv4 no aug,2821,0.42616666666666664,0.005823038534801048
YOLOv4 no aug,2822,0.42616666666666664,0.005823038534801048
YOLOv4 no aug,2823,0.42616666666666664,0.005823038534801048
YOLOv4 no aug,2824,0.42616666666666664,0.005823038534801048
YOLOv4 no aug,2825,0.42616666666666664,0.005823038534801048
YOLOv4 no aug,2826,0.42616666666666664,0.005823038534801048
YOLOv4 no aug,2827,0.42616666666666664,0.005823038534801048
YOLOv4 no aug,2828,0.42616666666666664,0.005823038534801048
YOLOv4 no aug,2829,0.42616666666666664,0.005823038534801048
YOLOv4 no aug,2830,0.42616666666666664,0.005823038534801048
YOLOv4 no aug,2831,0.42616666666666664,0.005823038534801048
YOLOv4 no aug,2832,0.42616666666666664,0.005823038534801048
YOLOv4 no aug,2833,0.42616666666666664,0.005823038534801048
YOLOv4 no aug,2834,0.42616666666666664,0.005823038534801048
YOLOv4 no aug,2835,0.42616666666666664,0.005823038534801048
YOLOv4 no aug,2836,0.42616666666666664,0.005823038534801048
YOLOv4 no aug,2837,0.42616666666666664,0.005823038534801048
YOLOv4 no aug,2838,0.42616666666666664,0.005823038534801048
YOLOv4 no aug,2839,0.42616666666666664,0.005823038534801048
YOLOv4 no aug,2840,0.42616666666666664,0.005823038534801048
YOLOv4 no aug,2841,0.42616666666666664,0.005823038534801048
YOLOv4 no aug,2842,0.42616666666666664,0.005823038534801048
YOLOv4 no aug,2843,0.42616666666666664,0.005823038534801048
YOLOv4 no aug,2844,0.42616666666666664,0.005823038534801048
YOLOv4 no aug,2845,0.42616666666666664,0.005823038534801048
YOLOv4 no aug,2846,0.42616666666666664,0.005823038534801048
YOLOv4 no aug,2847,0.42616666666666664,0.005823038534801048
YOLOv4 no aug,2848,0.42616666666666664,0.005823038534801048
YOLOv4 no aug,2849,0.42616666666666664,0.005823038534801048
YOLOv4 no aug,2850,0.42616666666666664,0.005823038534801048
YOLOv4 no aug,2851,0.42616666666666664,0.005823038534801048
YOLOv4 no aug,2852,0.42616666666666664,0.005823038534801048
YOLOv4 no aug,2853,0.42616666666666664,0.005823038534801048
YOLOv4 no aug,2854,0.42616666666666664,0.005823038534801048
YOLOv4 no aug,2855,0.42616666666666664,0.005823038534801048
YOLOv4 no aug,2856,0.42616666666666664,0.005823038534801048
YOLOv4 no aug,2857,0.42616666666666664,0.005823038534801048
YOLOv4 no aug,2858,0.42616666666666664,0.005823038534801048
YOLOv4 no aug,2859,0.42616666666666664,0.005823038534801048
YOLOv4 no aug,2860,0.42616666666666664,0.005823038534801048
YOLOv4 no aug,2861,0.42616666666666664,0.005823038534801048
YOLOv4 no aug,2862,0.42616666666666664,0.005823038534801048
YOLOv4 no aug,2863,0.42616666666666664,0.005823038534801048
YOLOv4 no aug,2864,0.42616666666666664,0.005823038534801048
YOLOv4 no aug,2865,0.42616666666666664,0.005823038534801048
YOLOv4 no aug,2866,0.42616666666666664,0.005823038534801048
YOLOv4 no aug,2867,0.42616666666666664,0.005823038534801048
YOLOv4 no aug,2868,0.42616666666666664,0.005823038534801048
YOLOv4 no aug,2869,0.42616666666666664,0.005823038534801048
YOLOv4 no aug,2870,0.42616666666666664,0.005823038534801048
YOLOv4 no aug,2871,0.42616666666666664,0.005823038534801048
YOLOv4 no aug,2872,0.42616666666666664,0.005823038534801048
YOLOv4 no aug,2873,0.42616666666666664,0.005823038534801048
YOLOv4 no aug,2874,0.42616666666666664,0.005823038534801048
YOLOv4 no aug,2875,0.42616666666666664,0.005823038534801048
YOLOv4 no aug,2876,0.42616666666666664,0.005823038534801048
YOLOv4 no aug,2877,0.42616666666666664,0.005823038534801048
YOLOv4 no aug,2878,0.42616666666666664,0.005823038534801048
YOLOv4 no aug,2879,0.42616666666666664,0.005823038534801048
YOLOv4 no aug,2880,0.42616666666666664,0.005823038534801048
YOLOv4 no aug,2881,0.42616666666666664,0.005823038534801048
YOLOv4 no aug,2882,0.42616666666666664,0.005823038534801048
YOLOv4 no aug,2883,0.42616666666666664,0.005823038534801048
YOLOv4 no aug,2884,0.42616666666666664,0.005823038534801048
YOLOv4 no aug,2885,0.42616666666666664,0.005823038534801048
YOLOv4 no aug,2886,0.42616666666666664,0.005823038534801048
YOLOv4 no aug,2887,0.42616666666666664,0.005823038534801048
YOLOv4 no aug,2888,0.42616666666666664,0.005823038534801048
YOLOv4 no aug,2889,0.42616666666666664,0.005823038534801048
YOLOv4 no aug,2890,0.42616666666666664,0.005823038534801048
YOLOv4 no aug,2891,0.42616666666666664,0.005823038534801048
YOLOv4 no aug,2892,0.42616666666666664,0.005823038534801048
YOLOv4 no aug,2893,0.42616666666666664,0.005823038534801048
YOLOv4 no aug,2894,0.42616666666666664,0.005823038534801048
YOLOv4 no aug,2895,0.42616666666666664,0.005823038534801048
YOLOv4 no aug,2896,0.42616666666666664,0.005823038534801048
YOLOv4 no aug,2897,0.42616666666666664,0.005823038534801048
YOLOv4 no aug,2898,0.42616666666666664,0.005823038534801048
YOLOv4 no aug,2899,0.42616666666666664,0.005823038534801048
YOLOv4 no aug,2900,0.4385408888888888,0.0035053136507484563
YOLOv4 no aug,2901,0.4385333333333333,0.007017201088119916
YOLOv4 no aug,2902,0.4385333333333333,0.007017201088119916
YOLOv4 no aug,2903,0.4385333333333333,0.007017201088119916
YOLOv4 no aug,2904,0.4385333333333333,0.007017201088119916
YOLOv4 no aug,2905,0.4385333333333333,0.007017201088119916
YOLOv4 no aug,2906,0.4385333333333333,0.007017201088119916
YOLOv4 no aug,2907,0.4385333333333333,0.007017201088119916
YOLOv4 no aug,2908,0.4385333333333333,0.007017201088119916
YOLOv4 no aug,2909,0.4385333333333333,0.007017201088119916
YOLOv4 no aug,2910,0.4385333333333333,0.007017201088119916
YOLOv4 no aug,2911,0.4385333333333333,0.007017201088119916
YOLOv4 no aug,2912,0.4385333333333333,0.007017201088119916
YOLOv4 no aug,2913,0.4385333333333333,0.007017201088119916
YOLOv4 no aug,2914,0.4385333333333333,0.007017201088119916
YOLOv4 no aug,2915,0.4385333333333333,0.007017201088119916
YOLOv4 no aug,2916,0.4385333333333333,0.007017201088119916
YOLOv4 no aug,2917,0.4385333333333333,0.007017201088119916
YOLOv4 no aug,2918,0.4385333333333333,0.007017201088119916
YOLOv4 no aug,2919,0.4385333333333333,0.007017201088119916
YOLOv4 no aug,2920,0.4385333333333333,0.007017201088119916
YOLOv4 no aug,2921,0.4385333333333333,0.007017201088119916
YOLOv4 no aug,2922,0.4385333333333333,0.007017201088119916
YOLOv4 no aug,2923,0.4385333333333333,0.007017201088119916
YOLOv4 no aug,2924,0.4385333333333333,0.007017201088119916
YOLOv4 no aug,2925,0.4385333333333333,0.007017201088119916
YOLOv4 no aug,2926,0.4385333333333333,0.007017201088119916
YOLOv4 no aug,2927,0.4385333333333333,0.007017201088119916
YOLOv4 no aug,2928,0.4385333333333333,0.007017201088119916
YOLOv4 no aug,2929,0.4385333333333333,0.007017201088119916
YOLOv4 no aug,2930,0.4385333333333333,0.007017201088119916
YOLOv4 no aug,2931,0.4385333333333333,0.007017201088119916
YOLOv4 no aug,2932,0.4385333333333333,0.007017201088119916
YOLOv4 no aug,2933,0.4385333333333333,0.007017201088119916
YOLOv4 no aug,2934,0.4385333333333333,0.007017201088119916
YOLOv4 no aug,2935,0.4385333333333333,0.007017201088119916
YOLOv4 no aug,2936,0.4385333333333333,0.007017201088119916
YOLOv4 no aug,2937,0.4385333333333333,0.007017201088119916
YOLOv4 no aug,2938,0.4385333333333333,0.007017201088119916
YOLOv4 no aug,2939,0.4385333333333333,0.007017201088119916
YOLOv4 no aug,2940,0.4385333333333333,0.007017201088119916
YOLOv4 no aug,2941,0.4385333333333333,0.007017201088119916
YOLOv4 no aug,2942,0.4385333333333333,0.007017201088119916
YOLOv4 no aug,2943,0.4385333333333333,0.007017201088119916
YOLOv4 no aug,2944,0.4385333333333333,0.007017201088119916
YOLOv4 no aug,2945,0.4385333333333333,0.007017201088119916
YOLOv4 no aug,2946,0.4385333333333333,0.007017201088119916
YOLOv4 no aug,2947,0.4385333333333333,0.007017201088119916
YOLOv4 no aug,2948,0.4385333333333333,0.007017201088119916
YOLOv4 no aug,2949,0.4385333333333333,0.007017201088119916
YOLOv4 no aug,2950,0.4385333333333333,0.007017201088119916
YOLOv4 no aug,2951,0.4385333333333333,0.007017201088119916
YOLOv4 no aug,2952,0.4385333333333333,0.007017201088119916
YOLOv4 no aug,2953,0.4385333333333333,0.007017201088119916
YOLOv4 no aug,2954,0.4385333333333333,0.007017201088119916
YOLOv4 no aug,2955,0.4385333333333333,0.007017201088119916
YOLOv4 no aug,2956,0.4385333333333333,0.007017201088119916
YOLOv4 no aug,2957,0.4385333333333333,0.007017201088119916
YOLOv4 no aug,2958,0.4385333333333333,0.007017201088119916
YOLOv4 no aug,2959,0.4385333333333333,0.007017201088119916
YOLOv4 no aug,2960,0.4385333333333333,0.007017201088119916
YOLOv4 no aug,2961,0.4385333333333333,0.007017201088119916
YOLOv4 no aug,2962,0.4385333333333333,0.007017201088119916
YOLOv4 no aug,2963,0.4385333333333333,0.007017201088119916
YOLOv4 no aug,2964,0.4385333333333333,0.007017201088119916
YOLOv4 no aug,2965,0.4385333333333333,0.007017201088119916
YOLOv4 no aug,2966,0.4385333333333333,0.007017201088119916
YOLOv4 no aug,2967,0.4385333333333333,0.007017201088119916
YOLOv4 no aug,2968,0.4385333333333333,0.007017201088119916
YOLOv4 no aug,2969,0.4385333333333333,0.007017201088119916
YOLOv4 no aug,2970,0.4385333333333333,0.007017201088119916
YOLOv4 no aug,2971,0.4385333333333333,0.007017201088119916
YOLOv4 no aug,2972,0.4385333333333333,0.007017201088119916
YOLOv4 no aug,2973,0.4385333333333333,0.007017201088119916
YOLOv4 no aug,2974,0.4385333333333333,0.007017201088119916
YOLOv4 no aug,2975,0.4385333333333333,0.007017201088119916
YOLOv4 no aug,2976,0.4385333333333333,0.007017201088119916
YOLOv4 no aug,2977,0.4385333333333333,0.007017201088119916
YOLOv4 no aug,2978,0.4385333333333333,0.007017201088119916
YOLOv4 no aug,2979,0.4385333333333333,0.007017201088119916
YOLOv4 no aug,2980,0.4385333333333333,0.007017201088119916
YOLOv4 no aug,2981,0.4385333333333333,0.007017201088119916
YOLOv4 no aug,2982,0.4385333333333333,0.007017201088119916
YOLOv4 no aug,2983,0.4385333333333333,0.007017201088119916
YOLOv4 no aug,2984,0.4385333333333333,0.007017201088119916
YOLOv4 no aug,2985,0.4385333333333333,0.007017201088119916
YOLOv4 no aug,2986,0.4385333333333333,0.007017201088119916
YOLOv4 no aug,2987,0.4385333333333333,0.007017201088119916
YOLOv4 no aug,2988,0.4385333333333333,0.007017201088119916
YOLOv4 no aug,2989,0.4385333333333333,0.007017201088119916
YOLOv4 no aug,2990,0.4385333333333333,0.007017201088119916
YOLOv4 no aug,2991,0.4385333333333333,0.007017201088119916
YOLOv4 no aug,2992,0.4385333333333333,0.007017201088119916
YOLOv4 no aug,2993,0.4385333333333333,0.007017201088119916
YOLOv4 no aug,2994,0.4385333333333333,0.007017201088119916
YOLOv4 no aug,2995,0.4385333333333333,0.007017201088119916
YOLOv4 no aug,2996,0.4385333333333333,0.007017201088119916
YOLOv4 no aug,2997,0.4385333333333333,0.007017201088119916
YOLOv4 no aug,2998,0.4385333333333333,0.007017201088119916
YOLOv4 no aug,2999,0.4385333333333333,0.007017201088119916
YOLOv4 no aug,3000,0.4420445555555556,0.002302116134674975
YOLOv4 no aug,3001,0.4420333333333333,0.004599396095624326
YOLOv4 no aug,3002,0.4420333333333333,0.004599396095624326
YOLOv4 no aug,3003,0.4420333333333333,0.004599396095624326
YOLOv4 no aug,3004,0.4420333333333333,0.004599396095624326
YOLOv4 no aug,3005,0.4420333333333333,0.004599396095624326
YOLOv4 no aug,3006,0.4420333333333333,0.004599396095624326
YOLOv4 no aug,3007,0.4420333333333333,0.004599396095624326
YOLOv4 no aug,3008,0.4420333333333333,0.004599396095624326
YOLOv4 no aug,3009,0.4420333333333333,0.004599396095624326
YOLOv4 no aug,3010,0.4420333333333333,0.004599396095624326
YOLOv4 no aug,3011,0.4420333333333333,0.004599396095624326
YOLOv4 no aug,3012,0.4420333333333333,0.004599396095624326
YOLOv4 no aug,3013,0.4420333333333333,0.004599396095624326
YOLOv4 no aug,3014,0.4420333333333333,0.004599396095624326
YOLOv4 no aug,3015,0.4420333333333333,0.004599396095624326
YOLOv4 no aug,3016,0.4420333333333333,0.004599396095624326
YOLOv4 no aug,3017,0.4420333333333333,0.004599396095624326
YOLOv4 no aug,3018,0.4420333333333333,0.004599396095624326
YOLOv4 no aug,3019,0.4420333333333333,0.004599396095624326
YOLOv4 no aug,3020,0.4420333333333333,0.004599396095624326
YOLOv4 no aug,3021,0.4420333333333333,0.004599396095624326
YOLOv4 no aug,3022,0.4420333333333333,0.004599396095624326
YOLOv4 no aug,3023,0.4420333333333333,0.004599396095624326
YOLOv4 no aug,3024,0.4420333333333333,0.004599396095624326
YOLOv4 no aug,3025,0.4420333333333333,0.004599396095624326
YOLOv4 no aug,3026,0.4420333333333333,0.004599396095624326
YOLOv4 no aug,3027,0.4420333333333333,0.004599396095624326
YOLOv4 no aug,3028,0.4420333333333333,0.004599396095624326
YOLOv4 no aug,3029,0.4420333333333333,0.004599396095624326
YOLOv4 no aug,3030,0.4420333333333333,0.004599396095624326
YOLOv4 no aug,3031,0.4420333333333333,0.004599396095624326
YOLOv4 no aug,3032,0.4420333333333333,0.004599396095624326
YOLOv4 no aug,3033,0.4420333333333333,0.004599396095624326
YOLOv4 no aug,3034,0.4420333333333333,0.004599396095624326
YOLOv4 no aug,3035,0.4420333333333333,0.004599396095624326
YOLOv4 no aug,3036,0.4420333333333333,0.004599396095624326
YOLOv4 no aug,3037,0.4420333333333333,0.004599396095624326
YOLOv4 no aug,3038,0.4420333333333333,0.004599396095624326
YOLOv4 no aug,3039,0.4420333333333333,0.004599396095624326
YOLOv4 no aug,3040,0.4420333333333333,0.004599396095624326
YOLOv4 no aug,3041,0.4420333333333333,0.004599396095624326
YOLOv4 no aug,3042,0.4420333333333333,0.004599396095624326
YOLOv4 no aug,3043,0.4420333333333333,0.004599396095624326
YOLOv4 no aug,3044,0.4420333333333333,0.004599396095624326
YOLOv4 no aug,3045,0.4420333333333333,0.004599396095624326
YOLOv4 no aug,3046,0.4420333333333333,0.004599396095624326
YOLOv4 no aug,3047,0.4420333333333333,0.004599396095624326
YOLOv4 no aug,3048,0.4420333333333333,0.004599396095624326
YOLOv4 no aug,3049,0.4420333333333333,0.004599396095624326
YOLOv4 no aug,3050,0.4420333333333333,0.004599396095624326
YOLOv4 no aug,3051,0.4420333333333333,0.004599396095624326
YOLOv4 no aug,3052,0.4420333333333333,0.004599396095624326
YOLOv4 no aug,3053,0.4420333333333333,0.004599396095624326
YOLOv4 no aug,3054,0.4420333333333333,0.004599396095624326
YOLOv4 no aug,3055,0.4420333333333333,0.004599396095624326
YOLOv4 no aug,3056,0.4420333333333333,0.004599396095624326
YOLOv4 no aug,3057,0.4420333333333333,0.004599396095624326
YOLOv4 no aug,3058,0.4420333333333333,0.004599396095624326
YOLOv4 no aug,3059,0.4420333333333333,0.004599396095624326
YOLOv4 no aug,3060,0.4420333333333333,0.004599396095624326
YOLOv4 no aug,3061,0.4420333333333333,0.004599396095624326
YOLOv4 no aug,3062,0.4420333333333333,0.004599396095624326
YOLOv4 no aug,3063,0.4420333333333333,0.004599396095624326
YOLOv4 no aug,3064,0.4420333333333333,0.004599396095624326
YOLOv4 no aug,3065,0.4420333333333333,0.004599396095624326
YOLOv4 no aug,3066,0.4420333333333333,0.004599396095624326
YOLOv4 no aug,3067,0.4420333333333333,0.004599396095624326
YOLOv4 no aug,3068,0.4420333333333333,0.004599396095624326
YOLOv4 no aug,3069,0.4420333333333333,0.004599396095624326
YOLOv4 no aug,3070,0.4420333333333333,0.004599396095624326
YOLOv4 no aug,3071,0.4420333333333333,0.004599396095624326
YOLOv4 no aug,3072,0.4420333333333333,0.004599396095624326
YOLOv4 no aug,3073,0.4420333333333333,0.004599396095624326
YOLOv4 no aug,3074,0.4420333333333333,0.004599396095624326
YOLOv4 no aug,3075,0.4420333333333333,0.004599396095624326
YOLOv4 no aug,3076,0.4420333333333333,0.004599396095624326
YOLOv4 no aug,3077,0.4420333333333333,0.004599396095624326
YOLOv4 no aug,3078,0.4420333333333333,0.004599396095624326
YOLOv4 no aug,3079,0.4420333333333333,0.004599396095624326
YOLOv4 no aug,3080,0.4420333333333333,0.004599396095624326
YOLOv4 no aug,3081,0.4420333333333333,0.004599396095624326
YOLOv4 no aug,3082,0.4420333333333333,0.004599396095624326
YOLOv4 no aug,3083,0.4420333333333333,0.004599396095624326
YOLOv4 no aug,3084,0.4420333333333333,0.004599396095624326
YOLOv4 no aug,3085,0.4420333333333333,0.004599396095624326
YOLOv4 no aug,3086,0.4420333333333333,0.004599396095624326
YOLOv4 no aug,3087,0.4420333333333333,0.004599396095624326
YOLOv4 no aug,3088,0.4420333333333333,0.004599396095624326
YOLOv4 no aug,3089,0.4420333333333333,0.004599396095624326
YOLOv4 no aug,3090,0.4420333333333333,0.004599396095624326
YOLOv4 no aug,3091,0.4420333333333333,0.004599396095624326
YOLOv4 no aug,3092,0.4420333333333333,0.004599396095624326
YOLOv4 no aug,3093,0.4420333333333333,0.004599396095624326
YOLOv4 no aug,3094,0.4420333333333333,0.004599396095624326
YOLOv4 no aug,3095,0.4420333333333333,0.004599396095624326
YOLOv4 no aug,3096,0.4420333333333333,0.004599396095624326
YOLOv4 no aug,3097,0.4420333333333333,0.004599396095624326
YOLOv4 no aug,3098,0.4420333333333333,0.004599396095624326
YOLOv4 no aug,3099,0.4420333333333333,0.004599396095624326
YOLOv4 no aug,3100,0.44039733333333336,0.00518765008350495
YOLOv4 no aug,3101,0.44040000000000007,0.010373202655560798
YOLOv4 no aug,3102,0.44040000000000007,0.010373202655560798
YOLOv4 no aug,3103,0.44040000000000007,0.010373202655560798
YOLOv4 no aug,3104,0.44040000000000007,0.010373202655560798
YOLOv4 no aug,3105,0.44040000000000007,0.010373202655560798
YOLOv4 no aug,3106,0.44040000000000007,0.010373202655560798
YOLOv4 no aug,3107,0.44040000000000007,0.010373202655560798
YOLOv4 no aug,3108,0.44040000000000007,0.010373202655560798
YOLOv4 no aug,3109,0.44040000000000007,0.010373202655560798
YOLOv4 no aug,3110,0.44040000000000007,0.010373202655560798
YOLOv4 no aug,3111,0.44040000000000007,0.010373202655560798
YOLOv4 no aug,3112,0.44040000000000007,0.010373202655560798
YOLOv4 no aug,3113,0.44040000000000007,0.010373202655560798
YOLOv4 no aug,3114,0.44040000000000007,0.010373202655560798
YOLOv4 no aug,3115,0.44040000000000007,0.010373202655560798
YOLOv4 no aug,3116,0.44040000000000007,0.010373202655560798
YOLOv4 no aug,3117,0.44040000000000007,0.010373202655560798
YOLOv4 no aug,3118,0.44040000000000007,0.010373202655560798
YOLOv4 no aug,3119,0.44040000000000007,0.010373202655560798
YOLOv4 no aug,3120,0.44040000000000007,0.010373202655560798
YOLOv4 no aug,3121,0.44040000000000007,0.010373202655560798
YOLOv4 no aug,3122,0.44040000000000007,0.010373202655560798
YOLOv4 no aug,3123,0.44040000000000007,0.010373202655560798
YOLOv4 no aug,3124,0.44040000000000007,0.010373202655560798
YOLOv4 no aug,3125,0.44040000000000007,0.010373202655560798
YOLOv4 no aug,3126,0.44040000000000007,0.010373202655560798
YOLOv4 no aug,3127,0.44040000000000007,0.010373202655560798
YOLOv4 no aug,3128,0.44040000000000007,0.010373202655560798
YOLOv4 no aug,3129,0.44040000000000007,0.010373202655560798
YOLOv4 no aug,3130,0.44040000000000007,0.010373202655560798
YOLOv4 no aug,3131,0.44040000000000007,0.010373202655560798
YOLOv4 no aug,3132,0.44040000000000007,0.010373202655560798
YOLOv4 no aug,3133,0.44040000000000007,0.010373202655560798
YOLOv4 no aug,3134,0.44040000000000007,0.010373202655560798
YOLOv4 no aug,3135,0.44040000000000007,0.010373202655560798
YOLOv4 no aug,3136,0.44040000000000007,0.010373202655560798
YOLOv4 no aug,3137,0.44040000000000007,0.010373202655560798
YOLOv4 no aug,3138,0.44040000000000007,0.010373202655560798
YOLOv4 no aug,3139,0.44040000000000007,0.010373202655560798
YOLOv4 no aug,3140,0.44040000000000007,0.010373202655560798
YOLOv4 no aug,3141,0.44040000000000007,0.010373202655560798
YOLOv4 no aug,3142,0.44040000000000007,0.010373202655560798
YOLOv4 no aug,3143,0.44040000000000007,0.010373202655560798
YOLOv4 no aug,3144,0.44040000000000007,0.010373202655560798
YOLOv4 no aug,3145,0.44040000000000007,0.010373202655560798
YOLOv4 no aug,3146,0.44040000000000007,0.010373202655560798
YOLOv4 no aug,3147,0.44040000000000007,0.010373202655560798
YOLOv4 no aug,3148,0.44040000000000007,0.010373202655560798
YOLOv4 no aug,3149,0.44040000000000007,0.010373202655560798
YOLOv4 no aug,3150,0.44040000000000007,0.010373202655560798
YOLOv4 no aug,3151,0.44040000000000007,0.010373202655560798
YOLOv4 no aug,3152,0.44040000000000007,0.010373202655560798
YOLOv4 no aug,3153,0.44040000000000007,0.010373202655560798
YOLOv4 no aug,3154,0.44040000000000007,0.010373202655560798
YOLOv4 no aug,3155,0.44040000000000007,0.010373202655560798
YOLOv4 no aug,3156,0.44040000000000007,0.010373202655560798
YOLOv4 no aug,3157,0.44040000000000007,0.010373202655560798
YOLOv4 no aug,3158,0.44040000000000007,0.010373202655560798
YOLOv4 no aug,3159,0.44040000000000007,0.010373202655560798
YOLOv4 no aug,3160,0.44040000000000007,0.010373202655560798
YOLOv4 no aug,3161,0.44040000000000007,0.010373202655560798
YOLOv4 no aug,3162,0.44040000000000007,0.010373202655560798
YOLOv4 no aug,3163,0.44040000000000007,0.010373202655560798
YOLOv4 no aug,3164,0.44040000000000007,0.010373202655560798
YOLOv4 no aug,3165,0.44040000000000007,0.010373202655560798
YOLOv4 no aug,3166,0.44040000000000007,0.010373202655560798
YOLOv4 no aug,3167,0.44040000000000007,0.010373202655560798
YOLOv4 no aug,3168,0.44040000000000007,0.010373202655560798
YOLOv4 no aug,3169,0.44040000000000007,0.010373202655560798
YOLOv4 no aug,3170,0.44040000000000007,0.010373202655560798
YOLOv4 no aug,3171,0.44040000000000007,0.010373202655560798
YOLOv4 no aug,3172,0.44040000000000007,0.010373202655560798
YOLOv4 no aug,3173,0.44040000000000007,0.010373202655560798
YOLOv4 no aug,3174,0.44040000000000007,0.010373202655560798
YOLOv4 no aug,3175,0.44040000000000007,0.010373202655560798
YOLOv4 no aug,3176,0.44040000000000007,0.010373202655560798
YOLOv4 no aug,3177,0.44040000000000007,0.010373202655560798
YOLOv4 no aug,3178,0.44040000000000007,0.010373202655560798
YOLOv4 no aug,3179,0.44040000000000007,0.010373202655560798
YOLOv4 no aug,3180,0.44040000000000007,0.010373202655560798
YOLOv4 no aug,3181,0.44040000000000007,0.010373202655560798
YOLOv4 no aug,3182,0.44040000000000007,0.010373202655560798
YOLOv4 no aug,3183,0.44040000000000007,0.010373202655560798
YOLOv4 no aug,3184,0.44040000000000007,0.010373202655560798
YOLOv4 no aug,3185,0.44040000000000007,0.010373202655560798
YOLOv4 no aug,3186,0.44040000000000007,0.010373202655560798
YOLOv4 no aug,3187,0.44040000000000007,0.010373202655560798
YOLOv4 no aug,3188,0.44040000000000007,0.010373202655560798
YOLOv4 no aug,3189,0.44040000000000007,0.010373202655560798
YOLOv4 no aug,3190,0.44040000000000007,0.010373202655560798
YOLOv4 no aug,3191,0.44040000000000007,0.010373202655560798
YOLOv4 no aug,3192,0.44040000000000007,0.010373202655560798
YOLOv4 no aug,3193,0.44040000000000007,0.010373202655560798
YOLOv4 no aug,3194,0.44040000000000007,0.010373202655560798
YOLOv4 no aug,3195,0.44040000000000007,0.010373202655560798
YOLOv4 no aug,3196,0.44040000000000007,0.010373202655560798
YOLOv4 no aug,3197,0.44040000000000007,0.010373202655560798
YOLOv4 no aug,3198,0.44040000000000007,0.010373202655560798
YOLOv4 no aug,3199,0.44040000000000007,0.010373202655560798
YOLOv4 no aug,3200,0.43397888888888886,0.003660434489406214
YOLOv4 no aug,3201,0.434,0.007318697516179574
YOLOv4 no aug,3202,0.434,0.007318697516179574
YOLOv4 no aug,3203,0.434,0.007318697516179574
YOLOv4 no aug,3204,0.434,0.007318697516179574
YOLOv4 no aug,3205,0.434,0.007318697516179574
YOLOv4 no aug,3206,0.434,0.007318697516179574
YOLOv4 no aug,3207,0.434,0.007318697516179574
YOLOv4 no aug,3208,0.434,0.007318697516179574
YOLOv4 no aug,3209,0.434,0.007318697516179574
YOLOv4 no aug,3210,0.434,0.007318697516179574
YOLOv4 no aug,3211,0.434,0.007318697516179574
YOLOv4 no aug,3212,0.434,0.007318697516179574
YOLOv4 no aug,3213,0.434,0.007318697516179574
YOLOv4 no aug,3214,0.434,0.007318697516179574
YOLOv4 no aug,3215,0.434,0.007318697516179574
YOLOv4 no aug,3216,0.434,0.007318697516179574
YOLOv4 no aug,3217,0.434,0.007318697516179574
YOLOv4 no aug,3218,0.434,0.007318697516179574
YOLOv4 no aug,3219,0.434,0.007318697516179574
YOLOv4 no aug,3220,0.434,0.007318697516179574
YOLOv4 no aug,3221,0.434,0.007318697516179574
YOLOv4 no aug,3222,0.434,0.007318697516179574
YOLOv4 no aug,3223,0.434,0.007318697516179574
YOLOv4 no aug,3224,0.434,0.007318697516179574
YOLOv4 no aug,3225,0.434,0.007318697516179574
YOLOv4 no aug,3226,0.434,0.007318697516179574
YOLOv4 no aug,3227,0.434,0.007318697516179574
YOLOv4 no aug,3228,0.434,0.007318697516179574
YOLOv4 no aug,3229,0.434,0.007318697516179574
YOLOv4 no aug,3230,0.434,0.007318697516179574
YOLOv4 no aug,3231,0.434,0.007318697516179574
YOLOv4 no aug,3232,0.434,0.007318697516179574
YOLOv4 no aug,3233,0.434,0.007318697516179574
YOLOv4 no aug,3234,0.434,0.007318697516179574
YOLOv4 no aug,3235,0.434,0.007318697516179574
YOLOv4 no aug,3236,0.434,0.007318697516179574
YOLOv4 no aug,3237,0.434,0.007318697516179574
YOLOv4 no aug,3238,0.434,0.007318697516179574
YOLOv4 no aug,3239,0.434,0.007318697516179574
YOLOv4 no aug,3240,0.434,0.007318697516179574
YOLOv4 no aug,3241,0.434,0.007318697516179574
YOLOv4 no aug,3242,0.434,0.007318697516179574
YOLOv4 no aug,3243,0.434,0.007318697516179574
YOLOv4 no aug,3244,0.434,0.007318697516179574
YOLOv4 no aug,3245,0.434,0.007318697516179574
YOLOv4 no aug,3246,0.434,0.007318697516179574
YOLOv4 no aug,3247,0.434,0.007318697516179574
YOLOv4 no aug,3248,0.434,0.007318697516179574
YOLOv4 no aug,3249,0.434,0.007318697516179574
YOLOv4 no aug,3250,0.434,0.007318697516179574
YOLOv4 no aug,3251,0.434,0.007318697516179574
YOLOv4 no aug,3252,0.434,0.007318697516179574
YOLOv4 no aug,3253,0.434,0.007318697516179574
YOLOv4 no aug,3254,0.434,0.007318697516179574
YOLOv4 no aug,3255,0.434,0.007318697516179574
YOLOv4 no aug,3256,0.434,0.007318697516179574
YOLOv4 no aug,3257,0.434,0.007318697516179574
YOLOv4 no aug,3258,0.434,0.007318697516179574
YOLOv4 no aug,3259,0.434,0.007318697516179574
YOLOv4 no aug,3260,0.434,0.007318697516179574
YOLOv4 no aug,3261,0.434,0.007318697516179574
YOLOv4 no aug,3262,0.434,0.007318697516179574
YOLOv4 no aug,3263,0.434,0.007318697516179574
YOLOv4 no aug,3264,0.434,0.007318697516179574
YOLOv4 no aug,3265,0.434,0.007318697516179574
YOLOv4 no aug,3266,0.434,0.007318697516179574
YOLOv4 no aug,3267,0.434,0.007318697516179574
YOLOv4 no aug,3268,0.434,0.007318697516179574
YOLOv4 no aug,3269,0.434,0.007318697516179574
YOLOv4 no aug,3270,0.434,0.007318697516179574
YOLOv4 no aug,3271,0.434,0.007318697516179574
YOLOv4 no aug,3272,0.434,0.007318697516179574
YOLOv4 no aug,3273,0.434,0.007318697516179574
YOLOv4 no aug,3274,0.434,0.007318697516179574
YOLOv4 no aug,3275,0.434,0.007318697516179574
YOLOv4 no aug,3276,0.434,0.007318697516179574
YOLOv4 no aug,3277,0.434,0.007318697516179574
YOLOv4 no aug,3278,0.434,0.007318697516179574
YOLOv4 no aug,3279,0.434,0.007318697516179574
YOLOv4 no aug,3280,0.434,0.007318697516179574
YOLOv4 no aug,3281,0.434,0.007318697516179574
YOLOv4 no aug,3282,0.434,0.007318697516179574
YOLOv4 no aug,3283,0.434,0.007318697516179574
YOLOv4 no aug,3284,0.434,0.007318697516179574
YOLOv4 no aug,3285,0.434,0.007318697516179574
YOLOv4 no aug,3286,0.434,0.007318697516179574
YOLOv4 no aug,3287,0.434,0.007318697516179574
YOLOv4 no aug,3288,0.434,0.007318697516179574
YOLOv4 no aug,3289,0.434,0.007318697516179574
YOLOv4 no aug,3290,0.434,0.007318697516179574
YOLOv4 no aug,3291,0.434,0.007318697516179574
YOLOv4 no aug,3292,0.434,0.007318697516179574
YOLOv4 no aug,3293,0.434,0.007318697516179574
YOLOv4 no aug,3294,0.434,0.007318697516179574
YOLOv4 no aug,3295,0.434,0.007318697516179574
YOLOv4 no aug,3296,0.434,0.007318697516179574
YOLOv4 no aug,3297,0.434,0.007318697516179574
YOLOv4 no aug,3298,0.434,0.007318697516179574
YOLOv4 no aug,3299,0.434,0.007318697516179574
YOLOv4 no aug,3300,0.4407153333333333,0.0017268631081948657
YOLOv4 no aug,3301,0.44070000000000004,0.0034588051886935305
YOLOv4 no aug,3302,0.44070000000000004,0.0034588051886935305
YOLOv4 no aug,3303,0.44070000000000004,0.0034588051886935305
YOLOv4 no aug,3304,0.44070000000000004,0.0034588051886935305
YOLOv4 no aug,3305,0.44070000000000004,0.0034588051886935305
YOLOv4 no aug,3306,0.44070000000000004,0.0034588051886935305
YOLOv4 no aug,3307,0.44070000000000004,0.0034588051886935305
YOLOv4 no aug,3308,0.44070000000000004,0.0034588051886935305
YOLOv4 no aug,3309,0.44070000000000004,0.0034588051886935305
YOLOv4 no aug,3310,0.44070000000000004,0.0034588051886935305
YOLOv4 no aug,3311,0.44070000000000004,0.0034588051886935305
YOLOv4 no aug,3312,0.44070000000000004,0.0034588051886935305
YOLOv4 no aug,3313,0.44070000000000004,0.0034588051886935305
YOLOv4 no aug,3314,0.44070000000000004,0.0034588051886935305
YOLOv4 no aug,3315,0.44070000000000004,0.0034588051886935305
YOLOv4 no aug,3316,0.44070000000000004,0.0034588051886935305
YOLOv4 no aug,3317,0.44070000000000004,0.0034588051886935305
YOLOv4 no aug,3318,0.44070000000000004,0.0034588051886935305
YOLOv4 no aug,3319,0.44070000000000004,0.0034588051886935305
YOLOv4 no aug,3320,0.44070000000000004,0.0034588051886935305
YOLOv4 no aug,3321,0.44070000000000004,0.0034588051886935305
YOLOv4 no aug,3322,0.44070000000000004,0.0034588051886935305
YOLOv4 no aug,3323,0.44070000000000004,0.0034588051886935305
YOLOv4 no aug,3324,0.44070000000000004,0.0034588051886935305
YOLOv4 no aug,3325,0.44070000000000004,0.0034588051886935305
YOLOv4 no aug,3326,0.44070000000000004,0.0034588051886935305
YOLOv4 no aug,3327,0.44070000000000004,0.0034588051886935305
YOLOv4 no aug,3328,0.44070000000000004,0.0034588051886935305
YOLOv4 no aug,3329,0.44070000000000004,0.0034588051886935305
YOLOv4 no aug,3330,0.44070000000000004,0.0034588051886935305
YOLOv4 no aug,3331,0.44070000000000004,0.0034588051886935305
YOLOv4 no aug,3332,0.44070000000000004,0.0034588051886935305
YOLOv4 no aug,3333,0.44070000000000004,0.0034588051886935305
YOLOv4 no aug,3334,0.44070000000000004,0.0034588051886935305
YOLOv4 no aug,3335,0.44070000000000004,0.0034588051886935305
YOLOv4 no aug,3336,0.44070000000000004,0.0034588051886935305
YOLOv4 no aug,3337,0.44070000000000004,0.0034588051886935305
YOLOv4 no aug,3338,0.44070000000000004,0.0034588051886935305
YOLOv4 no aug,3339,0.44070000000000004,0.0034588051886935305
YOLOv4 no aug,3340,0.44070000000000004,0.0034588051886935305
YOLOv4 no aug,3341,0.44070000000000004,0.0034588051886935305
YOLOv4 no aug,3342,0.44070000000000004,0.0034588051886935305
YOLOv4 no aug,3343,0.44070000000000004,0.0034588051886935305
YOLOv4 no aug,3344,0.44070000000000004,0.0034588051886935305
YOLOv4 no aug,3345,0.44070000000000004,0.0034588051886935305
YOLOv4 no aug,3346,0.44070000000000004,0.0034588051886935305
YOLOv4 no aug,3347,0.44070000000000004,0.0034588051886935305
YOLOv4 no aug,3348,0.44070000000000004,0.0034588051886935305
YOLOv4 no aug,3349,0.44070000000000004,0.0034588051886935305
YOLOv4 no aug,3350,0.44070000000000004,0.0034588051886935305
YOLOv4 no aug,3351,0.44070000000000004,0.0034588051886935305
YOLOv4 no aug,3352,0.44070000000000004,0.0034588051886935305
YOLOv4 no aug,3353,0.44070000000000004,0.0034588051886935305
YOLOv4 no aug,3354,0.44070000000000004,0.0034588051886935305
YOLOv4 no aug,3355,0.44070000000000004,0.0034588051886935305
YOLOv4 no aug,3356,0.44070000000000004,0.0034588051886935305
YOLOv4 no aug,3357,0.44070000000000004,0.0034588051886935305
YOLOv4 no aug,3358,0.44070000000000004,0.0034588051886935305
YOLOv4 no aug,3359,0.44070000000000004,0.0034588051886935305
YOLOv4 no aug,3360,0.44070000000000004,0.0034588051886935305
YOLOv4 no aug,3361,0.44070000000000004,0.0034588051886935305
YOLOv4 no aug,3362,0.44070000000000004,0.0034588051886935305
YOLOv4 no aug,3363,0.44070000000000004,0.0034588051886935305
YOLOv4 no aug,3364,0.44070000000000004,0.0034588051886935305
YOLOv4 no aug,3365,0.44070000000000004,0.0034588051886935305
YOLOv4 no aug,3366,0.44070000000000004,0.0034588051886935305
YOLOv4 no aug,3367,0.44070000000000004,0.0034588051886935305
YOLOv4 no aug,3368,0.44070000000000004,0.0034588051886935305
YOLOv4 no aug,3369,0.44070000000000004,0.0034588051886935305
YOLOv4 no aug,3370,0.44070000000000004,0.0034588051886935305
YOLOv4 no aug,3371,0.44070000000000004,0.0034588051886935305
YOLOv4 no aug,3372,0.44070000000000004,0.0034588051886935305
YOLOv4 no aug,3373,0.44070000000000004,0.0034588051886935305
YOLOv4 no aug,3374,0.44070000000000004,0.0034588051886935305
YOLOv4 no aug,3375,0.44070000000000004,0.0034588051886935305
YOLOv4 no aug,3376,0.44070000000000004,0.0034588051886935305
YOLOv4 no aug,3377,0.44070000000000004,0.0034588051886935305
YOLOv4 no aug,3378,0.44070000000000004,0.0034588051886935305
YOLOv4 no aug,3379,0.44070000000000004,0.0034588051886935305
YOLOv4 no aug,3380,0.44070000000000004,0.0034588051886935305
YOLOv4 no aug,3381,0.44070000000000004,0.0034588051886935305
YOLOv4 no aug,3382,0.44070000000000004,0.0034588051886935305
YOLOv4 no aug,3383,0.44070000000000004,0.0034588051886935305
YOLOv4 no aug,3384,0.44070000000000004,0.0034588051886935305
YOLOv4 no aug,3385,0.44070000000000004,0.0034588051886935305
YOLOv4 no aug,3386,0.44070000000000004,0.0034588051886935305
YOLOv4 no aug,3387,0.44070000000000004,0.0034588051886935305
YOLOv4 no aug,3388,0.44070000000000004,0.0034588051886935305
YOLOv4 no aug,3389,0.44070000000000004,0.0034588051886935305
YOLOv4 no aug,3390,0.44070000000000004,0.0034588051886935305
YOLOv4 no aug,3391,0.44070000000000004,0.0034588051886935305
YOLOv4 no aug,3392,0.44070000000000004,0.0034588051886935305
YOLOv4 no aug,3393,0.44070000000000004,0.0034588051886935305
YOLOv4 no aug,3394,0.44070000000000004,0.0034588051886935305
YOLOv4 no aug,3395,0.44070000000000004,0.0034588051886935305
YOLOv4 no aug,3396,0.44070000000000004,0.0034588051886935305
YOLOv4 no aug,3397,0.44070000000000004,0.0034588051886935305
YOLOv4 no aug,3398,0.44070000000000004,0.0034588051886935305
YOLOv4 no aug,3399,0.44070000000000004,0.0034588051886935305
YOLOv4 no aug,3400,0.45267755555555556,0.001853164276695341
YOLOv4 no aug,3401,0.4526666666666667,0.0037122918946536515
YOLOv4 no aug,3402,0.4526666666666667,0.0037122918946536515
YOLOv4 no aug,3403,0.4526666666666667,0.0037122918946536515
YOLOv4 no aug,3404,0.4526666666666667,0.0037122918946536515
YOLOv4 no aug,3405,0.4526666666666667,0.0037122918946536515
YOLOv4 no aug,3406,0.4526666666666667,0.0037122918946536515
YOLOv4 no aug,3407,0.4526666666666667,0.0037122918946536515
YOLOv4 no aug,3408,0.4526666666666667,0.0037122918946536515
YOLOv4 no aug,3409,0.4526666666666667,0.0037122918946536515
YOLOv4 no aug,3410,0.4526666666666667,0.0037122918946536515
YOLOv4 no aug,3411,0.4526666666666667,0.0037122918946536515
YOLOv4 no aug,3412,0.4526666666666667,0.0037122918946536515
YOLOv4 no aug,3413,0.4526666666666667,0.0037122918946536515
YOLOv4 no aug,3414,0.4526666666666667,0.0037122918946536515
YOLOv4 no aug,3415,0.4526666666666667,0.0037122918946536515
YOLOv4 no aug,3416,0.4526666666666667,0.0037122918946536515
YOLOv4 no aug,3417,0.4526666666666667,0.0037122918946536515
YOLOv4 no aug,3418,0.4526666666666667,0.0037122918946536515
YOLOv4 no aug,3419,0.4526666666666667,0.0037122918946536515
YOLOv4 no aug,3420,0.4526666666666667,0.0037122918946536515
YOLOv4 no aug,3421,0.4526666666666667,0.0037122918946536515
YOLOv4 no aug,3422,0.4526666666666667,0.0037122918946536515
YOLOv4 no aug,3423,0.4526666666666667,0.0037122918946536515
YOLOv4 no aug,3424,0.4526666666666667,0.0037122918946536515
YOLOv4 no aug,3425,0.4526666666666667,0.0037122918946536515
YOLOv4 no aug,3426,0.4526666666666667,0.0037122918946536515
YOLOv4 no aug,3427,0.4526666666666667,0.0037122918946536515
YOLOv4 no aug,3428,0.4526666666666667,0.0037122918946536515
YOLOv4 no aug,3429,0.4526666666666667,0.0037122918946536515
YOLOv4 no aug,3430,0.4526666666666667,0.0037122918946536515
YOLOv4 no aug,3431,0.4526666666666667,0.0037122918946536515
YOLOv4 no aug,3432,0.4526666666666667,0.0037122918946536515
YOLOv4 no aug,3433,0.4526666666666667,0.0037122918946536515
YOLOv4 no aug,3434,0.4526666666666667,0.0037122918946536515
YOLOv4 no aug,3435,0.4526666666666667,0.0037122918946536515
YOLOv4 no aug,3436,0.4526666666666667,0.0037122918946536515
YOLOv4 no aug,3437,0.4526666666666667,0.0037122918946536515
YOLOv4 no aug,3438,0.4526666666666667,0.0037122918946536515
YOLOv4 no aug,3439,0.4526666666666667,0.0037122918946536515
YOLOv4 no aug,3440,0.4526666666666667,0.0037122918946536515
YOLOv4 no aug,3441,0.4526666666666667,0.0037122918946536515
YOLOv4 no aug,3442,0.4526666666666667,0.0037122918946536515
YOLOv4 no aug,3443,0.4526666666666667,0.0037122918946536515
YOLOv4 no aug,3444,0.4526666666666667,0.0037122918946536515
YOLOv4 no aug,3445,0.4526666666666667,0.0037122918946536515
YOLOv4 no aug,3446,0.4526666666666667,0.0037122918946536515
YOLOv4 no aug,3447,0.4526666666666667,0.0037122918946536515
YOLOv4 no aug,3448,0.4526666666666667,0.0037122918946536515
YOLOv4 no aug,3449,0.4526666666666667,0.0037122918946536515
YOLOv4 no aug,3450,0.4526666666666667,0.0037122918946536515
YOLOv4 no aug,3451,0.4526666666666667,0.0037122918946536515
YOLOv4 no aug,3452,0.4526666666666667,0.0037122918946536515
YOLOv4 no aug,3453,0.4526666666666667,0.0037122918946536515
YOLOv4 no aug,3454,0.4526666666666667,0.0037122918946536515
YOLOv4 no aug,3455,0.4526666666666667,0.0037122918946536515
YOLOv4 no aug,3456,0.4526666666666667,0.0037122918946536515
YOLOv4 no aug,3457,0.4526666666666667,0.0037122918946536515
YOLOv4 no aug,3458,0.4526666666666667,0.0037122918946536515
YOLOv4 no aug,3459,0.4526666666666667,0.0037122918946536515
YOLOv4 no aug,3460,0.4526666666666667,0.0037122918946536515
YOLOv4 no aug,3461,0.4526666666666667,0.0037122918946536515
YOLOv4 no aug,3462,0.4526666666666667,0.0037122918946536515
YOLOv4 no aug,3463,0.4526666666666667,0.0037122918946536515
YOLOv4 no aug,3464,0.4526666666666667,0.0037122918946536515
YOLOv4 no aug,3465,0.4526666666666667,0.0037122918946536515
YOLOv4 no aug,3466,0.4526666666666667,0.0037122918946536515
YOLOv4 no aug,3467,0.4526666666666667,0.0037122918946536515
YOLOv4 no aug,3468,0.4526666666666667,0.0037122918946536515
YOLOv4 no aug,3469,0.4526666666666667,0.0037122918946536515
YOLOv4 no aug,3470,0.4526666666666667,0.0037122918946536515
YOLOv4 no aug,3471,0.4526666666666667,0.0037122918946536515
YOLOv4 no aug,3472,0.4526666666666667,0.0037122918946536515
YOLOv4 no aug,3473,0.4526666666666667,0.0037122918946536515
YOLOv4 no aug,3474,0.4526666666666667,0.0037122918946536515
YOLOv4 no aug,3475,0.4526666666666667,0.0037122918946536515
YOLOv4 no aug,3476,0.4526666666666667,0.0037122918946536515
YOLOv4 no aug,3477,0.4526666666666667,0.0037122918946536515
YOLOv4 no aug,3478,0.4526666666666667,0.0037122918946536515
YOLOv4 no aug,3479,0.4526666666666667,0.0037122918946536515
YOLOv4 no aug,3480,0.4526666666666667,0.0037122918946536515
YOLOv4 no aug,3481,0.4526666666666667,0.0037122918946536515
YOLOv4 no aug,3482,0.4526666666666667,0.0037122918946536515
YOLOv4 no aug,3483,0.4526666666666667,0.0037122918946536515
YOLOv4 no aug,3484,0.4526666666666667,0.0037122918946536515
YOLOv4 no aug,3485,0.4526666666666667,0.0037122918946536515
YOLOv4 no aug,3486,0.4526666666666667,0.0037122918946536515
YOLOv4 no aug,3487,0.4526666666666667,0.0037122918946536515
YOLOv4 no aug,3488,0.4526666666666667,0.0037122918946536515
YOLOv4 no aug,3489,0.4526666666666667,0.0037122918946536515
YOLOv4 no aug,3490,0.4526666666666667,0.0037122918946536515
YOLOv4 no aug,3491,0.4526666666666667,0.0037122918946536515
YOLOv4 no aug,3492,0.4526666666666667,0.0037122918946536515
YOLOv4 no aug,3493,0.4526666666666667,0.0037122918946536515
YOLOv4 no aug,3494,0.4526666666666667,0.0037122918946536515
YOLOv4 no aug,3495,0.4526666666666667,0.0037122918946536515
YOLOv4 no aug,3496,0.4526666666666667,0.0037122918946536515
YOLOv4 no aug,3497,0.4526666666666667,0.0037122918946536515
YOLOv4 no aug,3498,0.4526666666666667,0.0037122918946536515
YOLOv4 no aug,3499,0.4526666666666667,0.0037122918946536515
YOLOv4 no aug,3500,0.4435717777777778,0.0033689089594645468
YOLOv4 no aug,3501,0.44356666666666666,0.006749156325875929
YOLOv4 no aug,3502,0.44356666666666666,0.006749156325875929
YOLOv4 no aug,3503,0.44356666666666666,0.006749156325875929
YOLOv4 no aug,3504,0.44356666666666666,0.006749156325875929
YOLOv4 no aug,3505,0.44356666666666666,0.006749156325875929
YOLOv4 no aug,3506,0.44356666666666666,0.006749156325875929
YOLOv4 no aug,3507,0.44356666666666666,0.006749156325875929
YOLOv4 no aug,3508,0.44356666666666666,0.006749156325875929
YOLOv4 no aug,3509,0.44356666666666666,0.006749156325875929
YOLOv4 no aug,3510,0.44356666666666666,0.006749156325875929
YOLOv4 no aug,3511,0.44356666666666666,0.006749156325875929
YOLOv4 no aug,3512,0.44356666666666666,0.006749156325875929
YOLOv4 no aug,3513,0.44356666666666666,0.006749156325875929
YOLOv4 no aug,3514,0.44356666666666666,0.006749156325875929
YOLOv4 no aug,3515,0.44356666666666666,0.006749156325875929
YOLOv4 no aug,3516,0.44356666666666666,0.006749156325875929
YOLOv4 no aug,3517,0.44356666666666666,0.006749156325875929
YOLOv4 no aug,3518,0.44356666666666666,0.006749156325875929
YOLOv4 no aug,3519,0.44356666666666666,0.006749156325875929
YOLOv4 no aug,3520,0.44356666666666666,0.006749156325875929
YOLOv4 no aug,3521,0.44356666666666666,0.006749156325875929
YOLOv4 no aug,3522,0.44356666666666666,0.006749156325875929
YOLOv4 no aug,3523,0.44356666666666666,0.006749156325875929
YOLOv4 no aug,3524,0.44356666666666666,0.006749156325875929
YOLOv4 no aug,3525,0.44356666666666666,0.006749156325875929
YOLOv4 no aug,3526,0.44356666666666666,0.006749156325875929
YOLOv4 no aug,3527,0.44356666666666666,0.006749156325875929
YOLOv4 no aug,3528,0.44356666666666666,0.006749156325875929
YOLOv4 no aug,3529,0.44356666666666666,0.006749156325875929
YOLOv4 no aug,3530,0.44356666666666666,0.006749156325875929
YOLOv4 no aug,3531,0.44356666666666666,0.006749156325875929
YOLOv4 no aug,3532,0.44356666666666666,0.006749156325875929
YOLOv4 no aug,3533,0.44356666666666666,0.006749156325875929
YOLOv4 no aug,3534,0.44356666666666666,0.006749156325875929
YOLOv4 no aug,3535,0.44356666666666666,0.006749156325875929
YOLOv4 no aug,3536,0.44356666666666666,0.006749156325875929
YOLOv4 no aug,3537,0.44356666666666666,0.006749156325875929
YOLOv4 no aug,3538,0.44356666666666666,0.006749156325875929
YOLOv4 no aug,3539,0.44356666666666666,0.006749156325875929
YOLOv4 no aug,3540,0.44356666666666666,0.006749156325875929
YOLOv4 no aug,3541,0.44356666666666666,0.006749156325875929
YOLOv4 no aug,3542,0.44356666666666666,0.006749156325875929
YOLOv4 no aug,3543,0.44356666666666666,0.006749156325875929
YOLOv4 no aug,3544,0.44356666666666666,0.006749156325875929
YOLOv4 no aug,3545,0.44356666666666666,0.006749156325875929
YOLOv4 no aug,3546,0.44356666666666666,0.006749156325875929
YOLOv4 no aug,3547,0.44356666666666666,0.006749156325875929
YOLOv4 no aug,3548,0.44356666666666666,0.006749156325875929
YOLOv4 no aug,3549,0.44356666666666666,0.006749156325875929
YOLOv4 no aug,3550,0.44356666666666666,0.006749156325875929
YOLOv4 no aug,3551,0.44356666666666666,0.006749156325875929
YOLOv4 no aug,3552,0.44356666666666666,0.006749156325875929
YOLOv4 no aug,3553,0.44356666666666666,0.006749156325875929
YOLOv4 no aug,3554,0.44356666666666666,0.006749156325875929
YOLOv4 no aug,3555,0.44356666666666666,0.006749156325875929
YOLOv4 no aug,3556,0.44356666666666666,0.006749156325875929
YOLOv4 no aug,3557,0.44356666666666666,0.006749156325875929
YOLOv4 no aug,3558,0.44356666666666666,0.006749156325875929
YOLOv4 no aug,3559,0.44356666666666666,0.006749156325875929
YOLOv4 no aug,3560,0.44356666666666666,0.006749156325875929
YOLOv4 no aug,3561,0.44356666666666666,0.006749156325875929
YOLOv4 no aug,3562,0.44356666666666666,0.006749156325875929
YOLOv4 no aug,3563,0.44356666666666666,0.006749156325875929
YOLOv4 no aug,3564,0.44356666666666666,0.006749156325875929
YOLOv4 no aug,3565,0.44356666666666666,0.006749156325875929
YOLOv4 no aug,3566,0.44356666666666666,0.006749156325875929
YOLOv4 no aug,3567,0.44356666666666666,0.006749156325875929
YOLOv4 no aug,3568,0.44356666666666666,0.006749156325875929
YOLOv4 no aug,3569,0.44356666666666666,0.006749156325875929
YOLOv4 no aug,3570,0.44356666666666666,0.006749156325875929
YOLOv4 no aug,3571,0.44356666666666666,0.006749156325875929
YOLOv4 no aug,3572,0.44356666666666666,0.006749156325875929
YOLOv4 no aug,3573,0.44356666666666666,0.006749156325875929
YOLOv4 no aug,3574,0.44356666666666666,0.006749156325875929
YOLOv4 no aug,3575,0.44356666666666666,0.006749156325875929
YOLOv4 no aug,3576,0.44356666666666666,0.006749156325875929
YOLOv4 no aug,3577,0.44356666666666666,0.006749156325875929
YOLOv4 no aug,3578,0.44356666666666666,0.006749156325875929
YOLOv4 no aug,3579,0.44356666666666666,0.006749156325875929
YOLOv4 no aug,3580,0.44356666666666666,0.006749156325875929
YOLOv4 no aug,3581,0.44356666666666666,0.006749156325875929
YOLOv4 no aug,3582,0.44356666666666666,0.006749156325875929
YOLOv4 no aug,3583,0.44356666666666666,0.006749156325875929
YOLOv4 no aug,3584,0.44356666666666666,0.006749156325875929
YOLOv4 no aug,3585,0.44356666666666666,0.006749156325875929
YOLOv4 no aug,3586,0.44356666666666666,0.006749156325875929
YOLOv4 no aug,3587,0.44356666666666666,0.006749156325875929
YOLOv4 no aug,3588,0.44356666666666666,0.006749156325875929
YOLOv4 no aug,3589,0.44356666666666666,0.006749156325875929
YOLOv4 no aug,3590,0.44356666666666666,0.006749156325875929
YOLOv4 no aug,3591,0.44356666666666666,0.006749156325875929
YOLOv4 no aug,3592,0.44356666666666666,0.006749156325875929
YOLOv4 no aug,3593,0.44356666666666666,0.006749156325875929
YOLOv4 no aug,3594,0.44356666666666666,0.006749156325875929
YOLOv4 no aug,3595,0.44356666666666666,0.006749156325875929
YOLOv4 no aug,3596,0.44356666666666666,0.006749156325875929
YOLOv4 no aug,3597,0.44356666666666666,0.006749156325875929
YOLOv4 no aug,3598,0.44356666666666666,0.006749156325875929
YOLOv4 no aug,3599,0.44356666666666666,0.006749156325875929
YOLOv4 no aug,3600,0.45203,0.007329010792354206
YOLOv4 no aug,3601,0.45203333333333334,0.01466428010886014
YOLOv4 no aug,3602,0.45203333333333334,0.01466428010886014
YOLOv4 no aug,3603,0.45203333333333334,0.01466428010886014
YOLOv4 no aug,3604,0.45203333333333334,0.01466428010886014
YOLOv4 no aug,3605,0.45203333333333334,0.01466428010886014
YOLOv4 no aug,3606,0.45203333333333334,0.01466428010886014
YOLOv4 no aug,3607,0.45203333333333334,0.01466428010886014
YOLOv4 no aug,3608,0.45203333333333334,0.01466428010886014
YOLOv4 no aug,3609,0.45203333333333334,0.01466428010886014
YOLOv4 no aug,3610,0.45203333333333334,0.01466428010886014
YOLOv4 no aug,3611,0.45203333333333334,0.01466428010886014
YOLOv4 no aug,3612,0.45203333333333334,0.01466428010886014
YOLOv4 no aug,3613,0.45203333333333334,0.01466428010886014
YOLOv4 no aug,3614,0.45203333333333334,0.01466428010886014
YOLOv4 no aug,3615,0.45203333333333334,0.01466428010886014
YOLOv4 no aug,3616,0.45203333333333334,0.01466428010886014
YOLOv4 no aug,3617,0.45203333333333334,0.01466428010886014
YOLOv4 no aug,3618,0.45203333333333334,0.01466428010886014
YOLOv4 no aug,3619,0.45203333333333334,0.01466428010886014
YOLOv4 no aug,3620,0.45203333333333334,0.01466428010886014
YOLOv4 no aug,3621,0.45203333333333334,0.01466428010886014
YOLOv4 no aug,3622,0.45203333333333334,0.01466428010886014
YOLOv4 no aug,3623,0.45203333333333334,0.01466428010886014
YOLOv4 no aug,3624,0.45203333333333334,0.01466428010886014
YOLOv4 no aug,3625,0.45203333333333334,0.01466428010886014
YOLOv4 no aug,3626,0.45203333333333334,0.01466428010886014
YOLOv4 no aug,3627,0.45203333333333334,0.01466428010886014
YOLOv4 no aug,3628,0.45203333333333334,0.01466428010886014
YOLOv4 no aug,3629,0.45203333333333334,0.01466428010886014
YOLOv4 no aug,3630,0.45203333333333334,0.01466428010886014
YOLOv4 no aug,3631,0.45203333333333334,0.01466428010886014
YOLOv4 no aug,3632,0.45203333333333334,0.01466428010886014
YOLOv4 no aug,3633,0.45203333333333334,0.01466428010886014
YOLOv4 no aug,3634,0.45203333333333334,0.01466428010886014
YOLOv4 no aug,3635,0.45203333333333334,0.01466428010886014
YOLOv4 no aug,3636,0.45203333333333334,0.01466428010886014
YOLOv4 no aug,3637,0.45203333333333334,0.01466428010886014
YOLOv4 no aug,3638,0.45203333333333334,0.01466428010886014
YOLOv4 no aug,3639,0.45203333333333334,0.01466428010886014
YOLOv4 no aug,3640,0.45203333333333334,0.01466428010886014
YOLOv4 no aug,3641,0.45203333333333334,0.01466428010886014
YOLOv4 no aug,3642,0.45203333333333334,0.01466428010886014
YOLOv4 no aug,3643,0.45203333333333334,0.01466428010886014
YOLOv4 no aug,3644,0.45203333333333334,0.01466428010886014
YOLOv4 no aug,3645,0.45203333333333334,0.01466428010886014
YOLOv4 no aug,3646,0.45203333333333334,0.01466428010886014
YOLOv4 no aug,3647,0.45203333333333334,0.01466428010886014
YOLOv4 no aug,3648,0.45203333333333334,0.01466428010886014
YOLOv4 no aug,3649,0.45203333333333334,0.01466428010886014
YOLOv4 no aug,3650,0.45203333333333334,0.01466428010886014
YOLOv4 no aug,3651,0.45203333333333334,0.01466428010886014
YOLOv4 no aug,3652,0.45203333333333334,0.01466428010886014
YOLOv4 no aug,3653,0.45203333333333334,0.01466428010886014
YOLOv4 no aug,3654,0.45203333333333334,0.01466428010886014
YOLOv4 no aug,3655,0.45203333333333334,0.01466428010886014
YOLOv4 no aug,3656,0.45203333333333334,0.01466428010886014
YOLOv4 no aug,3657,0.45203333333333334,0.01466428010886014
YOLOv4 no aug,3658,0.45203333333333334,0.01466428010886014
YOLOv4 no aug,3659,0.45203333333333334,0.01466428010886014
YOLOv4 no aug,3660,0.45203333333333334,0.01466428010886014
YOLOv4 no aug,3661,0.45203333333333334,0.01466428010886014
YOLOv4 no aug,3662,0.45203333333333334,0.01466428010886014
YOLOv4 no aug,3663,0.45203333333333334,0.01466428010886014
YOLOv4 no aug,3664,0.45203333333333334,0.01466428010886014
YOLOv4 no aug,3665,0.45203333333333334,0.01466428010886014
YOLOv4 no aug,3666,0.45203333333333334,0.01466428010886014
YOLOv4 no aug,3667,0.45203333333333334,0.01466428010886014
YOLOv4 no aug,3668,0.45203333333333334,0.01466428010886014
YOLOv4 no aug,3669,0.45203333333333334,0.01466428010886014
YOLOv4 no aug,3670,0.45203333333333334,0.01466428010886014
YOLOv4 no aug,3671,0.45203333333333334,0.01466428010886014
YOLOv4 no aug,3672,0.45203333333333334,0.01466428010886014
YOLOv4 no aug,3673,0.45203333333333334,0.01466428010886014
YOLOv4 no aug,3674,0.45203333333333334,0.01466428010886014
YOLOv4 no aug,3675,0.45203333333333334,0.01466428010886014
YOLOv4 no aug,3676,0.45203333333333334,0.01466428010886014
YOLOv4 no aug,3677,0.45203333333333334,0.01466428010886014
YOLOv4 no aug,3678,0.45203333333333334,0.01466428010886014
YOLOv4 no aug,3679,0.45203333333333334,0.01466428010886014
YOLOv4 no aug,3680,0.45203333333333334,0.01466428010886014
YOLOv4 no aug,3681,0.45203333333333334,0.01466428010886014
YOLOv4 no aug,3682,0.45203333333333334,0.01466428010886014
YOLOv4 no aug,3683,0.45203333333333334,0.01466428010886014
YOLOv4 no aug,3684,0.45203333333333334,0.01466428010886014
YOLOv4 no aug,3685,0.45203333333333334,0.01466428010886014
YOLOv4 no aug,3686,0.45203333333333334,0.01466428010886014
YOLOv4 no aug,3687,0.45203333333333334,0.01466428010886014
YOLOv4 no aug,3688,0.45203333333333334,0.01466428010886014
YOLOv4 no aug,3689,0.45203333333333334,0.01466428010886014
YOLOv4 no aug,3690,0.45203333333333334,0.01466428010886014
YOLOv4 no aug,3691,0.45203333333333334,0.01466428010886014
YOLOv4 no aug,3692,0.45203333333333334,0.01466428010886014
YOLOv4 no aug,3693,0.45203333333333334,0.01466428010886014
YOLOv4 no aug,3694,0.45203333333333334,0.01466428010886014
YOLOv4 no aug,3695,0.45203333333333334,0.01466428010886014
YOLOv4 no aug,3696,0.45203333333333334,0.01466428010886014
YOLOv4 no aug,3697,0.45203333333333334,0.01466428010886014
YOLOv4 no aug,3698,0.45203333333333334,0.01466428010886014
YOLOv4 no aug,3699,0.45203333333333334,0.01466428010886014
YOLOv4 no aug,3700,0.44677044444444447,0.0017561999546931422
YOLOv4 no aug,3701,0.4467666666666667,0.00350253876178092
YOLOv4 no aug,3702,0.4467666666666667,0.00350253876178092
YOLOv4 no aug,3703,0.4467666666666667,0.00350253876178092
YOLOv4 no aug,3704,0.4467666666666667,0.00350253876178092
YOLOv4 no aug,3705,0.4467666666666667,0.00350253876178092
YOLOv4 no aug,3706,0.4467666666666667,0.00350253876178092
YOLOv4 no aug,3707,0.4467666666666667,0.00350253876178092
YOLOv4 no aug,3708,0.4467666666666667,0.00350253876178092
YOLOv4 no aug,3709,0.4467666666666667,0.00350253876178092
YOLOv4 no aug,3710,0.4467666666666667,0.00350253876178092
YOLOv4 no aug,3711,0.4467666666666667,0.00350253876178092
YOLOv4 no aug,3712,0.4467666666666667,0.00350253876178092
YOLOv4 no aug,3713,0.4467666666666667,0.00350253876178092
YOLOv4 no aug,3714,0.4467666666666667,0.00350253876178092
YOLOv4 no aug,3715,0.4467666666666667,0.00350253876178092
YOLOv4 no aug,3716,0.4467666666666667,0.00350253876178092
YOLOv4 no aug,3717,0.4467666666666667,0.00350253876178092
YOLOv4 no aug,3718,0.4467666666666667,0.00350253876178092
YOLOv4 no aug,3719,0.4467666666666667,0.00350253876178092
YOLOv4 no aug,3720,0.4467666666666667,0.00350253876178092
YOLOv4 no aug,3721,0.4467666666666667,0.00350253876178092
YOLOv4 no aug,3722,0.4467666666666667,0.00350253876178092
YOLOv4 no aug,3723,0.4467666666666667,0.00350253876178092
YOLOv4 no aug,3724,0.4467666666666667,0.00350253876178092
YOLOv4 no aug,3725,0.4467666666666667,0.00350253876178092
YOLOv4 no aug,3726,0.4467666666666667,0.00350253876178092
YOLOv4 no aug,3727,0.4467666666666667,0.00350253876178092
YOLOv4 no aug,3728,0.4467666666666667,0.00350253876178092
YOLOv4 no aug,3729,0.4467666666666667,0.00350253876178092
YOLOv4 no aug,3730,0.4467666666666667,0.00350253876178092
YOLOv4 no aug,3731,0.4467666666666667,0.00350253876178092
YOLOv4 no aug,3732,0.4467666666666667,0.00350253876178092
YOLOv4 no aug,3733,0.4467666666666667,0.00350253876178092
YOLOv4 no aug,3734,0.4467666666666667,0.00350253876178092
YOLOv4 no aug,3735,0.4467666666666667,0.00350253876178092
YOLOv4 no aug,3736,0.4467666666666667,0.00350253876178092
YOLOv4 no aug,3737,0.4467666666666667,0.00350253876178092
YOLOv4 no aug,3738,0.4467666666666667,0.00350253876178092
YOLOv4 no aug,3739,0.4467666666666667,0.00350253876178092
YOLOv4 no aug,3740,0.4467666666666667,0.00350253876178092
YOLOv4 no aug,3741,0.4467666666666667,0.00350253876178092
YOLOv4 no aug,3742,0.4467666666666667,0.00350253876178092
YOLOv4 no aug,3743,0.4467666666666667,0.00350253876178092
YOLOv4 no aug,3744,0.4467666666666667,0.00350253876178092
YOLOv4 no aug,3745,0.4467666666666667,0.00350253876178092
YOLOv4 no aug,3746,0.4467666666666667,0.00350253876178092
YOLOv4 no aug,3747,0.4467666666666667,0.00350253876178092
YOLOv4 no aug,3748,0.4467666666666667,0.00350253876178092
YOLOv4 no aug,3749,0.4467666666666667,0.00350253876178092
YOLOv4 no aug,3750,0.4467666666666667,0.00350253876178092
YOLOv4 no aug,3751,0.4467666666666667,0.00350253876178092
YOLOv4 no aug,3752,0.4467666666666667,0.00350253876178092
YOLOv4 no aug,3753,0.4467666666666667,0.00350253876178092
YOLOv4 no aug,3754,0.4467666666666667,0.00350253876178092
YOLOv4 no aug,3755,0.4467666666666667,0.00350253876178092
YOLOv4 no aug,3756,0.4467666666666667,0.00350253876178092
YOLOv4 no aug,3757,0.4467666666666667,0.00350253876178092
YOLOv4 no aug,3758,0.4467666666666667,0.00350253876178092
YOLOv4 no aug,3759,0.4467666666666667,0.00350253876178092
YOLOv4 no aug,3760,0.4467666666666667,0.00350253876178092
YOLOv4 no aug,3761,0.4467666666666667,0.00350253876178092
YOLOv4 no aug,3762,0.4467666666666667,0.00350253876178092
YOLOv4 no aug,3763,0.4467666666666667,0.00350253876178092
YOLOv4 no aug,3764,0.4467666666666667,0.00350253876178092
YOLOv4 no aug,3765,0.4467666666666667,0.00350253876178092
YOLOv4 no aug,3766,0.4467666666666667,0.00350253876178092
YOLOv4 no aug,3767,0.4467666666666667,0.00350253876178092
YOLOv4 no aug,3768,0.4467666666666667,0.00350253876178092
YOLOv4 no aug,3769,0.4467666666666667,0.00350253876178092
YOLOv4 no aug,3770,0.4467666666666667,0.00350253876178092
YOLOv4 no aug,3771,0.4467666666666667,0.00350253876178092
YOLOv4 no aug,3772,0.4467666666666667,0.00350253876178092
YOLOv4 no aug,3773,0.4467666666666667,0.00350253876178092
YOLOv4 no aug,3774,0.4467666666666667,0.00350253876178092
YOLOv4 no aug,3775,0.4467666666666667,0.00350253876178092
YOLOv4 no aug,3776,0.4467666666666667,0.00350253876178092
YOLOv4 no aug,3777,0.4467666666666667,0.00350253876178092
YOLOv4 no aug,3778,0.4467666666666667,0.00350253876178092
YOLOv4 no aug,3779,0.4467666666666667,0.00350253876178092
YOLOv4 no aug,3780,0.4467666666666667,0.00350253876178092
YOLOv4 no aug,3781,0.4467666666666667,0.00350253876178092
YOLOv4 no aug,3782,0.4467666666666667,0.00350253876178092
YOLOv4 no aug,3783,0.4467666666666667,0.00350253876178092
YOLOv4 no aug,3784,0.4467666666666667,0.00350253876178092
YOLOv4 no aug,3785,0.4467666666666667,0.00350253876178092
YOLOv4 no aug,3786,0.4467666666666667,0.00350253876178092
YOLOv4 no aug,3787,0.4467666666666667,0.00350253876178092
YOLOv4 no aug,3788,0.4467666666666667,0.00350253876178092
YOLOv4 no aug,3789,0.4467666666666667,0.00350253876178092
YOLOv4 no aug,3790,0.4467666666666667,0.00350253876178092
YOLOv4 no aug,3791,0.4467666666666667,0.00350253876178092
YOLOv4 no aug,3792,0.4467666666666667,0.00350253876178092
YOLOv4 no aug,3793,0.4467666666666667,0.00350253876178092
YOLOv4 no aug,3794,0.4467666666666667,0.00350253876178092
YOLOv4 no aug,3795,0.4467666666666667,0.00350253876178092
YOLOv4 no aug,3796,0.4467666666666667,0.00350253876178092
YOLOv4 no aug,3797,0.4467666666666667,0.00350253876178092
YOLOv4 no aug,3798,0.4467666666666667,0.00350253876178092
YOLOv4 no aug,3799,0.4467666666666667,0.00350253876178092
YOLOv4 no aug,3800,0.45011155555555554,0.0025254126236623395
YOLOv4 no aug,3801,0.4501,0.0050500825075768235
YOLOv4 no aug,3802,0.4501,0.0050500825075768235
YOLOv4 no aug,3803,0.4501,0.0050500825075768235
YOLOv4 no aug,3804,0.4501,0.0050500825075768235
YOLOv4 no aug,3805,0.4501,0.0050500825075768235
YOLOv4 no aug,3806,0.4501,0.0050500825075768235
YOLOv4 no aug,3807,0.4501,0.0050500825075768235
YOLOv4 no aug,3808,0.4501,0.0050500825075768235
YOLOv4 no aug,3809,0.4501,0.0050500825075768235
YOLOv4 no aug,3810,0.4501,0.0050500825075768235
YOLOv4 no aug,3811,0.4501,0.0050500825075768235
YOLOv4 no aug,3812,0.4501,0.0050500825075768235
YOLOv4 no aug,3813,0.4501,0.0050500825075768235
YOLOv4 no aug,3814,0.4501,0.0050500825075768235
YOLOv4 no aug,3815,0.4501,0.0050500825075768235
YOLOv4 no aug,3816,0.4501,0.0050500825075768235
YOLOv4 no aug,3817,0.4501,0.0050500825075768235
YOLOv4 no aug,3818,0.4501,0.0050500825075768235
YOLOv4 no aug,3819,0.4501,0.0050500825075768235
YOLOv4 no aug,3820,0.4501,0.0050500825075768235
YOLOv4 no aug,3821,0.4501,0.0050500825075768235
YOLOv4 no aug,3822,0.4501,0.0050500825075768235
YOLOv4 no aug,3823,0.4501,0.0050500825075768235
YOLOv4 no aug,3824,0.4501,0.0050500825075768235
YOLOv4 no aug,3825,0.4501,0.0050500825075768235
YOLOv4 no aug,3826,0.4501,0.0050500825075768235
YOLOv4 no aug,3827,0.4501,0.0050500825075768235
YOLOv4 no aug,3828,0.4501,0.0050500825075768235
YOLOv4 no aug,3829,0.4501,0.0050500825075768235
YOLOv4 no aug,3830,0.4501,0.0050500825075768235
YOLOv4 no aug,3831,0.4501,0.0050500825075768235
YOLOv4 no aug,3832,0.4501,0.0050500825075768235
YOLOv4 no aug,3833,0.4501,0.0050500825075768235
YOLOv4 no aug,3834,0.4501,0.0050500825075768235
YOLOv4 no aug,3835,0.4501,0.0050500825075768235
YOLOv4 no aug,3836,0.4501,0.0050500825075768235
YOLOv4 no aug,3837,0.4501,0.0050500825075768235
YOLOv4 no aug,3838,0.4501,0.0050500825075768235
YOLOv4 no aug,3839,0.4501,0.0050500825075768235
YOLOv4 no aug,3840,0.4501,0.0050500825075768235
YOLOv4 no aug,3841,0.4501,0.0050500825075768235
YOLOv4 no aug,3842,0.4501,0.0050500825075768235
YOLOv4 no aug,3843,0.4501,0.0050500825075768235
YOLOv4 no aug,3844,0.4501,0.0050500825075768235
YOLOv4 no aug,3845,0.4501,0.0050500825075768235
YOLOv4 no aug,3846,0.4501,0.0050500825075768235
YOLOv4 no aug,3847,0.4501,0.0050500825075768235
YOLOv4 no aug,3848,0.4501,0.0050500825075768235
YOLOv4 no aug,3849,0.4501,0.0050500825075768235
YOLOv4 no aug,3850,0.4501,0.0050500825075768235
YOLOv4 no aug,3851,0.4501,0.0050500825075768235
YOLOv4 no aug,3852,0.4501,0.0050500825075768235
YOLOv4 no aug,3853,0.4501,0.0050500825075768235
YOLOv4 no aug,3854,0.4501,0.0050500825075768235
YOLOv4 no aug,3855,0.4501,0.0050500825075768235
YOLOv4 no aug,3856,0.4501,0.0050500825075768235
YOLOv4 no aug,3857,0.4501,0.0050500825075768235
YOLOv4 no aug,3858,0.4501,0.0050500825075768235
YOLOv4 no aug,3859,0.4501,0.0050500825075768235
YOLOv4 no aug,3860,0.4501,0.0050500825075768235
YOLOv4 no aug,3861,0.4501,0.0050500825075768235
YOLOv4 no aug,3862,0.4501,0.0050500825075768235
YOLOv4 no aug,3863,0.4501,0.0050500825075768235
YOLOv4 no aug,3864,0.4501,0.0050500825075768235
YOLOv4 no aug,3865,0.4501,0.0050500825075768235
YOLOv4 no aug,3866,0.4501,0.0050500825075768235
YOLOv4 no aug,3867,0.4501,0.0050500825075768235
YOLOv4 no aug,3868,0.4501,0.0050500825075768235
YOLOv4 no aug,3869,0.4501,0.0050500825075768235
YOLOv4 no aug,3870,0.4501,0.0050500825075768235
YOLOv4 no aug,3871,0.4501,0.0050500825075768235
YOLOv4 no aug,3872,0.4501,0.0050500825075768235
YOLOv4 no aug,3873,0.4501,0.0050500825075768235
YOLOv4 no aug,3874,0.4501,0.0050500825075768235
YOLOv4 no aug,3875,0.4501,0.0050500825075768235
YOLOv4 no aug,3876,0.4501,0.0050500825075768235
YOLOv4 no aug,3877,0.4501,0.0050500825075768235
YOLOv4 no aug,3878,0.4501,0.0050500825075768235
YOLOv4 no aug,3879,0.4501,0.0050500825075768235
YOLOv4 no aug,3880,0.4501,0.0050500825075768235
YOLOv4 no aug,3881,0.4501,0.0050500825075768235
YOLOv4 no aug,3882,0.4501,0.0050500825075768235
YOLOv4 no aug,3883,0.4501,0.0050500825075768235
YOLOv4 no aug,3884,0.4501,0.0050500825075768235
YOLOv4 no aug,3885,0.4501,0.0050500825075768235
YOLOv4 no aug,3886,0.4501,0.0050500825075768235
YOLOv4 no aug,3887,0.4501,0.0050500825075768235
YOLOv4 no aug,3888,0.4501,0.0050500825075768235
YOLOv4 no aug,3889,0.4501,0.0050500825075768235
YOLOv4 no aug,3890,0.4501,0.0050500825075768235
YOLOv4 no aug,3891,0.4501,0.0050500825075768235
YOLOv4 no aug,3892,0.4501,0.0050500825075768235
YOLOv4 no aug,3893,0.4501,0.0050500825075768235
YOLOv4 no aug,3894,0.4501,0.0050500825075768235
YOLOv4 no aug,3895,0.4501,0.0050500825075768235
YOLOv4 no aug,3896,0.4501,0.0050500825075768235
YOLOv4 no aug,3897,0.4501,0.0050500825075768235
YOLOv4 no aug,3898,0.4501,0.0050500825075768235
YOLOv4 no aug,3899,0.4501,0.0050500825075768235
YOLOv4 no aug,3900,0.43681533333333333,0.002454147017465201
YOLOv4 no aug,3901,0.4368,0.004911211663123468
YOLOv4 no aug,3902,0.4368,0.004911211663123468
YOLOv4 no aug,3903,0.4368,0.004911211663123468
YOLOv4 no aug,3904,0.4368,0.004911211663123468
YOLOv4 no aug,3905,0.4368,0.004911211663123468
YOLOv4 no aug,3906,0.4368,0.004911211663123468
YOLOv4 no aug,3907,0.4368,0.004911211663123468
YOLOv4 no aug,3908,0.4368,0.004911211663123468
YOLOv4 no aug,3909,0.4368,0.004911211663123468
YOLOv4 no aug,3910,0.4368,0.004911211663123468
YOLOv4 no aug,3911,0.4368,0.004911211663123468
YOLOv4 no aug,3912,0.4368,0.004911211663123468
YOLOv4 no aug,3913,0.4368,0.004911211663123468
YOLOv4 no aug,3914,0.4368,0.004911211663123468
YOLOv4 no aug,3915,0.4368,0.004911211663123468
YOLOv4 no aug,3916,0.4368,0.004911211663123468
YOLOv4 no aug,3917,0.4368,0.004911211663123468
YOLOv4 no aug,3918,0.4368,0.004911211663123468
YOLOv4 no aug,3919,0.4368,0.004911211663123468
YOLOv4 no aug,3920,0.4368,0.004911211663123468
YOLOv4 no aug,3921,0.4368,0.004911211663123468
YOLOv4 no aug,3922,0.4368,0.004911211663123468
YOLOv4 no aug,3923,0.4368,0.004911211663123468
YOLOv4 no aug,3924,0.4368,0.004911211663123468
YOLOv4 no aug,3925,0.4368,0.004911211663123468
YOLOv4 no aug,3926,0.4368,0.004911211663123468
YOLOv4 no aug,3927,0.4368,0.004911211663123468
YOLOv4 no aug,3928,0.4368,0.004911211663123468
YOLOv4 no aug,3929,0.4368,0.004911211663123468
YOLOv4 no aug,3930,0.4368,0.004911211663123468
YOLOv4 no aug,3931,0.4368,0.004911211663123468
YOLOv4 no aug,3932,0.4368,0.004911211663123468
YOLOv4 no aug,3933,0.4368,0.004911211663123468
YOLOv4 no aug,3934,0.4368,0.004911211663123468
YOLOv4 no aug,3935,0.4368,0.004911211663123468
YOLOv4 no aug,3936,0.4368,0.004911211663123468
YOLOv4 no aug,3937,0.4368,0.004911211663123468
YOLOv4 no aug,3938,0.4368,0.004911211663123468
YOLOv4 no aug,3939,0.4368,0.004911211663123468
YOLOv4 no aug,3940,0.4368,0.004911211663123468
YOLOv4 no aug,3941,0.4368,0.004911211663123468
YOLOv4 no aug,3942,0.4368,0.004911211663123468
YOLOv4 no aug,3943,0.4368,0.004911211663123468
YOLOv4 no aug,3944,0.4368,0.004911211663123468
YOLOv4 no aug,3945,0.4368,0.004911211663123468
YOLOv4 no aug,3946,0.4368,0.004911211663123468
YOLOv4 no aug,3947,0.4368,0.004911211663123468
YOLOv4 no aug,3948,0.4368,0.004911211663123468
YOLOv4 no aug,3949,0.4368,0.004911211663123468
YOLOv4 no aug,3950,0.4368,0.004911211663123468
YOLOv4 no aug,3951,0.4368,0.004911211663123468
YOLOv4 no aug,3952,0.4368,0.004911211663123468
YOLOv4 no aug,3953,0.4368,0.004911211663123468
YOLOv4 no aug,3954,0.4368,0.004911211663123468
YOLOv4 no aug,3955,0.4368,0.004911211663123468
YOLOv4 no aug,3956,0.4368,0.004911211663123468
YOLOv4 no aug,3957,0.4368,0.004911211663123468
YOLOv4 no aug,3958,0.4368,0.004911211663123468
YOLOv4 no aug,3959,0.4368,0.004911211663123468
YOLOv4 no aug,3960,0.4368,0.004911211663123468
YOLOv4 no aug,3961,0.4368,0.004911211663123468
YOLOv4 no aug,3962,0.4368,0.004911211663123468
YOLOv4 no aug,3963,0.4368,0.004911211663123468
YOLOv4 no aug,3964,0.4368,0.004911211663123468
YOLOv4 no aug,3965,0.4368,0.004911211663123468
YOLOv4 no aug,3966,0.4368,0.004911211663123468
YOLOv4 no aug,3967,0.4368,0.004911211663123468
YOLOv4 no aug,3968,0.4368,0.004911211663123468
YOLOv4 no aug,3969,0.4368,0.004911211663123468
YOLOv4 no aug,3970,0.4368,0.004911211663123468
YOLOv4 no aug,3971,0.4368,0.004911211663123468
YOLOv4 no aug,3972,0.4368,0.004911211663123468
YOLOv4 no aug,3973,0.4368,0.004911211663123468
YOLOv4 no aug,3974,0.4368,0.004911211663123468
YOLOv4 no aug,3975,0.4368,0.004911211663123468
YOLOv4 no aug,3976,0.4368,0.004911211663123468
YOLOv4 no aug,3977,0.4368,0.004911211663123468
YOLOv4 no aug,3978,0.4368,0.004911211663123468
YOLOv4 no aug,3979,0.4368,0.004911211663123468
YOLOv4 no aug,3980,0.4368,0.004911211663123468
YOLOv4 no aug,3981,0.4368,0.004911211663123468
YOLOv4 no aug,3982,0.4368,0.004911211663123468
YOLOv4 no aug,3983,0.4368,0.004911211663123468
YOLOv4 no aug,3984,0.4368,0.004911211663123468
YOLOv4 no aug,3985,0.4368,0.004911211663123468
YOLOv4 no aug,3986,0.4368,0.004911211663123468
YOLOv4 no aug,3987,0.4368,0.004911211663123468
YOLOv4 no aug,3988,0.4368,0.004911211663123468
YOLOv4 no aug,3989,0.4368,0.004911211663123468
YOLOv4 no aug,3990,0.4368,0.004911211663123468
YOLOv4 no aug,3991,0.4368,0.004911211663123468
YOLOv4 no aug,3992,0.4368,0.004911211663123468
YOLOv4 no aug,3993,0.4368,0.004911211663123468
YOLOv4 no aug,3994,0.4368,0.004911211663123468
YOLOv4 no aug,3995,0.4368,0.004911211663123468
YOLOv4 no aug,3996,0.4368,0.004911211663123468
YOLOv4 no aug,3997,0.4368,0.004911211663123468
YOLOv4 no aug,3998,0.4368,0.004911211663123468
YOLOv4 no aug,3999,0.4368,0.004911211663123468
YOLOv4 no aug,4000,0.45633111111111113,0.00536581846414165
YOLOv4 no aug,4001,0.45633333333333326,0.010739542717349632
YOLOv4 no aug,4002,0.45633333333333326,0.010739542717349632
YOLOv4 no aug,4003,0.45633333333333326,0.010739542717349632
YOLOv4 no aug,4004,0.45633333333333326,0.010739542717349632
YOLOv4 no aug,4005,0.45633333333333326,0.010739542717349632
YOLOv4 no aug,4006,0.45633333333333326,0.010739542717349632
YOLOv4 no aug,4007,0.45633333333333326,0.010739542717349632
YOLOv4 no aug,4008,0.45633333333333326,0.010739542717349632
YOLOv4 no aug,4009,0.45633333333333326,0.010739542717349632
YOLOv4 no aug,4010,0.45633333333333326,0.010739542717349632
YOLOv4 no aug,4011,0.45633333333333326,0.010739542717349632
YOLOv4 no aug,4012,0.45633333333333326,0.010739542717349632
YOLOv4 no aug,4013,0.45633333333333326,0.010739542717349632
YOLOv4 no aug,4014,0.45633333333333326,0.010739542717349632
YOLOv4 no aug,4015,0.45633333333333326,0.010739542717349632
YOLOv4 no aug,4016,0.45633333333333326,0.010739542717349632
YOLOv4 no aug,4017,0.45633333333333326,0.010739542717349632
YOLOv4 no aug,4018,0.45633333333333326,0.010739542717349632
YOLOv4 no aug,4019,0.45633333333333326,0.010739542717349632
YOLOv4 no aug,4020,0.45633333333333326,0.010739542717349632
YOLOv4 no aug,4021,0.45633333333333326,0.010739542717349632
YOLOv4 no aug,4022,0.45633333333333326,0.010739542717349632
YOLOv4 no aug,4023,0.45633333333333326,0.010739542717349632
YOLOv4 no aug,4024,0.45633333333333326,0.010739542717349632
YOLOv4 no aug,4025,0.45633333333333326,0.010739542717349632
YOLOv4 no aug,4026,0.45633333333333326,0.010739542717349632
YOLOv4 no aug,4027,0.45633333333333326,0.010739542717349632
YOLOv4 no aug,4028,0.45633333333333326,0.010739542717349632
YOLOv4 no aug,4029,0.45633333333333326,0.010739542717349632
YOLOv4 no aug,4030,0.45633333333333326,0.010739542717349632
YOLOv4 no aug,4031,0.45633333333333326,0.010739542717349632
YOLOv4 no aug,4032,0.45633333333333326,0.010739542717349632
YOLOv4 no aug,4033,0.45633333333333326,0.010739542717349632
YOLOv4 no aug,4034,0.45633333333333326,0.010739542717349632
YOLOv4 no aug,4035,0.45633333333333326,0.010739542717349632
YOLOv4 no aug,4036,0.45633333333333326,0.010739542717349632
YOLOv4 no aug,4037,0.45633333333333326,0.010739542717349632
YOLOv4 no aug,4038,0.45633333333333326,0.010739542717349632
YOLOv4 no aug,4039,0.45633333333333326,0.010739542717349632
YOLOv4 no aug,4040,0.45633333333333326,0.010739542717349632
YOLOv4 no aug,4041,0.45633333333333326,0.010739542717349632
YOLOv4 no aug,4042,0.45633333333333326,0.010739542717349632
YOLOv4 no aug,4043,0.45633333333333326,0.010739542717349632
YOLOv4 no aug,4044,0.45633333333333326,0.010739542717349632
YOLOv4 no aug,4045,0.45633333333333326,0.010739542717349632
YOLOv4 no aug,4046,0.45633333333333326,0.010739542717349632
YOLOv4 no aug,4047,0.45633333333333326,0.010739542717349632
YOLOv4 no aug,4048,0.45633333333333326,0.010739542717349632
YOLOv4 no aug,4049,0.45633333333333326,0.010739542717349632
YOLOv4 no aug,4050,0.45633333333333326,0.010739542717349632
YOLOv4 no aug,4051,0.45633333333333326,0.010739542717349632
YOLOv4 no aug,4052,0.45633333333333326,0.010739542717349632
YOLOv4 no aug,4053,0.45633333333333326,0.010739542717349632
YOLOv4 no aug,4054,0.45633333333333326,0.010739542717349632
YOLOv4 no aug,4055,0.45633333333333326,0.010739542717349632
YOLOv4 no aug,4056,0.45633333333333326,0.010739542717349632
YOLOv4 no aug,4057,0.45633333333333326,0.010739542717349632
YOLOv4 no aug,4058,0.45633333333333326,0.010739542717349632
YOLOv4 no aug,4059,0.45633333333333326,0.010739542717349632
YOLOv4 no aug,4060,0.45633333333333326,0.010739542717349632
YOLOv4 no aug,4061,0.45633333333333326,0.010739542717349632
YOLOv4 no aug,4062,0.45633333333333326,0.010739542717349632
YOLOv4 no aug,4063,0.45633333333333326,0.010739542717349632
YOLOv4 no aug,4064,0.45633333333333326,0.010739542717349632
YOLOv4 no aug,4065,0.45633333333333326,0.010739542717349632
YOLOv4 no aug,4066,0.45633333333333326,0.010739542717349632
YOLOv4 no aug,4067,0.45633333333333326,0.010739542717349632
YOLOv4 no aug,4068,0.45633333333333326,0.010739542717349632
YOLOv4 no aug,4069,0.45633333333333326,0.010739542717349632
YOLOv4 no aug,4070,0.45633333333333326,0.010739542717349632
YOLOv4 no aug,4071,0.45633333333333326,0.010739542717349632
YOLOv4 no aug,4072,0.45633333333333326,0.010739542717349632
YOLOv4 no aug,4073,0.45633333333333326,0.010739542717349632
YOLOv4 no aug,4074,0.45633333333333326,0.010739542717349632
YOLOv4 no aug,4075,0.45633333333333326,0.010739542717349632
YOLOv4 no aug,4076,0.45633333333333326,0.010739542717349632
YOLOv4 no aug,4077,0.45633333333333326,0.010739542717349632
YOLOv4 no aug,4078,0.45633333333333326,0.010739542717349632
YOLOv4 no aug,4079,0.45633333333333326,0.010739542717349632
YOLOv4 no aug,4080,0.45633333333333326,0.010739542717349632
YOLOv4 no aug,4081,0.45633333333333326,0.010739542717349632
YOLOv4 no aug,4082,0.45633333333333326,0.010739542717349632
YOLOv4 no aug,4083,0.45633333333333326,0.010739542717349632
YOLOv4 no aug,4084,0.45633333333333326,0.010739542717349632
YOLOv4 no aug,4085,0.45633333333333326,0.010739542717349632
YOLOv4 no aug,4086,0.45633333333333326,0.010739542717349632
YOLOv4 no aug,4087,0.45633333333333326,0.010739542717349632
YOLOv4 no aug,4088,0.45633333333333326,0.010739542717349632
YOLOv4 no aug,4089,0.45633333333333326,0.010739542717349632
YOLOv4 no aug,4090,0.45633333333333326,0.010739542717349632
YOLOv4 no aug,4091,0.45633333333333326,0.010739542717349632
YOLOv4 no aug,4092,0.45633333333333326,0.010739542717349632
YOLOv4 no aug,4093,0.45633333333333326,0.010739542717349632
YOLOv4 no aug,4094,0.45633333333333326,0.010739542717349632
YOLOv4 no aug,4095,0.45633333333333326,0.010739542717349632
YOLOv4 no aug,4096,0.45633333333333326,0.010739542717349632
YOLOv4 no aug,4097,0.45633333333333326,0.010739542717349632
YOLOv4 no aug,4098,0.45633333333333326,0.010739542717349632
YOLOv4 no aug,4099,0.45633333333333326,0.010739542717349632
YOLOv4 no aug,4100,0.46905177777777785,0.0016394552175932806
YOLOv4 no aug,4101,0.46903333333333336,0.0032844752667325343
YOLOv4 no aug,4102,0.46903333333333336,0.0032844752667325343
YOLOv4 no aug,4103,0.46903333333333336,0.0032844752667325343
YOLOv4 no aug,4104,0.46903333333333336,0.0032844752667325343
YOLOv4 no aug,4105,0.46903333333333336,0.0032844752667325343
YOLOv4 no aug,4106,0.46903333333333336,0.0032844752667325343
YOLOv4 no aug,4107,0.46903333333333336,0.0032844752667325343
YOLOv4 no aug,4108,0.46903333333333336,0.0032844752667325343
YOLOv4 no aug,4109,0.46903333333333336,0.0032844752667325343
YOLOv4 no aug,4110,0.46903333333333336,0.0032844752667325343
YOLOv4 no aug,4111,0.46903333333333336,0.0032844752667325343
YOLOv4 no aug,4112,0.46903333333333336,0.0032844752667325343
YOLOv4 no aug,4113,0.46903333333333336,0.0032844752667325343
YOLOv4 no aug,4114,0.46903333333333336,0.0032844752667325343
YOLOv4 no aug,4115,0.46903333333333336,0.0032844752667325343
YOLOv4 no aug,4116,0.46903333333333336,0.0032844752667325343
YOLOv4 no aug,4117,0.46903333333333336,0.0032844752667325343
YOLOv4 no aug,4118,0.46903333333333336,0.0032844752667325343
YOLOv4 no aug,4119,0.46903333333333336,0.0032844752667325343
YOLOv4 no aug,4120,0.46903333333333336,0.0032844752667325343
YOLOv4 no aug,4121,0.46903333333333336,0.0032844752667325343
YOLOv4 no aug,4122,0.46903333333333336,0.0032844752667325343
YOLOv4 no aug,4123,0.46903333333333336,0.0032844752667325343
YOLOv4 no aug,4124,0.46903333333333336,0.0032844752667325343
YOLOv4 no aug,4125,0.46903333333333336,0.0032844752667325343
YOLOv4 no aug,4126,0.46903333333333336,0.0032844752667325343
YOLOv4 no aug,4127,0.46903333333333336,0.0032844752667325343
YOLOv4 no aug,4128,0.46903333333333336,0.0032844752667325343
YOLOv4 no aug,4129,0.46903333333333336,0.0032844752667325343
YOLOv4 no aug,4130,0.46903333333333336,0.0032844752667325343
YOLOv4 no aug,4131,0.46903333333333336,0.0032844752667325343
YOLOv4 no aug,4132,0.46903333333333336,0.0032844752667325343
YOLOv4 no aug,4133,0.46903333333333336,0.0032844752667325343
YOLOv4 no aug,4134,0.46903333333333336,0.0032844752667325343
YOLOv4 no aug,4135,0.46903333333333336,0.0032844752667325343
YOLOv4 no aug,4136,0.46903333333333336,0.0032844752667325343
YOLOv4 no aug,4137,0.46903333333333336,0.0032844752667325343
YOLOv4 no aug,4138,0.46903333333333336,0.0032844752667325343
YOLOv4 no aug,4139,0.46903333333333336,0.0032844752667325343
YOLOv4 no aug,4140,0.46903333333333336,0.0032844752667325343
YOLOv4 no aug,4141,0.46903333333333336,0.0032844752667325343
YOLOv4 no aug,4142,0.46903333333333336,0.0032844752667325343
YOLOv4 no aug,4143,0.46903333333333336,0.0032844752667325343
YOLOv4 no aug,4144,0.46903333333333336,0.0032844752667325343
YOLOv4 no aug,4145,0.46903333333333336,0.0032844752667325343
YOLOv4 no aug,4146,0.46903333333333336,0.0032844752667325343
YOLOv4 no aug,4147,0.46903333333333336,0.0032844752667325343
YOLOv4 no aug,4148,0.46903333333333336,0.0032844752667325343
YOLOv4 no aug,4149,0.46903333333333336,0.0032844752667325343
YOLOv4 no aug,4150,0.46903333333333336,0.0032844752667325343
YOLOv4 no aug,4151,0.46903333333333336,0.0032844752667325343
YOLOv4 no aug,4152,0.46903333333333336,0.0032844752667325343
YOLOv4 no aug,4153,0.46903333333333336,0.0032844752667325343
YOLOv4 no aug,4154,0.46903333333333336,0.0032844752667325343
YOLOv4 no aug,4155,0.46903333333333336,0.0032844752667325343
YOLOv4 no aug,4156,0.46903333333333336,0.0032844752667325343
YOLOv4 no aug,4157,0.46903333333333336,0.0032844752667325343
YOLOv4 no aug,4158,0.46903333333333336,0.0032844752667325343
YOLOv4 no aug,4159,0.46903333333333336,0.0032844752667325343
YOLOv4 no aug,4160,0.46903333333333336,0.0032844752667325343
YOLOv4 no aug,4161,0.46903333333333336,0.0032844752667325343
YOLOv4 no aug,4162,0.46903333333333336,0.0032844752667325343
YOLOv4 no aug,4163,0.46903333333333336,0.0032844752667325343
YOLOv4 no aug,4164,0.46903333333333336,0.0032844752667325343
YOLOv4 no aug,4165,0.46903333333333336,0.0032844752667325343
YOLOv4 no aug,4166,0.46903333333333336,0.0032844752667325343
YOLOv4 no aug,4167,0.46903333333333336,0.0032844752667325343
YOLOv4 no aug,4168,0.46903333333333336,0.0032844752667325343
YOLOv4 no aug,4169,0.46903333333333336,0.0032844752667325343
YOLOv4 no aug,4170,0.46903333333333336,0.0032844752667325343
YOLOv4 no aug,4171,0.46903333333333336,0.0032844752667325343
YOLOv4 no aug,4172,0.46903333333333336,0.0032844752667325343
YOLOv4 no aug,4173,0.46903333333333336,0.0032844752667325343
YOLOv4 no aug,4174,0.46903333333333336,0.0032844752667325343
YOLOv4 no aug,4175,0.46903333333333336,0.0032844752667325343
YOLOv4 no aug,4176,0.46903333333333336,0.0032844752667325343
YOLOv4 no aug,4177,0.46903333333333336,0.0032844752667325343
YOLOv4 no aug,4178,0.46903333333333336,0.0032844752667325343
YOLOv4 no aug,4179,0.46903333333333336,0.0032844752667325343
YOLOv4 no aug,4180,0.46903333333333336,0.0032844752667325343
YOLOv4 no aug,4181,0.46903333333333336,0.0032844752667325343
YOLOv4 no aug,4182,0.46903333333333336,0.0032844752667325343
YOLOv4 no aug,4183,0.46903333333333336,0.0032844752667325343
YOLOv4 no aug,4184,0.46903333333333336,0.0032844752667325343
YOLOv4 no aug,4185,0.46903333333333336,0.0032844752667325343
YOLOv4 no aug,4186,0.46903333333333336,0.0032844752667325343
YOLOv4 no aug,4187,0.46903333333333336,0.0032844752667325343
YOLOv4 no aug,4188,0.46903333333333336,0.0032844752667325343
YOLOv4 no aug,4189,0.46903333333333336,0.0032844752667325343
YOLOv4 no aug,4190,0.46903333333333336,0.0032844752667325343
YOLOv4 no aug,4191,0.46903333333333336,0.0032844752667325343
YOLOv4 no aug,4192,0.46903333333333336,0.0032844752667325343
YOLOv4 no aug,4193,0.46903333333333336,0.0032844752667325343
YOLOv4 no aug,4194,0.46903333333333336,0.0032844752667325343
YOLOv4 no aug,4195,0.46903333333333336,0.0032844752667325343
YOLOv4 no aug,4196,0.46903333333333336,0.0032844752667325343
YOLOv4 no aug,4197,0.46903333333333336,0.0032844752667325343
YOLOv4 no aug,4198,0.46903333333333336,0.0032844752667325343
YOLOv4 no aug,4199,0.46903333333333336,0.0032844752667325343
YOLOv4 no aug,4200,0.45441644444444446,0.0011804758587478236
YOLOv4 no aug,4201,0.45439999999999997,0.0023629078131262886
YOLOv4 no aug,4202,0.45439999999999997,0.0023629078131262886
YOLOv4 no aug,4203,0.45439999999999997,0.0023629078131262886
YOLOv4 no aug,4204,0.45439999999999997,0.0023629078131262886
YOLOv4 no aug,4205,0.45439999999999997,0.0023629078131262886
YOLOv4 no aug,4206,0.45439999999999997,0.0023629078131262886
YOLOv4 no aug,4207,0.45439999999999997,0.0023629078131262886
YOLOv4 no aug,4208,0.45439999999999997,0.0023629078131262886
YOLOv4 no aug,4209,0.45439999999999997,0.0023629078131262886
YOLOv4 no aug,4210,0.45439999999999997,0.0023629078131262886
YOLOv4 no aug,4211,0.45439999999999997,0.0023629078131262886
YOLOv4 no aug,4212,0.45439999999999997,0.0023629078131262886
YOLOv4 no aug,4213,0.45439999999999997,0.0023629078131262886
YOLOv4 no aug,4214,0.45439999999999997,0.0023629078131262886
YOLOv4 no aug,4215,0.45439999999999997,0.0023629078131262886
YOLOv4 no aug,4216,0.45439999999999997,0.0023629078131262886
YOLOv4 no aug,4217,0.45439999999999997,0.0023629078131262886
YOLOv4 no aug,4218,0.45439999999999997,0.0023629078131262886
YOLOv4 no aug,4219,0.45439999999999997,0.0023629078131262886
YOLOv4 no aug,4220,0.45439999999999997,0.0023629078131262886
YOLOv4 no aug,4221,0.45439999999999997,0.0023629078131262886
YOLOv4 no aug,4222,0.45439999999999997,0.0023629078131262886
YOLOv4 no aug,4223,0.45439999999999997,0.0023629078131262886
YOLOv4 no aug,4224,0.45439999999999997,0.0023629078131262886
YOLOv4 no aug,4225,0.45439999999999997,0.0023629078131262886
YOLOv4 no aug,4226,0.45439999999999997,0.0023629078131262886
YOLOv4 no aug,4227,0.45439999999999997,0.0023629078131262886
YOLOv4 no aug,4228,0.45439999999999997,0.0023629078131262886
YOLOv4 no aug,4229,0.45439999999999997,0.0023629078131262886
YOLOv4 no aug,4230,0.45439999999999997,0.0023629078131262886
YOLOv4 no aug,4231,0.45439999999999997,0.0023629078131262886
YOLOv4 no aug,4232,0.45439999999999997,0.0023629078131262886
YOLOv4 no aug,4233,0.45439999999999997,0.0023629078131262886
YOLOv4 no aug,4234,0.45439999999999997,0.0023629078131262886
YOLOv4 no aug,4235,0.45439999999999997,0.0023629078131262886
YOLOv4 no aug,4236,0.45439999999999997,0.0023629078131262886
YOLOv4 no aug,4237,0.45439999999999997,0.0023629078131262886
YOLOv4 no aug,4238,0.45439999999999997,0.0023629078131262886
YOLOv4 no aug,4239,0.45439999999999997,0.0023629078131262886
YOLOv4 no aug,4240,0.45439999999999997,0.0023629078131262886
YOLOv4 no aug,4241,0.45439999999999997,0.0023629078131262886
YOLOv4 no aug,4242,0.45439999999999997,0.0023629078131262886
YOLOv4 no aug,4243,0.45439999999999997,0.0023629078131262886
YOLOv4 no aug,4244,0.45439999999999997,0.0023629078131262886
YOLOv4 no aug,4245,0.45439999999999997,0.0023629078131262886
YOLOv4 no aug,4246,0.45439999999999997,0.0023629078131262886
YOLOv4 no aug,4247,0.45439999999999997,0.0023629078131262886
YOLOv4 no aug,4248,0.45439999999999997,0.0023629078131262886
YOLOv4 no aug,4249,0.45439999999999997,0.0023629078131262886
YOLOv4 no aug,4250,0.45439999999999997,0.0023629078131262886
YOLOv4 no aug,4251,0.45439999999999997,0.0023629078131262886
YOLOv4 no aug,4252,0.45439999999999997,0.0023629078131262886
YOLOv4 no aug,4253,0.45439999999999997,0.0023629078131262886
YOLOv4 no aug,4254,0.45439999999999997,0.0023629078131262886
YOLOv4 no aug,4255,0.45439999999999997,0.0023629078131262886
YOLOv4 no aug,4256,0.45439999999999997,0.0023629078131262886
YOLOv4 no aug,4257,0.45439999999999997,0.0023629078131262886
YOLOv4 no aug,4258,0.45439999999999997,0.0023629078131262886
YOLOv4 no aug,4259,0.45439999999999997,0.0023629078131262886
YOLOv4 no aug,4260,0.45439999999999997,0.0023629078131262886
YOLOv4 no aug,4261,0.45439999999999997,0.0023629078131262886
YOLOv4 no aug,4262,0.45439999999999997,0.0023629078131262886
YOLOv4 no aug,4263,0.45439999999999997,0.0023629078131262886
YOLOv4 no aug,4264,0.45439999999999997,0.0023629078131262886
YOLOv4 no aug,4265,0.45439999999999997,0.0023629078131262886
YOLOv4 no aug,4266,0.45439999999999997,0.0023629078131262886
YOLOv4 no aug,4267,0.45439999999999997,0.0023629078131262886
YOLOv4 no aug,4268,0.45439999999999997,0.0023629078131262886
YOLOv4 no aug,4269,0.45439999999999997,0.0023629078131262886
YOLOv4 no aug,4270,0.45439999999999997,0.0023629078131262886
YOLOv4 no aug,4271,0.45439999999999997,0.0023629078131262886
YOLOv4 no aug,4272,0.45439999999999997,0.0023629078131262886
YOLOv4 no aug,4273,0.45439999999999997,0.0023629078131262886
YOLOv4 no aug,4274,0.45439999999999997,0.0023629078131262886
YOLOv4 no aug,4275,0.45439999999999997,0.0023629078131262886
YOLOv4 no aug,4276,0.45439999999999997,0.0023629078131262886
YOLOv4 no aug,4277,0.45439999999999997,0.0023629078131262886
YOLOv4 no aug,4278,0.45439999999999997,0.0023629078131262886
YOLOv4 no aug,4279,0.45439999999999997,0.0023629078131262886
YOLOv4 no aug,4280,0.45439999999999997,0.0023629078131262886
YOLOv4 no aug,4281,0.45439999999999997,0.0023629078131262886
YOLOv4 no aug,4282,0.45439999999999997,0.0023629078131262886
YOLOv4 no aug,4283,0.45439999999999997,0.0023629078131262886
YOLOv4 no aug,4284,0.45439999999999997,0.0023629078131262886
YOLOv4 no aug,4285,0.45439999999999997,0.0023629078131262886
YOLOv4 no aug,4286,0.45439999999999997,0.0023629078131262886
YOLOv4 no aug,4287,0.45439999999999997,0.0023629078131262886
YOLOv4 no aug,4288,0.45439999999999997,0.0023629078131262886
YOLOv4 no aug,4289,0.45439999999999997,0.0023629078131262886
YOLOv4 no aug,4290,0.45439999999999997,0.0023629078131262886
YOLOv4 no aug,4291,0.45439999999999997,0.0023629078131262886
YOLOv4 no aug,4292,0.45439999999999997,0.0023629078131262886
YOLOv4 no aug,4293,0.45439999999999997,0.0023629078131262886
YOLOv4 no aug,4294,0.45439999999999997,0.0023629078131262886
YOLOv4 no aug,4295,0.45439999999999997,0.0023629078131262886
YOLOv4 no aug,4296,0.45439999999999997,0.0023629078131262886
YOLOv4 no aug,4297,0.45439999999999997,0.0023629078131262886
YOLOv4 no aug,4298,0.45439999999999997,0.0023629078131262886
YOLOv4 no aug,4299,0.45439999999999997,0.0023629078131262886
YOLOv4 no aug,4300,0.45471022222222224,0.004281877345854064
YOLOv4 no aug,4301,0.45473333333333327,0.008563553260443033
YOLOv4 no aug,4302,0.45473333333333327,0.008563553260443033
YOLOv4 no aug,4303,0.45473333333333327,0.008563553260443033
YOLOv4 no aug,4304,0.45473333333333327,0.008563553260443033
YOLOv4 no aug,4305,0.45473333333333327,0.008563553260443033
YOLOv4 no aug,4306,0.45473333333333327,0.008563553260443033
YOLOv4 no aug,4307,0.45473333333333327,0.008563553260443033
YOLOv4 no aug,4308,0.45473333333333327,0.008563553260443033
YOLOv4 no aug,4309,0.45473333333333327,0.008563553260443033
YOLOv4 no aug,4310,0.45473333333333327,0.008563553260443033
YOLOv4 no aug,4311,0.45473333333333327,0.008563553260443033
YOLOv4 no aug,4312,0.45473333333333327,0.008563553260443033
YOLOv4 no aug,4313,0.45473333333333327,0.008563553260443033
YOLOv4 no aug,4314,0.45473333333333327,0.008563553260443033
YOLOv4 no aug,4315,0.45473333333333327,0.008563553260443033
YOLOv4 no aug,4316,0.45473333333333327,0.008563553260443033
YOLOv4 no aug,4317,0.45473333333333327,0.008563553260443033
YOLOv4 no aug,4318,0.45473333333333327,0.008563553260443033
YOLOv4 no aug,4319,0.45473333333333327,0.008563553260443033
YOLOv4 no aug,4320,0.45473333333333327,0.008563553260443033
YOLOv4 no aug,4321,0.45473333333333327,0.008563553260443033
YOLOv4 no aug,4322,0.45473333333333327,0.008563553260443033
YOLOv4 no aug,4323,0.45473333333333327,0.008563553260443033
YOLOv4 no aug,4324,0.45473333333333327,0.008563553260443033
YOLOv4 no aug,4325,0.45473333333333327,0.008563553260443033
YOLOv4 no aug,4326,0.45473333333333327,0.008563553260443033
YOLOv4 no aug,4327,0.45473333333333327,0.008563553260443033
YOLOv4 no aug,4328,0.45473333333333327,0.008563553260443033
YOLOv4 no aug,4329,0.45473333333333327,0.008563553260443033
YOLOv4 no aug,4330,0.45473333333333327,0.008563553260443033
YOLOv4 no aug,4331,0.45473333333333327,0.008563553260443033
YOLOv4 no aug,4332,0.45473333333333327,0.008563553260443033
YOLOv4 no aug,4333,0.45473333333333327,0.008563553260443033
YOLOv4 no aug,4334,0.45473333333333327,0.008563553260443033
YOLOv4 no aug,4335,0.45473333333333327,0.008563553260443033
YOLOv4 no aug,4336,0.45473333333333327,0.008563553260443033
YOLOv4 no aug,4337,0.45473333333333327,0.008563553260443033
YOLOv4 no aug,4338,0.45473333333333327,0.008563553260443033
YOLOv4 no aug,4339,0.45473333333333327,0.008563553260443033
YOLOv4 no aug,4340,0.45473333333333327,0.008563553260443033
YOLOv4 no aug,4341,0.45473333333333327,0.008563553260443033
YOLOv4 no aug,4342,0.45473333333333327,0.008563553260443033
YOLOv4 no aug,4343,0.45473333333333327,0.008563553260443033
YOLOv4 no aug,4344,0.45473333333333327,0.008563553260443033
YOLOv4 no aug,4345,0.45473333333333327,0.008563553260443033
YOLOv4 no aug,4346,0.45473333333333327,0.008563553260443033
YOLOv4 no aug,4347,0.45473333333333327,0.008563553260443033
YOLOv4 no aug,4348,0.45473333333333327,0.008563553260443033
YOLOv4 no aug,4349,0.45473333333333327,0.008563553260443033
YOLOv4 no aug,4350,0.45473333333333327,0.008563553260443033
YOLOv4 no aug,4351,0.45473333333333327,0.008563553260443033
YOLOv4 no aug,4352,0.45473333333333327,0.008563553260443033
YOLOv4 no aug,4353,0.45473333333333327,0.008563553260443033
YOLOv4 no aug,4354,0.45473333333333327,0.008563553260443033
YOLOv4 no aug,4355,0.45473333333333327,0.008563553260443033
YOLOv4 no aug,4356,0.45473333333333327,0.008563553260443033
YOLOv4 no aug,4357,0.45473333333333327,0.008563553260443033
YOLOv4 no aug,4358,0.45473333333333327,0.008563553260443033
YOLOv4 no aug,4359,0.45473333333333327,0.008563553260443033
YOLOv4 no aug,4360,0.45473333333333327,0.008563553260443033
YOLOv4 no aug,4361,0.45473333333333327,0.008563553260443033
YOLOv4 no aug,4362,0.45473333333333327,0.008563553260443033
YOLOv4 no aug,4363,0.45473333333333327,0.008563553260443033
YOLOv4 no aug,4364,0.45473333333333327,0.008563553260443033
YOLOv4 no aug,4365,0.45473333333333327,0.008563553260443033
YOLOv4 no aug,4366,0.45473333333333327,0.008563553260443033
YOLOv4 no aug,4367,0.45473333333333327,0.008563553260443033
YOLOv4 no aug,4368,0.45473333333333327,0.008563553260443033
YOLOv4 no aug,4369,0.45473333333333327,0.008563553260443033
YOLOv4 no aug,4370,0.45473333333333327,0.008563553260443033
YOLOv4 no aug,4371,0.45473333333333327,0.008563553260443033
YOLOv4 no aug,4372,0.45473333333333327,0.008563553260443033
YOLOv4 no aug,4373,0.45473333333333327,0.008563553260443033
YOLOv4 no aug,4374,0.45473333333333327,0.008563553260443033
YOLOv4 no aug,4375,0.45473333333333327,0.008563553260443033
YOLOv4 no aug,4376,0.45473333333333327,0.008563553260443033
YOLOv4 no aug,4377,0.45473333333333327,0.008563553260443033
YOLOv4 no aug,4378,0.45473333333333327,0.008563553260443033
YOLOv4 no aug,4379,0.45473333333333327,0.008563553260443033
YOLOv4 no aug,4380,0.45473333333333327,0.008563553260443033
YOLOv4 no aug,4381,0.45473333333333327,0.008563553260443033
YOLOv4 no aug,4382,0.45473333333333327,0.008563553260443033
YOLOv4 no aug,4383,0.45473333333333327,0.008563553260443033
YOLOv4 no aug,4384,0.45473333333333327,0.008563553260443033
YOLOv4 no aug,4385,0.45473333333333327,0.008563553260443033
YOLOv4 no aug,4386,0.45473333333333327,0.008563553260443033
YOLOv4 no aug,4387,0.45473333333333327,0.008563553260443033
YOLOv4 no aug,4388,0.45473333333333327,0.008563553260443033
YOLOv4 no aug,4389,0.45473333333333327,0.008563553260443033
YOLOv4 no aug,4390,0.45473333333333327,0.008563553260443033
YOLOv4 no aug,4391,0.45473333333333327,0.008563553260443033
YOLOv4 no aug,4392,0.45473333333333327,0.008563553260443033
YOLOv4 no aug,4393,0.45473333333333327,0.008563553260443033
YOLOv4 no aug,4394,0.45473333333333327,0.008563553260443033
YOLOv4 no aug,4395,0.45473333333333327,0.008563553260443033
YOLOv4 no aug,4396,0.45473333333333327,0.008563553260443033
YOLOv4 no aug,4397,0.45473333333333327,0.008563553260443033
YOLOv4 no aug,4398,0.45473333333333327,0.008563553260443033
YOLOv4 no aug,4399,0.45473333333333327,0.008563553260443033
YOLOv4 no aug,4400,0.45124644444444445,0.0021740528468425454
YOLOv4 no aug,4401,0.4512333333333333,0.004355201232753507
YOLOv4 no aug,4402,0.4512333333333333,0.004355201232753507
YOLOv4 no aug,4403,0.4512333333333333,0.004355201232753507
YOLOv4 no aug,4404,0.4512333333333333,0.004355201232753507
YOLOv4 no aug,4405,0.4512333333333333,0.004355201232753507
YOLOv4 no aug,4406,0.4512333333333333,0.004355201232753507
YOLOv4 no aug,4407,0.4512333333333333,0.004355201232753507
YOLOv4 no aug,4408,0.4512333333333333,0.004355201232753507
YOLOv4 no aug,4409,0.4512333333333333,0.004355201232753507
YOLOv4 no aug,4410,0.4512333333333333,0.004355201232753507
YOLOv4 no aug,4411,0.4512333333333333,0.004355201232753507
YOLOv4 no aug,4412,0.4512333333333333,0.004355201232753507
YOLOv4 no aug,4413,0.4512333333333333,0.004355201232753507
YOLOv4 no aug,4414,0.4512333333333333,0.004355201232753507
YOLOv4 no aug,4415,0.4512333333333333,0.004355201232753507
YOLOv4 no aug,4416,0.4512333333333333,0.004355201232753507
YOLOv4 no aug,4417,0.4512333333333333,0.004355201232753507
YOLOv4 no aug,4418,0.4512333333333333,0.004355201232753507
YOLOv4 no aug,4419,0.4512333333333333,0.004355201232753507
YOLOv4 no aug,4420,0.4512333333333333,0.004355201232753507
YOLOv4 no aug,4421,0.4512333333333333,0.004355201232753507
YOLOv4 no aug,4422,0.4512333333333333,0.004355201232753507
YOLOv4 no aug,4423,0.4512333333333333,0.004355201232753507
YOLOv4 no aug,4424,0.4512333333333333,0.004355201232753507
YOLOv4 no aug,4425,0.4512333333333333,0.004355201232753507
YOLOv4 no aug,4426,0.4512333333333333,0.004355201232753507
YOLOv4 no aug,4427,0.4512333333333333,0.004355201232753507
YOLOv4 no aug,4428,0.4512333333333333,0.004355201232753507
YOLOv4 no aug,4429,0.4512333333333333,0.004355201232753507
YOLOv4 no aug,4430,0.4512333333333333,0.004355201232753507
YOLOv4 no aug,4431,0.4512333333333333,0.004355201232753507
YOLOv4 no aug,4432,0.4512333333333333,0.004355201232753507
YOLOv4 no aug,4433,0.4512333333333333,0.004355201232753507
YOLOv4 no aug,4434,0.4512333333333333,0.004355201232753507
YOLOv4 no aug,4435,0.4512333333333333,0.004355201232753507
YOLOv4 no aug,4436,0.4512333333333333,0.004355201232753507
YOLOv4 no aug,4437,0.4512333333333333,0.004355201232753507
YOLOv4 no aug,4438,0.4512333333333333,0.004355201232753507
YOLOv4 no aug,4439,0.4512333333333333,0.004355201232753507
YOLOv4 no aug,4440,0.4512333333333333,0.004355201232753507
YOLOv4 no aug,4441,0.4512333333333333,0.004355201232753507
YOLOv4 no aug,4442,0.4512333333333333,0.004355201232753507
YOLOv4 no aug,4443,0.4512333333333333,0.004355201232753507
YOLOv4 no aug,4444,0.4512333333333333,0.004355201232753507
YOLOv4 no aug,4445,0.4512333333333333,0.004355201232753507
YOLOv4 no aug,4446,0.4512333333333333,0.004355201232753507
YOLOv4 no aug,4447,0.4512333333333333,0.004355201232753507
YOLOv4 no aug,4448,0.4512333333333333,0.004355201232753507
YOLOv4 no aug,4449,0.4512333333333333,0.004355201232753507
YOLOv4 no aug,4450,0.4512333333333333,0.004355201232753507
YOLOv4 no aug,4451,0.4512333333333333,0.004355201232753507
YOLOv4 no aug,4452,0.4512333333333333,0.004355201232753507
YOLOv4 no aug,4453,0.4512333333333333,0.004355201232753507
YOLOv4 no aug,4454,0.4512333333333333,0.004355201232753507
YOLOv4 no aug,4455,0.4512333333333333,0.004355201232753507
YOLOv4 no aug,4456,0.4512333333333333,0.004355201232753507
YOLOv4 no aug,4457,0.4512333333333333,0.004355201232753507
YOLOv4 no aug,4458,0.4512333333333333,0.004355201232753507
YOLOv4 no aug,4459,0.4512333333333333,0.004355201232753507
YOLOv4 no aug,4460,0.4512333333333333,0.004355201232753507
YOLOv4 no aug,4461,0.4512333333333333,0.004355201232753507
YOLOv4 no aug,4462,0.4512333333333333,0.004355201232753507
YOLOv4 no aug,4463,0.4512333333333333,0.004355201232753507
YOLOv4 no aug,4464,0.4512333333333333,0.004355201232753507
YOLOv4 no aug,4465,0.4512333333333333,0.004355201232753507
YOLOv4 no aug,4466,0.4512333333333333,0.004355201232753507
YOLOv4 no aug,4467,0.4512333333333333,0.004355201232753507
YOLOv4 no aug,4468,0.4512333333333333,0.004355201232753507
YOLOv4 no aug,4469,0.4512333333333333,0.004355201232753507
YOLOv4 no aug,4470,0.4512333333333333,0.004355201232753507
YOLOv4 no aug,4471,0.4512333333333333,0.004355201232753507
YOLOv4 no aug,4472,0.4512333333333333,0.004355201232753507
YOLOv4 no aug,4473,0.4512333333333333,0.004355201232753507
YOLOv4 no aug,4474,0.4512333333333333,0.004355201232753507
YOLOv4 no aug,4475,0.4512333333333333,0.004355201232753507
YOLOv4 no aug,4476,0.4512333333333333,0.004355201232753507
YOLOv4 no aug,4477,0.4512333333333333,0.004355201232753507
YOLOv4 no aug,4478,0.4512333333333333,0.004355201232753507
YOLOv4 no aug,4479,0.4512333333333333,0.004355201232753507
YOLOv4 no aug,4480,0.4512333333333333,0.004355201232753507
YOLOv4 no aug,4481,0.4512333333333333,0.004355201232753507
YOLOv4 no aug,4482,0.4512333333333333,0.004355201232753507
YOLOv4 no aug,4483,0.4512333333333333,0.004355201232753507
YOLOv4 no aug,4484,0.4512333333333333,0.004355201232753507
YOLOv4 no aug,4485,0.4512333333333333,0.004355201232753507
YOLOv4 no aug,4486,0.4512333333333333,0.004355201232753507
YOLOv4 no aug,4487,0.4512333333333333,0.004355201232753507
YOLOv4 no aug,4488,0.4512333333333333,0.004355201232753507
YOLOv4 no aug,4489,0.4512333333333333,0.004355201232753507
YOLOv4 no aug,4490,0.4512333333333333,0.004355201232753507
YOLOv4 no aug,4491,0.4512333333333333,0.004355201232753507
YOLOv4 no aug,4492,0.4512333333333333,0.004355201232753507
YOLOv4 no aug,4493,0.4512333333333333,0.004355201232753507
YOLOv4 no aug,4494,0.4512333333333333,0.004355201232753507
YOLOv4 no aug,4495,0.4512333333333333,0.004355201232753507
YOLOv4 no aug,4496,0.4512333333333333,0.004355201232753507
YOLOv4 no aug,4497,0.4512333333333333,0.004355201232753507
YOLOv4 no aug,4498,0.4512333333333333,0.004355201232753507
YOLOv4 no aug,4499,0.4512333333333333,0.004355201232753507
YOLOv4 no aug,4500,0.44524355555555556,0.00637959254426677
YOLOv4 no aug,4501,0.44523333333333337,0.012751514071321525
YOLOv4 no aug,4502,0.44523333333333337,0.012751514071321525
YOLOv4 no aug,4503,0.44523333333333337,0.012751514071321525
YOLOv4 no aug,4504,0.44523333333333337,0.012751514071321525
YOLOv4 no aug,4505,0.44523333333333337,0.012751514071321525
YOLOv4 no aug,4506,0.44523333333333337,0.012751514071321525
YOLOv4 no aug,4507,0.44523333333333337,0.012751514071321525
YOLOv4 no aug,4508,0.44523333333333337,0.012751514071321525
YOLOv4 no aug,4509,0.44523333333333337,0.012751514071321525
YOLOv4 no aug,4510,0.44523333333333337,0.012751514071321525
YOLOv4 no aug,4511,0.44523333333333337,0.012751514071321525
YOLOv4 no aug,4512,0.44523333333333337,0.012751514071321525
YOLOv4 no aug,4513,0.44523333333333337,0.012751514071321525
YOLOv4 no aug,4514,0.44523333333333337,0.012751514071321525
YOLOv4 no aug,4515,0.44523333333333337,0.012751514071321525
YOLOv4 no aug,4516,0.44523333333333337,0.012751514071321525
YOLOv4 no aug,4517,0.44523333333333337,0.012751514071321525
YOLOv4 no aug,4518,0.44523333333333337,0.012751514071321525
YOLOv4 no aug,4519,0.44523333333333337,0.012751514071321525
YOLOv4 no aug,4520,0.44523333333333337,0.012751514071321525
YOLOv4 no aug,4521,0.44523333333333337,0.012751514071321525
YOLOv4 no aug,4522,0.44523333333333337,0.012751514071321525
YOLOv4 no aug,4523,0.44523333333333337,0.012751514071321525
YOLOv4 no aug,4524,0.44523333333333337,0.012751514071321525
YOLOv4 no aug,4525,0.44523333333333337,0.012751514071321525
YOLOv4 no aug,4526,0.44523333333333337,0.012751514071321525
YOLOv4 no aug,4527,0.44523333333333337,0.012751514071321525
YOLOv4 no aug,4528,0.44523333333333337,0.012751514071321525
YOLOv4 no aug,4529,0.44523333333333337,0.012751514071321525
YOLOv4 no aug,4530,0.44523333333333337,0.012751514071321525
YOLOv4 no aug,4531,0.44523333333333337,0.012751514071321525
YOLOv4 no aug,4532,0.44523333333333337,0.012751514071321525
YOLOv4 no aug,4533,0.44523333333333337,0.012751514071321525
YOLOv4 no aug,4534,0.44523333333333337,0.012751514071321525
YOLOv4 no aug,4535,0.44523333333333337,0.012751514071321525
YOLOv4 no aug,4536,0.44523333333333337,0.012751514071321525
YOLOv4 no aug,4537,0.44523333333333337,0.012751514071321525
YOLOv4 no aug,4538,0.44523333333333337,0.012751514071321525
YOLOv4 no aug,4539,0.44523333333333337,0.012751514071321525
YOLOv4 no aug,4540,0.44523333333333337,0.012751514071321525
YOLOv4 no aug,4541,0.44523333333333337,0.012751514071321525
YOLOv4 no aug,4542,0.44523333333333337,0.012751514071321525
YOLOv4 no aug,4543,0.44523333333333337,0.012751514071321525
YOLOv4 no aug,4544,0.44523333333333337,0.012751514071321525
YOLOv4 no aug,4545,0.44523333333333337,0.012751514071321525
YOLOv4 no aug,4546,0.44523333333333337,0.012751514071321525
YOLOv4 no aug,4547,0.44523333333333337,0.012751514071321525
YOLOv4 no aug,4548,0.44523333333333337,0.012751514071321525
YOLOv4 no aug,4549,0.44523333333333337,0.012751514071321525
YOLOv4 no aug,4550,0.44523333333333337,0.012751514071321525
YOLOv4 no aug,4551,0.44523333333333337,0.012751514071321525
YOLOv4 no aug,4552,0.44523333333333337,0.012751514071321525
YOLOv4 no aug,4553,0.44523333333333337,0.012751514071321525
YOLOv4 no aug,4554,0.44523333333333337,0.012751514071321525
YOLOv4 no aug,4555,0.44523333333333337,0.012751514071321525
YOLOv4 no aug,4556,0.44523333333333337,0.012751514071321525
YOLOv4 no aug,4557,0.44523333333333337,0.012751514071321525
YOLOv4 no aug,4558,0.44523333333333337,0.012751514071321525
YOLOv4 no aug,4559,0.44523333333333337,0.012751514071321525
YOLOv4 no aug,4560,0.44523333333333337,0.012751514071321525
YOLOv4 no aug,4561,0.44523333333333337,0.012751514071321525
YOLOv4 no aug,4562,0.44523333333333337,0.012751514071321525
YOLOv4 no aug,4563,0.44523333333333337,0.012751514071321525
YOLOv4 no aug,4564,0.44523333333333337,0.012751514071321525
YOLOv4 no aug,4565,0.44523333333333337,0.012751514071321525
YOLOv4 no aug,4566,0.44523333333333337,0.012751514071321525
YOLOv4 no aug,4567,0.44523333333333337,0.012751514071321525
YOLOv4 no aug,4568,0.44523333333333337,0.012751514071321525
YOLOv4 no aug,4569,0.44523333333333337,0.012751514071321525
YOLOv4 no aug,4570,0.44523333333333337,0.012751514071321525
YOLOv4 no aug,4571,0.44523333333333337,0.012751514071321525
YOLOv4 no aug,4572,0.44523333333333337,0.012751514071321525
YOLOv4 no aug,4573,0.44523333333333337,0.012751514071321525
YOLOv4 no aug,4574,0.44523333333333337,0.012751514071321525
YOLOv4 no aug,4575,0.44523333333333337,0.012751514071321525
YOLOv4 no aug,4576,0.44523333333333337,0.012751514071321525
YOLOv4 no aug,4577,0.44523333333333337,0.012751514071321525
YOLOv4 no aug,4578,0.44523333333333337,0.012751514071321525
YOLOv4 no aug,4579,0.44523333333333337,0.012751514071321525
YOLOv4 no aug,4580,0.44523333333333337,0.012751514071321525
YOLOv4 no aug,4581,0.44523333333333337,0.012751514071321525
YOLOv4 no aug,4582,0.44523333333333337,0.012751514071321525
YOLOv4 no aug,4583,0.44523333333333337,0.012751514071321525
YOLOv4 no aug,4584,0.44523333333333337,0.012751514071321525
YOLOv4 no aug,4585,0.44523333333333337,0.012751514071321525
YOLOv4 no aug,4586,0.44523333333333337,0.012751514071321525
YOLOv4 no aug,4587,0.44523333333333337,0.012751514071321525
YOLOv4 no aug,4588,0.44523333333333337,0.012751514071321525
YOLOv4 no aug,4589,0.44523333333333337,0.012751514071321525
YOLOv4 no aug,4590,0.44523333333333337,0.012751514071321525
YOLOv4 no aug,4591,0.44523333333333337,0.012751514071321525
YOLOv4 no aug,4592,0.44523333333333337,0.012751514071321525
YOLOv4 no aug,4593,0.44523333333333337,0.012751514071321525
YOLOv4 no aug,4594,0.44523333333333337,0.012751514071321525
YOLOv4 no aug,4595,0.44523333333333337,0.012751514071321525
YOLOv4 no aug,4596,0.44523333333333337,0.012751514071321525
YOLOv4 no aug,4597,0.44523333333333337,0.012751514071321525
YOLOv4 no aug,4598,0.44523333333333337,0.012751514071321525
YOLOv4 no aug,4599,0.44523333333333337,0.012751514071321525
YOLOv4 no aug,4600,0.46100177777777784,0.004349318106764223
YOLOv4 no aug,4601,0.461,0.008689265408153507
YOLOv4 no aug,4602,0.461,0.008689265408153507
YOLOv4 no aug,4603,0.461,0.008689265408153507
YOLOv4 no aug,4604,0.461,0.008689265408153507
YOLOv4 no aug,4605,0.461,0.008689265408153507
YOLOv4 no aug,4606,0.461,0.008689265408153507
YOLOv4 no aug,4607,0.461,0.008689265408153507
YOLOv4 no aug,4608,0.461,0.008689265408153507
YOLOv4 no aug,4609,0.461,0.008689265408153507
YOLOv4 no aug,4610,0.461,0.008689265408153507
YOLOv4 no aug,4611,0.461,0.008689265408153507
YOLOv4 no aug,4612,0.461,0.008689265408153507
YOLOv4 no aug,4613,0.461,0.008689265408153507
YOLOv4 no aug,4614,0.461,0.008689265408153507
YOLOv4 no aug,4615,0.461,0.008689265408153507
YOLOv4 no aug,4616,0.461,0.008689265408153507
YOLOv4 no aug,4617,0.461,0.008689265408153507
YOLOv4 no aug,4618,0.461,0.008689265408153507
YOLOv4 no aug,4619,0.461,0.008689265408153507
YOLOv4 no aug,4620,0.461,0.008689265408153507
YOLOv4 no aug,4621,0.461,0.008689265408153507
YOLOv4 no aug,4622,0.461,0.008689265408153507
YOLOv4 no aug,4623,0.461,0.008689265408153507
YOLOv4 no aug,4624,0.461,0.008689265408153507
YOLOv4 no aug,4625,0.461,0.008689265408153507
YOLOv4 no aug,4626,0.461,0.008689265408153507
YOLOv4 no aug,4627,0.461,0.008689265408153507
YOLOv4 no aug,4628,0.461,0.008689265408153507
YOLOv4 no aug,4629,0.461,0.008689265408153507
YOLOv4 no aug,4630,0.461,0.008689265408153507
YOLOv4 no aug,4631,0.461,0.008689265408153507
YOLOv4 no aug,4632,0.461,0.008689265408153507
YOLOv4 no aug,4633,0.461,0.008689265408153507
YOLOv4 no aug,4634,0.461,0.008689265408153507
YOLOv4 no aug,4635,0.461,0.008689265408153507
YOLOv4 no aug,4636,0.461,0.008689265408153507
YOLOv4 no aug,4637,0.461,0.008689265408153507
YOLOv4 no aug,4638,0.461,0.008689265408153507
YOLOv4 no aug,4639,0.461,0.008689265408153507
YOLOv4 no aug,4640,0.461,0.008689265408153507
YOLOv4 no aug,4641,0.461,0.008689265408153507
YOLOv4 no aug,4642,0.461,0.008689265408153507
YOLOv4 no aug,4643,0.461,0.008689265408153507
YOLOv4 no aug,4644,0.461,0.008689265408153507
YOLOv4 no aug,4645,0.461,0.008689265408153507
YOLOv4 no aug,4646,0.461,0.008689265408153507
YOLOv4 no aug,4647,0.461,0.008689265408153507
YOLOv4 no aug,4648,0.461,0.008689265408153507
YOLOv4 no aug,4649,0.461,0.008689265408153507
YOLOv4 no aug,4650,0.461,0.008689265408153507
YOLOv4 no aug,4651,0.461,0.008689265408153507
YOLOv4 no aug,4652,0.461,0.008689265408153507
YOLOv4 no aug,4653,0.461,0.008689265408153507
YOLOv4 no aug,4654,0.461,0.008689265408153507
YOLOv4 no aug,4655,0.461,0.008689265408153507
YOLOv4 no aug,4656,0.461,0.008689265408153507
YOLOv4 no aug,4657,0.461,0.008689265408153507
YOLOv4 no aug,4658,0.461,0.008689265408153507
YOLOv4 no aug,4659,0.461,0.008689265408153507
YOLOv4 no aug,4660,0.461,0.008689265408153507
YOLOv4 no aug,4661,0.461,0.008689265408153507
YOLOv4 no aug,4662,0.461,0.008689265408153507
YOLOv4 no aug,4663,0.461,0.008689265408153507
YOLOv4 no aug,4664,0.461,0.008689265408153507
YOLOv4 no aug,4665,0.461,0.008689265408153507
YOLOv4 no aug,4666,0.461,0.008689265408153507
YOLOv4 no aug,4667,0.461,0.008689265408153507
YOLOv4 no aug,4668,0.461,0.008689265408153507
YOLOv4 no aug,4669,0.461,0.008689265408153507
YOLOv4 no aug,4670,0.461,0.008689265408153507
YOLOv4 no aug,4671,0.461,0.008689265408153507
YOLOv4 no aug,4672,0.461,0.008689265408153507
YOLOv4 no aug,4673,0.461,0.008689265408153507
YOLOv4 no aug,4674,0.461,0.008689265408153507
YOLOv4 no aug,4675,0.461,0.008689265408153507
YOLOv4 no aug,4676,0.461,0.008689265408153507
YOLOv4 no aug,4677,0.461,0.008689265408153507
YOLOv4 no aug,4678,0.461,0.008689265408153507
YOLOv4 no aug,4679,0.461,0.008689265408153507
YOLOv4 no aug,4680,0.461,0.008689265408153507
YOLOv4 no aug,4681,0.461,0.008689265408153507
YOLOv4 no aug,4682,0.461,0.008689265408153507
YOLOv4 no aug,4683,0.461,0.008689265408153507
YOLOv4 no aug,4684,0.461,0.008689265408153507
YOLOv4 no aug,4685,0.461,0.008689265408153507
YOLOv4 no aug,4686,0.461,0.008689265408153507
YOLOv4 no aug,4687,0.461,0.008689265408153507
YOLOv4 no aug,4688,0.461,0.008689265408153507
YOLOv4 no aug,4689,0.461,0.008689265408153507
YOLOv4 no aug,4690,0.461,0.008689265408153507
YOLOv4 no aug,4691,0.461,0.008689265408153507
YOLOv4 no aug,4692,0.461,0.008689265408153507
YOLOv4 no aug,4693,0.461,0.008689265408153507
YOLOv4 no aug,4694,0.461,0.008689265408153507
YOLOv4 no aug,4695,0.461,0.008689265408153507
YOLOv4 no aug,4696,0.461,0.008689265408153507
YOLOv4 no aug,4697,0.461,0.008689265408153507
YOLOv4 no aug,4698,0.461,0.008689265408153507
YOLOv4 no aug,4699,0.461,0.008689265408153507
YOLOv4 no aug,4700,0.4553584444444445,0.002663689682622329
YOLOv4 no aug,4701,0.4553666666666667,0.005318625553446854
YOLOv4 no aug,4702,0.4553666666666667,0.005318625553446854
YOLOv4 no aug,4703,0.4553666666666667,0.005318625553446854
YOLOv4 no aug,4704,0.4553666666666667,0.005318625553446854
YOLOv4 no aug,4705,0.4553666666666667,0.005318625553446854
YOLOv4 no aug,4706,0.4553666666666667,0.005318625553446854
YOLOv4 no aug,4707,0.4553666666666667,0.005318625553446854
YOLOv4 no aug,4708,0.4553666666666667,0.005318625553446854
YOLOv4 no aug,4709,0.4553666666666667,0.005318625553446854
YOLOv4 no aug,4710,0.4553666666666667,0.005318625553446854
YOLOv4 no aug,4711,0.4553666666666667,0.005318625553446854
YOLOv4 no aug,4712,0.4553666666666667,0.005318625553446854
YOLOv4 no aug,4713,0.4553666666666667,0.005318625553446854
YOLOv4 no aug,4714,0.4553666666666667,0.005318625553446854
YOLOv4 no aug,4715,0.4553666666666667,0.005318625553446854
YOLOv4 no aug,4716,0.4553666666666667,0.005318625553446854
YOLOv4 no aug,4717,0.4553666666666667,0.005318625553446854
YOLOv4 no aug,4718,0.4553666666666667,0.005318625553446854
YOLOv4 no aug,4719,0.4553666666666667,0.005318625553446854
YOLOv4 no aug,4720,0.4553666666666667,0.005318625553446854
YOLOv4 no aug,4721,0.4553666666666667,0.005318625553446854
YOLOv4 no aug,4722,0.4553666666666667,0.005318625553446854
YOLOv4 no aug,4723,0.4553666666666667,0.005318625553446854
YOLOv4 no aug,4724,0.4553666666666667,0.005318625553446854
YOLOv4 no aug,4725,0.4553666666666667,0.005318625553446854
YOLOv4 no aug,4726,0.4553666666666667,0.005318625553446854
YOLOv4 no aug,4727,0.4553666666666667,0.005318625553446854
YOLOv4 no aug,4728,0.4553666666666667,0.005318625553446854
YOLOv4 no aug,4729,0.4553666666666667,0.005318625553446854
YOLOv4 no aug,4730,0.4553666666666667,0.005318625553446854
YOLOv4 no aug,4731,0.4553666666666667,0.005318625553446854
YOLOv4 no aug,4732,0.4553666666666667,0.005318625553446854
YOLOv4 no aug,4733,0.4553666666666667,0.005318625553446854
YOLOv4 no aug,4734,0.4553666666666667,0.005318625553446854
YOLOv4 no aug,4735,0.4553666666666667,0.005318625553446854
YOLOv4 no aug,4736,0.4553666666666667,0.005318625553446854
YOLOv4 no aug,4737,0.4553666666666667,0.005318625553446854
YOLOv4 no aug,4738,0.4553666666666667,0.005318625553446854
YOLOv4 no aug,4739,0.4553666666666667,0.005318625553446854
YOLOv4 no aug,4740,0.4553666666666667,0.005318625553446854
YOLOv4 no aug,4741,0.4553666666666667,0.005318625553446854
YOLOv4 no aug,4742,0.4553666666666667,0.005318625553446854
YOLOv4 no aug,4743,0.4553666666666667,0.005318625553446854
YOLOv4 no aug,4744,0.4553666666666667,0.005318625553446854
YOLOv4 no aug,4745,0.4553666666666667,0.005318625553446854
YOLOv4 no aug,4746,0.4553666666666667,0.005318625553446854
YOLOv4 no aug,4747,0.4553666666666667,0.005318625553446854
YOLOv4 no aug,4748,0.4553666666666667,0.005318625553446854
YOLOv4 no aug,4749,0.4553666666666667,0.005318625553446854
YOLOv4 no aug,4750,0.4553666666666667,0.005318625553446854
YOLOv4 no aug,4751,0.4553666666666667,0.005318625553446854
YOLOv4 no aug,4752,0.4553666666666667,0.005318625553446854
YOLOv4 no aug,4753,0.4553666666666667,0.005318625553446854
YOLOv4 no aug,4754,0.4553666666666667,0.005318625553446854
YOLOv4 no aug,4755,0.4553666666666667,0.005318625553446854
YOLOv4 no aug,4756,0.4553666666666667,0.005318625553446854
YOLOv4 no aug,4757,0.4553666666666667,0.005318625553446854
YOLOv4 no aug,4758,0.4553666666666667,0.005318625553446854
YOLOv4 no aug,4759,0.4553666666666667,0.005318625553446854
YOLOv4 no aug,4760,0.4553666666666667,0.005318625553446854
YOLOv4 no aug,4761,0.4553666666666667,0.005318625553446854
YOLOv4 no aug,4762,0.4553666666666667,0.005318625553446854
YOLOv4 no aug,4763,0.4553666666666667,0.005318625553446854
YOLOv4 no aug,4764,0.4553666666666667,0.005318625553446854
YOLOv4 no aug,4765,0.4553666666666667,0.005318625553446854
YOLOv4 no aug,4766,0.4553666666666667,0.005318625553446854
YOLOv4 no aug,4767,0.4553666666666667,0.005318625553446854
YOLOv4 no aug,4768,0.4553666666666667,0.005318625553446854
YOLOv4 no aug,4769,0.4553666666666667,0.005318625553446854
YOLOv4 no aug,4770,0.4553666666666667,0.005318625553446854
YOLOv4 no aug,4771,0.4553666666666667,0.005318625553446854
YOLOv4 no aug,4772,0.4553666666666667,0.005318625553446854
YOLOv4 no aug,4773,0.4553666666666667,0.005318625553446854
YOLOv4 no aug,4774,0.4553666666666667,0.005318625553446854
YOLOv4 no aug,4775,0.4553666666666667,0.005318625553446854
YOLOv4 no aug,4776,0.4553666666666667,0.005318625553446854
YOLOv4 no aug,4777,0.4553666666666667,0.005318625553446854
YOLOv4 no aug,4778,0.4553666666666667,0.005318625553446854
YOLOv4 no aug,4779,0.4553666666666667,0.005318625553446854
YOLOv4 no aug,4780,0.4553666666666667,0.005318625553446854
YOLOv4 no aug,4781,0.4553666666666667,0.005318625553446854
YOLOv4 no aug,4782,0.4553666666666667,0.005318625553446854
YOLOv4 no aug,4783,0.4553666666666667,0.005318625553446854
YOLOv4 no aug,4784,0.4553666666666667,0.005318625553446854
YOLOv4 no aug,4785,0.4553666666666667,0.005318625553446854
YOLOv4 no aug,4786,0.4553666666666667,0.005318625553446854
YOLOv4 no aug,4787,0.4553666666666667,0.005318625553446854
YOLOv4 no aug,4788,0.4553666666666667,0.005318625553446854
YOLOv4 no aug,4789,0.4553666666666667,0.005318625553446854
YOLOv4 no aug,4790,0.4553666666666667,0.005318625553446854
YOLOv4 no aug,4791,0.4553666666666667,0.005318625553446854
YOLOv4 no aug,4792,0.4553666666666667,0.005318625553446854
YOLOv4 no aug,4793,0.4553666666666667,0.005318625553446854
YOLOv4 no aug,4794,0.4553666666666667,0.005318625553446854
YOLOv4 no aug,4795,0.4553666666666667,0.005318625553446854
YOLOv4 no aug,4796,0.4553666666666667,0.005318625553446854
YOLOv4 no aug,4797,0.4553666666666667,0.005318625553446854
YOLOv4 no aug,4798,0.4553666666666667,0.005318625553446854
YOLOv4 no aug,4799,0.4553666666666667,0.005318625553446854
YOLOv4 no aug,4800,0.46481288888888883,0.005326634445158191
YOLOv4 no aug,4801,0.46480000000000005,0.010644403850537325
YOLOv4 no aug,4802,0.46480000000000005,0.010644403850537325
YOLOv4 no aug,4803,0.46480000000000005,0.010644403850537325
YOLOv4 no aug,4804,0.46480000000000005,0.010644403850537325
YOLOv4 no aug,4805,0.46480000000000005,0.010644403850537325
YOLOv4 no aug,4806,0.46480000000000005,0.010644403850537325
YOLOv4 no aug,4807,0.46480000000000005,0.010644403850537325
YOLOv4 no aug,4808,0.46480000000000005,0.010644403850537325
YOLOv4 no aug,4809,0.46480000000000005,0.010644403850537325
YOLOv4 no aug,4810,0.46480000000000005,0.010644403850537325
YOLOv4 no aug,4811,0.46480000000000005,0.010644403850537325
YOLOv4 no aug,4812,0.46480000000000005,0.010644403850537325
YOLOv4 no aug,4813,0.46480000000000005,0.010644403850537325
YOLOv4 no aug,4814,0.46480000000000005,0.010644403850537325
YOLOv4 no aug,4815,0.46480000000000005,0.010644403850537325
YOLOv4 no aug,4816,0.46480000000000005,0.010644403850537325
YOLOv4 no aug,4817,0.46480000000000005,0.010644403850537325
YOLOv4 no aug,4818,0.46480000000000005,0.010644403850537325
YOLOv4 no aug,4819,0.46480000000000005,0.010644403850537325
YOLOv4 no aug,4820,0.46480000000000005,0.010644403850537325
YOLOv4 no aug,4821,0.46480000000000005,0.010644403850537325
YOLOv4 no aug,4822,0.46480000000000005,0.010644403850537325
YOLOv4 no aug,4823,0.46480000000000005,0.010644403850537325
YOLOv4 no aug,4824,0.46480000000000005,0.010644403850537325
YOLOv4 no aug,4825,0.46480000000000005,0.010644403850537325
YOLOv4 no aug,4826,0.46480000000000005,0.010644403850537325
YOLOv4 no aug,4827,0.46480000000000005,0.010644403850537325
YOLOv4 no aug,4828,0.46480000000000005,0.010644403850537325
YOLOv4 no aug,4829,0.46480000000000005,0.010644403850537325
YOLOv4 no aug,4830,0.46480000000000005,0.010644403850537325
YOLOv4 no aug,4831,0.46480000000000005,0.010644403850537325
YOLOv4 no aug,4832,0.46480000000000005,0.010644403850537325
YOLOv4 no aug,4833,0.46480000000000005,0.010644403850537325
YOLOv4 no aug,4834,0.46480000000000005,0.010644403850537325
YOLOv4 no aug,4835,0.46480000000000005,0.010644403850537325
YOLOv4 no aug,4836,0.46480000000000005,0.010644403850537325
YOLOv4 no aug,4837,0.46480000000000005,0.010644403850537325
YOLOv4 no aug,4838,0.46480000000000005,0.010644403850537325
YOLOv4 no aug,4839,0.46480000000000005,0.010644403850537325
YOLOv4 no aug,4840,0.46480000000000005,0.010644403850537325
YOLOv4 no aug,4841,0.46480000000000005,0.010644403850537325
YOLOv4 no aug,4842,0.46480000000000005,0.010644403850537325
YOLOv4 no aug,4843,0.46480000000000005,0.010644403850537325
YOLOv4 no aug,4844,0.46480000000000005,0.010644403850537325
YOLOv4 no aug,4845,0.46480000000000005,0.010644403850537325
YOLOv4 no aug,4846,0.46480000000000005,0.010644403850537325
YOLOv4 no aug,4847,0.46480000000000005,0.010644403850537325
YOLOv4 no aug,4848,0.46480000000000005,0.010644403850537325
YOLOv4 no aug,4849,0.46480000000000005,0.010644403850537325
YOLOv4 no aug,4850,0.46480000000000005,0.010644403850537325
YOLOv4 no aug,4851,0.46480000000000005,0.010644403850537325
YOLOv4 no aug,4852,0.46480000000000005,0.010644403850537325
YOLOv4 no aug,4853,0.46480000000000005,0.010644403850537325
YOLOv4 no aug,4854,0.46480000000000005,0.010644403850537325
YOLOv4 no aug,4855,0.46480000000000005,0.010644403850537325
YOLOv4 no aug,4856,0.46480000000000005,0.010644403850537325
YOLOv4 no aug,4857,0.46480000000000005,0.010644403850537325
YOLOv4 no aug,4858,0.46480000000000005,0.010644403850537325
YOLOv4 no aug,4859,0.46480000000000005,0.010644403850537325
YOLOv4 no aug,4860,0.46480000000000005,0.010644403850537325
YOLOv4 no aug,4861,0.46480000000000005,0.010644403850537325
YOLOv4 no aug,4862,0.46480000000000005,0.010644403850537325
YOLOv4 no aug,4863,0.46480000000000005,0.010644403850537325
YOLOv4 no aug,4864,0.46480000000000005,0.010644403850537325
YOLOv4 no aug,4865,0.46480000000000005,0.010644403850537325
YOLOv4 no aug,4866,0.46480000000000005,0.010644403850537325
YOLOv4 no aug,4867,0.46480000000000005,0.010644403850537325
YOLOv4 no aug,4868,0.46480000000000005,0.010644403850537325
YOLOv4 no aug,4869,0.46480000000000005,0.010644403850537325
YOLOv4 no aug,4870,0.46480000000000005,0.010644403850537325
YOLOv4 no aug,4871,0.46480000000000005,0.010644403850537325
YOLOv4 no aug,4872,0.46480000000000005,0.010644403850537325
YOLOv4 no aug,4873,0.46480000000000005,0.010644403850537325
YOLOv4 no aug,4874,0.46480000000000005,0.010644403850537325
YOLOv4 no aug,4875,0.46480000000000005,0.010644403850537325
YOLOv4 no aug,4876,0.46480000000000005,0.010644403850537325
YOLOv4 no aug,4877,0.46480000000000005,0.010644403850537325
YOLOv4 no aug,4878,0.46480000000000005,0.010644403850537325
YOLOv4 no aug,4879,0.46480000000000005,0.010644403850537325
YOLOv4 no aug,4880,0.46480000000000005,0.010644403850537325
YOLOv4 no aug,4881,0.46480000000000005,0.010644403850537325
YOLOv4 no aug,4882,0.46480000000000005,0.010644403850537325
YOLOv4 no aug,4883,0.46480000000000005,0.010644403850537325
YOLOv4 no aug,4884,0.46480000000000005,0.010644403850537325
YOLOv4 no aug,4885,0.46480000000000005,0.010644403850537325
YOLOv4 no aug,4886,0.46480000000000005,0.010644403850537325
YOLOv4 no aug,4887,0.46480000000000005,0.010644403850537325
YOLOv4 no aug,4888,0.46480000000000005,0.010644403850537325
YOLOv4 no aug,4889,0.46480000000000005,0.010644403850537325
YOLOv4 no aug,4890,0.46480000000000005,0.010644403850537325
YOLOv4 no aug,4891,0.46480000000000005,0.010644403850537325
YOLOv4 no aug,4892,0.46480000000000005,0.010644403850537325
YOLOv4 no aug,4893,0.46480000000000005,0.010644403850537325
YOLOv4 no aug,4894,0.46480000000000005,0.010644403850537325
YOLOv4 no aug,4895,0.46480000000000005,0.010644403850537325
YOLOv4 no aug,4896,0.46480000000000005,0.010644403850537325
YOLOv4 no aug,4897,0.46480000000000005,0.010644403850537325
YOLOv4 no aug,4898,0.46480000000000005,0.010644403850537325
YOLOv4 no aug,4899,0.46480000000000005,0.010644403850537325
YOLOv4 no aug,4900,0.4677906666666666,0.004048222154367416
YOLOv4 no aug,4901,0.4678,0.008085377748338894
YOLOv4 no aug,4902,0.4678,0.008085377748338894
YOLOv4 no aug,4903,0.4678,0.008085377748338894
YOLOv4 no aug,4904,0.4678,0.008085377748338894
YOLOv4 no aug,4905,0.4678,0.008085377748338894
YOLOv4 no aug,4906,0.4678,0.008085377748338894
YOLOv4 no aug,4907,0.4678,0.008085377748338894
YOLOv4 no aug,4908,0.4678,0.008085377748338894
YOLOv4 no aug,4909,0.4678,0.008085377748338894
YOLOv4 no aug,4910,0.4678,0.008085377748338894
YOLOv4 no aug,4911,0.4678,0.008085377748338894
YOLOv4 no aug,4912,0.4678,0.008085377748338894
YOLOv4 no aug,4913,0.4678,0.008085377748338894
YOLOv4 no aug,4914,0.4678,0.008085377748338894
YOLOv4 no aug,4915,0.4678,0.008085377748338894
YOLOv4 no aug,4916,0.4678,0.008085377748338894
YOLOv4 no aug,4917,0.4678,0.008085377748338894
YOLOv4 no aug,4918,0.4678,0.008085377748338894
YOLOv4 no aug,4919,0.4678,0.008085377748338894
YOLOv4 no aug,4920,0.4678,0.008085377748338894
YOLOv4 no aug,4921,0.4678,0.008085377748338894
YOLOv4 no aug,4922,0.4678,0.008085377748338894
YOLOv4 no aug,4923,0.4678,0.008085377748338894
YOLOv4 no aug,4924,0.4678,0.008085377748338894
YOLOv4 no aug,4925,0.4678,0.008085377748338894
YOLOv4 no aug,4926,0.4678,0.008085377748338894
YOLOv4 no aug,4927,0.4678,0.008085377748338894
YOLOv4 no aug,4928,0.4678,0.008085377748338894
YOLOv4 no aug,4929,0.4678,0.008085377748338894
YOLOv4 no aug,4930,0.4678,0.008085377748338894
YOLOv4 no aug,4931,0.4678,0.008085377748338894
YOLOv4 no aug,4932,0.4678,0.008085377748338894
YOLOv4 no aug,4933,0.4678,0.008085377748338894
YOLOv4 no aug,4934,0.4678,0.008085377748338894
YOLOv4 no aug,4935,0.4678,0.008085377748338894
YOLOv4 no aug,4936,0.4678,0.008085377748338894
YOLOv4 no aug,4937,0.4678,0.008085377748338894
YOLOv4 no aug,4938,0.4678,0.008085377748338894
YOLOv4 no aug,4939,0.4678,0.008085377748338894
YOLOv4 no aug,4940,0.4678,0.008085377748338894
YOLOv4 no aug,4941,0.4678,0.008085377748338894
YOLOv4 no aug,4942,0.4678,0.008085377748338894
YOLOv4 no aug,4943,0.4678,0.008085377748338894
YOLOv4 no aug,4944,0.4678,0.008085377748338894
YOLOv4 no aug,4945,0.4678,0.008085377748338894
YOLOv4 no aug,4946,0.4678,0.008085377748338894
YOLOv4 no aug,4947,0.4678,0.008085377748338894
YOLOv4 no aug,4948,0.4678,0.008085377748338894
YOLOv4 no aug,4949,0.4678,0.008085377748338894
YOLOv4 no aug,4950,0.4678,0.008085377748338894
YOLOv4 no aug,4951,0.4678,0.008085377748338894
YOLOv4 no aug,4952,0.4678,0.008085377748338894
YOLOv4 no aug,4953,0.4678,0.008085377748338894
YOLOv4 no aug,4954,0.4678,0.008085377748338894
YOLOv4 no aug,4955,0.4678,0.008085377748338894
YOLOv4 no aug,4956,0.4678,0.008085377748338894
YOLOv4 no aug,4957,0.4678,0.008085377748338894
YOLOv4 no aug,4958,0.4678,0.008085377748338894
YOLOv4 no aug,4959,0.4678,0.008085377748338894
YOLOv4 no aug,4960,0.4678,0.008085377748338894
YOLOv4 no aug,4961,0.4678,0.008085377748338894
YOLOv4 no aug,4962,0.4678,0.008085377748338894
YOLOv4 no aug,4963,0.4678,0.008085377748338894
YOLOv4 no aug,4964,0.4678,0.008085377748338894
YOLOv4 no aug,4965,0.4678,0.008085377748338894
YOLOv4 no aug,4966,0.4678,0.008085377748338894
YOLOv4 no aug,4967,0.4678,0.008085377748338894
YOLOv4 no aug,4968,0.4678,0.008085377748338894
YOLOv4 no aug,4969,0.4678,0.008085377748338894
YOLOv4 no aug,4970,0.4678,0.008085377748338894
YOLOv4 no aug,4971,0.4678,0.008085377748338894
YOLOv4 no aug,4972,0.4678,0.008085377748338894
YOLOv4 no aug,4973,0.4678,0.008085377748338894
YOLOv4 no aug,4974,0.4678,0.008085377748338894
YOLOv4 no aug,4975,0.4678,0.008085377748338894
YOLOv4 no aug,4976,0.4678,0.008085377748338894
YOLOv4 no aug,4977,0.4678,0.008085377748338894
YOLOv4 no aug,4978,0.4678,0.008085377748338894
YOLOv4 no aug,4979,0.4678,0.008085377748338894
YOLOv4 no aug,4980,0.4678,0.008085377748338894
YOLOv4 no aug,4981,0.4678,0.008085377748338894
YOLOv4 no aug,4982,0.4678,0.008085377748338894
YOLOv4 no aug,4983,0.4678,0.008085377748338894
YOLOv4 no aug,4984,0.4678,0.008085377748338894
YOLOv4 no aug,4985,0.4678,0.008085377748338894
YOLOv4 no aug,4986,0.4678,0.008085377748338894
YOLOv4 no aug,4987,0.4678,0.008085377748338894
YOLOv4 no aug,4988,0.4678,0.008085377748338894
YOLOv4 no aug,4989,0.4678,0.008085377748338894
YOLOv4 no aug,4990,0.4678,0.008085377748338894
YOLOv4 no aug,4991,0.4678,0.008085377748338894
YOLOv4 no aug,4992,0.4678,0.008085377748338894
YOLOv4 no aug,4993,0.4678,0.008085377748338894
YOLOv4 no aug,4994,0.4678,0.008085377748338894
YOLOv4 no aug,4995,0.4678,0.008085377748338894
YOLOv4 no aug,4996,0.4678,0.008085377748338894
YOLOv4 no aug,4997,0.4678,0.008085377748338894
YOLOv4 no aug,4998,0.4678,0.008085377748338894
YOLOv4 no aug,4999,0.4678,0.008085377748338894
YOLOv4 no aug,5000,0.4681731111111111,0.00532839192816401
YOLOv4 no aug,5001,0.4681666666666667,0.010668072823981724
YOLOv4 no aug,5002,0.4681666666666667,0.010668072823981724
YOLOv4 no aug,5003,0.4681666666666667,0.010668072823981724
YOLOv4 no aug,5004,0.4681666666666667,0.010668072823981724
YOLOv4 no aug,5005,0.4681666666666667,0.010668072823981724
YOLOv4 no aug,5006,0.4681666666666667,0.010668072823981724
YOLOv4 no aug,5007,0.4681666666666667,0.010668072823981724
YOLOv4 no aug,5008,0.4681666666666667,0.010668072823981724
YOLOv4 no aug,5009,0.4681666666666667,0.010668072823981724
YOLOv4 no aug,5010,0.4681666666666667,0.010668072823981724
YOLOv4 no aug,5011,0.4681666666666667,0.010668072823981724
YOLOv4 no aug,5012,0.4681666666666667,0.010668072823981724
YOLOv4 no aug,5013,0.4681666666666667,0.010668072823981724
YOLOv4 no aug,5014,0.4681666666666667,0.010668072823981724
YOLOv4 no aug,5015,0.4681666666666667,0.010668072823981724
YOLOv4 no aug,5016,0.4681666666666667,0.010668072823981724
YOLOv4 no aug,5017,0.4681666666666667,0.010668072823981724
YOLOv4 no aug,5018,0.4681666666666667,0.010668072823981724
YOLOv4 no aug,5019,0.4681666666666667,0.010668072823981724
YOLOv4 no aug,5020,0.4681666666666667,0.010668072823981724
YOLOv4 no aug,5021,0.4681666666666667,0.010668072823981724
YOLOv4 no aug,5022,0.4681666666666667,0.010668072823981724
YOLOv4 no aug,5023,0.4681666666666667,0.010668072823981724
YOLOv4 no aug,5024,0.4681666666666667,0.010668072823981724
YOLOv4 no aug,5025,0.4681666666666667,0.010668072823981724
YOLOv4 no aug,5026,0.4681666666666667,0.010668072823981724
YOLOv4 no aug,5027,0.4681666666666667,0.010668072823981724
YOLOv4 no aug,5028,0.4681666666666667,0.010668072823981724
YOLOv4 no aug,5029,0.4681666666666667,0.010668072823981724
YOLOv4 no aug,5030,0.4681666666666667,0.010668072823981724
YOLOv4 no aug,5031,0.4681666666666667,0.010668072823981724
YOLOv4 no aug,5032,0.4681666666666667,0.010668072823981724
YOLOv4 no aug,5033,0.4681666666666667,0.010668072823981724
YOLOv4 no aug,5034,0.4681666666666667,0.010668072823981724
YOLOv4 no aug,5035,0.4681666666666667,0.010668072823981724
YOLOv4 no aug,5036,0.4681666666666667,0.010668072823981724
YOLOv4 no aug,5037,0.4681666666666667,0.010668072823981724
YOLOv4 no aug,5038,0.4681666666666667,0.010668072823981724
YOLOv4 no aug,5039,0.4681666666666667,0.010668072823981724
YOLOv4 no aug,5040,0.4681666666666667,0.010668072823981724
YOLOv4 no aug,5041,0.4681666666666667,0.010668072823981724
YOLOv4 no aug,5042,0.4681666666666667,0.010668072823981724
YOLOv4 no aug,5043,0.4681666666666667,0.010668072823981724
YOLOv4 no aug,5044,0.4681666666666667,0.010668072823981724
YOLOv4 no aug,5045,0.4681666666666667,0.010668072823981724
YOLOv4 no aug,5046,0.4681666666666667,0.010668072823981724
YOLOv4 no aug,5047,0.4681666666666667,0.010668072823981724
YOLOv4 no aug,5048,0.4681666666666667,0.010668072823981724
YOLOv4 no aug,5049,0.4681666666666667,0.010668072823981724
YOLOv4 no aug,5050,0.4681666666666667,0.010668072823981724
YOLOv4 no aug,5051,0.4681666666666667,0.010668072823981724
YOLOv4 no aug,5052,0.4681666666666667,0.010668072823981724
YOLOv4 no aug,5053,0.4681666666666667,0.010668072823981724
YOLOv4 no aug,5054,0.4681666666666667,0.010668072823981724
YOLOv4 no aug,5055,0.4681666666666667,0.010668072823981724
YOLOv4 no aug,5056,0.4681666666666667,0.010668072823981724
YOLOv4 no aug,5057,0.4681666666666667,0.010668072823981724
YOLOv4 no aug,5058,0.4681666666666667,0.010668072823981724
YOLOv4 no aug,5059,0.4681666666666667,0.010668072823981724
YOLOv4 no aug,5060,0.4681666666666667,0.010668072823981724
YOLOv4 no aug,5061,0.4681666666666667,0.010668072823981724
YOLOv4 no aug,5062,0.4681666666666667,0.010668072823981724
YOLOv4 no aug,5063,0.4681666666666667,0.010668072823981724
YOLOv4 no aug,5064,0.4681666666666667,0.010668072823981724
YOLOv4 no aug,5065,0.4681666666666667,0.010668072823981724
YOLOv4 no aug,5066,0.4681666666666667,0.010668072823981724
YOLOv4 no aug,5067,0.4681666666666667,0.010668072823981724
YOLOv4 no aug,5068,0.4681666666666667,0.010668072823981724
YOLOv4 no aug,5069,0.4681666666666667,0.010668072823981724
YOLOv4 no aug,5070,0.4681666666666667,0.010668072823981724
YOLOv4 no aug,5071,0.4681666666666667,0.010668072823981724
YOLOv4 no aug,5072,0.4681666666666667,0.010668072823981724
YOLOv4 no aug,5073,0.4681666666666667,0.010668072823981724
YOLOv4 no aug,5074,0.4681666666666667,0.010668072823981724
YOLOv4 no aug,5075,0.4681666666666667,0.010668072823981724
YOLOv4 no aug,5076,0.4681666666666667,0.010668072823981724
YOLOv4 no aug,5077,0.4681666666666667,0.010668072823981724
YOLOv4 no aug,5078,0.4681666666666667,0.010668072823981724
YOLOv4 no aug,5079,0.4681666666666667,0.010668072823981724
YOLOv4 no aug,5080,0.4681666666666667,0.010668072823981724
YOLOv4 no aug,5081,0.4681666666666667,0.010668072823981724
YOLOv4 no aug,5082,0.4681666666666667,0.010668072823981724
YOLOv4 no aug,5083,0.4681666666666667,0.010668072823981724
YOLOv4 no aug,5084,0.4681666666666667,0.010668072823981724
YOLOv4 no aug,5085,0.4681666666666667,0.010668072823981724
YOLOv4 no aug,5086,0.4681666666666667,0.010668072823981724
YOLOv4 no aug,5087,0.4681666666666667,0.010668072823981724
YOLOv4 no aug,5088,0.4681666666666667,0.010668072823981724
YOLOv4 no aug,5089,0.4681666666666667,0.010668072823981724
YOLOv4 no aug,5090,0.4681666666666667,0.010668072823981724
YOLOv4 no aug,5091,0.4681666666666667,0.010668072823981724
YOLOv4 no aug,5092,0.4681666666666667,0.010668072823981724
YOLOv4 no aug,5093,0.4681666666666667,0.010668072823981724
YOLOv4 no aug,5094,0.4681666666666667,0.010668072823981724
YOLOv4 no aug,5095,0.4681666666666667,0.010668072823981724
YOLOv4 no aug,5096,0.4681666666666667,0.010668072823981724
YOLOv4 no aug,5097,0.4681666666666667,0.010668072823981724
YOLOv4 no aug,5098,0.4681666666666667,0.010668072823981724
YOLOv4 no aug,5099,0.4681666666666667,0.010668072823981724
YOLOv4 no aug,5100,0.4748431111111111,0.005855960331255203
YOLOv4 no aug,5101,0.4748333333333334,0.011710014707268485
YOLOv4 no aug,5102,0.4748333333333334,0.011710014707268485
YOLOv4 no aug,5103,0.4748333333333334,0.011710014707268485
YOLOv4 no aug,5104,0.4748333333333334,0.011710014707268485
YOLOv4 no aug,5105,0.4748333333333334,0.011710014707268485
YOLOv4 no aug,5106,0.4748333333333334,0.011710014707268485
YOLOv4 no aug,5107,0.4748333333333334,0.011710014707268485
YOLOv4 no aug,5108,0.4748333333333334,0.011710014707268485
YOLOv4 no aug,5109,0.4748333333333334,0.011710014707268485
YOLOv4 no aug,5110,0.4748333333333334,0.011710014707268485
YOLOv4 no aug,5111,0.4748333333333334,0.011710014707268485
YOLOv4 no aug,5112,0.4748333333333334,0.011710014707268485
YOLOv4 no aug,5113,0.4748333333333334,0.011710014707268485
YOLOv4 no aug,5114,0.4748333333333334,0.011710014707268485
YOLOv4 no aug,5115,0.4748333333333334,0.011710014707268485
YOLOv4 no aug,5116,0.4748333333333334,0.011710014707268485
YOLOv4 no aug,5117,0.4748333333333334,0.011710014707268485
YOLOv4 no aug,5118,0.4748333333333334,0.011710014707268485
YOLOv4 no aug,5119,0.4748333333333334,0.011710014707268485
YOLOv4 no aug,5120,0.4748333333333334,0.011710014707268485
YOLOv4 no aug,5121,0.4748333333333334,0.011710014707268485
YOLOv4 no aug,5122,0.4748333333333334,0.011710014707268485
YOLOv4 no aug,5123,0.4748333333333334,0.011710014707268485
YOLOv4 no aug,5124,0.4748333333333334,0.011710014707268485
YOLOv4 no aug,5125,0.4748333333333334,0.011710014707268485
YOLOv4 no aug,5126,0.4748333333333334,0.011710014707268485
YOLOv4 no aug,5127,0.4748333333333334,0.011710014707268485
YOLOv4 no aug,5128,0.4748333333333334,0.011710014707268485
YOLOv4 no aug,5129,0.4748333333333334,0.011710014707268485
YOLOv4 no aug,5130,0.4748333333333334,0.011710014707268485
YOLOv4 no aug,5131,0.4748333333333334,0.011710014707268485
YOLOv4 no aug,5132,0.4748333333333334,0.011710014707268485
YOLOv4 no aug,5133,0.4748333333333334,0.011710014707268485
YOLOv4 no aug,5134,0.4748333333333334,0.011710014707268485
YOLOv4 no aug,5135,0.4748333333333334,0.011710014707268485
YOLOv4 no aug,5136,0.4748333333333334,0.011710014707268485
YOLOv4 no aug,5137,0.4748333333333334,0.011710014707268485
YOLOv4 no aug,5138,0.4748333333333334,0.011710014707268485
YOLOv4 no aug,5139,0.4748333333333334,0.011710014707268485
YOLOv4 no aug,5140,0.4748333333333334,0.011710014707268485
YOLOv4 no aug,5141,0.4748333333333334,0.011710014707268485
YOLOv4 no aug,5142,0.4748333333333334,0.011710014707268485
YOLOv4 no aug,5143,0.4748333333333334,0.011710014707268485
YOLOv4 no aug,5144,0.4748333333333334,0.011710014707268485
YOLOv4 no aug,5145,0.4748333333333334,0.011710014707268485
YOLOv4 no aug,5146,0.4748333333333334,0.011710014707268485
YOLOv4 no aug,5147,0.4748333333333334,0.011710014707268485
YOLOv4 no aug,5148,0.4748333333333334,0.011710014707268485
YOLOv4 no aug,5149,0.4748333333333334,0.011710014707268485
YOLOv4 no aug,5150,0.4748333333333334,0.011710014707268485
YOLOv4 no aug,5151,0.4748333333333334,0.011710014707268485
YOLOv4 no aug,5152,0.4748333333333334,0.011710014707268485
YOLOv4 no aug,5153,0.4748333333333334,0.011710014707268485
YOLOv4 no aug,5154,0.4748333333333334,0.011710014707268485
YOLOv4 no aug,5155,0.4748333333333334,0.011710014707268485
YOLOv4 no aug,5156,0.4748333333333334,0.011710014707268485
YOLOv4 no aug,5157,0.4748333333333334,0.011710014707268485
YOLOv4 no aug,5158,0.4748333333333334,0.011710014707268485
YOLOv4 no aug,5159,0.4748333333333334,0.011710014707268485
YOLOv4 no aug,5160,0.4748333333333334,0.011710014707268485
YOLOv4 no aug,5161,0.4748333333333334,0.011710014707268485
YOLOv4 no aug,5162,0.4748333333333334,0.011710014707268485
YOLOv4 no aug,5163,0.4748333333333334,0.011710014707268485
YOLOv4 no aug,5164,0.4748333333333334,0.011710014707268485
YOLOv4 no aug,5165,0.4748333333333334,0.011710014707268485
YOLOv4 no aug,5166,0.4748333333333334,0.011710014707268485
YOLOv4 no aug,5167,0.4748333333333334,0.011710014707268485
YOLOv4 no aug,5168,0.4748333333333334,0.011710014707268485
YOLOv4 no aug,5169,0.4748333333333334,0.011710014707268485
YOLOv4 no aug,5170,0.4748333333333334,0.011710014707268485
YOLOv4 no aug,5171,0.4748333333333334,0.011710014707268485
YOLOv4 no aug,5172,0.4748333333333334,0.011710014707268485
YOLOv4 no aug,5173,0.4748333333333334,0.011710014707268485
YOLOv4 no aug,5174,0.4748333333333334,0.011710014707268485
YOLOv4 no aug,5175,0.4748333333333334,0.011710014707268485
YOLOv4 no aug,5176,0.4748333333333334,0.011710014707268485
YOLOv4 no aug,5177,0.4748333333333334,0.011710014707268485
YOLOv4 no aug,5178,0.4748333333333334,0.011710014707268485
YOLOv4 no aug,5179,0.4748333333333334,0.011710014707268485
YOLOv4 no aug,5180,0.4748333333333334,0.011710014707268485
YOLOv4 no aug,5181,0.4748333333333334,0.011710014707268485
YOLOv4 no aug,5182,0.4748333333333334,0.011710014707268485
YOLOv4 no aug,5183,0.4748333333333334,0.011710014707268485
YOLOv4 no aug,5184,0.4748333333333334,0.011710014707268485
YOLOv4 no aug,5185,0.4748333333333334,0.011710014707268485
YOLOv4 no aug,5186,0.4748333333333334,0.011710014707268485
YOLOv4 no aug,5187,0.4748333333333334,0.011710014707268485
YOLOv4 no aug,5188,0.4748333333333334,0.011710014707268485
YOLOv4 no aug,5189,0.4748333333333334,0.011710014707268485
YOLOv4 no aug,5190,0.4748333333333334,0.011710014707268485
YOLOv4 no aug,5191,0.4748333333333334,0.011710014707268485
YOLOv4 no aug,5192,0.4748333333333334,0.011710014707268485
YOLOv4 no aug,5193,0.4748333333333334,0.011710014707268485
YOLOv4 no aug,5194,0.4748333333333334,0.011710014707268485
YOLOv4 no aug,5195,0.4748333333333334,0.011710014707268485
YOLOv4 no aug,5196,0.4748333333333334,0.011710014707268485
YOLOv4 no aug,5197,0.4748333333333334,0.011710014707268485
YOLOv4 no aug,5198,0.4748333333333334,0.011710014707268485
YOLOv4 no aug,5199,0.4748333333333334,0.011710014707268485
YOLOv4 no aug,5200,0.47127511111111114,0.005388015441814782
YOLOv4 no aug,5201,0.47126666666666667,0.010767904985547467
YOLOv4 no aug,5202,0.47126666666666667,0.010767904985547467
YOLOv4 no aug,5203,0.47126666666666667,0.010767904985547467
YOLOv4 no aug,5204,0.47126666666666667,0.010767904985547467
YOLOv4 no aug,5205,0.47126666666666667,0.010767904985547467
YOLOv4 no aug,5206,0.47126666666666667,0.010767904985547467
YOLOv4 no aug,5207,0.47126666666666667,0.010767904985547467
YOLOv4 no aug,5208,0.47126666666666667,0.010767904985547467
YOLOv4 no aug,5209,0.47126666666666667,0.010767904985547467
YOLOv4 no aug,5210,0.47126666666666667,0.010767904985547467
YOLOv4 no aug,5211,0.47126666666666667,0.010767904985547467
YOLOv4 no aug,5212,0.47126666666666667,0.010767904985547467
YOLOv4 no aug,5213,0.47126666666666667,0.010767904985547467
YOLOv4 no aug,5214,0.47126666666666667,0.010767904985547467
YOLOv4 no aug,5215,0.47126666666666667,0.010767904985547467
YOLOv4 no aug,5216,0.47126666666666667,0.010767904985547467
YOLOv4 no aug,5217,0.47126666666666667,0.010767904985547467
YOLOv4 no aug,5218,0.47126666666666667,0.010767904985547467
YOLOv4 no aug,5219,0.47126666666666667,0.010767904985547467
YOLOv4 no aug,5220,0.47126666666666667,0.010767904985547467
YOLOv4 no aug,5221,0.47126666666666667,0.010767904985547467
YOLOv4 no aug,5222,0.47126666666666667,0.010767904985547467
YOLOv4 no aug,5223,0.47126666666666667,0.010767904985547467
YOLOv4 no aug,5224,0.47126666666666667,0.010767904985547467
YOLOv4 no aug,5225,0.47126666666666667,0.010767904985547467
YOLOv4 no aug,5226,0.47126666666666667,0.010767904985547467
YOLOv4 no aug,5227,0.47126666666666667,0.010767904985547467
YOLOv4 no aug,5228,0.47126666666666667,0.010767904985547467
YOLOv4 no aug,5229,0.47126666666666667,0.010767904985547467
YOLOv4 no aug,5230,0.47126666666666667,0.010767904985547467
YOLOv4 no aug,5231,0.47126666666666667,0.010767904985547467
YOLOv4 no aug,5232,0.47126666666666667,0.010767904985547467
YOLOv4 no aug,5233,0.47126666666666667,0.010767904985547467
YOLOv4 no aug,5234,0.47126666666666667,0.010767904985547467
YOLOv4 no aug,5235,0.47126666666666667,0.010767904985547467
YOLOv4 no aug,5236,0.47126666666666667,0.010767904985547467
YOLOv4 no aug,5237,0.47126666666666667,0.010767904985547467
YOLOv4 no aug,5238,0.47126666666666667,0.010767904985547467
YOLOv4 no aug,5239,0.47126666666666667,0.010767904985547467
YOLOv4 no aug,5240,0.47126666666666667,0.010767904985547467
YOLOv4 no aug,5241,0.47126666666666667,0.010767904985547467
YOLOv4 no aug,5242,0.47126666666666667,0.010767904985547467
YOLOv4 no aug,5243,0.47126666666666667,0.010767904985547467
YOLOv4 no aug,5244,0.47126666666666667,0.010767904985547467
YOLOv4 no aug,5245,0.47126666666666667,0.010767904985547467
YOLOv4 no aug,5246,0.47126666666666667,0.010767904985547467
YOLOv4 no aug,5247,0.47126666666666667,0.010767904985547467
YOLOv4 no aug,5248,0.47126666666666667,0.010767904985547467
YOLOv4 no aug,5249,0.47126666666666667,0.010767904985547467
YOLOv4 no aug,5250,0.47126666666666667,0.010767904985547467
YOLOv4 no aug,5251,0.47126666666666667,0.010767904985547467
YOLOv4 no aug,5252,0.47126666666666667,0.010767904985547467
YOLOv4 no aug,5253,0.47126666666666667,0.010767904985547467
YOLOv4 no aug,5254,0.47126666666666667,0.010767904985547467
YOLOv4 no aug,5255,0.47126666666666667,0.010767904985547467
YOLOv4 no aug,5256,0.47126666666666667,0.010767904985547467
YOLOv4 no aug,5257,0.47126666666666667,0.010767904985547467
YOLOv4 no aug,5258,0.47126666666666667,0.010767904985547467
YOLOv4 no aug,5259,0.47126666666666667,0.010767904985547467
YOLOv4 no aug,5260,0.47126666666666667,0.010767904985547467
YOLOv4 no aug,5261,0.47126666666666667,0.010767904985547467
YOLOv4 no aug,5262,0.47126666666666667,0.010767904985547467
YOLOv4 no aug,5263,0.47126666666666667,0.010767904985547467
YOLOv4 no aug,5264,0.47126666666666667,0.010767904985547467
YOLOv4 no aug,5265,0.47126666666666667,0.010767904985547467
YOLOv4 no aug,5266,0.47126666666666667,0.010767904985547467
YOLOv4 no aug,5267,0.47126666666666667,0.010767904985547467
YOLOv4 no aug,5268,0.47126666666666667,0.010767904985547467
YOLOv4 no aug,5269,0.47126666666666667,0.010767904985547467
YOLOv4 no aug,5270,0.47126666666666667,0.010767904985547467
YOLOv4 no aug,5271,0.47126666666666667,0.010767904985547467
YOLOv4 no aug,5272,0.47126666666666667,0.010767904985547467
YOLOv4 no aug,5273,0.47126666666666667,0.010767904985547467
YOLOv4 no aug,5274,0.47126666666666667,0.010767904985547467
YOLOv4 no aug,5275,0.47126666666666667,0.010767904985547467
YOLOv4 no aug,5276,0.47126666666666667,0.010767904985547467
YOLOv4 no aug,5277,0.47126666666666667,0.010767904985547467
YOLOv4 no aug,5278,0.47126666666666667,0.010767904985547467
YOLOv4 no aug,5279,0.47126666666666667,0.010767904985547467
YOLOv4 no aug,5280,0.47126666666666667,0.010767904985547467
YOLOv4 no aug,5281,0.47126666666666667,0.010767904985547467
YOLOv4 no aug,5282,0.47126666666666667,0.010767904985547467
YOLOv4 no aug,5283,0.47126666666666667,0.010767904985547467
YOLOv4 no aug,5284,0.47126666666666667,0.010767904985547467
YOLOv4 no aug,5285,0.47126666666666667,0.010767904985547467
YOLOv4 no aug,5286,0.47126666666666667,0.010767904985547467
YOLOv4 no aug,5287,0.47126666666666667,0.010767904985547467
YOLOv4 no aug,5288,0.47126666666666667,0.010767904985547467
YOLOv4 no aug,5289,0.47126666666666667,0.010767904985547467
YOLOv4 no aug,5290,0.47126666666666667,0.010767904985547467
YOLOv4 no aug,5291,0.47126666666666667,0.010767904985547467
YOLOv4 no aug,5292,0.47126666666666667,0.010767904985547467
YOLOv4 no aug,5293,0.47126666666666667,0.010767904985547467
YOLOv4 no aug,5294,0.47126666666666667,0.010767904985547467
YOLOv4 no aug,5295,0.47126666666666667,0.010767904985547467
YOLOv4 no aug,5296,0.47126666666666667,0.010767904985547467
YOLOv4 no aug,5297,0.47126666666666667,0.010767904985547467
YOLOv4 no aug,5298,0.47126666666666667,0.010767904985547467
YOLOv4 no aug,5299,0.47126666666666667,0.010767904985547467
YOLOv4 no aug,5300,0.4750937777777778,0.0058319747269727955
YOLOv4 no aug,5301,0.4751,0.011664618867898489
YOLOv4 no aug,5302,0.4751,0.011664618867898489
YOLOv4 no aug,5303,0.4751,0.011664618867898489
YOLOv4 no aug,5304,0.4751,0.011664618867898489
YOLOv4 no aug,5305,0.4751,0.011664618867898489
YOLOv4 no aug,5306,0.4751,0.011664618867898489
YOLOv4 no aug,5307,0.4751,0.011664618867898489
YOLOv4 no aug,5308,0.4751,0.011664618867898489
YOLOv4 no aug,5309,0.4751,0.011664618867898489
YOLOv4 no aug,5310,0.4751,0.011664618867898489
YOLOv4 no aug,5311,0.4751,0.011664618867898489
YOLOv4 no aug,5312,0.4751,0.011664618867898489
YOLOv4 no aug,5313,0.4751,0.011664618867898489
YOLOv4 no aug,5314,0.4751,0.011664618867898489
YOLOv4 no aug,5315,0.4751,0.011664618867898489
YOLOv4 no aug,5316,0.4751,0.011664618867898489
YOLOv4 no aug,5317,0.4751,0.011664618867898489
YOLOv4 no aug,5318,0.4751,0.011664618867898489
YOLOv4 no aug,5319,0.4751,0.011664618867898489
YOLOv4 no aug,5320,0.4751,0.011664618867898489
YOLOv4 no aug,5321,0.4751,0.011664618867898489
YOLOv4 no aug,5322,0.4751,0.011664618867898489
YOLOv4 no aug,5323,0.4751,0.011664618867898489
YOLOv4 no aug,5324,0.4751,0.011664618867898489
YOLOv4 no aug,5325,0.4751,0.011664618867898489
YOLOv4 no aug,5326,0.4751,0.011664618867898489
YOLOv4 no aug,5327,0.4751,0.011664618867898489
YOLOv4 no aug,5328,0.4751,0.011664618867898489
YOLOv4 no aug,5329,0.4751,0.011664618867898489
YOLOv4 no aug,5330,0.4751,0.011664618867898489
YOLOv4 no aug,5331,0.4751,0.011664618867898489
YOLOv4 no aug,5332,0.4751,0.011664618867898489
YOLOv4 no aug,5333,0.4751,0.011664618867898489
YOLOv4 no aug,5334,0.4751,0.011664618867898489
YOLOv4 no aug,5335,0.4751,0.011664618867898489
YOLOv4 no aug,5336,0.4751,0.011664618867898489
YOLOv4 no aug,5337,0.4751,0.011664618867898489
YOLOv4 no aug,5338,0.4751,0.011664618867898489
YOLOv4 no aug,5339,0.4751,0.011664618867898489
YOLOv4 no aug,5340,0.4751,0.011664618867898489
YOLOv4 no aug,5341,0.4751,0.011664618867898489
YOLOv4 no aug,5342,0.4751,0.011664618867898489
YOLOv4 no aug,5343,0.4751,0.011664618867898489
YOLOv4 no aug,5344,0.4751,0.011664618867898489
YOLOv4 no aug,5345,0.4751,0.011664618867898489
YOLOv4 no aug,5346,0.4751,0.011664618867898489
YOLOv4 no aug,5347,0.4751,0.011664618867898489
YOLOv4 no aug,5348,0.4751,0.011664618867898489
YOLOv4 no aug,5349,0.4751,0.011664618867898489
YOLOv4 no aug,5350,0.4751,0.011664618867898489
YOLOv4 no aug,5351,0.4751,0.011664618867898489
YOLOv4 no aug,5352,0.4751,0.011664618867898489
YOLOv4 no aug,5353,0.4751,0.011664618867898489
YOLOv4 no aug,5354,0.4751,0.011664618867898489
YOLOv4 no aug,5355,0.4751,0.011664618867898489
YOLOv4 no aug,5356,0.4751,0.011664618867898489
YOLOv4 no aug,5357,0.4751,0.011664618867898489
YOLOv4 no aug,5358,0.4751,0.011664618867898489
YOLOv4 no aug,5359,0.4751,0.011664618867898489
YOLOv4 no aug,5360,0.4751,0.011664618867898489
YOLOv4 no aug,5361,0.4751,0.011664618867898489
YOLOv4 no aug,5362,0.4751,0.011664618867898489
YOLOv4 no aug,5363,0.4751,0.011664618867898489
YOLOv4 no aug,5364,0.4751,0.011664618867898489
YOLOv4 no aug,5365,0.4751,0.011664618867898489
YOLOv4 no aug,5366,0.4751,0.011664618867898489
YOLOv4 no aug,5367,0.4751,0.011664618867898489
YOLOv4 no aug,5368,0.4751,0.011664618867898489
YOLOv4 no aug,5369,0.4751,0.011664618867898489
YOLOv4 no aug,5370,0.4751,0.011664618867898489
YOLOv4 no aug,5371,0.4751,0.011664618867898489
YOLOv4 no aug,5372,0.4751,0.011664618867898489
YOLOv4 no aug,5373,0.4751,0.011664618867898489
YOLOv4 no aug,5374,0.4751,0.011664618867898489
YOLOv4 no aug,5375,0.4751,0.011664618867898489
YOLOv4 no aug,5376,0.4751,0.011664618867898489
YOLOv4 no aug,5377,0.4751,0.011664618867898489
YOLOv4 no aug,5378,0.4751,0.011664618867898489
YOLOv4 no aug,5379,0.4751,0.011664618867898489
YOLOv4 no aug,5380,0.4751,0.011664618867898489
YOLOv4 no aug,5381,0.4751,0.011664618867898489
YOLOv4 no aug,5382,0.4751,0.011664618867898489
YOLOv4 no aug,5383,0.4751,0.011664618867898489
YOLOv4 no aug,5384,0.4751,0.011664618867898489
YOLOv4 no aug,5385,0.4751,0.011664618867898489
YOLOv4 no aug,5386,0.4751,0.011664618867898489
YOLOv4 no aug,5387,0.4751,0.011664618867898489
YOLOv4 no aug,5388,0.4751,0.011664618867898489
YOLOv4 no aug,5389,0.4751,0.011664618867898489
YOLOv4 no aug,5390,0.4751,0.011664618867898489
YOLOv4 no aug,5391,0.4751,0.011664618867898489
YOLOv4 no aug,5392,0.4751,0.011664618867898489
YOLOv4 no aug,5393,0.4751,0.011664618867898489
YOLOv4 no aug,5394,0.4751,0.011664618867898489
YOLOv4 no aug,5395,0.4751,0.011664618867898489
YOLOv4 no aug,5396,0.4751,0.011664618867898489
YOLOv4 no aug,5397,0.4751,0.011664618867898489
YOLOv4 no aug,5398,0.4751,0.011664618867898489
YOLOv4 no aug,5399,0.4751,0.011664618867898489
YOLOv4 no aug,5400,0.47144555555555556,0.0036255234951931502
YOLOv4 no aug,5401,0.4714666666666667,0.007248064875844085
YOLOv4 no aug,5402,0.4714666666666667,0.007248064875844085
YOLOv4 no aug,5403,0.4714666666666667,0.007248064875844085
YOLOv4 no aug,5404,0.4714666666666667,0.007248064875844085
YOLOv4 no aug,5405,0.4714666666666667,0.007248064875844085
YOLOv4 no aug,5406,0.4714666666666667,0.007248064875844085
YOLOv4 no aug,5407,0.4714666666666667,0.007248064875844085
YOLOv4 no aug,5408,0.4714666666666667,0.007248064875844085
YOLOv4 no aug,5409,0.4714666666666667,0.007248064875844085
YOLOv4 no aug,5410,0.4714666666666667,0.007248064875844085
YOLOv4 no aug,5411,0.4714666666666667,0.007248064875844085
YOLOv4 no aug,5412,0.4714666666666667,0.007248064875844085
YOLOv4 no aug,5413,0.4714666666666667,0.007248064875844085
YOLOv4 no aug,5414,0.4714666666666667,0.007248064875844085
YOLOv4 no aug,5415,0.4714666666666667,0.007248064875844085
YOLOv4 no aug,5416,0.4714666666666667,0.007248064875844085
YOLOv4 no aug,5417,0.4714666666666667,0.007248064875844085
YOLOv4 no aug,5418,0.4714666666666667,0.007248064875844085
YOLOv4 no aug,5419,0.4714666666666667,0.007248064875844085
YOLOv4 no aug,5420,0.4714666666666667,0.007248064875844085
YOLOv4 no aug,5421,0.4714666666666667,0.007248064875844085
YOLOv4 no aug,5422,0.4714666666666667,0.007248064875844085
YOLOv4 no aug,5423,0.4714666666666667,0.007248064875844085
YOLOv4 no aug,5424,0.4714666666666667,0.007248064875844085
YOLOv4 no aug,5425,0.4714666666666667,0.007248064875844085
YOLOv4 no aug,5426,0.4714666666666667,0.007248064875844085
YOLOv4 no aug,5427,0.4714666666666667,0.007248064875844085
YOLOv4 no aug,5428,0.4714666666666667,0.007248064875844085
YOLOv4 no aug,5429,0.4714666666666667,0.007248064875844085
YOLOv4 no aug,5430,0.4714666666666667,0.007248064875844085
YOLOv4 no aug,5431,0.4714666666666667,0.007248064875844085
YOLOv4 no aug,5432,0.4714666666666667,0.007248064875844085
YOLOv4 no aug,5433,0.4714666666666667,0.007248064875844085
YOLOv4 no aug,5434,0.4714666666666667,0.007248064875844085
YOLOv4 no aug,5435,0.4714666666666667,0.007248064875844085
YOLOv4 no aug,5436,0.4714666666666667,0.007248064875844085
YOLOv4 no aug,5437,0.4714666666666667,0.007248064875844085
YOLOv4 no aug,5438,0.4714666666666667,0.007248064875844085
YOLOv4 no aug,5439,0.4714666666666667,0.007248064875844085
YOLOv4 no aug,5440,0.4714666666666667,0.007248064875844085
YOLOv4 no aug,5441,0.4714666666666667,0.007248064875844085
YOLOv4 no aug,5442,0.4714666666666667,0.007248064875844085
YOLOv4 no aug,5443,0.4714666666666667,0.007248064875844085
YOLOv4 no aug,5444,0.4714666666666667,0.007248064875844085
YOLOv4 no aug,5445,0.4714666666666667,0.007248064875844085
YOLOv4 no aug,5446,0.4714666666666667,0.007248064875844085
YOLOv4 no aug,5447,0.4714666666666667,0.007248064875844085
YOLOv4 no aug,5448,0.4714666666666667,0.007248064875844085
YOLOv4 no aug,5449,0.4714666666666667,0.007248064875844085
YOLOv4 no aug,5450,0.4714666666666667,0.007248064875844085
YOLOv4 no aug,5451,0.4714666666666667,0.007248064875844085
YOLOv4 no aug,5452,0.4714666666666667,0.007248064875844085
YOLOv4 no aug,5453,0.4714666666666667,0.007248064875844085
YOLOv4 no aug,5454,0.4714666666666667,0.007248064875844085
YOLOv4 no aug,5455,0.4714666666666667,0.007248064875844085
YOLOv4 no aug,5456,0.4714666666666667,0.007248064875844085
YOLOv4 no aug,5457,0.4714666666666667,0.007248064875844085
YOLOv4 no aug,5458,0.4714666666666667,0.007248064875844085
YOLOv4 no aug,5459,0.4714666666666667,0.007248064875844085
YOLOv4 no aug,5460,0.4714666666666667,0.007248064875844085
YOLOv4 no aug,5461,0.4714666666666667,0.007248064875844085
YOLOv4 no aug,5462,0.4714666666666667,0.007248064875844085
YOLOv4 no aug,5463,0.4714666666666667,0.007248064875844085
YOLOv4 no aug,5464,0.4714666666666667,0.007248064875844085
YOLOv4 no aug,5465,0.4714666666666667,0.007248064875844085
YOLOv4 no aug,5466,0.4714666666666667,0.007248064875844085
YOLOv4 no aug,5467,0.4714666666666667,0.007248064875844085
YOLOv4 no aug,5468,0.4714666666666667,0.007248064875844085
YOLOv4 no aug,5469,0.4714666666666667,0.007248064875844085
YOLOv4 no aug,5470,0.4714666666666667,0.007248064875844085
YOLOv4 no aug,5471,0.4714666666666667,0.007248064875844085
YOLOv4 no aug,5472,0.4714666666666667,0.007248064875844085
YOLOv4 no aug,5473,0.4714666666666667,0.007248064875844085
YOLOv4 no aug,5474,0.4714666666666667,0.007248064875844085
YOLOv4 no aug,5475,0.4714666666666667,0.007248064875844085
YOLOv4 no aug,5476,0.4714666666666667,0.007248064875844085
YOLOv4 no aug,5477,0.4714666666666667,0.007248064875844085
YOLOv4 no aug,5478,0.4714666666666667,0.007248064875844085
YOLOv4 no aug,5479,0.4714666666666667,0.007248064875844085
YOLOv4 no aug,5480,0.4714666666666667,0.007248064875844085
YOLOv4 no aug,5481,0.4714666666666667,0.007248064875844085
YOLOv4 no aug,5482,0.4714666666666667,0.007248064875844085
YOLOv4 no aug,5483,0.4714666666666667,0.007248064875844085
YOLOv4 no aug,5484,0.4714666666666667,0.007248064875844085
YOLOv4 no aug,5485,0.4714666666666667,0.007248064875844085
YOLOv4 no aug,5486,0.4714666666666667,0.007248064875844085
YOLOv4 no aug,5487,0.4714666666666667,0.007248064875844085
YOLOv4 no aug,5488,0.4714666666666667,0.007248064875844085
YOLOv4 no aug,5489,0.4714666666666667,0.007248064875844085
YOLOv4 no aug,5490,0.4714666666666667,0.007248064875844085
YOLOv4 no aug,5491,0.4714666666666667,0.007248064875844085
YOLOv4 no aug,5492,0.4714666666666667,0.007248064875844085
YOLOv4 no aug,5493,0.4714666666666667,0.007248064875844085
YOLOv4 no aug,5494,0.4714666666666667,0.007248064875844085
YOLOv4 no aug,5495,0.4714666666666667,0.007248064875844085
YOLOv4 no aug,5496,0.4714666666666667,0.007248064875844085
YOLOv4 no aug,5497,0.4714666666666667,0.007248064875844085
YOLOv4 no aug,5498,0.4714666666666667,0.007248064875844085
YOLOv4 no aug,5499,0.4714666666666667,0.007248064875844085
YOLOv4 no aug,5500,0.48135533333333336,0.004147150698572057
YOLOv4 no aug,5501,0.48136666666666666,0.008287808985357819
YOLOv4 no aug,5502,0.48136666666666666,0.008287808985357819
YOLOv4 no aug,5503,0.48136666666666666,0.008287808985357819
YOLOv4 no aug,5504,0.48136666666666666,0.008287808985357819
YOLOv4 no aug,5505,0.48136666666666666,0.008287808985357819
YOLOv4 no aug,5506,0.48136666666666666,0.008287808985357819
YOLOv4 no aug,5507,0.48136666666666666,0.008287808985357819
YOLOv4 no aug,5508,0.48136666666666666,0.008287808985357819
YOLOv4 no aug,5509,0.48136666666666666,0.008287808985357819
YOLOv4 no aug,5510,0.48136666666666666,0.008287808985357819
YOLOv4 no aug,5511,0.48136666666666666,0.008287808985357819
YOLOv4 no aug,5512,0.48136666666666666,0.008287808985357819
YOLOv4 no aug,5513,0.48136666666666666,0.008287808985357819
YOLOv4 no aug,5514,0.48136666666666666,0.008287808985357819
YOLOv4 no aug,5515,0.48136666666666666,0.008287808985357819
YOLOv4 no aug,5516,0.48136666666666666,0.008287808985357819
YOLOv4 no aug,5517,0.48136666666666666,0.008287808985357819
YOLOv4 no aug,5518,0.48136666666666666,0.008287808985357819
YOLOv4 no aug,5519,0.48136666666666666,0.008287808985357819
YOLOv4 no aug,5520,0.48136666666666666,0.008287808985357819
YOLOv4 no aug,5521,0.48136666666666666,0.008287808985357819
YOLOv4 no aug,5522,0.48136666666666666,0.008287808985357819
YOLOv4 no aug,5523,0.48136666666666666,0.008287808985357819
YOLOv4 no aug,5524,0.48136666666666666,0.008287808985357819
YOLOv4 no aug,5525,0.48136666666666666,0.008287808985357819
YOLOv4 no aug,5526,0.48136666666666666,0.008287808985357819
YOLOv4 no aug,5527,0.48136666666666666,0.008287808985357819
YOLOv4 no aug,5528,0.48136666666666666,0.008287808985357819
YOLOv4 no aug,5529,0.48136666666666666,0.008287808985357819
YOLOv4 no aug,5530,0.48136666666666666,0.008287808985357819
YOLOv4 no aug,5531,0.48136666666666666,0.008287808985357819
YOLOv4 no aug,5532,0.48136666666666666,0.008287808985357819
YOLOv4 no aug,5533,0.48136666666666666,0.008287808985357819
YOLOv4 no aug,5534,0.48136666666666666,0.008287808985357819
YOLOv4 no aug,5535,0.48136666666666666,0.008287808985357819
YOLOv4 no aug,5536,0.48136666666666666,0.008287808985357819
YOLOv4 no aug,5537,0.48136666666666666,0.008287808985357819
YOLOv4 no aug,5538,0.48136666666666666,0.008287808985357819
YOLOv4 no aug,5539,0.48136666666666666,0.008287808985357819
YOLOv4 no aug,5540,0.48136666666666666,0.008287808985357819
YOLOv4 no aug,5541,0.48136666666666666,0.008287808985357819
YOLOv4 no aug,5542,0.48136666666666666,0.008287808985357819
YOLOv4 no aug,5543,0.48136666666666666,0.008287808985357819
YOLOv4 no aug,5544,0.48136666666666666,0.008287808985357819
YOLOv4 no aug,5545,0.48136666666666666,0.008287808985357819
YOLOv4 no aug,5546,0.48136666666666666,0.008287808985357819
YOLOv4 no aug,5547,0.48136666666666666,0.008287808985357819
YOLOv4 no aug,5548,0.48136666666666666,0.008287808985357819
YOLOv4 no aug,5549,0.48136666666666666,0.008287808985357819
YOLOv4 no aug,5550,0.48136666666666666,0.008287808985357819
YOLOv4 no aug,5551,0.48136666666666666,0.008287808985357819
YOLOv4 no aug,5552,0.48136666666666666,0.008287808985357819
YOLOv4 no aug,5553,0.48136666666666666,0.008287808985357819
YOLOv4 no aug,5554,0.48136666666666666,0.008287808985357819
YOLOv4 no aug,5555,0.48136666666666666,0.008287808985357819
YOLOv4 no aug,5556,0.48136666666666666,0.008287808985357819
YOLOv4 no aug,5557,0.48136666666666666,0.008287808985357819
YOLOv4 no aug,5558,0.48136666666666666,0.008287808985357819
YOLOv4 no aug,5559,0.48136666666666666,0.008287808985357819
YOLOv4 no aug,5560,0.48136666666666666,0.008287808985357819
YOLOv4 no aug,5561,0.48136666666666666,0.008287808985357819
YOLOv4 no aug,5562,0.48136666666666666,0.008287808985357819
YOLOv4 no aug,5563,0.48136666666666666,0.008287808985357819
YOLOv4 no aug,5564,0.48136666666666666,0.008287808985357819
YOLOv4 no aug,5565,0.48136666666666666,0.008287808985357819
YOLOv4 no aug,5566,0.48136666666666666,0.008287808985357819
YOLOv4 no aug,5567,0.48136666666666666,0.008287808985357819
YOLOv4 no aug,5568,0.48136666666666666,0.008287808985357819
YOLOv4 no aug,5569,0.48136666666666666,0.008287808985357819
YOLOv4 no aug,5570,0.48136666666666666,0.008287808985357819
YOLOv4 no aug,5571,0.48136666666666666,0.008287808985357819
YOLOv4 no aug,5572,0.48136666666666666,0.008287808985357819
YOLOv4 no aug,5573,0.48136666666666666,0.008287808985357819
YOLOv4 no aug,5574,0.48136666666666666,0.008287808985357819
YOLOv4 no aug,5575,0.48136666666666666,0.008287808985357819
YOLOv4 no aug,5576,0.48136666666666666,0.008287808985357819
YOLOv4 no aug,5577,0.48136666666666666,0.008287808985357819
YOLOv4 no aug,5578,0.48136666666666666,0.008287808985357819
YOLOv4 no aug,5579,0.48136666666666666,0.008287808985357819
YOLOv4 no aug,5580,0.48136666666666666,0.008287808985357819
YOLOv4 no aug,5581,0.48136666666666666,0.008287808985357819
YOLOv4 no aug,5582,0.48136666666666666,0.008287808985357819
YOLOv4 no aug,5583,0.48136666666666666,0.008287808985357819
YOLOv4 no aug,5584,0.48136666666666666,0.008287808985357819
YOLOv4 no aug,5585,0.48136666666666666,0.008287808985357819
YOLOv4 no aug,5586,0.48136666666666666,0.008287808985357819
YOLOv4 no aug,5587,0.48136666666666666,0.008287808985357819
YOLOv4 no aug,5588,0.48136666666666666,0.008287808985357819
YOLOv4 no aug,5589,0.48136666666666666,0.008287808985357819
YOLOv4 no aug,5590,0.48136666666666666,0.008287808985357819
YOLOv4 no aug,5591,0.48136666666666666,0.008287808985357819
YOLOv4 no aug,5592,0.48136666666666666,0.008287808985357819
YOLOv4 no aug,5593,0.48136666666666666,0.008287808985357819
YOLOv4 no aug,5594,0.48136666666666666,0.008287808985357819
YOLOv4 no aug,5595,0.48136666666666666,0.008287808985357819
YOLOv4 no aug,5596,0.48136666666666666,0.008287808985357819
YOLOv4 no aug,5597,0.48136666666666666,0.008287808985357819
YOLOv4 no aug,5598,0.48136666666666666,0.008287808985357819
YOLOv4 no aug,5599,0.48136666666666666,0.008287808985357819
YOLOv4 no aug,5600,0.4725295555555556,0.00646835268852019
YOLOv4 no aug,5601,0.4725333333333333,0.012934750781432839
YOLOv4 no aug,5602,0.4725333333333333,0.012934750781432839
YOLOv4 no aug,5603,0.4725333333333333,0.012934750781432839
YOLOv4 no aug,5604,0.4725333333333333,0.012934750781432839
YOLOv4 no aug,5605,0.4725333333333333,0.012934750781432839
YOLOv4 no aug,5606,0.4725333333333333,0.012934750781432839
YOLOv4 no aug,5607,0.4725333333333333,0.012934750781432839
YOLOv4 no aug,5608,0.4725333333333333,0.012934750781432839
YOLOv4 no aug,5609,0.4725333333333333,0.012934750781432839
YOLOv4 no aug,5610,0.4725333333333333,0.012934750781432839
YOLOv4 no aug,5611,0.4725333333333333,0.012934750781432839
YOLOv4 no aug,5612,0.4725333333333333,0.012934750781432839
YOLOv4 no aug,5613,0.4725333333333333,0.012934750781432839
YOLOv4 no aug,5614,0.4725333333333333,0.012934750781432839
YOLOv4 no aug,5615,0.4725333333333333,0.012934750781432839
YOLOv4 no aug,5616,0.4725333333333333,0.012934750781432839
YOLOv4 no aug,5617,0.4725333333333333,0.012934750781432839
YOLOv4 no aug,5618,0.4725333333333333,0.012934750781432839
YOLOv4 no aug,5619,0.4725333333333333,0.012934750781432839
YOLOv4 no aug,5620,0.4725333333333333,0.012934750781432839
YOLOv4 no aug,5621,0.4725333333333333,0.012934750781432839
YOLOv4 no aug,5622,0.4725333333333333,0.012934750781432839
YOLOv4 no aug,5623,0.4725333333333333,0.012934750781432839
YOLOv4 no aug,5624,0.4725333333333333,0.012934750781432839
YOLOv4 no aug,5625,0.4725333333333333,0.012934750781432839
YOLOv4 no aug,5626,0.4725333333333333,0.012934750781432839
YOLOv4 no aug,5627,0.4725333333333333,0.012934750781432839
YOLOv4 no aug,5628,0.4725333333333333,0.012934750781432839
YOLOv4 no aug,5629,0.4725333333333333,0.012934750781432839
YOLOv4 no aug,5630,0.4725333333333333,0.012934750781432839
YOLOv4 no aug,5631,0.4725333333333333,0.012934750781432839
YOLOv4 no aug,5632,0.4725333333333333,0.012934750781432839
YOLOv4 no aug,5633,0.4725333333333333,0.012934750781432839
YOLOv4 no aug,5634,0.4725333333333333,0.012934750781432839
YOLOv4 no aug,5635,0.4725333333333333,0.012934750781432839
YOLOv4 no aug,5636,0.4725333333333333,0.012934750781432839
YOLOv4 no aug,5637,0.4725333333333333,0.012934750781432839
YOLOv4 no aug,5638,0.4725333333333333,0.012934750781432839
YOLOv4 no aug,5639,0.4725333333333333,0.012934750781432839
YOLOv4 no aug,5640,0.4725333333333333,0.012934750781432839
YOLOv4 no aug,5641,0.4725333333333333,0.012934750781432839
YOLOv4 no aug,5642,0.4725333333333333,0.012934750781432839
YOLOv4 no aug,5643,0.4725333333333333,0.012934750781432839
YOLOv4 no aug,5644,0.4725333333333333,0.012934750781432839
YOLOv4 no aug,5645,0.4725333333333333,0.012934750781432839
YOLOv4 no aug,5646,0.4725333333333333,0.012934750781432839
YOLOv4 no aug,5647,0.4725333333333333,0.012934750781432839
YOLOv4 no aug,5648,0.4725333333333333,0.012934750781432839
YOLOv4 no aug,5649,0.4725333333333333,0.012934750781432839
YOLOv4 no aug,5650,0.4725333333333333,0.012934750781432839
YOLOv4 no aug,5651,0.4725333333333333,0.012934750781432839
YOLOv4 no aug,5652,0.4725333333333333,0.012934750781432839
YOLOv4 no aug,5653,0.4725333333333333,0.012934750781432839
YOLOv4 no aug,5654,0.4725333333333333,0.012934750781432839
YOLOv4 no aug,5655,0.4725333333333333,0.012934750781432839
YOLOv4 no aug,5656,0.4725333333333333,0.012934750781432839
YOLOv4 no aug,5657,0.4725333333333333,0.012934750781432839
YOLOv4 no aug,5658,0.4725333333333333,0.012934750781432839
YOLOv4 no aug,5659,0.4725333333333333,0.012934750781432839
YOLOv4 no aug,5660,0.4725333333333333,0.012934750781432839
YOLOv4 no aug,5661,0.4725333333333333,0.012934750781432839
YOLOv4 no aug,5662,0.4725333333333333,0.012934750781432839
YOLOv4 no aug,5663,0.4725333333333333,0.012934750781432839
YOLOv4 no aug,5664,0.4725333333333333,0.012934750781432839
YOLOv4 no aug,5665,0.4725333333333333,0.012934750781432839
YOLOv4 no aug,5666,0.4725333333333333,0.012934750781432839
YOLOv4 no aug,5667,0.4725333333333333,0.012934750781432839
YOLOv4 no aug,5668,0.4725333333333333,0.012934750781432839
YOLOv4 no aug,5669,0.4725333333333333,0.012934750781432839
YOLOv4 no aug,5670,0.4725333333333333,0.012934750781432839
YOLOv4 no aug,5671,0.4725333333333333,0.012934750781432839
YOLOv4 no aug,5672,0.4725333333333333,0.012934750781432839
YOLOv4 no aug,5673,0.4725333333333333,0.012934750781432839
YOLOv4 no aug,5674,0.4725333333333333,0.012934750781432839
YOLOv4 no aug,5675,0.4725333333333333,0.012934750781432839
YOLOv4 no aug,5676,0.4725333333333333,0.012934750781432839
YOLOv4 no aug,5677,0.4725333333333333,0.012934750781432839
YOLOv4 no aug,5678,0.4725333333333333,0.012934750781432839
YOLOv4 no aug,5679,0.4725333333333333,0.012934750781432839
YOLOv4 no aug,5680,0.4725333333333333,0.012934750781432839
YOLOv4 no aug,5681,0.4725333333333333,0.012934750781432839
YOLOv4 no aug,5682,0.4725333333333333,0.012934750781432839
YOLOv4 no aug,5683,0.4725333333333333,0.012934750781432839
YOLOv4 no aug,5684,0.4725333333333333,0.012934750781432839
YOLOv4 no aug,5685,0.4725333333333333,0.012934750781432839
YOLOv4 no aug,5686,0.4725333333333333,0.012934750781432839
YOLOv4 no aug,5687,0.4725333333333333,0.012934750781432839
YOLOv4 no aug,5688,0.4725333333333333,0.012934750781432839
YOLOv4 no aug,5689,0.4725333333333333,0.012934750781432839
YOLOv4 no aug,5690,0.4725333333333333,0.012934750781432839
YOLOv4 no aug,5691,0.4725333333333333,0.012934750781432839
YOLOv4 no aug,5692,0.4725333333333333,0.012934750781432839
YOLOv4 no aug,5693,0.4725333333333333,0.012934750781432839
YOLOv4 no aug,5694,0.4725333333333333,0.012934750781432839
YOLOv4 no aug,5695,0.4725333333333333,0.012934750781432839
YOLOv4 no aug,5696,0.4725333333333333,0.012934750781432839
YOLOv4 no aug,5697,0.4725333333333333,0.012934750781432839
YOLOv4 no aug,5698,0.4725333333333333,0.012934750781432839
YOLOv4 no aug,5699,0.4725333333333333,0.012934750781432839
YOLOv4 no aug,5700,0.47991022222222224,0.0023144852906194554
YOLOv4 no aug,5701,0.4799,0.004623130252689553
YOLOv4 no aug,5702,0.4799,0.004623130252689553
YOLOv4 no aug,5703,0.4799,0.004623130252689553
YOLOv4 no aug,5704,0.4799,0.004623130252689553
YOLOv4 no aug,5705,0.4799,0.004623130252689553
YOLOv4 no aug,5706,0.4799,0.004623130252689553
YOLOv4 no aug,5707,0.4799,0.004623130252689553
YOLOv4 no aug,5708,0.4799,0.004623130252689553
YOLOv4 no aug,5709,0.4799,0.004623130252689553
YOLOv4 no aug,5710,0.4799,0.004623130252689553
YOLOv4 no aug,5711,0.4799,0.004623130252689553
YOLOv4 no aug,5712,0.4799,0.004623130252689553
YOLOv4 no aug,5713,0.4799,0.004623130252689553
YOLOv4 no aug,5714,0.4799,0.004623130252689553
YOLOv4 no aug,5715,0.4799,0.004623130252689553
YOLOv4 no aug,5716,0.4799,0.004623130252689553
YOLOv4 no aug,5717,0.4799,0.004623130252689553
YOLOv4 no aug,5718,0.4799,0.004623130252689553
YOLOv4 no aug,5719,0.4799,0.004623130252689553
YOLOv4 no aug,5720,0.4799,0.004623130252689553
YOLOv4 no aug,5721,0.4799,0.004623130252689553
YOLOv4 no aug,5722,0.4799,0.004623130252689553
YOLOv4 no aug,5723,0.4799,0.004623130252689553
YOLOv4 no aug,5724,0.4799,0.004623130252689553
YOLOv4 no aug,5725,0.4799,0.004623130252689553
YOLOv4 no aug,5726,0.4799,0.004623130252689553
YOLOv4 no aug,5727,0.4799,0.004623130252689553
YOLOv4 no aug,5728,0.4799,0.004623130252689553
YOLOv4 no aug,5729,0.4799,0.004623130252689553
YOLOv4 no aug,5730,0.4799,0.004623130252689553
YOLOv4 no aug,5731,0.4799,0.004623130252689553
YOLOv4 no aug,5732,0.4799,0.004623130252689553
YOLOv4 no aug,5733,0.4799,0.004623130252689553
YOLOv4 no aug,5734,0.4799,0.004623130252689553
YOLOv4 no aug,5735,0.4799,0.004623130252689553
YOLOv4 no aug,5736,0.4799,0.004623130252689553
YOLOv4 no aug,5737,0.4799,0.004623130252689553
YOLOv4 no aug,5738,0.4799,0.004623130252689553
YOLOv4 no aug,5739,0.4799,0.004623130252689553
YOLOv4 no aug,5740,0.4799,0.004623130252689553
YOLOv4 no aug,5741,0.4799,0.004623130252689553
YOLOv4 no aug,5742,0.4799,0.004623130252689553
YOLOv4 no aug,5743,0.4799,0.004623130252689553
YOLOv4 no aug,5744,0.4799,0.004623130252689553
YOLOv4 no aug,5745,0.4799,0.004623130252689553
YOLOv4 no aug,5746,0.4799,0.004623130252689553
YOLOv4 no aug,5747,0.4799,0.004623130252689553
YOLOv4 no aug,5748,0.4799,0.004623130252689553
YOLOv4 no aug,5749,0.4799,0.004623130252689553
YOLOv4 no aug,5750,0.4799,0.004623130252689553
YOLOv4 no aug,5751,0.4799,0.004623130252689553
YOLOv4 no aug,5752,0.4799,0.004623130252689553
YOLOv4 no aug,5753,0.4799,0.004623130252689553
YOLOv4 no aug,5754,0.4799,0.004623130252689553
YOLOv4 no aug,5755,0.4799,0.004623130252689553
YOLOv4 no aug,5756,0.4799,0.004623130252689553
YOLOv4 no aug,5757,0.4799,0.004623130252689553
YOLOv4 no aug,5758,0.4799,0.004623130252689553
YOLOv4 no aug,5759,0.4799,0.004623130252689553
YOLOv4 no aug,5760,0.4799,0.004623130252689553
YOLOv4 no aug,5761,0.4799,0.004623130252689553
YOLOv4 no aug,5762,0.4799,0.004623130252689553
YOLOv4 no aug,5763,0.4799,0.004623130252689553
YOLOv4 no aug,5764,0.4799,0.004623130252689553
YOLOv4 no aug,5765,0.4799,0.004623130252689553
YOLOv4 no aug,5766,0.4799,0.004623130252689553
YOLOv4 no aug,5767,0.4799,0.004623130252689553
YOLOv4 no aug,5768,0.4799,0.004623130252689553
YOLOv4 no aug,5769,0.4799,0.004623130252689553
YOLOv4 no aug,5770,0.4799,0.004623130252689553
YOLOv4 no aug,5771,0.4799,0.004623130252689553
YOLOv4 no aug,5772,0.4799,0.004623130252689553
YOLOv4 no aug,5773,0.4799,0.004623130252689553
YOLOv4 no aug,5774,0.4799,0.004623130252689553
YOLOv4 no aug,5775,0.4799,0.004623130252689553
YOLOv4 no aug,5776,0.4799,0.004623130252689553
YOLOv4 no aug,5777,0.4799,0.004623130252689553
YOLOv4 no aug,5778,0.4799,0.004623130252689553
YOLOv4 no aug,5779,0.4799,0.004623130252689553
YOLOv4 no aug,5780,0.4799,0.004623130252689553
YOLOv4 no aug,5781,0.4799,0.004623130252689553
YOLOv4 no aug,5782,0.4799,0.004623130252689553
YOLOv4 no aug,5783,0.4799,0.004623130252689553
YOLOv4 no aug,5784,0.4799,0.004623130252689553
YOLOv4 no aug,5785,0.4799,0.004623130252689553
YOLOv4 no aug,5786,0.4799,0.004623130252689553
YOLOv4 no aug,5787,0.4799,0.004623130252689553
YOLOv4 no aug,5788,0.4799,0.004623130252689553
YOLOv4 no aug,5789,0.4799,0.004623130252689553
YOLOv4 no aug,5790,0.4799,0.004623130252689553
YOLOv4 no aug,5791,0.4799,0.004623130252689553
YOLOv4 no aug,5792,0.4799,0.004623130252689553
YOLOv4 no aug,5793,0.4799,0.004623130252689553
YOLOv4 no aug,5794,0.4799,0.004623130252689553
YOLOv4 no aug,5795,0.4799,0.004623130252689553
YOLOv4 no aug,5796,0.4799,0.004623130252689553
YOLOv4 no aug,5797,0.4799,0.004623130252689553
YOLOv4 no aug,5798,0.4799,0.004623130252689553
YOLOv4 no aug,5799,0.4799,0.004623130252689553
YOLOv4 no aug,5800,0.48266566666666666,0.0050673975103378
YOLOv4 no aug,5801,0.48266666666666663,0.010146646955740805
YOLOv4 no aug,5802,0.48266666666666663,0.010146646955740805
YOLOv4 no aug,5803,0.48266666666666663,0.010146646955740805
YOLOv4 no aug,5804,0.48266666666666663,0.010146646955740805
YOLOv4 no aug,5805,0.48266666666666663,0.010146646955740805
YOLOv4 no aug,5806,0.48266666666666663,0.010146646955740805
YOLOv4 no aug,5807,0.48266666666666663,0.010146646955740805
YOLOv4 no aug,5808,0.48266666666666663,0.010146646955740805
YOLOv4 no aug,5809,0.48266666666666663,0.010146646955740805
YOLOv4 no aug,5810,0.48266666666666663,0.010146646955740805
YOLOv4 no aug,5811,0.48266666666666663,0.010146646955740805
YOLOv4 no aug,5812,0.48266666666666663,0.010146646955740805
YOLOv4 no aug,5813,0.48266666666666663,0.010146646955740805
YOLOv4 no aug,5814,0.48266666666666663,0.010146646955740805
YOLOv4 no aug,5815,0.48266666666666663,0.010146646955740805
YOLOv4 no aug,5816,0.48266666666666663,0.010146646955740805
YOLOv4 no aug,5817,0.48266666666666663,0.010146646955740805
YOLOv4 no aug,5818,0.48266666666666663,0.010146646955740805
YOLOv4 no aug,5819,0.48266666666666663,0.010146646955740805
YOLOv4 no aug,5820,0.48266666666666663,0.010146646955740805
YOLOv4 no aug,5821,0.48266666666666663,0.010146646955740805
YOLOv4 no aug,5822,0.48266666666666663,0.010146646955740805
YOLOv4 no aug,5823,0.48266666666666663,0.010146646955740805
YOLOv4 no aug,5824,0.48266666666666663,0.010146646955740805
YOLOv4 no aug,5825,0.48266666666666663,0.010146646955740805
YOLOv4 no aug,5826,0.48266666666666663,0.010146646955740805
YOLOv4 no aug,5827,0.48266666666666663,0.010146646955740805
YOLOv4 no aug,5828,0.48266666666666663,0.010146646955740805
YOLOv4 no aug,5829,0.48266666666666663,0.010146646955740805
YOLOv4 no aug,5830,0.48266666666666663,0.010146646955740805
YOLOv4 no aug,5831,0.48266666666666663,0.010146646955740805
YOLOv4 no aug,5832,0.48266666666666663,0.010146646955740805
YOLOv4 no aug,5833,0.48266666666666663,0.010146646955740805
YOLOv4 no aug,5834,0.48266666666666663,0.010146646955740805
YOLOv4 no aug,5835,0.48266666666666663,0.010146646955740805
YOLOv4 no aug,5836,0.48266666666666663,0.010146646955740805
YOLOv4 no aug,5837,0.48266666666666663,0.010146646955740805
YOLOv4 no aug,5838,0.48266666666666663,0.010146646955740805
YOLOv4 no aug,5839,0.48266666666666663,0.010146646955740805
YOLOv4 no aug,5840,0.48266666666666663,0.010146646955740805
YOLOv4 no aug,5841,0.48266666666666663,0.010146646955740805
YOLOv4 no aug,5842,0.48266666666666663,0.010146646955740805
YOLOv4 no aug,5843,0.48266666666666663,0.010146646955740805
YOLOv4 no aug,5844,0.48266666666666663,0.010146646955740805
YOLOv4 no aug,5845,0.48266666666666663,0.010146646955740805
YOLOv4 no aug,5846,0.48266666666666663,0.010146646955740805
YOLOv4 no aug,5847,0.48266666666666663,0.010146646955740805
YOLOv4 no aug,5848,0.48266666666666663,0.010146646955740805
YOLOv4 no aug,5849,0.48266666666666663,0.010146646955740805
YOLOv4 no aug,5850,0.48266666666666663,0.010146646955740805
YOLOv4 no aug,5851,0.48266666666666663,0.010146646955740805
YOLOv4 no aug,5852,0.48266666666666663,0.010146646955740805
YOLOv4 no aug,5853,0.48266666666666663,0.010146646955740805
YOLOv4 no aug,5854,0.48266666666666663,0.010146646955740805
YOLOv4 no aug,5855,0.48266666666666663,0.010146646955740805
YOLOv4 no aug,5856,0.48266666666666663,0.010146646955740805
YOLOv4 no aug,5857,0.48266666666666663,0.010146646955740805
YOLOv4 no aug,5858,0.48266666666666663,0.010146646955740805
YOLOv4 no aug,5859,0.48266666666666663,0.010146646955740805
YOLOv4 no aug,5860,0.48266666666666663,0.010146646955740805
YOLOv4 no aug,5861,0.48266666666666663,0.010146646955740805
YOLOv4 no aug,5862,0.48266666666666663,0.010146646955740805
YOLOv4 no aug,5863,0.48266666666666663,0.010146646955740805
YOLOv4 no aug,5864,0.48266666666666663,0.010146646955740805
YOLOv4 no aug,5865,0.48266666666666663,0.010146646955740805
YOLOv4 no aug,5866,0.48266666666666663,0.010146646955740805
YOLOv4 no aug,5867,0.48266666666666663,0.010146646955740805
YOLOv4 no aug,5868,0.48266666666666663,0.010146646955740805
YOLOv4 no aug,5869,0.48266666666666663,0.010146646955740805
YOLOv4 no aug,5870,0.48266666666666663,0.010146646955740805
YOLOv4 no aug,5871,0.48266666666666663,0.010146646955740805
YOLOv4 no aug,5872,0.48266666666666663,0.010146646955740805
YOLOv4 no aug,5873,0.48266666666666663,0.010146646955740805
YOLOv4 no aug,5874,0.48266666666666663,0.010146646955740805
YOLOv4 no aug,5875,0.48266666666666663,0.010146646955740805
YOLOv4 no aug,5876,0.48266666666666663,0.010146646955740805
YOLOv4 no aug,5877,0.48266666666666663,0.010146646955740805
YOLOv4 no aug,5878,0.48266666666666663,0.010146646955740805
YOLOv4 no aug,5879,0.48266666666666663,0.010146646955740805
YOLOv4 no aug,5880,0.48266666666666663,0.010146646955740805
YOLOv4 no aug,5881,0.48266666666666663,0.010146646955740805
YOLOv4 no aug,5882,0.48266666666666663,0.010146646955740805
YOLOv4 no aug,5883,0.48266666666666663,0.010146646955740805
YOLOv4 no aug,5884,0.48266666666666663,0.010146646955740805
YOLOv4 no aug,5885,0.48266666666666663,0.010146646955740805
YOLOv4 no aug,5886,0.48266666666666663,0.010146646955740805
YOLOv4 no aug,5887,0.48266666666666663,0.010146646955740805
YOLOv4 no aug,5888,0.48266666666666663,0.010146646955740805
YOLOv4 no aug,5889,0.48266666666666663,0.010146646955740805
YOLOv4 no aug,5890,0.48266666666666663,0.010146646955740805
YOLOv4 no aug,5891,0.48266666666666663,0.010146646955740805
YOLOv4 no aug,5892,0.48266666666666663,0.010146646955740805
YOLOv4 no aug,5893,0.48266666666666663,0.010146646955740805
YOLOv4 no aug,5894,0.48266666666666663,0.010146646955740805
YOLOv4 no aug,5895,0.48266666666666663,0.010146646955740805
YOLOv4 no aug,5896,0.48266666666666663,0.010146646955740805
YOLOv4 no aug,5897,0.48266666666666663,0.010146646955740805
YOLOv4 no aug,5898,0.48266666666666663,0.010146646955740805
YOLOv4 no aug,5899,0.48266666666666663,0.010146646955740805
YOLOv4 no aug,5900,0.4836944444444444,0.004634227354128527
YOLOv4 no aug,5901,0.4837,0.009255448845589985
YOLOv4 no aug,5902,0.4837,0.009255448845589985
YOLOv4 no aug,5903,0.4837,0.009255448845589985
YOLOv4 no aug,5904,0.4837,0.009255448845589985
YOLOv4 no aug,5905,0.4837,0.009255448845589985
YOLOv4 no aug,5906,0.4837,0.009255448845589985
YOLOv4 no aug,5907,0.4837,0.009255448845589985
YOLOv4 no aug,5908,0.4837,0.009255448845589985
YOLOv4 no aug,5909,0.4837,0.009255448845589985
YOLOv4 no aug,5910,0.4837,0.009255448845589985
YOLOv4 no aug,5911,0.4837,0.009255448845589985
YOLOv4 no aug,5912,0.4837,0.009255448845589985
YOLOv4 no aug,5913,0.4837,0.009255448845589985
YOLOv4 no aug,5914,0.4837,0.009255448845589985
YOLOv4 no aug,5915,0.4837,0.009255448845589985
YOLOv4 no aug,5916,0.4837,0.009255448845589985
YOLOv4 no aug,5917,0.4837,0.009255448845589985
YOLOv4 no aug,5918,0.4837,0.009255448845589985
YOLOv4 no aug,5919,0.4837,0.009255448845589985
YOLOv4 no aug,5920,0.4837,0.009255448845589985
YOLOv4 no aug,5921,0.4837,0.009255448845589985
YOLOv4 no aug,5922,0.4837,0.009255448845589985
YOLOv4 no aug,5923,0.4837,0.009255448845589985
YOLOv4 no aug,5924,0.4837,0.009255448845589985
YOLOv4 no aug,5925,0.4837,0.009255448845589985
YOLOv4 no aug,5926,0.4837,0.009255448845589985
YOLOv4 no aug,5927,0.4837,0.009255448845589985
YOLOv4 no aug,5928,0.4837,0.009255448845589985
YOLOv4 no aug,5929,0.4837,0.009255448845589985
YOLOv4 no aug,5930,0.4837,0.009255448845589985
YOLOv4 no aug,5931,0.4837,0.009255448845589985
YOLOv4 no aug,5932,0.4837,0.009255448845589985
YOLOv4 no aug,5933,0.4837,0.009255448845589985
YOLOv4 no aug,5934,0.4837,0.009255448845589985
YOLOv4 no aug,5935,0.4837,0.009255448845589985
YOLOv4 no aug,5936,0.4837,0.009255448845589985
YOLOv4 no aug,5937,0.4837,0.009255448845589985
YOLOv4 no aug,5938,0.4837,0.009255448845589985
YOLOv4 no aug,5939,0.4837,0.009255448845589985
YOLOv4 no aug,5940,0.4837,0.009255448845589985
YOLOv4 no aug,5941,0.4837,0.009255448845589985
YOLOv4 no aug,5942,0.4837,0.009255448845589985
YOLOv4 no aug,5943,0.4837,0.009255448845589985
YOLOv4 no aug,5944,0.4837,0.009255448845589985
YOLOv4 no aug,5945,0.4837,0.009255448845589985
YOLOv4 no aug,5946,0.4837,0.009255448845589985
YOLOv4 no aug,5947,0.4837,0.009255448845589985
YOLOv4 no aug,5948,0.4837,0.009255448845589985
YOLOv4 no aug,5949,0.4837,0.009255448845589985
YOLOv4 no aug,5950,0.4837,0.009255448845589985
YOLOv4 no aug,5951,0.4837,0.009255448845589985
YOLOv4 no aug,5952,0.4837,0.009255448845589985
YOLOv4 no aug,5953,0.4837,0.009255448845589985
YOLOv4 no aug,5954,0.4837,0.009255448845589985
YOLOv4 no aug,5955,0.4837,0.009255448845589985
YOLOv4 no aug,5956,0.4837,0.009255448845589985
YOLOv4 no aug,5957,0.4837,0.009255448845589985
YOLOv4 no aug,5958,0.4837,0.009255448845589985
YOLOv4 no aug,5959,0.4837,0.009255448845589985
YOLOv4 no aug,5960,0.4837,0.009255448845589985
YOLOv4 no aug,5961,0.4837,0.009255448845589985
YOLOv4 no aug,5962,0.4837,0.009255448845589985
YOLOv4 no aug,5963,0.4837,0.009255448845589985
YOLOv4 no aug,5964,0.4837,0.009255448845589985
YOLOv4 no aug,5965,0.4837,0.009255448845589985
YOLOv4 no aug,5966,0.4837,0.009255448845589985
YOLOv4 no aug,5967,0.4837,0.009255448845589985
YOLOv4 no aug,5968,0.4837,0.009255448845589985
YOLOv4 no aug,5969,0.4837,0.009255448845589985
YOLOv4 no aug,5970,0.4837,0.009255448845589985
YOLOv4 no aug,5971,0.4837,0.009255448845589985
YOLOv4 no aug,5972,0.4837,0.009255448845589985
YOLOv4 no aug,5973,0.4837,0.009255448845589985
YOLOv4 no aug,5974,0.4837,0.009255448845589985
YOLOv4 no aug,5975,0.4837,0.009255448845589985
YOLOv4 no aug,5976,0.4837,0.009255448845589985
YOLOv4 no aug,5977,0.4837,0.009255448845589985
YOLOv4 no aug,5978,0.4837,0.009255448845589985
YOLOv4 no aug,5979,0.4837,0.009255448845589985
YOLOv4 no aug,5980,0.4837,0.009255448845589985
YOLOv4 no aug,5981,0.4837,0.009255448845589985
YOLOv4 no aug,5982,0.4837,0.009255448845589985
YOLOv4 no aug,5983,0.4837,0.009255448845589985
YOLOv4 no aug,5984,0.4837,0.009255448845589985
YOLOv4 no aug,5985,0.4837,0.009255448845589985
YOLOv4 no aug,5986,0.4837,0.009255448845589985
YOLOv4 no aug,5987,0.4837,0.009255448845589985
YOLOv4 no aug,5988,0.4837,0.009255448845589985
YOLOv4 no aug,5989,0.4837,0.009255448845589985
YOLOv4 no aug,5990,0.4837,0.009255448845589985
YOLOv4 no aug,5991,0.4837,0.009255448845589985
YOLOv4 no aug,5992,0.4837,0.009255448845589985
YOLOv4 no aug,5993,0.4837,0.009255448845589985
YOLOv4 no aug,5994,0.4837,0.009255448845589985
YOLOv4 no aug,5995,0.4837,0.009255448845589985
YOLOv4 no aug,5996,0.4837,0.009255448845589985
YOLOv4 no aug,5997,0.4837,0.009255448845589985
YOLOv4 no aug,5998,0.4837,0.009255448845589985
YOLOv4 no aug,5999,0.4837,0.009255448845589985
YOLOv4 no aug,6000,0.4802596666666667,0.0035604845425556628
